20150101,118288,16017,24400,40417,18283,29860,48143,88560,4656,7439,12095,0,0,0,3,4,7,7,133,140,0,0,0,0,1,1,0,0,0,48,102,150,0,0,0,3447,4770,8217,2844,2723,5567,0,0,0,0,145,145,24,0,24,0,6,6,0,0,0,1167,2207,3374,0,0,0,0,0,0,0,0,0,0,0,0,0,0,0,1,1,2,0,0,0,0,0,0,0,0,0,0,0,0,0,0,0,0,0,0,0,0,0,0,0,0,0,0,0,0,0,0,0,0,0,0,0,0,0,0,0,0,0,0,0,0,0,0,0,0
20150102,116737,16372,22321,38693,20036,27306,47342,86035,5086,6254,11340,85,318,403,0,27,27,26,179,205,0,0,0,10,0,10,0,0,0,24,41,65,0,0,0,3850,5092,8942,2338,3086,5424,0,0,0,32,116,148,0,0,0,7,0,7,0,0,0,1914,2217,4131,0,0,0,0,0,0,0,0,0,0,0,0,0,0,0,0,0,0,0,0,0,0,0,0,0,0,0,0,0,0,0,0,0,0,0,0,0,0,0,0,0,0,0,0,0,0,0,0,0,0,0,0,0,0,0,0,0,0,0,0,0,0,0,0,0,0
20150103,120434,19591,19656,39247,23947,26761,50708,89955,6266,5051,11317,2,1,3,24,1,25,13,12,25,0,0,0,9,7,16,0,0,0,198,168,366,0,0,0,4201,4858,9059,2074,2348,4422,0,0,0,34,25,59,166,160,326,0,0,0,0,0,0,2604,2253,4857,0,0,0,0,0,0,0,0,0,0,0,0,0,0,0,2,2,4,0,0,0,0,0,0,0,0,0,0,0,0,0,0,0,0,0,0,0,0,0,0,0,0,0,0,0,0,0,0,0,0,0,0,0,0,0,0,0,0,0,0,0,0,0,0,0,0
20150104,137502,23792,22354,46146,29634,26413,56047,102193,7918,7450,15368,70,106,176,1,0,1,4,133,137,0,0,0,0,0,0,0,0,0,71,100,171,0,0,0,5010,5220,10230,2586,1707,4293,0,0,0,64,18,82,0,0,0,6,6,12,0,0,0,2486,2348,4834,0,0,0,0,0,0,0,0,0,0,0,0,0,0,0,2,3,5,0,0,0,0,0,0,0,0,0,0,0,0,0,0,0,0,0,0,0,0,0,0,0,0,0,0,0,0,0,0,0,0,0,0,0,0,0,0,0,0,0,0,0,0,0,0,0,0
20150105,122653,23355,20281,43636,24646,26252,50898,94534,5518,5451,10969,2,3,5,8,7,15,33,158,191,0,10,10,0,0,0,0,0,0,61,73,134,0,0,0,4322,4855,9177,1877,1998,3875,0,0,0,52,58,110,155,155,310,3,1,4,0,0,0,1596,1710,3306,0,0,0,0,0,0,0,0,0,0,0,0,0,0,0,6,2,8,0,5,5,0,0,0,0,0,0,0,0,0,0,0,0,0,0,0,0,0,0,0,0,0,0,0,0,0,0,0,0,0,0,0,0,0,0,0,0,0,0,0,0,0,0,0,0,0
20150106,95966,13477,16354,29831,18939,23169,42108,71939,3915,4692,8607,36,3,39,8,2,10,21,147,168,0,0,0,0,17,17,0,0,0,42,102,144,4,0,4,3568,4895,8463,1083,1820,2903,0,0,0,23,22,45,0,0,0,1,0,1,0,0,0,1499,2125,3624,0,0,0,0,0,0,0,0,0,0,0,0,0,0,0,0,0,0,1,1,2,0,0,0,0,0,0,0,0,0,0,0,0,0,0,0,0,0,0,0,0,0,0,0,0,0,0,0,0,0,0,0,0,0,0,0,0,0,0,0,0,0,0,0,0,0
20150107,89553,14047,15176,29223,16316,20223,36539,65762,4074,4848,8922,0,0,0,121,51,172,49,88,137,0,0,0,0,0,0,0,0,0,147,186,333,0,0,0,3069,4062,7131,1212,1653,2865,0,0,0,18,14,32,179,147,326,1,7,8,0,0,0,1787,2066,3853,0,0,0,0,0,0,0,0,0,0,0,0,0,0,0,1,1,2,1,9,10,0,0,0,0,0,0,0,0,0,0,0,0,0,0,0,0,0,0,0,0,0,0,0,0,0,0,0,0,0,0,0,0,0,0,0,0,0,0,0,0,0,0,0,0,0
20150108,85423,13664,14765,28429,16765,19175,35940,64369,3871,4386,8257,1,3,4,1,1,2,42,330,372,0,1,1,0,0,0,0,0,0,30,37,67,0,0,0,3160,3610,6770,1393,1627,3020,0,0,0,31,25,56,0,0,0,8,5,13,0,0,0,1190,1290,2480,0,0,0,0,0,0,0,0,0,0,0,0,0,0,0,3,2,5,0,7,7,0,0,0,0,0,0,0,0,0,0,0,0,0,0,0,0,0,0,0,0,0,0,0,0,0,0,0,0,0,0,0,0,0,0,0,0,0,0,0,0,0,0,0,0,0
20150109,89836,13905,14083,27988,18990,18951,37941,65929,5072,3795,8867,124,88,212,3,9,12,31,73,104,0,8,8,11,11,22,0,0,0,59,83,142,0,6,6,3792,3489,7281,1730,1653,3383,0,0,0,18,18,36,0,0,0,2,3,5,0,0,0,1941,1888,3829,0,0,0,0,0,0,0,0,0,0,0,0,0,0,0,0,0,0,0,0,0,0,0,0,0,0,0,0,0,0,0,0,0,0,0,0,0,0,0,0,0,0,0,0,0,0,0,0,0,0,0,0,0,0,0,0,0,0,0,0,0,0,0,0,0,0
20150110,94472,14667,14755,29422,21171,18620,39791,69213,3729,3697,7426,3,3,6,9,4,13,29,143,172,0,0,0,0,0,0,0,0,0,128,132,260,0,0,0,4245,3299,7544,2880,2298,5178,0,0,0,164,16,180,162,166,328,9,6,15,0,0,0,2117,2012,4129,0,0,0,0,0,0,0,0,0,0,0,0,0,0,0,1,1,2,0,6,6,0,0,0,0,0,0,0,0,0,0,0,0,0,0,0,0,0,0,0,0,0,0,0,0,0,0,0,0,0,0,0,0,0,0,0,0,0,0,0,0,0,0,0,0,0
20150111,103933,15611,16713,32324,22479,21215,43694,76018,5348,5587,10935,435,39,474,6,4,10,17,138,155,19,0,19,0,0,0,0,0,0,56,89,145,8,0,8,3630,3886,7516,2185,2761,4946,0,0,0,32,167,199,0,0,0,0,0,0,0,0,0,1576,1924,3500,0,0,0,0,0,0,0,0,0,0,0,0,0,0,0,0,0,0,0,8,8,0,0,0,0,0,0,0,0,0,0,0,0,0,0,0,0,0,0,0,0,0,0,0,0,0,0,0,0,0,0,0,0,0,0,0,0,0,0,0,0,0,0,0,0,0
20150112,98444,13880,17137,31017,18824,24007,42831,73848,4535,5005,9540,1,34,35,7,5,12,59,93,152,0,0,0,6,5,11,0,0,0,25,29,54,1,1,2,3509,4611,8120,1531,2222,3753,0,0,0,0,0,0,155,155,310,1,0,1,0,0,0,1045,1558,2603,0,0,0,0,0,0,0,0,0,0,0,0,0,0,0,3,0,3,0,0,0,0,0,0,0,0,0,0,0,0,0,0,0,0,0,0,0,0,0,0,0,0,0,0,0,0,0,0,0,0,0,0,0,0,0,0,0,0,0,0,0,0,0,0,0,0
20150113,89523,12614,14914,27528,18803,20267,39070,66598,3563,4246,7809,3,1,4,6,11,17,44,44,88,1,1,2,0,0,0,0,0,0,32,55,87,8,8,16,3665,4273,7938,1558,1804,3362,0,0,0,0,0,0,0,0,0,1,3,4,0,0,0,1606,1990,3596,0,0,0,0,0,0,0,0,0,0,0,0,0,0,0,1,1,2,0,0,0,0,0,0,0,0,0,0,0,0,0,0,0,0,0,0,0,0,0,0,0,0,0,0,0,0,0,0,0,0,0,0,0,0,0,0,0,0,0,0,0,0,0,0,0,0
20150114,93426,13983,15508,29491,17911,19755,37666,67157,4569,4727,9296,1,7,8,41,82,123,48,99,147,0,0,0,4,4,8,0,0,0,117,118,235,0,0,0,3748,4117,7865,2277,1759,4036,0,0,0,48,49,97,174,179,353,2,11,13,0,0,0,2253,1820,4073,0,0,0,0,0,0,0,0,0,0,0,0,0,0,0,9,6,15,0,0,0,0,0,0,0,0,0,0,0,0,0,0,0,0,0,0,0,0,0,0,0,0,0,0,0,0,0,0,0,0,0,0,0,0,0,0,0,0,0,0,0,0,0,0,0,0
20150115,96035,14895,15352,30247,20041,21550,41591,71838,4863,4629,9492,4,5,9,18,8,26,47,92,139,0,0,0,0,9,9,0,0,0,69,67,136,4,0,4,3791,4001,7792,1695,1986,3681,0,0,0,42,32,74,0,0,0,15,1,16,0,0,0,1443,1374,2817,0,0,0,0,0,0,0,0,0,0,0,0,0,0,0,2,0,2,0,0,0,0,0,0,0,0,0,0,0,0,0,0,0,0,0,0,0,0,0,0,0,0,0,0,0,0,0,0,0,0,0,0,0,0,0,0,0,0,0,0,0,0,0,0,0,0
20150116,106168,16311,16887,33198,21611,22863,44474,77672,5187,4979,10166,31,436,467,7,20,27,46,52,98,0,0,0,3,6,9,0,0,0,47,42,89,0,5,5,4503,4385,8888,1950,2425,4375,0,0,0,49,32,81,0,0,0,7,8,15,0,0,0,2212,2053,4265,0,0,0,0,0,0,0,0,0,0,0,0,0,0,0,1,1,2,0,9,9,0,0,0,0,0,0,0,0,0,0,0,0,0,0,0,0,0,0,0,0,0,0,0,0,0,0,0,0,0,0,0,0,0,0,0,0,0,0,0,0,0,0,0,0,0
20150117,105089,14537,17742,32279,21757,23451,45208,77487,4275,5052,9327,0,0,0,23,9,32,25,73,98,0,19,19,3,0,3,0,0,0,183,162,345,0,0,0,4299,4163,8462,2656,1738,4394,0,0,0,160,38,198,166,162,328,0,5,5,0,0,0,2252,2138,4390,0,0,0,0,0,0,0,0,0,0,0,0,0,0,0,0,0,0,1,0,1,0,0,0,0,0,0,0,0,0,0,0,0,0,0,0,0,0,0,0,0,0,0,0,0,0,0,0,0,0,0,0,0,0,0,0,0,0,0,0,0,0,0,0,0,0
20150118,114642,15483,20127,35610,22391,25199,47590,83200,5455,7063,12518,583,100,683,4,1,5,41,113,154,0,0,0,0,1,1,0,0,0,47,98,145,1,0,1,4245,4718,8963,1944,3154,5098,0,0,0,30,172,202,0,0,0,5,2,7,0,0,0,1668,1982,3650,0,0,0,0,0,0,0,0,0,0,0,0,0,0,0,3,3,6,0,9,9,0,0,0,0,0,0,0,0,0,0,0,0,0,0,0,0,0,0,0,0,0,0,0,0,0,0,0,0,0,0,0,0,0,0,0,0,0,0,0,0,0,0,0,0,0
20150119,107308,15334,19724,35058,20942,26068,47010,82068,4194,5155,9349,0,0,0,0,16,16,36,72,108,0,0,0,0,0,0,0,0,0,26,89,115,7,0,7,4103,4811,8914,1501,2041,3542,0,0,0,48,50,98,152,155,307,3,3,6,0,0,0,1225,1543,2768,0,0,0,0,0,0,0,0,0,0,0,0,0,0,0,2,1,3,0,7,7,0,0,0,0,0,0,0,0,0,0,0,0,0,0,0,0,0,0,0,0,0,0,0,0,0,0,0,0,0,0,0,0,0,0,0,0,0,0,0,0,0,0,0,0,0
20150120,102464,14735,17322,32057,20977,24371,45348,77405,3878,5253,9131,2,1,3,14,3,17,44,21,65,0,0,0,0,4,4,0,0,0,24,29,53,0,1,1,4173,4341,8514,1679,2026,3705,0,0,0,17,25,42,0,0,0,7,3,10,0,0,0,1518,1991,3509,0,0,0,0,0,0,0,0,0,0,0,0,0,0,0,0,0,0,0,5,5,0,0,0,0,0,0,0,0,0,0,0,0,0,0,0,0,0,0,0,0,0,0,0,0,0,0,0,0,0,0,0,0,0,0,0,0,0,0,0,0,0,0,0,0,0
20150121,105417,15595,17160,32755,21748,22502,44250,77005,4940,5393,10333,244,0,244,51,205,256,41,31,72,0,0,0,1,0,1,0,0,0,123,144,267,1,0,1,4500,4463,8963,1842,2086,3928,0,0,0,34,31,65,180,174,354,3,5,8,0,0,0,1810,2071,3881,4,0,4,0,0,0,0,0,0,0,0,0,3,0,3,4,0,4,1,27,28,0,0,0,0,0,0,0,0,0,0,0,0,0,0,0,0,0,0,0,0,0,0,0,0,0,0,0,0,0,0,0,0,0,0,0,0,0,0,0,0,0,0,0,0,0
20150122,104359,16006,16629,32635,21747,23665,45412,78047,4850,5497,10347,9,249,258,8,12,20,34,61,95,0,0,0,0,0,0,0,0,0,0,0,0,0,0,0,4384,4543,8927,1746,2011,3757,0,0,0,34,26,60,0,0,0,4,2,6,0,0,0,1301,1540,2841,0,0,0,0,0,0,0,0,0,0,0,0,0,0,0,1,0,1,0,0,0,0,0,0,0,0,0,0,0,0,0,0,0,0,0,0,0,0,0,0,0,0,0,0,0,0,0,0,0,0,0,0,0,0,0,0,0,0,0,0,0,0,0,0,0,0
20150123,117265,18708,18635,37343,24771,24864,49635,86978,5691,5379,11070,75,590,665,22,7,29,47,115,162,0,0,0,0,0,0,0,0,0,40,33,73,3,5,8,4878,4602,9480,2101,2187,4288,0,0,0,17,31,48,0,0,0,12,9,21,0,0,0,2196,2242,4438,0,5,5,0,0,0,0,0,0,0,0,0,0,0,0,0,0,0,0,0,0,0,0,0,0,0,0,0,0,0,0,0,0,0,0,0,0,0,0,0,0,0,0,0,0,0,0,0,0,0,0,0,0,0,0,0,0,0,0,0,0,0,0,0,0,0
20150124,111781,15343,18388,33731,23769,24492,48261,81992,4362,5104,9466,1,2,3,1,15,16,55,79,134,1,1,2,0,0,0,0,0,0,182,172,354,0,5,5,4531,4345,8876,3207,2786,5993,0,0,0,166,38,204,164,166,330,2,6,8,0,0,0,2173,2207,4380,0,0,0,0,0,0,0,0,0,0,0,0,0,0,0,3,4,7,7,4,11,0,0,0,0,0,0,0,0,0,0,0,0,0,0,0,0,0,0,0,0,0,0,0,0,0,0,0,0,0,0,0,0,0,0,0,0,0,0,0,0,0,0,0,0,0
20150125,121659,17612,19811,37423,25971,25529,51500,88923,6003,6645,12648,556,61,617,22,8,30,19,18,37,0,0,0,0,0,0,0,0,0,49,76,125,1,0,1,4741,4905,9646,2675,2698,5373,0,0,0,28,196,224,0,0,0,4,5,9,0,0,0,1770,2211,3981,0,0,0,0,0,0,0,0,0,0,0,0,0,0,0,4,10,14,1,30,31,0,0,0,0,0,0,0,0,0,0,0,0,0,0,0,0,0,0,0,0,0,0,0,0,0,0,0,0,0,0,0,0,0,0,0,0,0,0,0,0,0,0,0,0,0
20150126,113135,18298,19576,37874,23378,25845,49223,87097,4843,5278,10121,0,0,0,2,3,5,55,63,118,0,0,0,9,0,9,0,0,0,49,71,120,4,0,4,4567,4730,9297,1449,1537,2986,0,0,0,46,25,71,154,151,305,5,0,5,0,0,0,1282,1700,2982,0,0,0,0,0,0,0,0,0,0,0,0,0,0,0,6,0,6,0,9,9,0,0,0,0,0,0,0,0,0,0,0,0,0,0,0,0,0,0,0,0,0,0,0,0,0,0,0,0,0,0,0,0,0,0,0,0,0,0,0,0,0,0,0,0,0
20150127,109804,15237,19215,34452,22627,25504,48131,82583,4592,5272,9864,0,1,1,2,8,10,42,52,94,0,0,0,2,0,2,0,0,0,0,0,0,1,5,6,4787,4795,9582,1959,1874,3833,0,0,0,24,34,58,0,0,0,3,0,3,0,0,0,1691,2036,3727,0,0,0,0,0,0,0,0,0,0,0,0,0,0,0,10,11,21,3,17,20,0,0,0,0,0,0,0,0,0,0,0,0,0,0,0,0,0,0,0,0,0,0,0,0,0,0,0,0,0,0,0,0,0,0,0,0,0,0,0,0,0,0,0,0,0
20150128,121279,17479,21479,38958,24419,26220,50639,89597,5645,6752,12397,5,8,13,183,53,236,31,25,56,1,0,1,1,2,3,0,0,0,181,144,325,0,0,0,4748,4795,9543,1978,2170,4148,0,0,0,0,0,0,180,180,360,1,2,3,0,0,0,2182,2406,4588,0,0,0,0,0,0,0,0,0,0,0,0,0,0,0,6,3,9,0,0,0,0,0,0,0,0,0,0,0,0,0,0,0,0,0,0,0,0,0,0,0,0,0,0,0,0,0,0,0,0,0,0,0,0,0,0,0,0,0,0,0,0,0,0,0,0
20150129,116728,17678,19555,37233,24195,26882,51077,88310,5583,6383,11966,12,11,23,9,9,18,31,68,99,0,0,0,1,0,1,0,0,0,74,70,144,0,0,0,4688,4673,9361,1639,2029,3668,0,0,0,47,74,121,0,0,0,4,0,4,0,0,0,1372,1640,3012,0,0,0,0,0,0,0,0,0,0,0,0,0,0,0,0,1,1,0,0,0,0,0,0,0,0,0,0,0,0,0,0,0,0,0,0,0,0,0,0,0,0,0,0,0,0,0,0,0,0,0,0,0,0,0,0,0,0,0,0,0,0,0,0,0,0
20150130,124930,19740,20399,40139,26760,25387,52147,92286,6490,6051,12541,94,557,651,8,9,17,56,47,103,0,0,0,0,8,8,0,0,0,63,54,117,0,7,7,5333,4850,10183,2186,2242,4428,0,0,0,23,23,46,0,0,0,1,10,11,0,0,0,2246,2279,4525,0,0,0,0,0,0,0,0,0,0,0,0,0,0,0,0,0,0,7,0,7,0,0,0,0,0,0,0,0,0,0,0,0,0,0,0,0,0,0,0,0,0,0,0,0,0,0,0,0,0,0,0,0,0,0,0,0,0,0,0,0,0,0,0,0,0
20150131,123550,20244,19130,39374,28023,23885,51908,91282,5708,5025,10733,5,4,9,12,3,15,49,30,79,6,6,12,0,1,1,0,0,0,196,168,364,1,0,1,4977,4484,9461,3767,2656,6423,0,0,0,201,45,246,115,164,279,6,2,8,0,0,0,2581,2054,4635,0,0,0,0,0,0,0,0,0,0,0,0,0,0,0,2,0,2,0,0,0,0,0,0,0,0,0,0,0,0,0,0,0,0,0,0,0,0,0,0,0,0,0,0,0,0,0,0,0,0,0,0,0,0,0,0,0,0,0,0,0,0,0,0,0,0
20150201,129115,20873,19887,40760,29234,24409,53643,94403,7330,6593,13923,344,24,368,10,9,19,24,28,52,0,0,0,0,1,1,0,0,0,64,68,132,0,2,2,5247,4811,10058,3029,2951,5980,0,0,0,19,210,229,0,0,0,5,10,15,0,0,0,2138,1795,3933,0,0,0,0,0,0,0,0,0,0,0,0,0,0,0,0,0,0,0,0,0,0,0,0,0,0,0,0,0,0,0,0,0,0,0,0,0,0,0,0,0,0,0,0,0,0,0,0,0,0,0,0,0,0,0,0,0,0,0,0,0,0,0,0,0,0
20150202,118241,21198,18434,39632,26664,24109,50773,90405,5569,4855,10424,1,0,1,1,7,8,45,24,69,0,0,0,2,0,2,0,0,0,27,58,85,0,0,0,5076,4704,9780,2081,1973,4054,0,0,0,55,53,108,154,154,308,6,6,12,0,0,0,1530,1419,2949,0,0,0,0,0,0,0,0,0,0,0,0,0,0,0,1,6,7,0,29,29,0,0,0,0,0,0,0,0,0,0,0,0,0,0,0,0,0,0,0,0,0,0,0,0,0,0,0,0,0,0,0,0,0,0,0,0,0,0,0,0,0,0,0,0,0
20150203,113793,18848,17434,36282,26371,23226,49597,85879,5839,4705,10544,3,7,10,15,1,16,58,31,89,0,0,0,0,2,2,0,0,0,40,29,69,1,0,1,5291,4449,9740,2117,1845,3962,0,0,0,0,34,34,0,0,0,8,1,9,0,0,0,1723,1707,3430,0,0,0,0,0,0,0,0,0,0,0,0,0,0,0,4,4,8,0,0,0,0,0,0,0,0,0,0,0,0,0,0,0,0,0,0,0,0,0,0,0,0,0,0,0,0,0,0,0,0,0,0,0,0,0,0,0,0,0,0,0,0,0,0,0,0
20150204,117184,18000,18456,36456,27065,22753,49818,86274,6228,5731,11959,3,2,5,54,174,228,26,11,37,0,0,0,0,0,0,0,0,0,177,156,333,2,0,2,4932,4551,9483,2107,2011,4118,0,0,0,42,45,87,180,180,360,0,4,4,0,0,0,2310,1977,4287,0,0,0,0,0,0,0,0,0,0,0,0,0,0,0,5,2,7,0,0,0,0,0,0,0,0,0,0,0,0,0,0,0,0,0,0,0,0,0,0,0,0,0,0,0,0,0,0,0,0,0,0,0,0,0,0,0,0,0,0,0,0,0,0,0,0
20150205,117660,18064,18244,36308,27617,24318,51935,88243,6098,6189,12287,2,0,2,12,4,16,49,43,92,0,0,0,0,0,0,0,0,0,70,38,108,0,0,0,5171,4247,9418,1957,1898,3855,0,0,0,20,44,64,0,0,0,4,0,4,0,0,0,1594,1596,3190,0,0,0,0,0,0,0,0,0,0,0,0,0,0,0,135,198,333,5,43,48,0,0,0,0,0,0,0,0,0,0,0,0,0,0,0,0,0,0,0,0,0,0,0,0,0,0,0,0,0,0,0,0,0,0,0,0,0,0,0,0,0,0,0,0,0
20150206,124601,19874,19346,39220,27567,25037,52604,91824,7306,6122,13428,67,333,400,5,4,9,51,43,94,0,0,0,0,0,0,0,0,0,63,28,91,1,0,1,5233,4958,10191,2195,1911,4106,0,0,0,27,42,69,0,0,0,1,1,2,0,0,0,2320,1978,4298,0,0,0,0,0,0,0,0,0,0,0,0,0,0,0,33,55,88,0,0,0,0,0,0,0,0,0,0,0,0,0,0,0,0,0,0,0,0,0,0,0,0,0,0,0,0,0,0,0,0,0,0,0,0,0,0,0,0,0,0,0,0,0,0,0,0
20150207,130221,20741,20533,41274,29579,25956,55535,96809,5860,5879,11739,2,2,4,9,15,24,51,22,73,0,0,0,0,0,0,0,0,0,206,174,380,0,1,1,5057,4670,9727,3488,2367,5855,0,0,0,23,57,80,166,115,281,0,1,1,0,0,0,2875,2099,4974,0,0,0,0,0,0,0,0,0,0,0,0,0,0,0,100,163,263,2,8,10,0,0,0,0,0,0,0,0,0,0,0,0,0,0,0,0,0,0,0,0,0,0,0,0,0,0,0,0,0,0,0,0,0,0,0,0,0,0,0,0,0,0,0,0,0
20150208,133896,20112,20245,40357,30594,26556,57150,97507,7460,6851,14311,203,179,382,15,3,18,1697,78,1775,0,0,0,13,0,13,0,0,0,69,29,98,3,0,3,5092,4871,9963,2773,3091,5864,0,0,0,24,41,65,0,0,0,5,8,13,0,0,0,2116,1756,3872,0,0,0,0,0,0,0,0,0,0,0,0,0,0,0,0,7,7,5,0,5,0,0,0,0,0,0,0,0,0,0,0,0,0,0,0,0,0,0,0,0,0,0,0,0,0,0,0,0,0,0,0,0,0,0,0,0,0,0,0,0,0,0,0,0,0
20150209,124266,20750,18677,39427,28570,24648,53218,92645,6600,5302,11902,0,0,0,4,1,5,73,1561,1634,0,0,0,1,0,1,0,0,0,66,52,118,1,0,1,4978,4697,9675,2441,2038,4479,0,0,0,0,0,0,155,154,309,4,3,7,0,0,0,1897,1585,3482,0,0,0,0,0,0,0,0,0,0,0,0,0,0,0,3,4,7,1,0,1,0,0,0,0,0,0,0,0,0,0,0,0,0,0,0,0,0,0,0,0,0,0,0,0,0,0,0,0,0,0,0,0,0,0,0,0,0,0,0,0,0,0,0,0,0
20150210,120612,20340,17584,37924,28378,24226,52604,90528,6613,4851,11464,10,7,17,3,2,5,45,25,70,0,0,0,2,11,13,0,0,0,64,44,108,0,0,0,5245,4608,9853,2376,1584,3960,0,0,0,67,82,149,0,0,0,2,2,4,0,0,0,2385,1670,4055,0,0,0,0,0,0,0,0,0,0,0,0,0,0,0,107,269,376,2,8,10,0,0,0,0,0,0,0,0,0,0,0,0,0,0,0,0,0,0,0,0,0,0,0,0,0,0,0,0,0,0,0,0,0,0,0,0,0,0,0,0,0,0,0,0,0
20150211,129249,21115,18837,39952,30051,25888,55939,95891,7701,6133,13834,3,1,4,92,44,136,29,63,92,0,2,2,0,0,0,0,0,0,229,158,387,0,6,6,4853,4326,9179,2469,1756,4225,0,0,0,48,74,122,180,177,357,1,8,9,0,0,0,2676,1760,4436,0,0,0,0,0,0,0,0,0,0,0,0,0,0,0,99,447,546,0,23,23,0,0,0,0,0,0,0,0,0,0,0,0,0,0,0,0,0,0,0,0,0,0,0,0,0,0,0,0,0,0,0,0,0,0,0,0,0,0,0,0,0,0,0,0,0
20150212,126603,21924,19131,41055,28851,26269,55120,96175,7349,5543,12892,0,3,3,4,12,16,45,23,68,5,1,6,0,14,14,0,0,0,93,23,116,4,0,4,4741,4490,9231,2454,1661,4115,0,0,0,27,90,117,0,0,0,13,9,22,151,163,314,1981,1394,3375,0,0,0,0,0,0,0,0,0,0,0,0,0,0,0,67,62,129,0,6,6,0,0,0,0,0,0,0,0,0,0,0,0,0,0,0,0,0,0,0,0,0,0,0,0,0,0,0,0,0,0,0,0,0,0,0,0,0,0,0,0,0,0,0,0,0
20150213,140830,24722,21733,46455,31620,27631,59251,105706,8498,6626,15124,218,172,390,17,0,17,53,64,117,0,0,0,11,0,11,0,0,0,103,16,119,2,1,3,5117,4812,9929,2739,1771,4510,0,0,0,25,75,100,0,0,0,6,17,23,0,0,0,2740,1870,4610,0,0,0,0,0,0,0,0,0,0,0,0,0,0,0,105,60,165,6,0,6,0,0,0,0,0,0,0,0,0,0,0,0,0,0,0,0,0,0,0,0,0,0,0,0,0,0,0,0,0,0,0,0,0,0,0,0,0,0,0,0,0,0,0,0,0
20150214,148489,23909,23120,47029,34749,30623,65372,112401,7997,5967,13964,3,1,4,6,11,17,29,29,58,0,0,0,0,0,0,0,0,0,241,193,434,0,10,10,4808,4616,9424,3461,2154,5615,0,0,0,26,119,145,125,166,291,11,0,11,0,0,0,3203,2457,5660,0,0,0,0,0,0,0,0,0,0,0,0,0,0,0,138,300,438,3,14,17,0,0,0,0,0,0,0,0,0,0,0,0,0,0,0,0,0,0,0,0,0,0,0,0,0,0,0,0,0,0,0,0,0,0,0,0,0,0,0,0,0,0,0,0,0
20150215,144745,25048,21325,46373,34451,28617,63068,109441,8509,7028,15537,56,58,114,5,6,11,18,23,41,0,6,6,0,0,0,0,0,0,101,14,115,0,0,0,4798,4455,9253,3008,2352,5360,0,0,0,30,123,153,0,0,0,6,11,17,0,0,0,2859,1836,4695,0,0,0,0,0,0,0,0,0,0,0,0,0,0,0,0,2,2,0,0,0,0,0,0,0,0,0,0,0,0,0,0,0,0,0,0,0,0,0,0,0,0,0,0,0,0,0,0,0,0,0,0,0,0,0,0,0,0,0,0,0,0,0,0,0,0
20150216,130806,24479,19162,43641,33346,25670,59016,102657,7811,5161,12972,7,0,7,2,1,3,55,17,72,16,0,16,0,18,18,0,0,0,94,21,115,0,4,4,4558,4294,8852,1143,279,1422,0,0,0,34,89,123,154,155,309,5,7,12,0,0,0,2367,1496,3863,0,0,0,0,0,0,0,0,0,0,0,0,0,0,0,128,228,356,5,0,5,0,0,0,0,0,0,0,0,0,0,0,0,0,0,0,0,0,0,0,0,0,0,0,0,0,0,0,0,0,0,0,0,0,0,0,0,0,0,0,0,0,0,0,0,0
20150217,137316,23980,20028,44008,31902,28178,60080,104088,8184,5724,13908,1,46,47,235,48,283,29,78,107,1,1,2,0,0,0,0,0,0,0,0,0,5,0,5,4371,4516,8887,2931,1793,4724,0,0,0,25,69,94,0,0,0,5,0,5,0,0,0,2447,1700,4147,0,0,0,0,0,0,0,0,0,0,0,0,0,0,0,487,507,994,0,25,25,0,0,0,0,0,0,0,0,0,0,0,0,0,0,0,0,0,0,0,0,0,0,0,0,0,0,0,0,0,0,0,0,0,0,0,0,0,0,0,0,0,0,0,0,0
20150218,121558,20870,20810,41680,25000,26683,51683,93363,6725,6568,13293,2,0,2,17,2,19,13,20,33,0,0,0,0,0,0,0,0,0,153,143,296,0,4,4,4059,4184,8243,941,488,1429,0,0,0,3,15,18,153,180,333,1,1,2,0,0,0,2505,2018,4523,0,0,0,0,0,0,0,0,0,0,0,0,0,0,0,0,0,0,0,0,0,0,0,0,0,0,0,0,0,0,0,0,0,0,0,0,0,0,0,0,0,0,0,0,0,0,0,0,0,0,0,0,0,0,0,0,0,0,0,0,0,0,0,0,0,0
20150219,128195,24546,21202,45748,26840,28157,54997,100745,6160,6180,12340,0,0,0,0,2,2,4,0,4,0,0,0,0,0,0,0,0,0,105,47,152,0,0,0,3899,3908,7807,1883,1246,3129,0,0,0,0,50,50,0,0,0,5,6,11,108,139,247,1798,1908,3706,0,0,0,0,0,0,0,0,0,0,0,0,0,0,0,2,0,2,0,0,0,0,0,0,0,0,0,0,0,0,0,0,0,0,0,0,0,0,0,0,0,0,0,0,0,0,0,0,0,0,0,0,0,0,0,0,0,0,0,0,0,0,0,0,0,0
20150220,127516,21147,18783,39930,29862,25004,54866,94796,7837,6250,14087,0,12,12,3,8,11,4,31,35,0,0,0,0,9,9,0,0,0,0,0,0,0,0,0,4897,4246,9143,3057,1771,4828,0,0,0,60,41,101,0,0,0,0,0,0,0,0,0,2272,2217,4489,0,0,0,0,0,0,0,0,0,0,0,0,0,0,0,0,5,5,0,0,0,0,0,0,0,0,0,0,0,0,0,0,0,0,0,0,0,0,0,0,0,0,0,0,0,0,0,0,0,0,0,0,0,0,0,0,0,0,0,0,0,0,0,0,0,0
20150221,134304,22768,20716,43484,29898,27378,57276,100760,6928,5831,12759,0,2,2,3,3,6,11,17,28,0,0,0,0,0,0,0,0,0,257,213,470,0,2,2,4691,4298,8989,2765,2594,5359,0,0,0,55,49,104,137,123,260,1,0,1,0,0,0,2928,2618,5546,0,0,0,0,0,0,0,0,0,0,0,0,0,0,0,6,0,6,0,12,12,0,0,0,0,0,0,0,0,0,0,0,0,0,0,0,0,0,0,0,0,0,0,0,0,0,0,0,0,0,0,0,0,0,0,0,0,0,0,0,0,0,0,0,0,0
20150222,157252,26064,25648,51712,34761,29804,64565,116277,8948,8413,17361,1,1,2,0,0,0,1636,17,1653,0,0,0,0,0,0,0,0,0,89,93,182,0,0,0,5078,5091,10169,2565,3224,5789,0,0,0,154,52,206,0,0,0,2,1,3,0,0,0,2883,2697,5580,1,0,1,0,0,0,0,0,0,0,0,0,0,0,0,0,5,5,0,24,24,0,0,0,0,0,0,0,0,0,0,0,0,0,0,0,0,0,0,0,0,0,0,0,0,0,0,0,0,0,0,0,0,0,0,0,0,0,0,0,0,0,0,0,0,0
20150223,166864,29769,26511,56280,36908,34095,71003,127283,8683,7749,16432,1,5,6,3,1634,1637,11,29,40,0,11,11,0,0,0,0,0,0,102,99,201,0,1,1,5180,4818,9998,2668,3811,6479,0,0,0,145,113,258,148,154,302,0,3,3,0,0,0,2070,2113,4183,0,0,0,0,0,0,0,0,0,0,0,0,0,0,0,5,25,30,0,0,0,0,0,0,0,0,0,0,0,0,0,0,0,0,0,0,0,0,0,0,0,0,0,0,0,0,0,0,0,0,0,0,0,0,0,0,0,0,0,0,0,0,0,0,0,0
20150224,157809,24349,23969,48318,32632,35613,68245,116563,7999,9031,17030,560,554,1114,5,5,10,37,27,64,0,0,0,0,0,0,0,0,0,97,105,202,0,0,0,4750,4701,9451,2141,3730,5871,0,0,0,120,47,167,109,91,200,4,0,4,0,0,0,2615,3108,5723,0,0,0,0,0,0,0,0,0,0,0,0,0,0,0,746,648,1394,2,14,16,0,0,0,0,0,0,0,0,0,0,0,0,0,0,0,0,0,0,0,0,0,0,0,0,0,0,0,0,0,0,0,0,0,0,0,0,0,0,0,0,0,0,0,0,0
20150225,147903,22904,24987,47891,28792,34696,63488,111379,6972,8809,15781,0,1,1,5,0,5,39,47,86,0,0,0,0,0,0,0,0,0,198,253,451,0,0,0,4509,4383,8892,2117,3144,5261,0,0,0,44,71,115,174,153,327,2,1,3,0,0,0,2079,2708,4787,0,0,0,0,0,0,0,0,0,0,0,0,0,0,0,481,325,806,3,6,9,0,0,0,0,0,0,0,0,0,0,0,0,0,0,0,0,0,0,0,0,0,0,0,0,0,0,0,0,0,0,0,0,0,0,0,0,0,0,0,0,0,0,0,0,0
20150226,139121,19471,24958,44429,26047,35511,61558,105987,5699,9001,14700,5,3,8,0,10,10,62,47,109,0,0,0,0,0,0,0,0,0,31,103,134,0,0,0,3968,4727,8695,1518,3284,4802,0,0,0,46,77,123,0,0,0,0,0,0,153,108,261,1706,2261,3967,0,0,0,0,0,0,0,0,0,0,0,0,0,0,0,136,189,325,0,0,0,0,0,0,0,0,0,0,0,0,0,0,0,0,0,0,0,0,0,0,0,0,0,0,0,0,0,0,0,0,0,0,0,0,0,0,0,0,0,0,0,0,0,0,0,0
20150227,138535,20561,24622,45183,23559,34548,58107,103290,6450,8848,15298,9,9,18,10,9,19,18,32,50,14,0,14,0,0,0,0,0,0,13,106,119,0,0,0,4316,5224,9540,1828,3087,4915,0,0,0,68,52,120,0,0,0,1,0,1,0,0,0,1963,3186,5149,0,0,0,0,0,0,0,0,0,0,0,0,0,0,0,1,1,2,0,0,0,0,0,0,0,0,0,0,0,0,0,0,0,0,0,0,0,0,0,0,0,0,0,0,0,0,0,0,0,0,0,0,0,0,0,0,0,0,0,0,0,0,0,0,0,0
20150228,137821,21955,21875,43830,27036,31590,58626,102456,5698,8062,13760,3,3,6,13,5,18,10,32,42,648,645,1293,0,9,9,0,0,0,136,255,391,1,0,1,4081,4489,8570,2618,3097,5715,0,0,0,89,48,137,139,137,276,3,6,9,0,0,0,2122,2971,5093,0,0,0,0,0,0,0,0,0,0,0,0,0,0,0,5,3,8,0,37,37,0,0,0,0,0,0,0,0,0,0,0,0,0,0,0,0,0,0,0,0,0,0,0,0,0,0,0,0,0,0,0,0,0,0,0,0,0,0,0,0,0,0,0,0,0
20150301,145322,24029,22380,46409,29914,33256,63170,109579,7239,8683,15922,2,1,3,6,5,11,22,40,62,1,1,2,0,25,25,0,0,0,37,102,139,0,0,0,4288,5069,9357,2582,2491,5073,0,0,0,100,49,149,0,0,0,4,6,10,0,0,0,2115,2861,4976,0,0,0,0,0,0,0,0,0,0,0,0,0,0,0,8,6,14,0,0,0,0,0,0,0,0,0,0,0,0,0,0,0,0,0,0,0,0,0,0,0,0,0,0,0,0,0,0,0,0,0,0,0,0,0,0,0,0,0,0,0,0,0,0,0,0
20150302,124535,21567,20139,41706,24070,29614,53684,95390,5547,7021,12568,22,1,23,2,0,2,28,26,54,0,0,0,5,0,5,0,0,0,21,106,127,0,0,0,3871,4779,8650,1721,2119,3840,0,0,0,67,29,96,152,148,300,6,0,6,0,0,0,1401,2057,3458,0,0,0,0,0,0,0,0,0,0,0,0,0,0,0,4,1,5,0,11,11,0,0,0,0,0,0,0,0,0,0,0,0,0,0,0,0,0,0,0,0,0,0,0,0,0,0,0,0,0,0,0,0,0,0,0,0,0,0,0,0,0,0,0,0,0
20150303,116469,19877,18197,38074,21315,26423,47738,85812,5021,6664,11685,2156,10,2166,4,6,10,44,17,61,0,0,0,0,0,0,0,0,0,42,85,127,4,0,4,3875,4631,8506,1002,1917,2919,0,0,0,165,24,189,0,0,0,2,4,6,0,0,0,1593,2353,3946,0,0,0,0,0,0,0,0,0,0,0,0,0,0,0,769,226,995,0,43,43,0,0,0,0,0,0,0,0,0,0,0,0,0,0,0,0,0,0,0,0,0,0,0,0,0,0,0,0,0,0,0,0,0,0,0,0,0,0,0,0,0,0,0,0,0
20150304,109659,18874,15934,34808,21091,24724,45815,80623,5551,6572,12123,2,1,3,6,6,12,614,34,648,0,1,1,0,0,0,0,0,0,148,206,354,0,0,0,3766,4402,8168,1064,1883,2947,0,0,0,40,17,57,176,174,350,5,0,5,0,0,0,1792,2166,3958,0,0,0,0,0,0,0,0,0,0,0,0,0,0,0,277,93,370,0,40,40,0,0,0,0,0,0,0,0,0,0,0,0,0,0,0,0,0,0,0,0,0,0,0,0,0,0,0,0,0,0,0,0,0,0,0,0,0,0,0,0,0,0,0,0,0
20150305,108694,18758,15471,34229,20097,26329,46426,80655,4450,5864,10314,7,595,602,2,1,3,65,2189,2254,0,0,0,20,8,28,0,0,0,22,46,68,0,0,0,3787,4528,8315,968,1924,2892,0,0,0,17,100,117,0,0,0,1,11,12,131,153,284,1284,1730,3014,0,0,0,0,0,0,0,0,0,0,0,0,0,0,0,71,48,119,0,17,17,0,0,0,0,0,0,0,0,0,0,0,0,0,0,0,0,0,0,0,0,0,0,0,0,0,0,0,0,0,0,0,0,0,0,0,0,0,0,0,0,0,0,0,0,0
20150306,125254,20298,19867,40165,22894,28761,51655,91820,6170,6615,12785,2,4,6,1,3,4,1126,589,1715,1,0,1,0,12,12,0,0,0,52,50,102,0,0,0,4667,5067,9734,1548,2664,4212,0,0,0,41,50,91,0,0,0,10,2,12,0,0,0,2202,2519,4721,1,0,1,0,0,0,0,0,0,0,0,0,0,0,0,3,3,6,0,32,32,0,0,0,0,0,0,0,0,0,0,0,0,0,0,0,0,0,0,0,0,0,0,0,0,0,0,0,0,0,0,0,0,0,0,0,0,0,0,0,0,0,0,0,0,0
20150307,116721,18528,18279,36807,22516,26288,48804,85611,5271,5876,11147,33,6,39,3,591,594,40,40,80,0,0,0,3,3,6,0,0,0,146,120,266,0,0,0,4171,4612,8783,2969,2416,5385,0,0,0,88,34,122,113,139,252,10,12,22,0,0,0,2038,2361,4399,0,0,0,0,0,0,0,0,0,0,0,0,0,0,0,2,2,4,0,11,11,0,0,0,0,0,0,0,0,0,0,0,0,0,0,0,0,0,0,0,0,0,0,0,0,0,0,0,0,0,0,0,0,0,0,0,0,0,0,0,0,0,0,0,0,0
20150308,123558,19422,19837,39259,24832,27376,52208,91467,6555,7354,13909,3,1,4,13,11,24,24,36,60,0,0,0,0,0,0,0,0,0,65,105,170,0,0,0,4276,4949,9225,2227,2479,4706,0,0,0,65,61,126,0,0,0,2,0,2,0,0,0,1636,2199,3835,0,0,0,0,0,0,0,0,0,0,0,0,0,0,0,5,10,15,0,15,15,0,0,0,0,0,0,0,0,0,0,0,0,0,0,0,0,0,0,0,0,0,0,0,0,0,0,0,0,0,0,0,0,0,0,0,0,0,0,0,0,0,0,0,0,0
20150309,118074,19548,20842,40390,23017,26600,49617,90007,5150,6253,11403,2,66,68,1,9,10,139,30,169,0,0,0,2,5,7,0,0,0,43,57,100,0,0,0,4325,4748,9073,1780,1729,3509,0,0,0,0,0,0,155,152,307,0,1,1,0,0,0,1563,1799,3362,0,0,0,0,0,0,0,0,0,0,0,0,0,0,0,6,1,7,3,48,51,0,0,0,0,0,0,0,0,0,0,0,0,0,0,0,0,0,0,0,0,0,0,0,0,0,0,0,0,0,0,0,0,0,0,0,0,0,0,0,0,0,0,0,0,0
20150310,113439,18681,18994,37675,21796,24937,46733,84408,5069,6085,11154,15,14,29,1,2,3,813,1213,2026,0,0,0,0,3,3,0,0,0,0,0,0,5,0,5,4336,4631,8967,1786,1526,3312,0,0,0,0,0,0,0,0,0,3,6,9,0,0,0,1607,1914,3521,0,0,0,0,0,0,0,0,0,0,0,0,0,0,0,2,0,2,0,0,0,0,0,0,0,0,0,0,0,0,0,0,0,0,0,0,0,0,0,0,0,0,0,0,0,0,0,0,0,0,0,0,0,0,0,0,0,0,0,0,0,0,0,0,0,0
20150311,111402,18595,18007,36602,22010,22835,44845,81447,6393,5787,12180,6,5,11,10,0,10,33,38,71,0,0,0,6,0,6,0,0,0,74,173,247,0,5,5,4392,4563,8955,1508,1766,3274,0,0,0,0,54,54,179,176,355,0,4,4,0,0,0,2074,1972,4046,0,0,0,0,0,0,0,0,0,0,0,0,0,0,0,546,150,696,2,39,41,0,0,0,0,0,0,0,0,0,0,0,0,0,0,0,0,0,0,0,0,0,0,0,0,0,0,0,0,0,0,0,0,0,0,0,0,0,0,0,0,0,0,0,0,0
20150312,112942,19260,17319,36579,24874,24943,49817,86396,5393,5563,10956,0,0,0,4,7,11,54,47,101,0,0,0,0,27,27,0,0,0,0,0,0,5,0,5,4221,4321,8542,1531,1670,3201,0,0,0,66,30,96,0,0,0,10,7,17,132,131,263,1507,1489,2996,0,0,0,0,0,0,0,0,0,0,0,0,0,0,0,265,66,331,0,0,0,0,0,0,0,0,0,0,0,0,0,0,0,0,0,0,0,0,0,0,0,0,0,0,0,0,0,0,0,0,0,0,0,0,0,0,0,0,0,0,0,0,0,0,0,0
20150313,124772,20934,19045,39979,26496,25175,51671,91650,6661,6192,12853,0,0,0,3,10,13,834,1614,2448,5,1,6,0,0,0,0,0,0,65,41,106,0,0,0,5084,4345,9429,1887,2051,3938,0,0,0,63,25,88,0,0,0,8,14,22,0,0,0,2180,1995,4175,0,0,0,0,0,0,0,0,0,0,0,0,0,0,0,6,12,18,1,25,26,0,0,0,0,0,0,0,0,0,0,0,0,0,0,0,0,0,0,0,0,0,0,0,0,0,0,0,0,0,0,0,0,0,0,0,0,0,0,0,0,0,0,0,0,0
20150314,120573,19766,18678,38444,26246,25086,51332,89776,6096,5302,11398,7,4,11,12,1,13,22,22,44,0,0,0,0,0,0,0,0,0,197,122,319,0,0,0,4398,4513,8911,2879,2365,5244,0,0,0,171,25,196,130,115,245,14,7,21,0,0,0,2313,2071,4384,0,0,0,0,0,0,0,0,0,0,0,0,0,0,0,0,2,2,0,9,9,0,0,0,0,0,0,0,0,0,0,0,0,0,0,0,0,0,0,0,0,0,0,0,0,0,0,0,0,0,0,0,0,0,0,0,0,0,0,0,0,0,0,0,0,0
20150315,130134,21169,20856,42025,27797,27599,55396,97421,6908,6870,13778,3,3,6,3,2,5,35,45,80,0,0,0,0,0,0,0,0,0,66,53,119,0,0,0,4593,4809,9402,2578,2726,5304,0,0,0,40,157,197,0,0,0,5,11,16,0,0,0,2062,1744,3806,0,0,0,0,0,0,0,0,0,0,0,0,0,0,0,0,0,0,0,0,0,0,0,0,0,0,0,0,0,0,0,0,0,0,0,0,0,0,0,0,0,0,0,0,0,0,0,0,0,0,0,0,0,0,0,0,0,0,0,0,0,0,0,0,0,0
20150316,120641,20237,20410,40647,24279,27119,51398,92045,5596,6061,11657,13,9,22,1,0,1,33,46,79,0,0,0,0,7,7,0,0,0,18,40,58,7,4,11,4295,4789,9084,2120,1893,4013,0,0,0,32,27,59,39,155,194,1,4,5,0,0,0,1577,1813,3390,0,0,0,0,0,0,0,0,0,0,0,0,0,0,0,0,1,1,0,15,15,0,0,0,0,0,0,0,0,0,0,0,0,0,0,0,0,0,0,0,0,0,0,0,0,0,0,0,0,0,0,0,0,0,0,0,0,0,0,0,0,0,0,0,0,0
20150317,114959,18743,18561,37304,22956,24987,47943,85247,5458,5631,11089,3,3,6,5,5,10,1610,633,2243,1,0,1,0,0,0,0,0,0,0,0,0,7,9,16,4234,4948,9182,1238,1207,2445,0,0,0,45,22,67,0,0,0,7,3,10,0,0,0,1786,2000,3786,0,0,0,0,0,0,0,0,0,0,0,0,0,0,0,724,122,846,2,9,11,0,0,0,0,0,0,0,0,0,0,0,0,0,0,0,0,0,0,0,0,0,0,0,0,0,0,0,0,0,0,0,0,0,0,0,0,0,0,0,0,0,0,0,0,0
20150318,117309,19101,19069,38170,24790,24261,49051,87221,6021,6160,12181,2,1,3,3,9,12,50,171,221,0,0,0,0,0,0,0,0,0,163,115,278,1,0,1,4443,4555,8998,2162,1194,3356,0,0,0,41,28,69,138,179,317,0,0,0,0,0,0,2111,1974,4085,0,0,0,0,0,0,0,0,0,0,0,0,0,0,0,358,196,554,0,13,13,0,0,0,0,0,0,0,0,0,0,0,0,0,0,0,0,0,0,0,0,0,0,0,0,0,0,0,0,0,0,0,0,0,0,0,0,0,0,0,0,0,0,0,0,0
20150319,113676,18445,18430,36875,25357,24090,49447,86322,5549,5336,10885,2,0,2,6,13,19,33,53,86,6,2,8,5,0,5,0,0,0,0,0,0,6,4,10,4465,4370,8835,1749,1759,3508,0,0,0,40,24,64,0,0,0,0,3,3,164,132,296,1705,1295,3000,0,0,0,0,0,0,0,0,0,0,0,0,0,0,0,548,62,610,0,23,23,0,0,0,0,0,0,0,0,0,0,0,0,0,0,0,0,0,0,0,0,0,0,0,0,0,0,0,0,0,0,0,0,0,0,0,0,0,0,0,0,0,0,0,0,0
20150320,127088,21009,20925,41934,26790,26758,53548,95482,6944,5844,12788,2,5,7,9,5,14,30,45,75,11,5,16,0,0,0,0,0,0,68,39,107,0,7,7,4919,4478,9397,2481,2357,4838,0,0,0,49,41,90,0,0,0,2,0,2,0,0,0,2354,1877,4231,0,0,0,0,0,0,0,0,0,0,0,0,0,0,0,1,3,4,1,29,30,0,0,0,0,0,0,0,0,0,0,0,0,0,0,0,0,0,0,0,0,0,0,0,0,0,0,0,0,0,0,0,0,0,0,0,0,0,0,0,0,0,0,0,0,0
20150321,124002,19787,20564,40351,27188,25102,52290,92641,5988,5882,11870,0,0,0,5,17,22,23,49,72,3,0,3,5,5,10,0,0,0,153,182,335,0,0,0,4538,4302,8840,2928,2084,5012,0,0,0,302,40,342,138,131,269,0,13,13,0,0,0,2388,2143,4531,0,0,0,0,0,0,0,0,0,0,0,0,0,0,0,3,1,4,2,36,38,0,0,0,0,0,0,0,0,0,0,0,0,0,0,0,0,0,0,0,0,0,0,0,0,0,0,0,0,0,0,0,0,0,0,0,0,0,0,0,0,0,0,0,0,0
20150322,130682,19192,21697,40889,28462,28437,56899,97788,6905,6892,13797,244,45,289,4,6,10,24,24,48,1,0,1,0,0,0,0,0,0,74,60,134,0,0,0,4233,4746,8979,2292,2856,5148,0,0,0,34,317,351,0,0,0,22,11,33,0,0,0,2075,1995,4070,0,0,0,0,0,0,0,0,0,0,0,0,0,0,0,3,6,9,0,25,25,0,0,0,0,0,0,0,0,0,0,0,0,0,0,0,0,0,0,0,0,0,0,0,0,0,0,0,0,0,0,0,0,0,0,0,0,0,0,0,0,0,0,0,0,0
20150323,119994,19397,21367,40764,22881,26750,49631,90395,5657,5753,11410,646,3,649,16,7,23,28,20,48,1,0,1,0,0,0,0,0,0,0,0,0,0,0,0,4477,4652,9129,1780,2038,3818,0,0,0,60,12,72,0,0,0,2,1,3,132,123,255,1702,1767,3469,0,0,0,0,0,0,0,0,0,0,0,0,0,0,0,703,7,710,0,12,12,0,0,0,0,0,0,0,0,0,0,0,0,0,0,0,0,0,0,0,0,0,0,0,0,0,0,0,0,0,0,0,0,0,0,0,0,0,0,0,0,0,0,0,0,0
20150324,119374,18267,19627,37894,25885,25864,51749,89643,5701,6015,11716,0,0,0,6,5,11,520,60,580,2,1,3,0,5,5,0,0,0,30,53,83,4,0,4,4280,4682,8962,1707,2099,3806,0,0,0,0,0,0,0,0,0,1,0,1,0,0,0,1827,2013,3840,0,0,0,0,0,0,0,0,0,0,0,0,0,0,0,707,4,711,0,9,9,0,0,0,0,0,0,0,0,0,0,0,0,0,0,0,0,0,0,0,0,0,0,0,0,0,0,0,0,0,0,0,0,0,0,0,0,0,0,0,0,0,0,0,0,0
20150325,126994,18538,20028,38566,25316,26172,51488,90054,6357,6301,12658,823,2210,3033,146,323,469,47,781,828,2,0,2,0,1,1,0,0,0,192,175,367,0,0,0,4445,4561,9006,2209,2036,4245,0,0,0,0,0,0,177,138,315,1,2,3,0,0,0,2370,2227,4597,0,0,0,0,0,0,0,0,0,0,0,0,0,0,0,709,684,1393,2,21,23,0,0,0,0,0,0,0,0,0,0,0,0,0,0,0,0,0,0,0,0,0,0,0,0,0,0,0,0,0,0,0,0,0,0,0,0,0,0,0,0,0,0,0,0,0
20150326,122604,19376,18972,38348,27386,26178,53564,91912,5964,6040,12004,5,6,11,14,2,16,67,80,147,1,5,6,1,0,1,0,0,0,48,34,82,0,0,0,4526,4539,9065,1961,2286,4247,0,0,0,60,37,97,0,0,0,3,0,3,162,164,326,1856,1582,3438,0,0,0,0,0,0,0,0,0,0,0,0,0,0,0,472,767,1239,5,5,10,0,0,0,0,0,0,0,0,0,0,0,0,0,0,0,0,0,0,0,0,0,0,0,0,0,0,0,0,0,0,0,0,0,0,0,0,0,0,0,0,0,0,0,0,0
20150327,134462,22392,20851,43243,27995,26972,54967,98210,7082,6713,13795,1722,1180,2902,3,1,4,59,44,103,0,16,16,0,0,0,0,0,0,102,28,130,0,0,0,5081,4797,9878,2419,2018,4437,0,0,0,39,26,65,0,0,0,0,5,5,157,95,252,2477,2170,4647,0,0,0,0,0,0,0,0,0,0,0,0,0,0,0,1,1,2,2,14,16,0,0,0,0,0,0,0,0,0,0,0,0,0,0,0,0,0,0,0,0,0,0,0,0,0,0,0,0,0,0,0,0,0,0,0,0,0,0,0,0,0,0,0,0,0
20150328,127324,19199,20705,39904,27002,27744,54746,94650,6384,5533,11917,2,1,3,7,9,16,21,59,80,4,3,7,1,0,1,0,0,0,235,160,395,0,0,0,4395,4504,8899,3482,2423,5905,0,0,0,391,27,418,135,143,278,3,4,7,0,0,0,2583,2148,4731,0,0,0,0,0,0,0,0,0,0,0,0,0,0,0,0,3,3,0,14,14,0,0,0,0,0,0,0,0,0,0,0,0,0,0,0,0,0,0,0,0,0,0,0,0,0,0,0,0,0,0,0,0,0,0,0,0,0,0,0,0,0,0,0,0,0
20150329,136761,20025,21011,41036,29721,28353,58074,99110,7611,6838,14449,2025,1701,3726,2,2,4,26,15,41,1,0,1,0,0,0,0,0,0,97,74,171,0,0,0,4124,4696,8820,2688,2961,5649,0,0,0,30,412,442,0,0,0,8,3,11,0,0,0,2305,2027,4332,0,0,0,0,0,0,0,0,0,0,0,0,0,0,0,0,0,0,1,4,5,0,0,0,0,0,0,0,0,0,0,0,0,0,0,0,0,0,0,0,0,0,0,0,0,0,0,0,0,0,0,0,0,0,0,0,0,0,0,0,0,0,0,0,0,0
20150330,119665,19656,19920,39576,25338,27295,52633,92209,5646,5197,10843,8,0,8,2,5,7,62,708,770,8,8,16,1,0,1,0,0,0,44,30,74,4,0,4,3863,4695,8558,1947,1860,3807,0,0,0,18,29,47,0,0,0,2,4,6,137,137,274,1694,1346,3040,0,0,0,0,0,0,0,0,0,0,0,0,0,0,0,1,0,1,0,0,0,0,0,0,0,0,0,0,0,0,0,0,0,0,0,0,0,0,0,0,0,0,0,0,0,0,0,0,0,0,0,0,0,0,0,0,0,0,0,0,0,0,0,0,0,0
20150331,120755,18973,19501,38474,24502,26263,50765,89239,6941,6278,13219,1,7,8,14,12,26,93,67,160,0,11,11,0,0,0,0,0,0,98,46,144,0,0,0,4042,4911,8953,2174,1906,4080,0,0,0,20,43,63,0,0,0,8,10,18,0,0,0,2192,1461,3653,0,0,0,0,0,0,0,0,0,0,0,0,0,0,0,412,768,1180,0,1,1,0,0,0,0,0,0,0,0,0,0,0,0,0,0,0,0,0,0,0,0,0,0,0,0,0,0,0,0,0,0,0,0,0,0,0,0,0,0,0,0,0,0,0,0,0
20150401,126810,21981,21094,43075,24367,26622,50989,94064,7331,6178,13509,10,13,23,268,62,330,77,34,111,5,0,5,2,0,2,0,0,0,220,149,369,1,6,7,4233,4614,8847,1897,2020,3917,0,0,0,35,32,67,151,177,328,3,3,6,0,0,0,2410,1812,4222,0,0,0,0,0,0,0,0,0,0,0,0,0,0,0,232,771,1003,0,0,0,0,0,0,0,0,0,0,0,0,0,0,0,0,0,0,0,0,0,0,0,0,0,0,0,0,0,0,0,0,0,0,0,0,0,0,0,0,0,0,0,0,0,0,0,0
20150402,139536,23188,23506,46694,26858,31754,58612,105306,7170,7157,14327,639,639,1278,0,9,9,48,53,101,0,0,0,0,2,2,0,0,0,105,32,137,0,0,0,4223,4915,9138,2064,2200,4264,0,0,0,21,121,142,0,0,0,5,3,8,156,162,318,2140,1939,4079,0,0,0,0,0,0,0,0,0,0,0,0,0,0,0,109,294,403,2,22,24,0,0,0,0,0,0,0,0,0,0,0,0,0,0,0,0,0,0,0,0,0,0,0,0,0,0,0,0,0,0,0,0,0,0,0,0,0,0,0,0,0,0,0,0,0
20150403,146992,24831,25857,50688,27234,32245,59479,110167,8649,7763,16412,45,502,547,17,14,31,110,30,140,0,0,0,0,0,0,0,0,0,104,60,164,0,0,0,5033,5266,10299,2321,1498,3819,0,0,0,23,101,124,0,0,0,5,2,7,145,144,289,2710,2271,4981,0,0,0,0,0,0,0,0,0,0,0,0,0,0,0,2,1,3,1,8,9,0,0,0,0,0,0,0,0,0,0,0,0,0,0,0,0,0,0,0,0,0,0,0,0,0,0,0,0,0,0,0,0,0,0,0,0,0,0,0,0,0,0,0,0,0
20150404,127443,23721,18558,42279,29103,24713,53816,96095,7348,5546,12894,3,1,4,6,4,10,15,14,29,0,0,0,0,0,0,0,0,0,240,159,399,0,0,0,4277,4032,8309,3310,1705,5015,0,0,0,94,31,125,137,135,272,15,7,22,0,0,0,2334,1920,4254,0,0,0,0,0,0,0,0,0,0,0,0,0,0,0,3,4,7,0,8,8,0,0,0,0,0,0,0,0,0,0,0,0,0,0,0,0,0,0,0,0,0,0,0,0,0,0,0,0,0,0,0,0,0,0,0,0,0,0,0,0,0,0,0,0,0
20150405,129178,21829,19306,41135,27161,24122,51283,92418,7579,6269,13848,1963,1664,3627,2,0,2,2196,32,2228,0,0,0,0,0,0,0,0,0,72,89,161,0,0,0,4270,4070,8340,1772,2367,4139,0,0,0,0,0,0,0,0,0,2,0,2,0,0,0,2270,2134,4404,0,0,0,0,0,0,0,0,0,0,0,0,0,0,0,5,4,9,0,0,0,0,0,0,0,0,0,0,0,0,0,0,0,0,0,0,0,0,0,0,0,0,0,0,0,0,0,0,0,0,0,0,0,0,0,0,0,0,0,0,0,0,0,0,0,0
20150406,148633,27006,25811,52817,30027,29674,59701,112518,7593,7229,14822,5,4,9,0,2177,2177,14,23,37,0,0,0,0,0,0,0,0,0,97,101,198,0,0,0,5108,4733,9841,1811,2975,4786,0,0,0,125,0,125,0,0,0,7,1,8,140,145,285,1916,1904,3820,0,0,0,0,0,0,0,0,0,0,0,0,0,0,0,2,2,4,0,3,3,0,0,0,0,0,0,0,0,0,0,0,0,0,0,0,0,0,0,0,0,0,0,0,0,0,0,0,0,0,0,0,0,0,0,0,0,0,0,0,0,0,0,0,0,0
20150407,139907,24827,23276,48103,29108,27787,56895,104998,7485,8490,15975,17,1,18,5,1,6,39,38,77,0,0,0,0,0,0,0,0,0,82,105,187,0,4,4,4876,4893,9769,1648,2425,4073,0,0,0,0,0,0,0,0,0,1,2,3,0,0,0,2062,2710,4772,0,0,0,0,0,0,0,0,0,0,0,0,0,0,0,9,10,19,0,6,6,0,0,0,0,0,0,0,0,0,0,0,0,0,0,0,0,0,0,0,0,0,0,0,0,0,0,0,0,0,0,0,0,0,0,0,0,0,0,0,0,0,0,0,0,0
20150408,132888,22051,21858,43909,27088,25718,52806,96715,6578,7607,14185,1646,1465,3111,242,48,290,25,47,72,6,0,6,0,0,0,0,0,0,221,219,440,0,1,1,4720,4343,9063,1893,2532,4425,0,0,0,0,0,0,178,151,329,11,12,23,0,0,0,1936,2239,4175,0,0,0,0,0,0,0,0,0,0,0,0,0,0,0,4,8,12,0,41,41,0,0,0,0,0,0,0,0,0,0,0,0,0,0,0,0,0,0,0,0,0,0,0,0,0,0,0,0,0,0,0,0,0,0,0,0,0,0,0,0,0,0,0,0,0
20150409,121181,19175,20238,39413,24374,26408,50782,90195,5506,7248,12754,11,0,11,5,8,13,129,44,173,0,2,2,0,0,0,0,0,0,54,97,151,7,0,7,4595,4075,8670,1818,2099,3917,0,0,0,149,110,259,0,0,0,6,6,12,158,156,314,1521,2038,3559,0,0,0,0,0,0,0,0,0,0,0,0,0,0,0,725,396,1121,1,22,23,0,0,0,0,0,0,0,0,0,0,0,0,0,0,0,0,0,0,0,0,0,0,0,0,0,0,0,0,0,0,0,0,0,0,0,0,0,0,0,0,0,0,0,0,0
20150410,130768,19692,21474,41166,25797,27014,52811,93977,6623,7056,13679,1703,1697,3400,7,7,14,35,25,60,7,6,13,0,8,8,0,0,0,62,99,161,0,0,0,5098,4603,9701,2216,2764,4980,0,0,0,69,65,134,0,0,0,5,6,11,113,137,250,2066,2273,4339,0,0,0,0,0,0,0,0,0,0,0,0,0,0,0,13,12,25,0,16,16,0,0,0,0,0,0,0,0,0,0,0,0,0,0,0,0,0,0,0,0,0,0,0,0,0,0,0,0,0,0,0,0,0,0,0,0,0,0,0,0,0,0,0,0,0
20150411,131179,19468,21953,41421,26843,27240,54083,95504,5840,7321,13161,4,5,9,3,9,12,2269,54,2323,0,0,0,0,0,0,0,0,0,180,227,407,0,0,0,4487,4433,8920,3560,2380,5940,0,0,0,481,101,582,139,137,276,8,2,10,0,0,0,1873,2147,4020,0,0,0,0,0,0,0,0,0,0,0,0,0,0,0,2,2,4,2,9,11,0,0,0,0,0,0,0,0,0,0,0,0,0,0,0,0,0,0,0,0,0,0,0,0,0,0,0,0,0,0,0,0,0,0,0,0,0,0,0,0,0,0,0,0,0
20150412,138577,19586,21343,40929,28813,28599,57412,98341,7504,7794,15298,1965,1631,3596,0,5,5,17,41,58,0,0,0,0,0,0,0,0,0,49,100,149,0,0,0,4620,5166,9786,2887,3078,5965,0,0,0,239,461,700,0,0,0,1,0,1,0,0,0,2129,2539,4668,0,0,0,0,0,0,0,0,0,0,0,0,0,0,0,3,4,7,0,0,0,0,3,3,0,0,0,0,0,0,0,0,0,0,0,0,0,0,0,0,0,0,0,0,0,0,0,0,0,0,0,0,0,0,0,0,0,0,0,0,0,0,0,0,0,0
20150413,129410,19586,20688,40274,26069,28268,54337,94611,6112,6486,12598,902,3030,3932,10,2,12,35,53,88,0,6,6,0,0,0,0,0,0,62,99,161,0,5,5,4656,4710,9366,2403,2331,4734,0,0,0,262,262,524,0,0,0,0,0,0,134,139,273,1341,1753,3094,0,0,0,0,0,0,0,0,0,0,0,0,0,0,0,6,0,6,0,0,0,0,0,0,0,0,0,0,0,0,0,0,0,0,0,0,0,0,0,0,0,0,0,0,0,0,0,0,0,0,0,0,0,0,0,0,0,0,0,0,0,0,0,0,0,0
20150414,119722,18713,18865,37578,24236,26435,50671,88249,6090,6962,13052,0,2,2,6,7,13,48,43,91,0,1,1,1,0,1,0,0,0,34,47,81,0,21,21,4398,4632,9030,2086,1960,4046,0,0,0,140,258,398,0,0,0,0,0,0,0,0,0,1468,2167,3635,0,0,0,0,0,0,0,0,0,0,0,0,0,0,0,726,365,1091,0,11,11,0,0,0,0,0,0,0,0,0,0,0,0,0,0,0,0,0,0,0,0,0,0,0,0,0,0,0,0,0,0,0,0,0,0,0,0,0,0,0,0,0,0,0,0,0
20150415,130377,18149,19689,37838,26764,27264,54028,91866,6517,6970,13487,1559,1626,3185,224,115,339,38,36,74,0,0,0,0,1,1,0,0,0,135,129,264,0,0,0,4952,4771,9723,2599,2636,5235,0,0,0,332,133,465,178,177,355,3,3,6,0,0,0,2141,2232,4373,0,0,0,0,0,0,0,0,0,0,0,0,0,0,0,758,225,983,0,21,21,0,0,0,0,0,0,0,0,0,0,0,0,0,0,0,0,0,0,0,0,0,0,0,0,0,0,0,0,0,0,0,0,0,0,0,0,0,0,0,0,0,0,0,0,0
20150416,125141,19225,18266,37491,26887,28688,55575,93066,6081,6192,12273,6,8,14,1,1,2,60,74,134,1,1,2,0,0,0,0,0,0,47,48,95,1,5,6,4713,4813,9526,2150,2484,4634,0,0,0,269,304,573,0,0,0,3,2,5,152,158,310,1769,1647,3416,0,0,0,0,0,0,0,0,0,0,0,0,0,0,0,473,601,1074,0,11,11,0,0,0,0,0,0,0,0,0,0,0,0,0,0,0,0,0,0,0,0,0,0,0,0,0,0,0,0,0,0,0,0,0,0,0,0,0,0,0,0,0,0,0,0,0
20150417,131767,19907,19277,39184,25988,27926,53914,93098,7055,6321,13376,3387,1969,5356,12,1,13,64,91,155,0,0,0,0,0,0,0,0,0,0,0,0,7,4,11,5249,4772,10021,2631,2420,5051,0,0,0,179,149,328,2,0,2,2,14,16,127,113,240,2264,1800,4064,0,0,0,0,0,0,0,0,0,0,0,0,0,0,0,5,1,6,1,29,30,0,0,0,0,0,0,0,0,0,0,0,0,0,0,0,0,0,0,0,0,0,0,0,0,0,0,0,0,0,0,0,0,0,0,0,0,0,0,0,0,0,0,0,0,0
20150418,133793,19591,19067,38658,31836,28204,60040,98698,6585,5990,12575,417,409,826,4,18,22,48,88,136,0,0,0,1,0,1,0,0,0,232,164,396,7,0,7,4810,4647,9457,3718,2459,6177,0,0,0,471,268,739,147,139,286,13,2,15,0,0,0,2337,2090,4427,0,0,0,0,0,0,0,0,0,0,0,0,0,0,0,18,6,24,0,7,7,0,0,0,0,0,0,0,0,0,0,0,0,0,0,0,0,0,0,0,0,0,0,0,0,0,0,0,0,0,0,0,0,0,0,0,0,0,0,0,0,0,0,0,0,0
20150419,140786,19990,20668,40658,28426,29802,58228,98886,7673,7435,15108,1933,1703,3636,87,17,104,14,1462,1476,0,0,0,0,1,1,0,0,0,53,45,98,0,0,0,4793,4878,9671,3099,3520,6619,0,0,0,100,482,582,0,2,2,3,10,13,0,0,0,2299,2276,4575,0,0,0,0,0,0,0,0,0,0,0,0,0,0,0,11,4,15,0,0,0,0,0,0,0,0,0,0,0,0,0,0,0,0,0,0,0,0,0,0,0,0,0,0,0,0,0,0,0,0,0,0,0,0,0,0,0,0,0,0,0,0,0,0,0,0
20150420,128958,19579,19993,39572,28285,29559,57844,97416,6789,5906,12695,4,1,5,15,4,19,76,145,221,4,0,4,0,9,9,0,0,0,62,64,126,2,4,6,4757,4978,9735,2382,2601,4983,0,0,0,170,112,282,0,0,0,1,2,3,112,134,246,1552,1600,3152,0,0,0,0,0,0,0,0,0,0,0,0,0,0,0,22,5,27,0,29,29,0,0,0,0,0,0,0,0,0,0,0,0,0,0,0,0,0,0,0,0,0,0,0,0,0,0,0,0,0,0,0,0,0,0,0,0,0,0,0,0,0,0,0,0,0
20150421,132396,18091,17908,35999,26001,27985,53986,89985,6234,6123,12357,5976,3398,9374,9,5,14,1517,47,1564,0,0,0,0,0,0,0,0,0,35,49,84,17,6,23,4796,4966,9762,2284,2087,4371,0,0,0,62,29,91,0,0,0,8,3,11,0,0,0,1807,1899,3706,0,0,0,0,0,0,0,0,0,0,0,0,0,0,0,321,725,1046,0,8,8,0,0,0,0,0,0,0,0,0,0,0,0,0,0,0,0,0,0,0,0,0,0,0,0,0,0,0,0,0,0,0,0,0,0,0,0,0,0,0,0,0,0,0,0,0
20150422,137620,19068,19925,38993,28117,27281,55398,94391,6760,6819,13579,1853,1458,3311,369,201,570,47,2597,2644,0,0,0,0,11,11,0,0,0,156,136,292,0,0,0,4861,4876,9737,2780,3572,6352,0,0,0,141,137,278,168,179,347,0,2,2,0,0,0,2403,2369,4772,0,0,0,0,0,0,0,0,0,0,0,0,0,0,0,549,767,1316,0,18,18,0,0,0,0,0,0,0,0,0,0,0,0,0,0,0,0,0,0,0,0,0,0,0,0,0,0,0,0,0,0,0,0,0,0,0,0,0,0,0,0,0,0,0,0,0
20150423,128658,19000,17957,36957,28167,28882,57049,94006,6655,6432,13087,4,1450,1454,33,18,51,29,497,526,5,5,10,0,0,0,0,0,0,67,44,111,0,0,0,4968,4631,9599,2707,2750,5457,0,0,0,75,109,184,0,0,0,4,11,15,135,152,287,1846,1704,3550,0,0,0,0,0,0,0,0,0,0,0,0,0,0,0,137,173,310,1,10,11,0,0,0,0,0,0,0,0,0,0,0,0,0,0,0,0,0,0,0,0,0,0,0,0,0,0,0,0,0,0,0,0,0,0,0,0,0,0,0,0,0,0,0,0,0
20150424,145508,21032,20717,41749,29846,28674,58520,100269,7217,6981,14198,4388,4781,9169,39,80,119,67,91,158,0,4,4,0,0,0,0,0,0,74,51,125,0,0,0,5202,4839,10041,2874,3580,6454,0,0,0,122,102,224,0,0,0,12,0,12,143,127,270,2388,2045,4433,0,0,0,0,0,0,0,0,0,0,0,0,0,0,0,4,4,8,0,24,24,0,0,0,0,0,0,0,0,0,0,0,0,0,0,0,0,0,0,0,0,0,0,0,0,0,0,0,0,0,0,0,0,0,0,0,0,0,0,0,0,0,0,0,0,0
20150425,139754,21791,20601,42392,30186,29109,59295,101687,6943,5916,12859,2,5,7,2512,15,2527,39,154,193,0,2,2,0,0,0,0,0,0,241,191,432,0,3,3,4915,4617,9532,4208,2882,7090,0,0,0,464,162,626,145,147,292,1,0,1,0,0,0,2391,2013,4404,0,0,0,0,0,0,0,0,0,0,0,0,0,0,0,60,28,88,1,10,11,0,0,0,0,0,0,0,0,0,0,0,0,0,0,0,0,0,0,0,0,0,0,0,0,0,0,0,0,0,0,0,0,0,0,0,0,0,0,0,0,0,0,0,0,0
20150426,145504,21843,21154,42997,31700,28140,59840,102837,8151,7339,15490,2051,2005,4056,95,44,139,17,30,47,0,0,0,0,0,0,0,0,0,67,76,143,0,9,9,5224,4949,10173,3572,3793,7365,0,0,0,163,401,564,0,0,0,1,0,1,0,0,0,2456,2216,4672,0,0,0,0,0,0,0,0,0,0,0,0,0,0,0,2,2,4,1,3,4,0,0,0,0,0,0,0,0,0,0,0,0,0,0,0,0,0,0,0,0,0,0,0,0,0,0,0,0,0,0,0,0,0,0,0,0,0,0,0,0,0,0,0,0,0
20150427,127356,19429,18600,38029,27770,25343,53113,91142,6359,5219,11578,2830,2597,5427,13,5,18,33,33,66,8,7,15,0,0,0,0,0,0,68,57,125,0,0,0,4626,4208,8834,3605,2696,6301,0,0,0,177,186,363,0,0,0,3,8,11,146,113,259,1658,1492,3150,0,0,0,0,0,0,0,0,0,0,0,0,0,0,0,39,20,59,1,7,8,0,0,0,0,0,0,0,0,0,0,0,0,0,0,0,0,0,0,0,0,0,0,0,0,0,0,0,0,0,0,0,0,0,0,0,0,0,0,0,0,0,0,0,0,0
20150428,127357,19981,17728,37709,27987,23998,51985,89694,6997,5425,12422,2038,2987,5025,0,4,4,17,1636,1653,0,17,17,4,0,4,0,0,0,0,0,0,0,0,0,5014,3967,8981,2422,2245,4667,0,0,0,64,187,251,0,0,0,7,2,9,0,0,0,2387,1646,4033,0,0,0,0,0,0,0,0,0,0,0,0,0,0,0,232,363,595,2,0,2,0,0,0,0,0,0,0,0,0,0,0,0,0,0,0,0,0,0,0,0,0,0,0,0,0,0,0,0,0,0,0,0,0,0,0,0,0,0,0,0,0,0,0,0,0
20150429,135105,25394,19070,44464,29786,22853,52639,97103,8057,6230,14287,1522,1641,3163,234,193,427,38,37,75,3,14,17,0,0,0,0,0,0,248,204,452,1,0,1,5273,3882,9155,2570,2018,4588,0,0,0,102,132,234,142,168,310,4,1,5,0,0,0,2369,1887,4256,0,0,0,0,0,0,0,0,0,0,0,0,0,0,0,571,447,1018,0,14,14,0,0,0,0,0,0,0,0,0,0,0,0,0,0,0,0,0,0,0,0,0,0,0,0,0,0,0,0,0,0,0,0,0,0,0,0,0,0,0,0,0,0,0,0,0
20150430,140023,22832,19257,42089,29995,26647,56642,98731,7635,5834,13469,2589,2565,5154,786,51,837,1644,98,1742,0,4,4,0,4,4,0,0,0,99,36,135,0,0,0,5064,4616,9680,3105,2306,5411,0,0,0,44,142,186,0,0,0,12,10,22,106,135,241,2061,1763,3824,0,0,0,0,0,0,0,0,0,0,0,0,0,0,0,425,84,509,0,74,74,0,0,0,0,0,0,0,0,0,0,0,0,0,0,0,0,0,0,0,0,0,0,0,0,0,0,0,0,0,0,0,0,0,0,0,0,0,0,0,0,0,0,0,0,0
20150501,136010,24447,19810,44257,29733,25050,54783,99040,7281,5471,12752,1755,2019,3774,50,64,114,33,28,61,4,0,4,0,0,0,0,0,0,95,38,133,5,4,9,5370,4414,9784,3879,1841,5720,0,0,0,96,19,115,0,0,0,1,0,1,139,143,282,2345,1854,4199,0,0,0,0,0,0,0,0,0,0,0,0,0,0,0,2,0,2,0,20,20,0,0,0,0,0,0,0,0,0,0,0,0,0,0,0,0,0,0,0,0,0,0,0,0,0,0,0,0,0,0,0,0,0,0,0,0,0,0,0,0,0,0,0,0,0
20150502,115514,18907,17395,36302,28915,21208,50123,86425,5420,4761,10181,155,2,157,9,2,11,46,56,102,0,4,4,0,1,1,0,0,0,154,161,315,0,0,0,4433,3985,8418,2328,3335,5663,0,0,0,42,38,80,160,145,305,0,0,0,0,0,0,1846,1906,3752,0,0,0,0,0,0,0,0,0,0,0,0,0,0,0,60,40,100,0,0,0,0,0,0,0,0,0,0,0,0,0,0,0,0,0,0,0,0,0,0,0,0,0,0,0,0,0,0,0,0,0,0,0,0,0,0,0,0,0,0,0,0,0,0,0,0
20150503,137007,21140,21177,42317,28175,25618,53793,96110,7443,7515,14958,2015,2461,4476,187,1651,1838,27,22,49,0,0,0,0,0,0,0,0,0,41,89,130,1,0,1,4641,4694,9335,1606,3860,5466,0,0,0,23,88,111,0,0,0,1,1,2,0,0,0,2146,2365,4511,0,0,0,0,0,0,0,0,0,0,0,0,0,0,0,9,11,20,0,0,0,0,0,0,0,0,0,0,0,0,0,0,0,0,0,0,0,0,0,0,0,0,0,0,0,0,0,0,0,0,0,0,0,0,0,0,0,0,0,0,0,0,0,0,0,0
20150504,120800,19328,23588,42916,22192,27424,49616,92532,5455,6287,11742,4,26,30,2,7,9,30,47,77,4,5,9,0,0,0,0,0,0,76,99,175,0,0,0,4287,4810,9097,1499,2325,3824,0,0,0,27,25,52,0,0,0,1,0,1,139,145,284,1265,1611,2876,0,0,0,0,0,0,0,0,0,0,0,0,0,0,0,43,41,84,0,8,8,0,0,0,0,0,0,0,0,0,0,0,0,0,0,0,0,0,0,0,0,0,0,0,0,0,0,0,0,0,0,0,0,0,0,0,0,0,0,0,0,0,0,0,0,0
20150505,129698,16103,21792,37895,20847,29030,49877,87772,5283,6926,12209,5222,4972,10194,896,5,901,1456,56,1512,0,0,0,4,0,4,0,0,0,0,0,0,2,2,4,3611,5230,8841,1519,2297,3816,0,0,0,31,72,103,0,0,0,1,1,2,0,0,0,1821,2210,4031,0,0,0,0,0,0,0,0,0,0,0,0,0,0,0,180,124,304,0,5,5,0,0,0,0,0,0,0,0,0,0,0,0,0,0,0,0,0,0,0,0,0,0,0,0,0,0,0,0,0,0,0,0,0,0,0,0,0,0,0,0,0,0,0,0,0
20150506,114414,15050,18994,34044,20474,26284,46758,80802,5524,6320,11844,1516,1474,2990,64,100,164,53,154,207,0,0,0,0,0,0,0,0,0,173,207,380,2,0,2,4083,4917,9000,1603,2036,3639,0,0,0,38,25,63,157,142,299,1,3,4,0,0,0,1818,2040,3858,0,0,0,0,0,0,0,0,0,0,0,0,0,0,0,599,556,1155,7,0,7,0,0,0,0,0,0,0,0,0,0,0,0,0,0,0,0,0,0,0,0,0,0,0,0,0,0,0,0,0,0,0,0,0,0,0,0,0,0,0,0,0,0,0,0,0
20150507,107685,15546,16169,31715,21635,25102,46737,78452,5091,5669,10760,12,2314,2326,46,71,117,72,76,148,0,0,0,1,5,6,0,0,0,42,35,77,0,0,0,3764,4552,8316,1672,1932,3604,0,0,0,29,34,63,0,0,0,3,8,11,132,107,239,1700,1542,3242,0,0,0,0,0,0,0,0,0,0,0,0,0,0,0,32,288,320,4,0,4,0,0,0,0,0,0,0,0,0,0,0,0,0,0,0,0,0,0,0,0,0,0,0,0,0,0,0,0,0,0,0,0,0,0,0,0,0,0,0,0,0,0,0,0,0
20150508,121803,18860,17854,36714,21541,24227,45768,82482,6658,5787,12445,3910,5268,9178,51,40,91,62,27,89,0,0,0,0,0,0,0,0,0,104,67,171,2,0,2,4032,4511,8543,2411,1736,4147,0,0,0,33,35,68,0,0,0,9,6,15,147,138,285,2368,1889,4257,0,0,0,0,0,0,0,0,0,0,0,0,0,0,0,6,3,9,0,21,21,0,0,0,0,0,0,0,0,0,0,0,0,0,0,0,0,0,0,0,0,0,0,0,0,0,0,0,0,0,0,0,0,0,0,0,0,0,0,0,0,0,0,0,0,0
20150509,114652,17043,17406,34449,25659,24677,50336,84785,5656,5343,10999,1,0,1,429,0,429,31,123,154,3,0,3,1,0,1,0,0,0,230,171,401,0,0,0,3948,4467,8415,3532,1503,5035,0,0,0,87,28,115,145,152,297,2,0,2,0,0,0,2125,1740,3865,0,0,0,0,0,0,0,0,0,0,0,0,0,0,0,76,73,149,1,0,1,0,0,0,0,0,0,0,0,0,0,0,0,0,0,0,0,0,0,0,0,0,0,0,0,0,0,0,0,0,0,0,0,0,0,0,0,0,0,0,0,0,0,0,0,0
20150510,135076,17476,18345,35821,26514,27345,53859,89680,7011,7501,14512,4833,3892,8725,37,28,65,32,24,56,2233,0,2233,0,2,2,0,0,0,56,70,126,67,0,67,4413,4974,9387,2502,3536,6038,0,0,0,35,35,70,0,0,0,1,3,4,0,0,0,1942,2157,4099,0,0,0,0,0,0,0,0,0,0,0,0,0,0,0,6,4,10,2,0,2,0,0,0,0,0,0,0,0,0,0,0,0,0,0,0,0,0,0,0,0,0,0,0,0,0,0,0,0,0,0,0,0,0,0,0,0,0,0,0,0,0,0,0,0,0
20150511,121504,17278,20370,37648,22942,28443,51385,89033,5172,6426,11598,15,2214,2229,7,6,13,1091,18,1109,2,0,2,0,0,0,0,0,0,58,97,155,1,0,1,4300,5006,9306,2622,2067,4689,0,0,0,13,24,37,0,0,0,1,3,4,138,139,277,1231,1754,2985,0,0,0,0,0,0,0,0,0,0,0,0,0,0,0,41,25,66,0,0,0,0,0,0,0,0,0,0,0,0,0,0,0,0,0,0,0,0,0,0,0,0,0,0,0,0,0,0,0,0,0,0,0,0,0,0,0,0,0,0,0,0,0,0,0,0
20150512,118255,15328,18734,34062,23001,28465,51466,85528,5340,7017,12357,1118,524,1642,0,1063,1063,35,87,122,0,0,0,0,8,8,0,0,0,0,0,0,0,2,2,4093,4953,9046,1803,2205,4008,0,0,0,37,111,148,0,0,0,1,1,2,0,0,0,1792,2192,3984,0,0,0,0,0,0,0,0,0,0,0,0,0,0,0,215,85,300,1,44,45,0,0,0,0,0,0,0,0,0,0,0,0,0,0,0,0,0,0,0,0,0,0,0,0,0,0,0,0,0,0,0,0,0,0,0,0,0,0,0,0,0,0,0,0,0
20150513,126117,16956,19156,36112,24596,27207,51803,87915,5949,7263,13212,404,1506,1910,2991,159,3150,60,71,131,2,1,3,0,0,0,0,0,0,226,200,426,1,1,2,4243,4839,9082,1969,2907,4876,0,0,0,50,21,71,0,0,0,1,0,1,0,0,0,2174,2213,4387,0,0,0,0,0,0,0,0,0,0,0,0,0,0,0,248,690,938,0,13,13,0,0,0,0,0,0,0,0,0,0,0,0,0,0,0,0,0,0,0,0,0,0,0,0,0,0,0,0,0,0,0,0,0,0,0,0,0,0,0,0,0,0,0,0,0
20150514,129762,17452,17421,34873,25235,28935,54170,89043,6128,6586,12714,2855,5665,8520,830,93,923,38,74,112,0,0,0,0,0,0,0,0,0,76,37,113,0,0,0,4522,4765,9287,2163,2913,5076,0,0,0,34,35,69,0,0,0,1,8,9,131,132,263,1721,1765,3486,0,0,0,0,0,0,0,0,0,0,0,0,0,0,0,42,50,92,0,3,3,0,0,0,0,52,52,0,0,0,0,0,0,0,0,0,0,0,0,0,0,0,0,0,0,0,0,0,0,0,0,0,0,0,0,0,0,0,0,0,0,0,0,0,0,0
20150515,138830,20319,20906,41225,28103,29792,57895,99120,7442,7173,14615,1806,2260,4066,333,49,382,24,49,73,0,3,3,0,0,0,0,0,0,97,71,168,0,2,2,5030,5025,10055,2636,2369,5005,0,0,0,68,83,151,0,0,0,7,2,9,149,147,296,2504,2372,4876,0,0,0,0,0,0,0,0,0,0,0,0,0,0,0,2,0,2,0,7,7,0,0,0,0,0,0,0,0,0,0,0,0,0,0,0,0,0,0,0,0,0,0,0,0,0,0,0,0,0,0,0,0,0,0,0,0,0,0,0,0,0,0,0,0,0
20150516,135764,19679,20236,39915,30722,29435,60157,100072,7093,6478,13571,10,787,797,0,5,5,32,99,131,0,0,0,0,0,0,0,0,0,242,180,422,0,0,0,4837,4731,9568,3520,2602,6122,0,0,0,49,100,149,144,144,288,1,2,3,0,0,0,2215,2202,4417,0,0,0,0,0,0,0,0,0,0,0,0,0,0,0,84,125,209,1,9,10,0,0,0,0,0,0,0,0,0,0,0,0,0,0,0,0,0,0,0,0,0,0,0,0,0,0,0,0,0,0,0,0,0,0,0,0,0,0,0,0,0,0,0,0,0
20150517,149894,21048,21271,42319,29250,30353,59603,101922,8079,8212,16291,4769,4296,9065,83,96,179,35,21,56,6,0,6,0,0,0,0,0,0,79,83,162,0,0,0,4841,5165,10006,2876,4531,7407,0,0,0,14,66,80,0,0,0,5,7,12,0,0,0,2254,2437,4691,0,0,0,0,0,0,0,0,0,0,0,0,0,0,0,2,5,7,2,8,10,0,0,0,0,0,0,0,0,0,0,0,0,0,0,0,0,0,0,0,0,0,0,0,0,0,0,0,0,0,0,0,0,0,0,0,0,0,0,0,0,0,0,0,0,0
20150518,133887,19691,21213,40904,27516,29345,56861,97765,6472,6703,13175,1,12,13,3745,2,3747,44,230,274,0,104,104,0,0,0,0,0,0,78,104,182,7,7,14,4766,4974,9740,2327,2466,4793,0,0,0,37,24,61,0,0,0,6,1,7,146,138,284,1743,1832,3575,0,0,0,0,0,0,0,0,0,0,0,0,0,0,0,61,82,143,3,7,10,0,0,0,0,0,0,0,0,0,0,0,0,0,0,0,0,0,0,0,0,0,0,0,0,0,0,0,0,0,0,0,0,0,0,0,0,0,0,0,0,0,0,0,0,0
20150519,131145,18129,19735,37864,28210,28355,56565,94429,6860,7242,14102,3,2722,2725,3,1,4,52,63,115,10,0,10,0,2,2,0,0,0,0,0,0,0,0,0,4744,5042,9786,2367,2523,4890,0,0,0,65,23,88,0,0,0,0,0,0,0,0,0,2217,2305,4522,0,0,0,0,0,0,0,0,0,0,0,0,0,0,0,310,143,453,1,18,19,0,0,0,0,0,0,0,0,0,0,0,0,0,0,0,0,0,0,0,0,0,0,0,0,0,0,0,0,0,0,0,0,0,0,0,0,0,0,0,0,0,0,0,0,0
20150520,137304,19430,20096,39526,25951,27904,53855,93381,7338,7172,14510,4143,5154,9297,123,42,165,70,150,220,6,8,14,2,0,2,0,0,0,248,224,472,3,0,3,4689,4737,9426,2644,2185,4829,0,0,0,115,30,145,0,0,0,7,2,9,0,0,0,2163,2068,4231,0,0,0,0,0,0,0,0,0,0,0,0,0,0,0,372,222,594,6,0,6,0,0,0,0,0,0,0,0,0,0,0,0,0,0,0,0,0,0,0,0,0,0,0,0,0,0,0,0,0,0,0,0,0,0,0,0,0,0,0,0,0,0,0,0,0
20150521,130468,21324,18392,39716,29658,28359,58017,97733,7239,6634,13873,4,4,8,70,79,149,49,54,103,2,0,2,0,0,0,0,0,0,68,56,124,1,66,67,4845,4672,9517,2067,2374,4441,0,0,0,41,31,72,0,0,0,2,10,12,142,132,274,2000,1976,3976,0,0,0,0,0,0,0,0,0,0,0,0,0,0,0,73,42,115,0,2,2,0,0,0,0,0,0,0,0,0,0,0,0,0,0,0,0,0,0,0,0,0,0,0,0,0,0,0,0,0,0,0,0,0,0,0,0,0,0,0,0,0,0,0,0,0
20150522,145652,22786,21277,44063,30416,29276,59692,103755,8298,6871,15169,1948,2078,4026,823,47,870,32,66,98,0,0,0,4,0,4,0,0,0,105,96,201,0,0,0,5280,4781,10061,3202,2707,5909,0,0,0,36,348,384,0,0,0,15,6,21,111,151,262,2627,2258,4885,0,0,0,0,0,0,0,0,0,0,0,0,0,0,0,1,0,1,0,6,6,0,0,0,0,0,0,0,0,0,0,0,0,0,0,0,0,0,0,0,0,0,0,0,0,0,0,0,0,0,0,0,0,0,0,0,0,0,0,0,0,0,0,0,0,0
20150523,140191,22907,19614,42521,28588,27985,56573,99094,6861,6039,12900,2517,2537,5054,2672,13,2685,31,34,65,0,0,0,0,0,0,0,0,0,165,143,308,2,2,4,4909,4496,9405,3509,2502,6011,0,0,0,95,283,378,139,140,279,0,6,6,0,0,0,1866,1932,3798,0,0,0,0,0,0,0,0,0,0,0,0,0,0,0,109,94,203,0,1,1,0,0,0,0,0,0,0,0,0,0,0,0,0,0,0,0,0,0,0,0,0,0,0,0,0,0,0,0,0,0,0,0,0,0,0,0,0,0,0,0,0,0,0,0,0
20150524,145564,21491,19991,41482,31305,28977,60282,101764,8281,7939,16220,1987,5323,7310,86,100,186,23,19,42,0,9,9,20,0,20,0,0,0,55,96,151,5,0,5,4799,4912,9711,2215,3153,5368,0,0,0,43,60,103,0,0,0,8,0,8,0,0,0,2296,2363,4659,0,0,0,0,0,0,0,0,0,0,0,0,0,0,0,4,4,8,0,0,0,0,0,0,0,0,0,0,0,0,0,0,0,0,0,0,0,0,0,0,0,0,0,0,0,0,0,0,0,0,0,0,0,0,0,0,0,0,0,0,0,0,0,0,0,0
20150525,141850,23871,24048,47919,30753,28593,59346,107265,6790,7021,13811,2,4,6,6,20,26,1662,68,1730,0,0,0,2,9,11,0,0,0,85,103,188,0,0,0,4848,4901,9749,2115,2391,4506,0,0,0,316,24,340,0,0,0,6,3,9,53,146,199,1854,1996,3850,0,0,0,0,0,0,0,0,0,0,0,0,0,0,0,91,69,160,0,0,0,0,0,0,0,0,0,0,0,0,0,0,0,0,0,0,0,0,0,0,0,0,0,0,0,0,0,0,0,0,0,0,0,0,0,0,0,0,0,0,0,0,0,0,0,0
20150526,125199,18058,19733,37791,25484,26499,51983,89774,6858,7612,14470,5,2,7,20,1629,1649,59,51,110,0,0,0,0,0,0,0,0,0,62,42,104,2,0,2,4513,4535,9048,2224,2172,4396,0,0,0,32,47,79,0,0,0,1,0,1,0,0,0,2296,2342,4638,0,0,0,0,0,0,0,0,0,0,0,0,0,0,0,666,226,892,0,29,29,0,0,0,0,0,0,0,0,0,0,0,0,0,0,0,0,0,0,0,0,0,0,0,0,0,0,0,0,0,0,0,0,0,0,0,0,0,0,0,0,0,0,0,0,0
20150527,130685,20124,19986,40110,27125,26136,53261,93371,7279,6798,14077,1762,1621,3383,24,141,165,29,54,83,0,0,0,0,19,19,0,0,0,219,198,417,4,0,4,4583,4413,8996,2609,2440,5049,0,0,0,20,18,38,0,0,0,0,1,1,0,0,0,2173,2251,4424,0,0,0,0,0,0,0,0,0,0,0,0,0,0,0,319,338,657,0,1,1,0,0,0,0,0,0,0,0,0,0,0,0,0,0,0,0,0,0,0,0,0,0,0,0,0,0,0,0,0,0,0,0,0,0,0,0,0,0,0,0,0,0,0,0,0
20150528,127538,19187,18200,37387,27905,26580,54485,91872,6713,6055,12768,2562,2891,5453,176,3,179,36,33,69,0,0,0,0,0,0,0,0,0,45,62,107,0,0,0,4588,4552,9140,2361,1620,3981,0,0,0,28,29,57,0,0,0,3,1,4,159,142,301,1855,1630,3485,0,0,0,0,0,0,0,0,0,0,0,0,0,0,0,48,63,111,0,11,11,0,0,0,0,0,0,0,0,0,0,0,0,0,0,0,0,0,0,0,0,0,0,0,0,0,0,0,0,0,0,0,0,0,0,0,0,0,0,0,0,0,0,0,0,0
20150529,131031,21713,19774,41487,26613,26111,52724,94211,7400,6550,13950,1754,2112,3866,52,204,256,22,41,63,6,0,6,0,4,4,0,0,0,75,46,121,4,0,4,4949,4615,9564,2373,1919,4292,0,0,0,0,0,0,0,0,0,2,14,16,147,111,258,2291,2099,4390,0,0,0,0,0,0,0,0,0,0,0,0,0,0,0,6,23,29,1,0,1,0,0,0,0,0,0,0,0,0,0,0,0,0,0,0,0,0,0,0,0,0,0,0,0,0,0,0,0,0,0,0,0,0,0,0,0,0,0,0,0,0,0,0,0,0
20150530,127202,19919,18840,38759,28205,27003,55208,93967,6559,6195,12754,1,2,3,3,4,7,32,87,119,1,1,2,0,0,0,0,0,0,254,194,448,2,5,7,4565,4421,8986,3180,3038,6218,0,0,0,90,32,122,144,142,286,13,4,17,0,0,0,2038,2020,4058,0,0,0,0,0,0,0,0,0,0,0,0,0,0,0,121,80,201,0,7,7,0,0,0,0,0,0,0,0,0,0,0,0,0,0,0,0,0,0,0,0,0,0,0,0,0,0,0,0,0,0,0,0,0,0,0,0,0,0,0,0,0,0,0,0,0
20150531,139506,21558,19374,40932,29791,27072,56863,97795,7490,7547,15037,4954,1894,6848,741,66,807,9,31,40,0,0,0,0,0,0,9,0,9,37,79,116,0,5,5,4238,4846,9084,2050,3407,5457,0,0,0,22,62,84,0,0,0,4,9,13,0,0,0,2115,2090,4205,0,0,0,0,0,0,0,0,0,0,0,0,0,0,0,4,2,6,0,0,0,0,0,0,0,0,0,0,0,0,0,0,0,0,0,0,0,0,0,0,0,0,0,0,0,0,0,0,0,0,0,0,0,0,0,0,0,0,0,0,0,0,0,0,0,0
20150601,123140,21756,18989,40745,25244,26119,51363,92108,5930,5722,11652,4,4,8,13,0,13,20,62,82,2396,0,2396,0,0,0,0,0,0,96,85,181,0,0,0,4427,4625,9052,1648,2116,3764,0,0,0,35,28,63,0,0,0,1,2,3,159,53,212,1681,1797,3478,0,0,0,0,0,0,0,0,0,0,0,0,0,0,0,59,59,118,2,8,10,0,0,0,0,0,0,0,0,0,0,0,0,0,0,0,0,0,0,0,0,0,0,0,0,0,0,0,0,0,0,0,0,0,0,0,0,0,0,0,0,0,0,0,0,0
20150602,114728,17772,17200,34972,23920,25789,49709,84681,6103,6364,12467,4,656,660,1,2,3,38,59,97,1,1,2,0,0,0,1,0,1,51,55,106,0,2,2,3816,4237,8053,1536,2093,3629,0,0,0,29,41,70,0,0,0,12,20,32,0,0,0,2047,2065,4112,0,0,0,0,0,0,0,0,0,0,0,0,0,0,0,90,681,771,0,42,42,0,0,0,0,0,0,0,0,0,0,0,0,0,0,0,0,0,0,0,0,0,0,0,0,0,0,0,0,0,0,0,0,0,0,0,0,0,0,0,0,0,0,0,0,0
20150603,122726,18039,19482,37521,24394,24236,48630,86151,6390,6657,13047,2374,4112,6486,20,13,33,41,61,102,5,0,5,0,0,0,0,0,0,224,184,408,0,0,0,4204,4184,8388,1652,1786,3438,0,0,0,18,35,53,0,0,0,19,0,19,0,0,0,2100,2063,4163,0,0,0,0,0,0,0,0,0,0,0,0,0,0,0,116,308,424,9,0,9,0,0,0,0,0,0,0,0,0,0,0,0,0,0,0,0,0,0,0,0,0,0,0,0,0,0,0,0,0,0,0,0,0,0,0,0,0,0,0,0,0,0,0,0,0
20150604,115364,17578,18742,36320,24042,25476,49518,85838,6331,5706,12037,64,598,662,10,7,17,43,37,80,1,11,12,0,0,0,0,0,0,69,51,120,0,0,0,4245,4268,8513,1847,2372,4219,0,0,0,24,20,44,0,0,0,1,4,5,163,159,322,1679,1654,3333,0,0,0,0,0,0,0,0,0,0,0,0,0,0,0,20,126,146,0,16,16,0,0,0,0,0,0,0,0,0,0,0,0,0,0,0,0,0,0,0,0,0,0,0,0,0,0,0,0,0,0,0,0,0,0,0,0,0,0,0,0,0,0,0,0,0
20150605,128112,19276,20644,39920,25079,26864,51943,91863,7328,6173,13501,1859,2120,3979,87,98,185,22,55,77,1,1,2,0,0,0,0,0,0,80,30,110,2,0,2,4890,4425,9315,2101,2141,4242,0,0,0,164,32,196,0,0,0,3,0,3,158,144,302,2256,2063,4319,0,0,0,0,0,0,0,0,0,0,0,0,0,0,0,4,2,6,0,10,10,0,0,0,0,0,0,0,0,0,0,0,0,0,0,0,0,0,0,0,0,0,0,0,0,0,0,0,0,0,0,0,0,0,0,0,0,0,0,0,0,0,0,0,0,0
20150606,127257,19684,21311,40995,27308,27099,54407,95402,6264,5859,12123,2,8,10,3,4,7,14,7,21,10,3,13,0,0,0,0,0,0,131,164,295,0,5,5,4427,4379,8806,3668,2358,6026,0,0,0,35,54,89,142,150,292,0,0,0,0,0,0,2072,1822,3894,0,0,0,0,0,0,0,0,0,0,0,0,0,0,0,91,183,274,0,0,0,0,0,0,0,0,0,0,0,0,0,0,0,0,0,0,0,0,0,0,0,0,0,0,0,0,0,0,0,0,0,0,0,0,0,0,0,0,0,0,0,0,0,0,0,0
20150607,134828,19944,21148,41092,27381,28789,56170,97262,7239,7043,14282,2099,1729,3828,53,65,118,16,19,35,2,2,4,1,0,1,0,0,0,78,92,170,0,14,14,4233,4790,9023,2434,3746,6180,0,0,0,25,149,174,0,0,0,0,7,7,0,0,0,1748,1982,3730,0,0,0,0,0,0,0,0,0,0,0,0,0,0,0,0,0,0,0,0,0,0,0,0,0,0,0,0,0,0,0,0,0,0,0,0,0,0,0,0,0,0,0,0,0,0,0,0,0,0,0,0,0,0,0,0,0,0,0,0,0,0,0,0,0,0
20150608,123224,20320,20356,40676,24411,26763,51174,91850,5866,6113,11979,3,4,7,7,16,23,1535,27,1562,6,0,6,3,1,4,0,0,0,84,96,180,1,3,4,4160,4735,8895,2257,2368,4625,0,0,0,24,77,101,0,0,0,11,9,20,163,161,324,1699,1774,3473,0,0,0,0,0,0,0,0,0,0,0,0,0,0,0,98,71,169,0,2,2,0,0,0,0,0,0,0,0,0,0,0,0,0,0,0,0,0,0,0,0,0,0,0,0,0,0,0,0,0,0,0,0,0,0,0,0,0,0,0,0,0,0,0,0,0
20150609,118519,17288,17963,35251,25275,25116,50391,85642,5783,6088,11871,0,23,23,22,1504,1526,34,46,80,2535,3,2538,0,0,0,0,0,0,39,44,83,5,0,5,3951,4355,8306,1776,2148,3924,0,0,0,28,49,77,0,0,0,7,4,11,0,0,0,1948,2171,4119,0,0,0,0,0,0,0,0,0,0,0,0,0,0,0,164,139,303,0,11,11,0,0,0,0,0,0,0,0,0,0,0,0,0,0,0,0,0,0,0,0,0,0,0,0,0,0,0,0,0,0,0,0,0,0,0,0,0,0,0,0,0,0,0,0,0
20150610,123561,18900,20646,39546,24559,25415,49974,89520,6501,6542,13043,1699,1671,3370,33,18,51,47,33,80,1,8,9,0,4,4,0,0,0,179,186,365,6,0,6,4647,4475,9122,1815,2062,3877,0,0,0,46,16,62,0,0,0,5,0,5,0,0,0,1906,1826,3732,0,0,0,0,0,0,0,0,0,0,0,0,0,0,0,138,177,315,0,0,0,0,0,0,0,0,0,0,0,0,0,0,0,0,0,0,0,0,0,0,0,0,0,0,0,0,0,0,0,0,0,0,0,0,0,0,0,0,0,0,0,0,0,0,0,0
20150611,127374,20185,19282,39467,28425,26458,54883,94350,6188,5904,12092,12,2327,2339,60,121,181,74,66,140,1,2,3,0,0,0,86,0,86,54,88,142,0,0,0,4615,4278,8893,2253,2461,4714,0,0,0,31,41,72,0,0,0,1,1,2,161,162,323,2033,1847,3880,0,0,0,0,0,0,0,0,0,0,0,0,0,0,0,86,61,147,3,7,10,0,0,0,0,0,0,0,0,0,0,0,0,0,0,0,0,0,0,0,0,0,0,0,0,0,0,0,0,0,0,0,0,0,0,0,0,0,0,0,0,0,0,0,0,0
20150612,137577,22485,21608,44093,28583,26043,54626,98719,7784,6658,14442,1757,2346,4103,42,128,170,57,66,123,0,7,7,0,0,0,0,0,0,0,0,0,6,2,8,5137,4447,9584,2847,2667,5514,0,0,0,33,53,86,0,0,0,2,4,6,162,157,319,2376,2111,4487,0,0,0,0,0,0,0,0,0,0,0,0,0,0,0,1,1,2,0,7,7,0,0,0,0,0,0,0,0,0,0,0,0,0,0,0,0,0,0,0,0,0,0,0,0,0,0,0,0,0,0,0,0,0,0,0,0,0,0,0,0,0,0,0,0,0
20150613,131638,20610,21095,41705,28386,27770,56156,97861,6431,6085,12516,33,30,63,11,7,18,9,48,57,0,0,0,0,0,0,0,0,0,230,206,436,7,7,14,4632,4205,8837,3392,3184,6576,0,0,0,15,7,22,136,140,276,1,0,1,0,0,0,2268,1934,4202,0,0,0,0,0,0,0,0,0,0,0,0,0,0,0,102,656,758,0,1,1,0,0,0,0,0,0,0,0,0,0,0,0,0,0,0,0,0,0,0,0,0,0,0,0,0,0,0,0,0,0,0,0,0,0,0,0,0,0,0,0,0,0,0,0,0
20150614,141433,20901,22416,43317,30334,28389,58723,102040,7677,7512,15189,2185,1700,3885,86,194,280,10,18,28,0,0,0,0,0,0,0,0,0,84,70,154,0,0,0,4710,4725,9435,2315,3490,5805,0,0,0,40,56,96,0,0,0,4,0,4,0,0,0,2233,2283,4516,0,0,0,0,0,0,0,0,0,0,0,0,0,0,0,1,0,1,0,0,0,0,0,0,0,0,0,0,0,0,0,0,0,0,0,0,0,0,0,0,0,0,0,0,0,0,0,0,0,0,0,0,0,0,0,0,0,0,0,0,0,0,0,0,0,0
20150615,129294,21664,22410,44074,26569,27482,54051,98125,6296,6271,12567,22,3,25,1,10,11,46,48,94,0,0,0,0,0,0,0,96,96,100,79,179,0,3,3,4465,4533,8998,2567,2280,4847,0,0,0,32,34,66,0,0,0,3,1,4,237,339,576,1765,1658,3423,0,0,0,0,0,0,0,0,0,0,0,0,0,0,0,202,70,272,6,2,8,0,0,0,0,0,0,0,0,0,0,0,0,0,0,0,0,0,0,0,0,0,0,0,0,0,0,0,0,0,0,0,0,0,0,0,0,0,0,0,0,0,0,0,0,0
20150616,120126,17738,19322,37060,24761,26859,51620,88680,6238,6859,13097,4,7,11,12,1,13,59,43,102,17,2,19,7,0,7,0,0,0,0,0,0,0,0,0,4403,4332,8735,2370,1798,4168,0,0,0,12,30,42,0,0,0,4,0,4,0,0,0,2184,2141,4325,0,0,0,0,0,0,0,0,0,0,0,0,0,0,0,780,133,913,0,10,10,0,0,0,0,0,0,0,0,0,0,0,0,0,0,0,0,0,0,0,0,0,0,0,0,0,0,0,0,0,0,0,0,0,0,0,0,0,0,0,0,0,0,0,0,0
20150617,131909,19477,21828,41305,27041,27523,54564,95869,7398,6710,14108,1746,1741,3487,30,108,138,41,41,82,9,7,16,0,1,1,0,0,0,145,132,277,0,0,0,4317,4428,8745,2723,1615,4338,0,0,0,25,33,58,0,0,0,0,3,3,0,0,0,2300,2000,4300,0,0,0,0,0,0,0,0,0,0,0,0,0,0,0,325,140,465,1,21,22,0,0,0,0,0,0,0,0,0,0,0,0,0,0,0,0,0,0,0,0,0,0,0,0,0,0,0,0,0,0,0,0,0,0,0,0,0,0,0,0,0,0,0,0,0
20150618,136602,21394,22553,43947,29504,31097,60601,104548,6983,6958,13941,3,6,9,71,76,147,66,111,177,0,0,0,0,0,0,0,0,0,99,76,175,0,0,0,4614,4574,9188,2132,1969,4101,0,0,0,22,68,90,0,0,0,2,0,2,157,151,308,1917,1868,3785,0,0,0,0,0,0,0,0,0,0,0,0,0,0,0,61,61,122,0,9,9,0,0,0,0,0,0,0,0,0,0,0,0,0,0,0,0,0,0,0,0,0,0,0,0,0,0,0,0,0,0,0,0,0,0,0,0,0,0,0,0,0,0,0,0,0
20150619,142385,21529,23202,44731,29126,29749,58875,103606,7668,7161,14829,2059,1996,4055,53,79,132,151,61,212,4,4,8,4,0,4,10,0,10,88,72,160,0,3,3,4883,4741,9624,2701,1952,4653,0,0,0,37,30,67,0,0,0,3,4,7,154,162,316,2439,2241,4680,6,0,6,0,0,0,0,0,0,0,0,0,0,0,0,3,4,7,0,6,6,0,0,0,0,0,0,0,0,0,0,0,0,0,0,0,0,0,0,0,0,0,0,0,0,0,0,0,0,0,0,0,0,0,0,0,0,0,0,0,0,0,0,0,0,0
20150620,128355,21853,19195,41048,28321,25388,53709,94757,6839,6027,12866,41,2864,2905,15,5,20,31,36,67,0,0,0,0,0,0,0,0,0,213,212,425,0,0,0,4548,3695,8243,2888,1706,4594,0,0,0,35,13,48,144,144,288,3,4,7,0,0,0,2108,1812,3920,0,5,5,0,0,0,0,0,0,0,0,0,0,0,0,107,74,181,1,28,29,0,0,0,0,0,0,0,0,0,0,0,0,0,0,0,0,0,0,0,0,0,0,0,0,0,0,0,0,0,0,0,0,0,0,0,0,0,0,0,0,0,0,0,0,0
20150621,142774,23255,20968,44223,31317,28613,59930,104153,8003,7351,15354,1770,1936,3706,102,89,191,13,10,23,0,2,2,0,0,0,0,0,0,73,71,144,0,0,0,4817,4619,9436,2286,2721,5007,0,0,0,52,54,106,0,0,0,5,2,7,0,0,0,2412,2231,4643,0,0,0,0,0,0,0,0,0,0,0,0,0,0,0,2,0,2,0,0,0,0,0,0,0,0,0,0,0,0,0,0,0,0,0,0,0,0,0,0,0,0,0,0,0,0,0,0,0,0,0,0,0,0,0,0,0,0,0,0,0,0,0,0,0,0
20150622,136945,23862,23295,47157,27562,28741,56303,103460,6409,6862,13271,2,8,10,1,1,2,1584,31,1615,0,0,0,0,0,0,0,0,0,99,90,189,4,0,4,4419,4710,9129,1753,3022,4775,0,0,0,28,84,112,0,0,0,4,2,6,250,310,560,1556,1873,3429,0,0,0,0,0,0,0,0,0,0,0,0,0,0,0,164,204,368,1,14,15,0,0,0,0,0,0,0,0,0,0,0,0,0,0,0,0,0,0,0,0,0,0,0,0,0,0,0,0,0,0,0,0,0,0,0,0,0,0,0,0,0,0,0,0,0
20150623,134696,19664,21429,41093,25842,27590,53432,94525,6469,7261,13730,2847,3509,6356,4,1516,1520,65,20,85,5,10,15,0,6,6,0,0,0,94,58,152,9,0,9,4294,4889,9183,1840,2446,4286,0,0,0,75,44,119,0,0,0,0,1,1,0,0,0,1940,2272,4212,0,0,0,0,0,0,0,0,0,0,0,0,0,0,0,199,230,429,0,8,8,0,0,0,0,60,60,0,0,0,0,0,0,0,0,0,0,0,0,0,0,0,0,0,0,0,0,0,0,0,0,0,0,0,0,0,0,0,0,0,0,0,0,0,0,0
20150624,132953,21781,21414,43195,26265,27742,54007,97202,6816,7064,13880,1757,1753,3510,89,64,153,62,42,104,1,1,2,0,4,4,0,0,0,236,196,432,0,0,0,4505,4560,9065,1724,1965,3689,0,0,0,59,28,87,0,0,0,0,1,1,0,0,0,2078,2321,4399,0,0,0,0,0,0,0,0,0,0,0,0,0,0,0,68,340,408,0,17,17,0,0,0,0,0,0,0,0,0,0,0,0,0,0,0,0,0,0,0,0,0,0,0,0,0,0,0,0,0,0,0,0,0,0,0,0,0,0,0,0,0,0,0,0,0
20150625,127584,18872,21949,40821,26684,28924,55608,96429,6615,6872,13487,3,3,6,54,48,102,81,46,127,1,4,5,0,0,0,0,0,0,66,53,119,0,0,0,4387,4667,9054,1848,2107,3955,0,0,0,50,61,111,0,0,0,3,2,5,117,157,274,1768,1825,3593,0,0,0,0,0,0,0,0,0,0,0,0,0,0,0,202,111,313,2,2,4,0,0,0,0,0,0,0,0,0,0,0,0,0,0,0,0,0,0,0,0,0,0,0,0,0,0,0,0,0,0,0,0,0,0,0,0,0,0,0,0,0,0,0,0,0
20150626,145060,21621,22759,44380,27126,28900,56026,100406,7726,7443,15169,5413,4315,9728,59,53,112,42,40,82,8,8,16,0,6,6,0,0,0,100,73,173,0,6,6,4725,4894,9619,2340,2102,4442,0,0,0,85,73,158,0,0,0,0,7,7,137,155,292,2315,2510,4825,0,0,0,0,0,0,0,0,0,0,0,0,0,0,0,5,0,5,9,5,14,0,0,0,0,0,0,0,0,0,0,0,0,0,0,0,0,0,0,0,0,0,0,0,0,0,0,0,0,0,0,0,0,0,0,0,0,0,0,0,0,0,0,0,0,0
20150627,139897,22159,23478,45637,30096,28634,58730,104367,6745,7076,13821,2,3,5,4,11,15,61,60,121,1,1,2,0,0,0,0,0,0,150,152,302,5,0,5,4431,4675,9106,3463,3149,6612,0,0,0,72,26,98,138,135,273,9,2,11,0,0,0,2144,2300,4444,0,0,0,0,0,0,0,0,0,0,0,0,0,0,0,216,287,503,0,28,28,102,82,184,0,0,0,0,0,0,0,0,0,0,0,0,0,0,0,0,0,0,0,0,0,0,0,0,0,0,0,0,0,0,0,0,0,0,0,0,0,0,0,0,0,0
20150628,144090,19685,23774,43459,29033,30679,59712,103171,7420,8036,15456,1996,2068,4064,112,647,759,16,17,33,0,0,0,0,0,0,0,0,0,93,85,178,5,0,5,4850,5033,9883,2326,3542,5868,0,0,0,40,56,96,0,0,0,0,0,0,0,0,0,2176,2386,4562,0,0,0,0,0,0,0,0,0,0,0,0,0,0,0,2,5,7,6,2,8,0,0,0,0,0,0,0,0,0,0,0,0,0,0,0,0,0,0,0,0,0,0,0,0,0,0,0,0,0,0,0,0,0,0,0,0,0,0,0,0,0,0,0,0,0
20150629,132700,21271,23267,44538,28619,28224,56843,101381,6578,6572,13150,5,5,10,10,11,21,37,19,56,0,0,0,2,0,2,0,0,0,0,0,0,0,0,0,4414,4715,9129,2178,2076,4254,0,0,0,67,31,98,0,0,0,1,1,2,225,299,524,1776,1884,3660,0,0,0,0,0,0,0,0,0,0,0,0,0,0,0,153,240,393,0,20,20,0,0,0,0,0,0,0,0,0,0,0,0,0,0,0,0,0,0,0,0,0,0,0,0,0,0,0,0,0,0,0,0,0,0,0,0,0,0,0,0,0,0,0,0,0
20150630,133961,20829,22841,43670,25868,29971,55839,99509,7210,7770,14980,4,1,5,9,6,15,41,176,217,0,0,0,0,0,0,0,0,0,101,104,205,2,0,2,4446,4839,9285,2157,2117,4274,0,0,0,23,64,87,0,0,0,3,3,6,0,0,0,2339,2410,4749,4,4,8,0,0,0,0,0,0,0,0,0,0,0,0,386,226,612,2,5,7,0,0,0,0,0,0,0,0,0,0,0,0,0,0,0,0,0,0,0,0,0,0,0,0,0,0,0,0,0,0,0,0,0,0,0,0,0,0,0,0,0,0,0,0,0
20150701,144306,19737,25114,44851,24456,31140,55596,100447,6842,8214,15056,4166,4934,9100,61,158,219,38,32,70,0,0,0,0,0,0,0,0,0,149,139,288,6,1,7,4083,4836,8919,2105,2651,4756,0,0,0,31,25,56,0,0,0,4,4,8,0,0,0,2317,2503,4820,0,0,0,0,0,0,0,0,0,0,0,0,0,0,0,102,249,351,3,2,5,103,101,204,0,0,0,0,0,0,0,0,0,0,0,0,0,0,0,0,0,0,0,0,0,0,0,0,0,0,0,0,0,0,0,0,0,0,0,0,0,0,0,0,0,0
20150702,130941,18374,24130,42504,24586,31078,55664,98168,5836,8075,13911,2,4,6,130,181,311,75,61,136,0,0,0,0,0,0,0,0,0,68,103,171,0,0,0,3907,4726,8633,2336,2919,5255,0,0,0,29,42,71,0,0,0,2,8,10,143,117,260,1627,2071,3698,0,0,0,0,0,0,0,0,0,0,0,0,0,0,0,169,138,307,4,0,4,0,0,0,0,0,0,0,0,0,0,0,0,0,0,0,0,0,0,0,0,0,0,0,0,0,0,0,0,0,0,0,0,0,0,0,0,0,0,0,0,0,0,0,0,0
20150703,142681,20647,23952,44599,26924,30466,57390,101989,6890,8319,15209,1986,1977,3963,64,285,349,64,121,185,0,0,0,0,0,0,0,0,0,87,88,175,0,0,0,4403,4979,9382,2847,3244,6091,0,0,0,27,120,147,0,0,0,8,28,36,154,137,291,2281,2563,4844,0,0,0,0,0,0,0,0,0,0,0,0,0,0,0,17,0,17,3,0,3,0,0,0,0,0,0,0,0,0,0,0,0,0,0,0,0,0,0,0,0,0,0,0,0,0,0,0,0,0,0,0,0,0,0,0,0,0,0,0,0,0,0,0,0,0
20150704,138654,18290,24146,42436,25545,29564,55109,97545,6199,7552,13751,3256,3445,6701,14,7,21,58,37,95,0,0,0,0,8,8,0,0,0,135,151,286,0,2,2,4121,4625,8746,3519,2603,6122,0,0,0,36,42,78,144,138,282,24,4,28,0,0,0,2081,2284,4365,0,0,0,0,0,0,0,0,0,0,0,0,0,0,0,184,241,425,0,0,0,101,98,199,0,0,0,0,0,0,0,0,0,0,0,0,0,0,0,0,0,0,0,0,0,0,0,0,0,0,0,0,0,0,0,0,0,0,0,0,0,0,0,0,0,0
20150705,147859,20679,24167,44846,29439,32740,62179,107025,7259,8725,15984,1678,1835,3513,78,328,406,29,21,50,0,0,0,0,0,0,0,0,0,90,103,193,0,0,0,4656,5067,9723,2291,3648,5939,0,0,0,37,65,102,0,0,0,5,10,15,0,0,0,2189,2720,4909,0,0,0,0,0,0,0,0,0,0,0,0,0,0,0,0,0,0,0,0,0,0,0,0,0,0,0,0,0,0,0,0,0,0,0,0,0,0,0,0,0,0,0,0,0,0,0,0,0,0,0,0,0,0,0,0,0,0,0,0,0,0,0,0,0,0
20150706,133205,19952,24029,43981,26996,30118,57114,101095,6192,7150,13342,2,1,3,2,10,12,48,38,86,0,0,0,0,2,2,0,0,0,0,0,0,0,8,8,4425,4784,9209,1890,2502,4392,0,0,0,0,0,0,0,0,0,9,1,10,260,274,534,1737,1869,3606,0,0,0,0,0,0,0,0,0,0,0,0,0,0,0,201,705,906,0,0,0,0,0,0,0,0,0,0,0,0,0,0,0,0,0,0,0,0,0,0,0,0,0,0,0,0,0,0,0,0,0,0,0,0,0,0,0,0,0,0,0,0,0,0,0,0
20150707,120379,16895,21049,37944,23187,28301,51488,89432,6098,7650,13748,3,2,5,13,8,21,24,21,45,0,0,0,0,0,0,0,0,0,86,102,188,1,0,1,4150,4838,8988,1510,1966,3476,0,0,0,0,0,0,0,0,0,8,8,16,0,0,0,2144,2307,4451,0,0,0,0,0,0,0,0,0,0,0,0,0,0,0,6,2,8,0,0,0,0,0,0,0,0,0,0,0,0,0,0,0,0,0,0,0,0,0,0,0,0,0,0,0,0,0,0,0,0,0,0,0,0,0,0,0,0,0,0,0,0,0,0,0,0
20150708,123025,18636,20534,39170,24917,27545,52462,91632,6266,6382,12648,1933,8,1941,9,10,19,31,26,57,0,0,0,0,0,0,0,0,0,140,152,292,0,1,1,4318,4653,8971,1600,1538,3138,0,0,0,0,0,0,0,0,0,2,0,2,0,0,0,2082,2056,4138,0,0,0,0,0,0,0,0,0,0,0,0,0,0,0,2,1,3,0,0,0,80,103,183,0,0,0,0,0,0,0,0,0,0,0,0,0,0,0,0,0,0,0,0,0,0,0,0,0,0,0,0,0,0,0,0,0,0,0,0,0,0,0,0,0,0
20150709,123904,19244,19593,38837,26115,26450,52565,91402,6662,6829,13491,3455,243,3698,3,3,6,40,56,96,2,0,2,0,0,0,0,0,0,43,0,43,2,0,2,4458,4173,8631,1378,1485,2863,0,0,0,0,0,0,0,0,0,1,0,1,120,143,263,1642,1748,3390,0,0,0,0,0,0,0,0,0,0,0,0,0,0,0,6,10,16,0,0,0,0,0,0,0,0,0,0,0,0,0,0,0,0,0,0,0,0,0,0,0,0,0,0,0,0,0,0,0,0,0,0,0,0,0,0,0,0,0,0,0,0,0,0,0,0
20150710,103901,15843,17399,33242,23079,22783,45862,79104,8033,6692,14725,2,1,3,3,8,11,61,100,161,1,0,1,0,0,0,0,0,0,92,90,182,0,0,0,642,1431,2073,1762,1023,2785,0,0,0,0,0,0,177,179,356,3,3,6,161,154,315,2187,1987,4174,0,0,0,0,0,0,0,0,0,0,0,0,0,0,0,0,0,0,0,5,5,0,0,0,0,0,0,0,0,0,0,0,0,0,0,0,0,0,0,0,0,0,0,0,0,0,0,0,0,0,0,0,0,0,0,0,0,0,0,0,0,0,0,0,0,0
20150711,129920,21182,20844,42026,28023,28427,56450,98476,7118,6615,13733,227,4,231,13,8,21,12,140,152,0,1,1,0,0,0,0,0,0,141,143,284,5,0,5,4008,3750,7758,2421,1925,4346,0,0,0,0,0,0,0,0,0,4,2,6,0,0,0,2424,2293,4717,0,0,0,0,0,0,0,0,0,0,0,0,0,0,0,4,2,6,1,0,1,97,86,183,0,0,0,0,0,0,0,0,0,0,0,0,0,0,0,0,0,0,0,0,0,0,0,0,0,0,0,0,0,0,0,0,0,0,0,0,0,0,0,0,0,0
20150712,155134,25420,21957,47377,35427,32583,68010,115387,8434,8088,16522,11,1910,1921,0,0,0,26,12,38,0,0,0,1,0,1,0,0,0,0,0,0,2,2,4,5290,5339,10629,2236,3144,5380,0,0,0,0,74,74,123,144,267,0,1,1,0,0,0,2403,2494,4897,0,0,0,0,0,0,0,0,0,0,0,0,0,0,0,2,1,3,0,10,10,0,0,0,0,0,0,0,0,0,0,0,0,0,0,0,0,0,0,0,0,0,0,0,0,0,0,0,0,0,0,0,0,0,0,0,0,0,0,0,0,0,0,0,0,0
20150713,131357,20678,20550,41228,29166,28242,57408,98636,6882,6474,13356,2,1,3,3,11,14,53,179,232,0,0,0,4,0,4,0,0,0,95,95,190,0,6,6,4868,4433,9301,1949,2361,4310,0,0,0,106,54,160,0,0,0,1,3,4,250,266,516,2010,1836,3846,0,0,0,0,0,0,0,0,0,0,0,0,0,0,0,471,297,768,0,11,11,0,0,0,0,0,0,0,0,0,0,0,0,0,0,0,0,0,0,0,0,0,0,0,0,0,0,0,0,0,0,0,0,0,0,0,0,0,0,0,0,0,0,0,0,0
20150714,123668,18577,18665,37242,26264,26786,53050,90292,7386,7093,14479,3,1,4,12,2,14,58,197,255,0,0,0,0,0,0,0,0,0,76,72,148,1,1,2,4847,4533,9380,1901,2134,4035,0,0,0,48,65,113,0,0,0,3,1,4,0,0,0,2320,2265,4585,0,0,0,0,0,0,0,0,0,0,0,0,0,0,0,166,154,320,0,37,37,0,0,0,0,0,0,0,0,0,0,0,0,0,0,0,0,0,0,0,0,0,0,0,0,0,0,0,0,0,0,0,0,0,0,0,0,0,0,0,0,0,0,0,0,0
20150715,135789,23049,19258,42307,29148,26696,55844,98151,7466,6765,14231,1814,1780,3594,63,36,99,96,65,161,0,0,0,5,1,6,0,0,0,151,140,291,0,5,5,4472,4570,9042,2331,2209,4540,0,0,0,42,32,74,179,177,356,8,7,15,0,0,0,2527,2056,4583,0,0,0,0,0,0,0,0,0,0,0,0,0,0,0,274,177,451,1,10,11,89,90,179,0,0,0,0,0,0,0,0,0,0,0,0,0,0,0,0,0,0,0,0,0,0,0,0,0,0,0,0,0,0,0,0,0,0,0,0,0,0,0,0,0,0
20150716,131802,21885,18029,39914,27695,26434,54129,94043,8241,7402,15643,5,22,27,181,219,400,96,94,190,2,1,3,12,0,12,1454,1444,2898,0,0,0,0,0,0,4683,4520,9203,2869,2287,5156,0,0,0,57,74,131,0,0,0,1,1,2,123,120,243,1921,1657,3578,0,0,0,0,0,0,0,0,0,0,0,0,0,0,0,128,143,271,2,0,2,0,0,0,0,0,0,0,0,0,0,0,0,0,0,0,0,0,0,0,0,0,0,0,0,0,0,0,0,0,0,0,0,0,0,0,0,0,0,0,0,0,0,0,0,0
20150717,136752,21848,19340,41188,30039,26153,56192,97380,8401,6701,15102,1946,1702,3648,89,103,192,28,48,76,0,0,0,1,11,12,0,0,0,97,58,155,1,0,1,5187,4507,9694,2855,2202,5057,0,0,0,44,86,130,0,0,0,4,5,9,147,162,309,2754,2212,4966,0,0,0,0,0,0,0,0,0,0,0,0,0,0,0,4,0,4,0,17,17,0,0,0,0,0,0,0,0,0,0,0,0,0,0,0,0,0,0,0,0,0,0,0,0,0,0,0,0,0,0,0,0,0,0,0,0,0,0,0,0,0,0,0,0,0
20150718,144479,24212,20388,44600,35085,28097,63182,107782,8305,7232,15537,6,5,11,0,3,3,24,21,45,0,0,0,0,3,3,0,0,0,143,144,287,0,0,0,4743,4128,8871,3726,2516,6242,0,0,0,55,52,107,146,123,269,0,1,1,0,0,0,2486,2162,4648,0,0,0,0,0,0,0,0,0,0,0,0,0,0,0,291,162,453,0,31,31,104,85,189,0,0,0,0,0,0,0,0,0,0,0,0,0,0,0,0,0,0,0,0,0,0,0,0,0,0,0,0,0,0,0,0,0,0,0,0,0,0,0,0,0,0
20150719,143642,22517,21155,43672,28642,29322,57964,101636,8607,8164,16771,1917,1646,3563,188,143,331,18,40,58,0,0,0,0,0,0,0,0,0,105,72,177,0,1,1,4991,4906,9897,2561,3688,6249,0,0,0,40,52,92,0,0,0,3,0,3,160,30,190,2369,2270,4639,0,0,0,0,0,0,0,0,0,0,0,0,0,0,0,8,9,17,0,18,18,0,0,0,0,0,0,0,0,0,0,0,0,0,0,0,0,0,0,0,0,0,0,0,0,0,0,0,0,0,0,0,0,0,0,0,0,0,0,0,0,0,0,0,0,0
20150720,136685,22732,21384,44116,29992,30048,60040,104156,6990,6633,13623,1,3,4,3,3,6,37,74,111,3,3,6,0,9,9,0,0,0,100,65,165,0,0,0,4543,4874,9417,2249,2129,4378,0,0,0,41,57,98,0,0,0,1,4,5,267,282,549,1902,1939,3841,0,0,0,0,0,0,0,0,0,0,0,0,0,0,0,166,151,317,0,0,0,0,0,0,0,0,0,0,0,0,0,0,0,0,0,0,0,0,0,0,0,0,0,0,0,0,0,0,0,0,0,0,0,0,0,0,0,0,0,0,0,0,0,0,0,0
20150721,126165,17980,19391,37371,26333,27994,54327,91698,7571,7550,15121,4,2,6,6,0,6,44,100,144,0,0,0,2,18,20,0,0,0,81,86,167,1,0,1,4480,4953,9433,1961,2386,4347,0,0,0,60,48,108,0,0,0,4,2,6,0,0,0,2425,2327,4752,0,0,0,0,0,0,0,0,0,0,0,0,0,0,0,251,97,348,0,8,8,0,0,0,0,0,0,0,0,0,0,0,0,0,0,0,0,0,0,0,0,0,0,0,0,0,0,0,0,0,0,0,0,0,0,0,0,0,0,0,0,0,0,0,0,0
20150722,130212,19223,20339,39562,26663,27498,54161,93723,7607,6631,14238,1738,7,1745,75,72,147,56,137,193,0,0,0,0,0,0,0,0,0,153,155,308,0,0,0,4486,4547,9033,2463,2610,5073,0,0,0,44,38,82,0,0,0,4,12,16,0,0,0,2556,2456,5012,0,0,0,0,0,0,0,0,0,0,0,0,0,0,0,269,178,447,1,10,11,87,97,184,0,0,0,0,0,0,0,0,0,0,0,0,0,0,0,0,0,0,0,0,0,0,0,0,0,0,0,0,0,0,0,0,0,0,0,0,0,0,0,0,0,0
20150723,125425,19725,19058,38783,26562,27202,53764,92547,7800,7288,15088,1,10,11,134,247,381,64,58,122,10,0,10,0,0,0,0,0,0,99,100,199,4,0,4,4386,4264,8650,2073,2191,4264,0,0,0,30,67,97,0,0,0,3,0,3,162,123,285,1886,1713,3599,0,0,0,0,0,0,0,0,0,0,0,0,0,0,0,91,71,162,0,3,3,0,0,0,0,0,0,0,0,0,0,0,0,0,0,0,0,0,0,0,0,0,0,0,0,0,0,0,0,0,0,0,0,0,0,0,0,0,0,0,0,0,0,0,0,0
20150724,139299,21560,20801,42361,29939,28368,58307,100668,8131,7329,15460,107,319,426,72,195,267,54,1854,1908,0,0,0,7,0,7,0,0,0,104,78,182,4,0,4,4977,4593,9570,2526,2530,5056,0,0,0,76,54,130,0,0,0,0,1,1,157,148,305,2858,2447,5305,0,0,0,0,0,0,0,0,0,0,0,0,0,0,0,2,2,4,0,6,6,0,0,0,0,0,0,0,0,0,0,0,0,0,0,0,0,0,0,0,0,0,0,0,0,0,0,0,0,0,0,0,0,0,0,0,0,0,0,0,0,0,0,0,0,0
20150725,140257,21733,20809,42542,29582,28618,58200,100742,8224,7563,15787,4,2,6,0,0,0,11,268,279,0,10,10,1,1,2,980,973,1953,148,139,287,0,0,0,4558,4378,8936,3731,2806,6537,0,0,0,65,48,113,133,149,282,4,0,4,0,0,0,2390,2323,4713,0,0,0,0,0,0,0,0,0,0,0,0,0,0,0,244,185,429,0,0,0,94,83,177,0,0,0,0,0,0,0,0,0,0,0,0,0,0,0,0,0,0,0,0,0,0,0,0,0,0,0,0,0,0,0,0,0,0,0,0,0,0,0,0,0,0
20150726,147229,21571,21531,43102,31785,29813,61598,104700,8540,8349,16889,1734,1813,3547,301,239,540,24,50,74,0,0,0,0,10,10,0,0,0,116,97,213,0,0,0,5110,5031,10141,2753,3045,5798,0,0,0,46,34,80,0,0,0,2,5,7,0,0,0,2680,2548,5228,0,0,0,0,0,0,0,0,0,0,0,0,0,0,0,1,1,2,0,0,0,0,0,0,0,0,0,0,0,0,0,0,0,0,0,0,0,0,0,0,0,0,0,0,0,0,0,0,0,0,0,0,0,0,0,0,0,0,0,0,0,0,0,0,0,0
20150727,134345,22713,20761,43474,28438,27908,56346,99820,6638,6678,13316,19,1,20,5,0,5,1297,315,1612,2,0,2,1,0,1,0,0,0,97,101,198,7,6,13,4664,4553,9217,2316,2404,4720,0,0,0,49,97,146,0,0,0,3,2,5,274,313,587,2160,2094,4254,0,0,0,0,0,0,0,0,0,0,0,0,0,0,0,178,151,329,0,0,0,0,0,0,0,100,100,0,0,0,0,0,0,0,0,0,0,0,0,0,0,0,0,0,0,0,0,0,0,0,0,0,0,0,0,0,0,0,0,0,0,0,0,0,0,0
20150728,123497,18804,18573,37377,24999,26268,51267,88644,7969,7350,15319,2,0,2,20,1,21,29,290,319,0,0,0,0,7,7,0,5,5,95,98,193,0,0,0,4380,4649,9029,2078,2444,4522,0,0,0,44,36,80,0,0,0,10,11,21,0,0,0,2482,2449,4931,0,0,0,0,0,0,0,0,0,0,0,0,0,0,0,196,208,404,0,0,0,0,0,0,0,0,0,0,0,0,0,0,0,0,0,0,0,0,0,0,0,0,0,0,0,0,0,0,0,0,0,0,0,0,0,0,0,0,0,0,0,0,0,0,0,0
20150729,129892,18962,19478,38440,27458,26317,53775,92215,7665,6833,14498,1787,1766,3553,41,41,82,59,121,180,8,0,8,0,1,1,0,0,0,147,152,299,0,5,5,4479,4166,8645,2193,2323,4516,0,0,0,24,26,50,0,0,0,10,13,23,0,0,0,2743,2480,5223,0,0,0,0,0,0,0,0,0,0,0,0,0,0,0,205,197,402,0,0,0,100,92,192,0,0,0,0,0,0,0,0,0,0,0,0,0,0,0,0,0,0,0,0,0,0,0,0,0,0,0,0,0,0,0,0,0,0,0,0,0,0,0,0,0,0
20150730,130577,20918,18579,39497,28490,26618,55108,94605,7838,7746,15584,1,1265,1266,133,174,307,56,289,345,1,1,2,0,0,0,0,0,0,84,57,141,0,1,1,4406,4504,8910,2402,2496,4898,0,0,0,40,19,59,0,0,0,3,6,9,162,162,324,1945,1968,3913,0,0,0,0,0,0,0,0,0,0,0,0,0,0,0,135,78,213,0,0,0,0,0,0,0,0,0,0,0,0,0,0,0,0,0,0,0,0,0,0,0,0,0,0,0,0,0,0,0,0,0,0,0,0,0,0,0,0,0,0,0,0,0,0,0,0
20150731,145090,20810,20289,41099,28065,28113,56178,97277,8126,7292,15418,2027,1895,3922,90,111,201,3548,3607,7155,3,3,6,6,0,6,0,0,0,99,73,172,11,13,24,5076,4646,9722,2871,2426,5297,0,0,0,51,41,92,0,0,0,6,2,8,163,157,320,2832,2636,5468,0,0,0,0,0,0,0,0,0,0,0,0,0,0,0,0,2,2,0,0,0,0,0,0,0,0,0,0,0,0,0,0,0,0,0,0,0,0,0,0,0,0,0,0,0,0,0,0,0,0,0,0,0,0,0,0,0,0,0,0,0,0,0,0,0,0
20150801,146862,23015,21632,44647,31365,29301,60666,105313,8304,7910,16214,1,0,1,1,1,2,51,129,180,0,0,0,0,0,0,1511,1498,3009,152,149,301,0,0,0,4680,4483,9163,3836,2484,6320,0,0,0,135,35,170,133,136,269,2,25,27,0,0,0,2500,2353,4853,0,0,0,0,0,0,0,0,0,0,0,0,0,0,0,203,633,836,0,0,0,104,100,204,0,0,0,0,0,0,0,0,0,0,0,0,0,0,0,0,0,0,0,0,0,0,0,0,0,0,0,0,0,0,0,0,0,0,0,0,0,0,0,0,0,0
20150802,151778,24338,22047,46385,33458,29340,62798,109183,8348,8154,16502,1891,1793,3684,191,154,345,27,18,45,2,3,5,0,6,6,0,0,0,99,99,198,0,0,0,4930,4995,9925,2632,3690,6322,0,0,0,40,33,73,0,0,0,19,4,23,162,160,322,2545,2580,5125,0,0,0,0,0,0,0,0,0,0,0,0,0,0,0,8,5,13,0,0,0,7,0,7,0,0,0,0,0,0,0,0,0,0,0,0,0,0,0,0,0,0,0,0,0,0,0,0,0,0,0,0,0,0,0,0,0,0,0,0,0,0,0,0,0,0
20150803,132118,21424,19888,41312,28246,27961,56207,97519,7016,6225,13241,3,18,21,4,8,12,1974,128,2102,1,4,5,0,0,0,0,0,0,105,79,184,0,0,0,4520,4287,8807,2104,2587,4691,0,0,0,36,36,72,0,0,0,1,1,2,312,325,637,2314,2194,4508,0,0,0,0,0,0,0,0,0,0,0,0,0,0,0,165,152,317,0,0,0,0,0,0,0,0,0,0,0,0,0,0,0,0,0,0,0,0,0,0,0,0,0,0,0,0,0,0,0,0,0,0,0,0,0,0,0,0,0,0,0,0,0,0,0,0
20150804,125829,18927,19278,38205,26318,25643,51961,90166,7693,6990,14683,5,5,10,5,1975,1980,46,189,235,0,0,0,7,0,7,0,0,0,106,62,168,0,13,13,4646,4300,8946,2040,2131,4171,0,0,0,36,37,73,0,0,0,9,4,13,0,0,0,2533,2388,4921,0,0,0,0,0,0,0,0,0,0,0,0,0,0,0,261,182,443,0,0,0,0,0,0,0,0,0,0,0,0,0,0,0,0,0,0,0,0,0,0,0,0,0,0,0,0,0,0,0,0,0,0,0,0,0,0,0,0,0,0,0,0,0,0,0,0
20150805,137116,21764,20233,41997,29445,26185,55630,97627,7941,7356,15297,1825,795,2620,49,190,239,47,19,66,2,8,10,1,0,1,0,0,0,146,146,292,2,0,2,4820,4429,9249,2907,2538,5445,0,0,0,44,38,82,0,0,0,1,4,5,0,0,0,2629,2485,5114,0,0,0,0,0,0,0,0,0,0,0,0,0,0,0,596,277,873,0,0,0,92,102,194,0,0,0,0,0,0,0,0,0,0,0,0,0,0,0,0,0,0,0,0,0,0,0,0,0,0,0,0,0,0,0,0,0,0,0,0,0,0,0,0,0,0
20150806,139655,21743,21703,43446,28295,28866,57161,100607,8495,8254,16749,764,100,864,703,182,885,41,59,100,0,0,0,0,8,8,0,0,0,103,104,207,0,0,0,4989,4733,9722,3333,2655,5988,0,0,0,85,92,177,0,0,0,11,8,19,162,162,324,2010,1994,4004,0,0,0,0,0,0,0,0,0,0,0,0,0,0,0,0,0,0,1,0,1,0,0,0,0,0,0,0,0,0,0,0,0,0,0,0,0,0,0,0,0,0,0,0,0,0,0,0,0,0,0,0,0,0,0,0,0,0,0,0,0,0,0,0,0,0
20150807,122592,19627,20025,39652,26773,26088,52861,92513,5902,7372,13274,82,165,247,6,17,23,17,31,48,0,0,0,0,0,0,0,0,0,97,91,188,0,0,0,3751,4127,7878,2057,1844,3901,0,0,0,0,0,0,0,0,0,0,0,0,0,157,157,2128,2235,4363,0,0,0,0,0,0,0,0,0,0,0,0,0,0,0,0,0,0,0,0,0,0,0,0,0,0,0,0,0,0,0,0,0,0,0,0,0,0,0,0,0,0,0,0,0,0,0,0,0,0,0,0,0,0,0,0,0,0,0,0,0,0,0,0,0,0
20150808,60487,13289,14320,27609,9009,16002,25011,52620,2457,2295,4752,0,0,0,0,7,7,0,0,0,0,0,0,0,0,0,0,0,0,0,0,0,0,0,0,882,657,1539,0,0,0,0,0,0,0,0,0,0,0,0,0,0,0,0,0,0,760,608,1368,0,0,0,0,0,0,0,0,0,0,0,0,0,0,0,0,0,0,0,0,0,100,101,201,0,0,0,0,0,0,0,0,0,0,0,0,0,0,0,0,0,0,0,0,0,0,0,0,0,0,0,0,0,0,0,0,0,0,0,0,0,0,0,0,0,0
20150809,170480,26242,25092,51334,36378,34741,71119,122453,12557,10099,22656,181,1891,2072,16,2,18,9,182,191,0,0,0,0,0,0,0,0,0,118,118,236,0,0,0,6161,6193,12354,1624,1260,2884,0,0,0,0,0,0,121,134,255,0,0,0,0,0,0,3686,3674,7360,0,0,0,0,0,0,0,0,0,0,0,0,0,0,0,1,0,1,0,0,0,0,0,0,0,0,0,0,0,0,0,0,0,0,0,0,0,0,0,0,0,0,0,0,0,0,0,0,0,0,0,0,0,0,0,0,0,0,0,0,0,0,0,0,0,0
20150810,152527,26411,23132,49543,37942,29728,67670,117213,7136,7000,14136,1,3,4,3,17,20,39,390,429,0,0,0,0,0,0,0,0,0,101,103,204,1,0,1,4908,4535,9443,2513,2854,5367,0,0,0,0,0,0,0,0,0,0,4,4,261,335,596,2256,2116,4372,0,0,0,0,0,0,0,0,0,0,0,0,0,0,0,350,309,659,4,75,79,0,0,0,0,0,0,0,0,0,0,0,0,0,0,0,0,0,0,0,0,0,0,0,0,0,0,0,0,0,0,0,0,0,0,0,0,0,0,0,0,0,0,0,0,0
20150811,136825,21039,21698,42737,28856,28138,56994,99731,7773,8085,15858,1,1,2,10,6,16,55,51,106,0,0,0,1,1,2,0,0,0,100,95,195,0,0,0,4695,4471,9166,2474,2932,5406,0,0,0,93,64,157,0,0,0,7,2,9,0,0,0,2599,2549,5148,0,0,0,0,0,0,0,0,0,0,0,0,0,0,0,647,353,1000,0,29,29,0,0,0,0,0,0,0,0,0,0,0,0,0,0,0,0,0,0,0,0,0,0,0,0,0,0,0,0,0,0,0,0,0,0,0,0,0,0,0,0,0,0,0,0,0
20150812,136743,20529,23285,43814,25791,27200,52991,96805,7080,7468,14548,1826,1823,3649,42,57,99,73,137,210,0,0,0,1,6,7,0,0,0,154,147,301,0,0,0,4626,4576,9202,2577,3021,5598,0,0,0,54,47,101,0,0,0,2,2,4,0,0,0,2464,2570,5034,0,0,0,0,0,0,0,0,0,0,0,0,0,0,0,400,561,961,0,23,23,101,100,201,0,0,0,0,0,0,0,0,0,0,0,0,0,0,0,0,0,0,0,0,0,0,0,0,0,0,0,0,0,0,0,0,0,0,0,0,0,0,0,0,0,0
20150813,132748,20541,21153,41694,28509,28126,56635,98329,7458,7748,15206,7,11,18,22,12,34,50,65,115,0,0,0,0,0,0,0,0,0,76,101,177,0,3,3,4731,4793,9524,2378,2473,4851,0,0,0,40,52,92,0,0,0,0,0,0,163,162,325,1868,2011,3879,0,0,0,0,0,0,0,0,0,0,0,0,0,0,0,4,179,183,0,12,12,0,0,0,0,0,0,0,0,0,0,0,0,0,0,0,0,0,0,0,0,0,0,0,0,0,0,0,0,0,0,0,0,0,0,0,0,0,0,0,0,0,0,0,0,0
20150814,141196,20866,23274,44140,27483,29005,56488,100628,7649,7532,15181,1976,1799,3775,281,302,583,26,68,94,0,0,0,0,0,0,0,0,0,97,88,185,0,0,0,4773,4770,9543,3141,2627,5768,0,0,0,60,57,117,0,0,0,5,7,12,152,161,313,2435,2527,4962,0,0,0,0,0,0,0,0,0,0,0,0,0,0,0,1,8,9,1,25,26,0,0,0,0,0,0,0,0,0,0,0,0,0,0,0,0,0,0,0,0,0,0,0,0,0,0,0,0,0,0,0,0,0,0,0,0,0,0,0,0,0,0,0,0,0
20150815,145352,21499,24041,45540,28018,29867,57885,103425,7619,8537,16156,4,6,10,16,15,31,17,27,44,0,0,0,0,0,0,1485,1480,2965,153,145,298,0,3,3,4448,4734,9182,4184,3183,7367,0,0,0,92,70,162,149,121,270,2,0,2,0,0,0,2308,2297,4605,0,0,0,0,0,0,0,0,0,0,0,0,0,0,0,339,275,614,0,18,18,102,98,200,0,0,0,0,0,0,0,0,0,0,0,0,0,0,0,0,0,0,0,0,0,0,0,0,0,0,0,0,0,0,0,0,0,0,0,0,0,0,0,0,0,0
20150816,153958,23717,24059,47776,30040,31351,61391,109167,8136,9018,17154,1764,1887,3651,190,271,461,13,28,41,1,1,2,0,0,0,0,0,0,91,106,197,0,0,0,4885,5508,10393,3019,4220,7239,0,0,0,53,73,126,0,0,0,2,1,3,162,163,325,2575,2623,5198,0,0,0,0,0,0,0,0,0,0,0,0,0,0,0,0,1,1,0,0,0,0,0,0,0,0,0,0,0,0,0,0,0,0,0,0,0,0,0,0,0,0,0,0,0,0,0,0,0,0,0,0,0,0,0,0,0,0,0,0,0,0,0,0,0,0
20150817,144845,22527,23198,45725,27421,29385,56806,102531,6361,7267,13628,6,0,6,12,19,31,4933,3191,8124,0,0,0,1,1,2,0,0,0,102,105,207,7,2,9,4484,4866,9350,2470,3121,5591,0,0,0,52,60,112,0,0,0,2,2,4,317,327,644,2027,2142,4169,0,0,0,0,0,0,0,0,0,0,0,0,0,0,0,203,233,436,0,1,1,0,0,0,0,0,0,0,0,0,0,0,0,0,0,0,0,0,0,0,0,0,0,0,0,0,0,0,0,0,0,0,0,0,0,0,0,0,0,0,0,0,0,0,0,0
20150818,135357,19208,22000,41208,23341,28771,52112,93320,7478,8357,15835,1850,1901,3751,14,1735,1749,32,22,54,0,0,0,0,0,0,0,0,0,80,104,184,3,0,3,4374,5097,9471,2280,2539,4819,0,0,0,76,27,103,0,0,0,2,0,2,0,0,0,2490,2574,5064,0,0,0,0,0,0,0,0,0,0,0,0,0,0,0,573,429,1002,0,0,0,0,0,0,0,0,0,0,0,0,0,0,0,0,0,0,0,0,0,0,0,0,0,0,0,0,0,0,0,0,0,0,0,0,0,0,0,0,0,0,0,0,0,0,0,0
20150819,138047,19979,22357,42336,26957,28569,55526,97862,7361,7597,14958,1877,1808,3685,53,77,130,64,41,105,5,7,12,0,0,0,0,0,0,139,149,288,0,0,0,4493,4979,9472,2693,2962,5655,0,0,0,42,55,97,0,0,0,1,7,8,0,0,0,2434,2492,4926,0,0,0,0,0,0,0,0,0,0,0,0,0,0,0,308,343,651,0,0,0,96,102,198,0,0,0,0,0,0,0,0,0,0,0,0,0,0,0,0,0,0,0,0,0,0,0,0,0,0,0,0,0,0,0,0,0,0,0,0,0,0,0,0,0,0
20150820,134087,22508,21196,43704,26457,29553,56010,99714,6768,7919,14687,0,0,0,265,197,462,40,22,62,0,0,0,0,1,1,0,0,0,82,104,186,0,0,0,4458,4987,9445,2454,2749,5203,0,0,0,65,68,133,0,0,0,6,4,10,158,163,321,1908,1947,3855,0,0,0,0,0,0,0,0,0,0,0,0,0,0,0,4,3,7,1,0,1,0,0,0,0,0,0,0,0,0,0,0,0,0,0,0,0,0,0,0,0,0,0,0,0,0,0,0,0,0,0,0,0,0,0,0,0,0,0,0,0,0,0,0,0,0
20150821,139856,20234,22946,43180,28349,30128,58477,101657,8585,7572,16157,1868,79,1947,1,11,12,47,45,92,0,0,0,0,0,0,0,0,0,95,98,193,0,0,0,4469,5041,9510,2909,2297,5206,0,0,0,55,0,55,0,0,0,7,5,12,0,0,0,2547,2466,5013,0,0,0,0,0,0,0,0,0,0,0,0,0,0,0,1,1,2,0,0,0,0,0,0,0,0,0,0,0,0,0,0,0,0,0,0,0,0,0,0,0,0,0,0,0,0,0,0,0,0,0,0,0,0,0,0,0,0,0,0,0,0,0,0,0,0
20150822,137782,22604,22512,45116,29514,28092,57606,102722,7598,7511,15109,3,1,4,11,8,19,25,10,35,0,0,0,0,0,0,0,0,0,150,152,302,0,0,0,4479,4724,9203,3268,2334,5602,0,0,0,0,0,0,0,0,0,3,0,3,0,0,0,2335,2244,4579,0,0,0,0,0,0,0,0,0,0,0,0,0,0,0,1,2,3,0,0,0,103,98,201,0,0,0,0,0,0,0,0,0,0,0,0,0,0,0,0,0,0,0,0,0,0,0,0,0,0,0,0,0,0,0,0,0,0,0,0,0,0,0,0,0,0
20150823,145552,23935,22891,46826,30889,29417,60306,107132,8719,8384,17103,5,11,16,1,6,7,10,12,22,0,0,0,0,0,0,0,0,0,91,96,187,0,0,0,4817,5255,10072,2470,3382,5852,0,0,0,0,33,33,0,0,0,5,1,6,0,0,0,2510,2607,5117,0,0,0,0,0,0,0,0,0,0,0,0,0,0,0,1,4,5,0,0,0,0,0,0,0,0,0,0,0,0,0,0,0,0,0,0,0,0,0,0,0,0,0,0,0,0,0,0,0,0,0,0,0,0,0,0,0,0,0,0,0,0,0,0,0,0
20150824,131368,24123,20602,44725,26842,26981,53823,98548,7028,6209,13237,941,1,942,28,6,34,33,64,97,0,0,0,0,0,0,0,0,0,106,83,189,0,0,0,4270,4650,8920,2400,2271,4671,0,0,0,87,79,166,0,144,144,4,11,15,89,169,258,2074,2052,4126,0,0,0,0,0,0,0,0,0,0,0,0,0,0,0,0,0,0,0,21,21,0,0,0,0,0,0,0,0,0,0,0,0,0,0,0,0,0,0,0,0,0,0,0,0,0,0,0,0,0,0,0,0,0,0,0,0,0,0,0,0,0,0,0,0,0
20150825,133196,22158,19869,42027,27191,27609,54800,96827,8315,7390,15705,0,7,7,15,22,37,52,72,124,0,0,0,1,1,2,0,0,0,100,95,195,1,0,1,4292,4870,9162,2875,2185,5060,0,0,0,52,84,136,0,0,0,9,1,10,0,0,0,2470,2411,4881,0,0,0,0,0,0,0,0,0,0,0,0,0,0,0,371,616,987,0,62,62,0,0,0,0,0,0,0,0,0,0,0,0,0,0,0,0,0,0,0,0,0,0,0,0,0,0,0,0,0,0,0,0,0,0,0,0,0,0,0,0,0,0,0,0,0
20150826,135149,25435,20130,45565,27544,25945,53489,99054,7083,6650,13733,7,1702,1709,37,31,68,52,77,129,0,0,0,6,1,7,0,0,0,145,142,287,0,0,0,4536,4782,9318,2592,2826,5418,0,0,0,69,53,122,0,0,0,0,20,20,0,0,0,2502,2169,4671,0,0,0,0,0,0,0,0,0,0,0,0,0,0,0,133,245,378,12,20,32,100,103,203,0,0,0,0,0,0,0,0,0,0,0,0,0,0,0,0,0,0,0,0,0,0,0,0,0,0,0,0,0,0,0,0,0,0,0,0,0,0,0,0,0,0
20150827,128367,20995,19098,40093,25754,25665,51419,91512,7831,6728,14559,26,3457,3483,165,164,329,63,57,120,0,0,0,0,8,8,0,0,0,105,101,206,0,0,0,4222,4852,9074,2453,2319,4772,0,0,0,36,89,125,0,0,0,12,0,12,114,157,271,1838,1761,3599,0,0,0,0,0,0,0,0,0,0,0,0,0,0,0,139,142,281,0,16,16,0,0,0,0,0,0,0,0,0,0,0,0,0,0,0,0,0,0,0,0,0,0,0,0,0,0,0,0,0,0,0,0,0,0,0,0,0,0,0,0,0,0,0,0,0
20150828,128993,21503,20139,41642,25808,25798,51606,93248,7397,6626,14023,1760,1603,3363,136,68,204,17,29,46,2,1,3,3,0,3,0,0,0,96,83,179,0,0,0,4640,4858,9498,1880,2018,3898,0,0,0,36,29,65,11,0,11,9,0,9,0,0,0,2185,2237,4422,0,0,0,0,0,0,0,0,0,0,0,0,0,0,0,0,0,0,10,11,21,0,0,0,0,0,0,0,0,0,0,0,0,0,0,0,0,0,0,0,0,0,0,0,0,0,0,0,0,0,0,0,0,0,0,0,0,0,0,0,0,0,0,0,0,0
20150829,136313,22236,20502,42738,29053,27441,56494,99232,6746,6932,13678,0,1,1,2,1,3,9,25,34,4,0,4,0,0,0,1521,1518,3039,139,148,287,0,0,0,4614,4726,9340,3305,2146,5451,0,0,0,86,64,150,112,0,112,0,0,0,0,0,0,2030,2207,4237,0,0,0,0,0,0,0,0,0,0,0,0,0,0,0,185,371,556,3,4,7,81,101,182,0,0,0,0,0,0,0,0,0,0,0,0,0,0,0,0,0,0,0,0,0,0,0,0,0,0,0,0,0,0,0,0,0,0,0,0,0,0,0,0,0,0
20150830,133519,20411,20748,41159,26811,26668,53479,94638,7450,7538,14988,1595,1755,3350,133,152,285,25,28,53,1,0,1,0,8,8,0,0,0,70,100,170,0,0,0,4618,5071,9689,2173,3287,5460,0,0,0,39,92,131,0,0,0,3,5,8,161,157,318,2014,2396,4410,0,0,0,0,0,0,0,0,0,0,0,0,0,0,0,0,0,0,0,2,2,0,8,8,0,0,0,0,0,0,0,0,0,0,0,0,0,0,0,0,0,0,0,0,0,0,0,0,0,0,0,0,0,0,0,0,0,0,0,0,0,0,0,0,0,0
20150831,115709,20027,19361,39388,24603,24258,48861,88249,5257,5570,10827,9,0,9,3,5,8,1007,39,1046,0,3,3,1,1,2,0,0,0,67,92,159,0,0,0,3884,4162,8046,1392,1575,2967,0,0,0,52,24,76,0,0,0,1,3,4,153,128,281,1669,1976,3645,0,0,0,0,0,0,0,0,0,0,0,0,0,0,0,138,241,379,1,7,8,0,0,0,0,0,0,0,0,0,0,0,0,0,0,0,0,0,0,0,0,0,0,0,0,0,0,0,0,0,0,0,0,0,0,0,0,0,0,0,0,0,0,0,0,0
20150901,110823,17117,17521,34638,22385,24610,46995,81633,6576,6255,12831,10,5,15,2,1003,1005,61,52,113,6,7,13,11,7,18,0,0,0,79,57,136,4,0,4,4117,4202,8319,1560,1505,3065,0,0,0,17,55,72,0,0,0,4,1,5,0,0,0,1697,1880,3577,0,0,0,0,0,0,0,0,0,0,0,0,0,0,0,2,15,17,0,0,0,0,0,0,0,0,0,0,0,0,0,0,0,0,0,0,0,0,0,0,0,0,0,0,0,0,0,0,0,0,0,0,0,0,0,0,0,0,0,0,0,0,0,0,0,0
20150902,122487,19890,16417,36307,24356,21699,46055,82362,6675,6128,12803,5110,1685,6795,4353,53,4406,61,25,86,6,0,6,0,0,0,0,0,0,249,201,450,0,0,0,4465,3852,8317,1744,1350,3094,0,0,0,15,20,35,0,0,0,6,4,10,0,0,0,2131,1952,4083,0,0,0,0,0,0,0,0,0,0,0,0,0,0,0,23,4,27,0,13,13,0,0,0,0,0,0,0,0,0,0,0,0,0,0,0,0,0,0,0,0,0,0,0,0,0,0,0,0,0,0,0,0,0,0,0,0,0,0,0,0,0,0,0,0,0
20150903,119847,19931,16322,36253,25155,23497,48652,84905,7009,6129,13138,6,4298,4304,13,5,18,37,123,160,0,1,1,0,0,0,0,0,0,105,43,148,0,1,1,4259,3758,8017,3533,1894,5427,0,0,0,81,22,103,0,0,0,1,6,7,0,0,0,1573,1512,3085,0,0,0,0,0,0,0,0,0,0,0,0,0,0,0,527,6,533,0,0,0,0,0,0,0,0,0,0,0,0,0,0,0,0,0,0,0,0,0,0,0,0,0,0,0,0,0,0,0,0,0,0,0,0,0,0,0,0,0,0,0,0,0,0,0,0
20150904,119534,18770,18726,37496,22998,25201,48199,85695,6006,6077,12083,1770,1604,3374,81,165,246,73,74,147,2,0,2,0,6,6,0,0,0,71,48,119,0,3,3,3949,4460,8409,2353,2840,5193,0,0,0,37,40,77,0,0,0,6,3,9,0,0,0,2233,1908,4141,0,0,0,0,0,0,0,0,0,0,0,0,0,0,0,5,3,8,0,22,22,0,0,0,0,0,0,0,0,0,0,0,0,0,0,0,0,0,0,0,0,0,0,0,0,0,0,0,0,0,0,0,0,0,0,0,0,0,0,0,0,0,0,0,0,0
20150905,124494,17793,19770,37563,24190,27666,51856,89419,6370,6714,13084,1,1,2,16,16,32,26,73,99,6,0,6,0,0,0,1312,1467,2779,206,208,414,0,10,10,3982,4729,8711,1677,3131,4808,0,0,0,68,96,164,135,114,249,3,3,6,0,0,0,2142,2142,4284,0,6,6,0,0,0,0,0,0,0,0,0,0,0,0,132,281,413,0,8,8,0,0,0,0,0,0,0,0,0,0,0,0,0,0,0,0,0,0,0,0,0,0,0,0,0,0,0,0,0,0,0,0,0,0,0,0,0,0,0,0,0,0,0,0,0
20150906,132130,18804,21669,40473,27043,27623,54666,95139,7411,8191,15602,1678,1712,3390,196,101,297,20,26,46,0,6,6,0,10,10,0,0,0,66,100,166,9,7,16,4411,4812,9223,1847,1973,3820,0,0,0,14,27,41,0,0,0,6,6,12,11,0,11,2117,2229,4346,0,0,0,0,0,0,0,0,0,0,0,0,0,0,0,2,2,4,1,0,1,0,0,0,0,0,0,0,0,0,0,0,0,0,0,0,0,0,0,0,0,0,0,0,0,0,0,0,0,0,0,0,0,0,0,0,0,0,0,0,0,0,0,0,0,0
20150907,123868,21138,20210,41348,26230,27676,53906,95254,5960,6189,12149,0,0,0,7,4,11,52,150,202,0,0,0,0,0,0,0,0,0,64,93,157,0,0,0,4026,4374,8400,1370,1778,3148,0,0,0,17,26,43,0,0,0,0,0,0,110,34,144,1824,1850,3674,0,0,0,0,0,0,0,0,0,0,0,0,0,0,0,488,196,684,2,0,2,0,0,0,0,0,0,0,0,0,0,0,0,0,0,0,0,0,0,0,0,0,0,0,0,0,0,0,0,0,0,0,0,0,0,0,0,0,0,0,0,0,0,0,0,0
20150908,111745,16585,16836,33421,23401,24910,48311,81732,7051,6352,13403,1,2,3,7,5,12,34,73,107,3,3,6,0,0,0,0,0,0,68,48,116,5,0,5,4208,4346,8554,1892,1484,3376,0,0,0,30,31,61,0,0,0,11,16,27,0,0,0,1850,1974,3824,0,0,0,0,0,0,0,0,0,0,0,0,0,0,0,386,123,509,0,10,10,0,0,0,0,0,0,0,0,0,0,0,0,0,0,0,0,0,0,0,0,0,0,0,0,0,0,0,0,0,0,0,0,0,0,0,0,0,0,0,0,0,0,0,0,0
20150909,116819,17810,17846,35656,24973,23755,48728,84384,6358,5223,11581,1682,1629,3311,100,14,114,71,75,146,0,0,0,0,0,0,0,0,0,224,198,422,1,1,2,4445,4366,8811,1630,1795,3425,0,0,0,19,24,43,0,0,0,3,2,5,0,0,0,2152,1912,4064,0,0,0,0,0,0,0,0,0,0,0,0,0,0,0,452,59,511,0,0,0,0,0,0,0,0,0,0,0,0,0,0,0,0,0,0,0,0,0,0,0,0,0,0,0,0,0,0,0,0,0,0,0,0,0,0,0,0,0,0,0,0,0,0,0,0
20150910,118710,19110,17708,36818,25973,25676,51649,88467,7307,6255,13562,1,0,1,748,86,834,51,128,179,0,0,0,0,0,0,0,0,0,76,45,121,3,0,3,4088,4300,8388,2110,1752,3862,0,0,0,45,17,62,0,0,0,2,0,2,0,0,0,1479,1344,2823,0,0,0,0,0,0,0,0,0,0,0,0,0,0,0,290,115,405,1,0,1,0,0,0,0,0,0,0,0,0,0,0,0,0,0,0,0,0,0,0,0,0,0,0,0,0,0,0,0,0,0,0,0,0,0,0,0,0,0,0,0,0,0,0,0,0
20150911,125302,19004,19225,38229,26750,25461,52211,90440,6809,5981,12790,1683,1806,3489,237,52,289,26,41,67,1,1,2,0,0,0,0,0,0,93,68,161,0,0,0,4942,4373,9315,2084,2057,4141,0,0,0,29,42,71,0,0,0,0,1,1,0,0,0,2460,2030,4490,0,0,0,0,0,0,0,0,0,0,0,0,0,0,0,11,18,29,0,17,17,0,0,0,0,0,0,0,0,0,0,0,0,0,0,0,0,0,0,0,0,0,0,0,0,0,0,0,0,0,0,0,0,0,0,0,0,0,0,0,0,0,0,0,0,0
20150912,130402,20247,18598,38845,29538,25887,55425,94270,7080,6598,13678,13,2,15,10,10,20,27,30,57,1,0,1,1,1,2,1356,1352,2708,242,182,424,0,1,1,4716,4337,9053,3204,1964,5168,0,0,0,37,76,113,144,134,278,4,1,5,0,0,0,2379,1858,4237,0,0,0,0,0,0,0,0,0,0,0,0,0,0,0,180,192,372,0,0,0,0,0,0,0,0,0,0,0,0,0,0,0,0,0,0,0,0,0,0,0,0,0,0,0,0,0,0,0,0,0,0,0,0,0,0,0,0,0,0,0,0,0,0,0,0
20150913,137553,20604,20346,40950,29506,28520,58026,98976,7087,7556,14643,1791,1757,3548,112,92,204,24,55,79,0,0,0,0,0,0,0,0,0,68,77,145,0,0,0,4918,4932,9850,2390,3222,5612,0,0,0,38,84,122,0,0,0,2,10,12,159,156,315,2048,1992,4040,0,0,0,0,0,0,0,0,0,0,0,0,0,0,0,3,2,5,0,2,2,0,0,0,0,0,0,0,0,0,0,0,0,0,0,0,0,0,0,0,0,0,0,0,0,0,0,0,0,0,0,0,0,0,0,0,0,0,0,0,0,0,0,0,0,0
20150914,123489,20036,18879,38915,26345,26715,53060,91975,6230,6652,12882,0,0,0,8,2,10,1568,45,1613,0,0,0,0,0,0,0,0,0,86,61,147,0,0,0,4478,4499,8977,1625,1964,3589,0,0,0,106,46,152,0,0,0,13,3,16,133,45,178,1768,1900,3668,0,0,0,0,0,0,0,0,0,0,0,0,0,0,0,113,160,273,0,9,9,0,0,0,0,0,0,0,0,0,0,0,0,0,0,0,0,0,0,0,0,0,0,0,0,0,0,0,0,0,0,0,0,0,0,0,0,0,0,0,0,0,0,0,0,0
20150915,118708,17754,17245,34999,26044,25335,51379,86378,6732,6975,13707,1,2,3,8,1510,1518,15,29,44,0,0,0,0,0,0,0,0,0,57,47,104,0,0,0,4396,4468,8864,1727,1809,3536,0,0,0,14,145,159,0,0,0,2,6,8,0,0,0,1865,2050,3915,0,0,0,0,0,0,0,0,0,0,0,0,0,0,0,249,219,468,0,4,4,0,0,0,0,0,0,0,0,0,0,0,0,0,0,0,0,0,0,0,0,0,0,0,0,0,0,0,0,0,0,0,0,0,0,0,0,0,0,0,0,0,0,0,0,0
20150916,125639,18845,19490,38335,26610,25295,51905,90240,6436,6607,13043,1641,1626,3267,42,17,59,24,31,55,0,0,0,0,0,0,0,0,0,213,191,404,0,0,0,4740,4644,9384,2016,1829,3845,0,0,0,32,56,88,0,0,0,6,4,10,0,0,0,2405,2232,4637,0,0,0,0,0,0,0,0,0,0,0,0,0,0,0,293,307,600,3,4,7,0,0,0,0,0,0,0,0,0,0,0,0,0,0,0,0,0,0,0,0,0,0,0,0,0,0,0,0,0,0,0,0,0,0,0,0,0,0,0,0,0,0,0,0,0
20150917,124086,19679,18139,37818,27678,26284,53962,91780,7406,6564,13970,1,0,1,181,141,322,59,81,140,0,0,0,0,7,7,304,304,608,57,39,96,2,1,3,4828,4163,8991,2304,2397,4701,0,0,0,34,34,68,0,0,0,1,1,2,0,0,0,1342,1518,2860,0,0,0,0,0,0,0,0,0,0,0,0,0,0,0,334,200,534,3,0,3,0,0,0,0,0,0,0,0,0,0,0,0,0,0,0,0,0,0,0,0,0,0,0,0,0,0,0,0,0,0,0,0,0,0,0,0,0,0,0,0,0,0,0,0,0
20150918,135255,21902,19726,41628,27937,25966,53903,95531,8009,6602,14611,1904,1670,3574,283,89,372,54,96,150,13,0,13,0,0,0,0,0,0,66,31,97,0,0,0,5318,4527,9845,3015,2713,5728,0,0,0,69,29,98,0,0,0,1,11,12,0,0,0,2713,2504,5217,0,0,0,0,0,0,0,0,0,0,0,0,0,0,0,4,2,6,0,1,1,0,0,0,0,0,0,0,0,0,0,0,0,0,0,0,0,0,0,0,0,0,0,0,0,0,0,0,0,0,0,0,0,0,0,0,0,0,0,0,0,0,0,0,0,0
20150919,137205,22892,18060,40952,32385,25050,57435,98387,7956,6149,14105,0,0,0,11,12,23,31,72,103,0,0,0,0,0,0,1525,1520,3045,199,190,389,4,1,5,4841,4192,9033,3635,2794,6429,0,0,0,56,18,74,133,145,278,8,3,11,153,98,251,2475,2030,4505,0,0,0,0,0,0,0,0,0,0,0,0,0,0,0,190,369,559,0,8,8,0,0,0,0,0,0,0,0,0,0,0,0,0,0,0,0,0,0,0,0,0,0,0,0,0,0,0,0,0,0,0,0,0,0,0,0,0,0,0,0,0,0,0,0,0
20150920,139898,23528,19071,42599,32444,24928,57372,99971,9058,6673,15731,1589,1697,3286,181,65,246,30,56,86,0,5,5,0,0,0,0,0,0,61,40,101,0,0,0,5180,4167,9347,2645,3827,6472,0,0,0,63,61,124,0,0,0,2,5,7,0,0,0,2394,2111,4505,0,0,0,0,0,0,0,0,0,0,0,0,0,0,0,9,8,17,0,0,0,0,0,0,0,0,0,0,0,0,0,0,0,0,0,0,0,0,0,0,0,0,0,0,0,0,0,0,0,0,0,0,0,0,0,0,0,0,0,0,0,0,0,0,0,0
20150921,126765,22089,20014,42103,28499,25283,53782,95885,6796,5376,12172,0,0,0,4,6,10,43,68,111,57,0,57,0,0,0,0,0,0,72,89,161,0,0,0,4780,4400,9180,2217,2502,4719,0,0,0,18,27,45,0,0,0,2,1,3,123,110,233,1967,1922,3889,0,0,0,0,0,0,0,0,0,0,0,0,0,0,0,78,212,290,0,10,10,0,0,0,0,0,0,0,0,0,0,0,0,0,0,0,0,0,0,0,0,0,0,0,0,0,0,0,0,0,0,0,0,0,0,0,0,0,0,0,0,0,0,0,0,0
20150922,124096,19893,18643,38536,27059,26026,53085,91621,6835,6678,13513,25,20,45,5,6,11,62,74,136,1,10,11,0,0,0,0,0,0,81,38,119,1,0,1,4918,4476,9394,2357,2132,4489,0,0,0,18,13,31,0,0,0,2,4,6,0,0,0,2334,1870,4204,0,0,0,0,0,0,0,0,0,0,0,0,0,0,0,427,83,510,0,5,5,0,0,0,0,0,0,0,0,0,0,0,0,0,0,0,0,0,0,0,0,0,0,0,0,0,0,0,0,0,0,0,0,0,0,0,0,0,0,0,0,0,0,0,0,0
20150923,130027,21547,19266,40813,26812,25395,52207,93020,7261,6345,13606,1621,1533,3154,23,79,102,48,49,97,0,0,0,0,0,0,0,0,0,231,171,402,0,5,5,4610,4318,8928,3035,2326,5361,0,0,0,59,29,88,0,0,0,8,11,19,0,0,0,2641,1923,4564,0,0,0,0,0,0,0,0,0,0,0,0,0,0,0,174,507,681,0,0,0,0,0,0,0,0,0,0,0,0,0,0,0,0,0,0,0,0,0,0,0,0,0,0,0,0,0,0,0,0,0,0,0,0,0,0,0,0,0,0,0,0,0,0,0,0
20150924,132568,20607,18518,39125,26376,25925,52301,91426,7660,6727,14387,0,0,0,83,107,190,3485,3473,6958,0,0,0,0,0,0,772,767,1539,103,36,139,0,0,0,4471,4220,8691,3090,2389,5479,0,0,0,43,40,83,0,0,0,4,0,4,123,87,210,1837,1089,2926,0,0,0,0,0,0,0,0,0,0,0,0,0,0,0,232,297,529,7,0,7,0,0,0,0,0,0,0,0,0,0,0,0,0,0,0,0,0,0,0,0,0,0,0,0,0,0,0,0,0,0,0,0,0,0,0,0,0,0,0,0,0,0,0,0,0
20150925,141372,25253,21807,47060,28318,27792,56110,103170,8002,6965,14967,1730,1502,3232,92,68,160,24,68,92,0,0,0,0,0,0,0,0,0,100,40,140,0,0,0,4906,4588,9494,2897,2140,5037,0,0,0,25,57,82,0,0,0,3,5,8,0,0,0,2882,2105,4987,0,0,0,0,0,0,0,0,0,0,0,0,0,0,0,3,0,3,0,0,0,0,0,0,0,0,0,0,0,0,0,0,0,0,0,0,0,0,0,0,0,0,0,0,0,0,0,0,0,0,0,0,0,0,0,0,0,0,0,0,0,0,0,0,0,0
20150926,133326,21242,21658,42900,28014,27434,55448,98348,8009,7301,15310,3,1,4,10,5,15,16,58,74,0,0,0,0,0,0,0,0,0,257,178,435,0,0,0,4471,4029,8500,3404,1681,5085,0,0,0,49,41,90,104,139,243,3,1,4,0,0,0,2785,1890,4675,0,0,0,0,0,0,0,0,0,0,0,0,0,0,0,253,289,542,1,0,1,0,0,0,0,0,0,0,0,0,0,0,0,0,0,0,0,0,0,0,0,0,0,0,0,0,0,0,0,0,0,0,0,0,0,0,0,0,0,0,0,0,0,0,0,0
20150927,119962,19318,17082,36400,28452,23236,51688,88088,7552,5796,13348,1608,235,1843,167,124,291,18,5,23,0,0,0,0,0,0,0,0,0,99,18,117,0,0,0,4589,3682,8271,2180,1850,4030,0,0,0,18,0,18,0,0,0,2,2,4,162,162,324,2231,1370,3601,0,0,0,0,0,0,0,0,0,0,0,0,0,0,0,1,2,3,1,0,1,0,0,0,0,0,0,0,0,0,0,0,0,0,0,0,0,0,0,0,0,0,0,0,0,0,0,0,0,0,0,0,0,0,0,0,0,0,0,0,0,0,0,0,0,0
20150928,61536,9886,13256,23142,8836,12441,21277,44419,4393,5217,9610,0,0,0,2,2,4,5,5,10,0,0,0,0,0,0,0,0,0,104,61,165,0,0,0,1729,2444,4173,711,1039,1750,0,0,0,0,0,0,0,0,0,0,0,0,0,0,0,324,1081,1405,0,0,0,0,0,0,0,0,0,0,0,0,0,0,0,0,0,0,0,0,0,0,0,0,0,0,0,0,0,0,0,0,0,0,0,0,0,0,0,0,0,0,0,0,0,0,0,0,0,0,0,0,0,0,0,0,0,0,0,0,0,0,0,0,0,0
20150929,144606,24226,22823,47049,32509,30384,62893,109942,10922,6700,17622,214,139,353,10,12,22,35,46,81,0,0,0,0,0,0,0,0,0,104,60,164,0,0,0,6651,4308,10959,0,0,0,0,0,0,0,0,0,0,0,0,0,0,0,102,76,178,3180,2102,5282,0,0,0,0,0,0,0,0,0,0,0,0,0,0,0,1,2,3,0,0,0,0,0,0,0,0,0,0,0,0,0,0,0,0,0,0,0,0,0,0,0,0,0,0,0,0,0,0,0,0,0,0,0,0,0,0,0,0,0,0,0,0,0,0,0,0
20150930,141722,28132,18283,46415,36083,22108,58191,104606,8345,5925,14270,150,1434,1584,153,100,253,33,102,135,2,2,4,0,0,0,0,0,0,262,147,409,0,9,9,5221,4006,9227,4407,1676,6083,0,0,0,0,42,42,0,0,0,0,8,8,0,0,0,2934,2156,5090,0,0,0,0,0,0,0,0,0,0,0,0,0,0,0,1,1,2,0,0,0,0,0,0,0,0,0,0,0,0,0,0,0,0,0,0,0,0,0,0,0,0,0,0,0,0,0,0,0,0,0,0,0,0,0,0,0,0,0,0,0,0,0,0,0,0
20151001,136028,26039,16901,42940,34085,23735,57820,100760,8180,5591,13771,4,4,8,499,66,565,46,72,118,6,0,6,0,8,8,762,1102,1864,97,58,155,0,0,0,4699,3516,8215,4675,1480,6155,0,0,0,145,23,168,0,0,0,5,2,7,150,122,272,1863,1369,3232,0,0,0,0,0,0,0,0,0,0,0,0,0,0,0,559,131,690,0,34,34,0,0,0,0,0,0,0,0,0,0,0,0,0,0,0,0,0,0,0,0,0,0,0,0,0,0,0,0,0,0,0,0,0,0,0,0,0,0,0,0,0,0,0,0,0
20151002,121999,18869,17720,36589,26819,23033,49852,86441,7180,5534,12714,1620,1630,3250,236,58,294,24,60,84,0,0,0,0,0,0,0,0,0,89,53,142,0,1,1,4948,4135,9083,3824,1712,5536,0,0,0,0,0,0,0,0,0,15,6,21,0,0,0,2352,2067,4419,0,0,0,0,0,0,0,0,0,0,0,0,0,0,0,1,1,2,4,8,12,0,0,0,0,0,0,0,0,0,0,0,0,0,0,0,0,0,0,0,0,0,0,0,0,0,0,0,0,0,0,0,0,0,0,0,0,0,0,0,0,0,0,0,0,0
20151003,125837,18105,19385,37490,27337,26006,53343,90833,5927,6546,12473,4,1,5,6,1,7,36,21,57,0,1,1,0,4,4,1298,1294,2592,155,225,380,3,5,8,4131,4287,8418,3050,2662,5712,0,0,0,108,51,159,121,99,220,6,2,8,141,155,296,1986,2246,4232,0,0,0,0,0,0,0,0,0,0,0,0,0,0,0,288,139,427,5,0,5,0,0,0,0,0,0,0,0,0,0,0,0,0,0,0,0,0,0,0,0,0,0,0,0,0,0,0,0,0,0,0,0,0,0,0,0,0,0,0,0,0,0,0,0,0
20151004,130148,17529,20483,38012,26325,28463,54788,92800,6615,7462,14077,1513,1682,3195,121,88,209,20,10,30,0,0,0,0,0,0,0,0,0,46,100,146,0,0,0,4557,4958,9515,2465,3461,5926,0,0,0,28,60,88,0,9,9,8,8,16,0,0,0,1678,2457,4135,0,0,0,0,0,0,0,0,0,0,0,0,0,0,0,1,1,2,0,0,0,0,0,0,0,0,0,0,0,0,0,0,0,0,0,0,0,0,0,0,0,0,0,0,0,0,0,0,0,0,0,0,0,0,0,0,0,0,0,0,0,0,0,0,0,0
20151005,118688,17437,20896,38333,23192,27401,50593,88926,4591,6939,11530,1,1,2,26,25,51,18,38,56,0,6,6,0,0,0,0,0,0,52,103,155,0,0,0,3867,4693,8560,1784,3568,5352,0,0,0,31,52,83,0,0,0,10,4,14,69,79,148,1289,2242,3531,0,0,0,0,0,0,0,0,0,0,0,0,0,0,0,134,136,270,0,4,4,0,0,0,0,0,0,0,0,0,0,0,0,0,0,0,0,0,0,0,0,0,0,0,0,0,0,0,0,0,0,0,0,0,0,0,0,0,0,0,0,0,0,0,0,0
20151006,124972,15370,23192,38562,20444,29345,49789,88351,5174,8936,14110,1741,1700,3441,1,8,9,19,16,35,0,0,0,0,0,0,0,0,0,35,103,138,6,0,6,3779,5168,8947,1187,3908,5095,0,0,0,20,99,119,0,0,0,2,4,6,0,0,0,1548,2628,4176,0,0,0,0,0,0,0,0,0,0,0,0,0,0,0,193,346,539,0,0,0,0,0,0,0,0,0,0,0,0,0,0,0,0,0,0,0,0,0,0,0,0,0,0,0,0,0,0,0,0,0,0,0,0,0,0,0,0,0,0,0,0,0,0,0,0
20151007,129616,16135,25004,41139,20833,30474,51307,92446,4840,8856,13696,1581,1641,3222,12,109,121,28,36,64,0,0,0,0,0,0,0,0,0,217,265,482,0,7,7,3571,5128,8699,1222,3966,5188,0,0,0,21,63,84,0,0,0,1,5,6,0,0,0,1905,2875,4780,0,0,0,0,0,0,0,0,0,0,0,0,0,0,0,318,503,821,0,0,0,0,0,0,0,0,0,0,0,0,0,0,0,0,0,0,0,0,0,0,0,0,0,0,0,0,0,0,0,0,0,0,0,0,0,0,0,0,0,0,0,0,0,0,0,0
20151008,129854,16598,25139,41737,21853,33895,55748,97485,5305,9037,14342,2,16,18,49,604,653,64,34,98,1,1,2,0,0,0,391,203,594,76,78,154,2,3,5,3443,5170,8613,1105,3047,4152,0,0,0,20,58,78,0,0,0,5,1,6,101,152,253,1217,2177,3394,0,0,0,0,0,0,0,0,0,0,0,0,0,0,0,2,5,7,0,0,0,0,0,0,0,0,0,0,0,0,0,0,0,0,0,0,0,0,0,0,0,0,0,0,0,0,0,0,0,0,0,0,0,0,0,0,0,0,0,0,0,0,0,0,0,0
20151009,136960,18705,25835,44540,24328,32188,56516,101056,5553,8199,13752,1622,1791,3413,51,229,280,51,102,153,7,7,14,1,5,6,0,0,0,59,101,160,0,1,1,4148,5632,9780,1362,1928,3290,0,0,0,0,0,0,0,0,0,3,2,5,0,0,0,2146,2890,5036,0,0,0,0,0,0,0,0,0,0,0,0,0,0,0,10,4,14,0,0,0,0,0,0,0,0,0,0,0,0,0,0,0,0,0,0,0,0,0,0,0,0,0,0,0,0,0,0,0,0,0,0,0,0,0,0,0,0,0,0,0,0,0,0,0,0
20151010,122855,21089,18303,39392,28005,25218,53223,92615,6657,6063,12720,1,17,18,8,6,14,29,58,87,0,0,0,4,0,4,5,0,5,195,156,351,1,2,3,3867,4190,8057,1766,2206,3972,0,0,0,51,71,122,127,117,244,0,1,1,0,0,0,1959,2232,4191,0,0,0,0,0,0,0,0,0,0,0,0,0,0,0,177,274,451,0,0,0,0,0,0,0,0,0,0,0,0,0,0,0,0,0,0,0,0,0,0,0,0,0,0,0,0,0,0,0,0,0,0,0,0,0,0,0,0,0,0,0,0,0,0,0,0
20151011,149205,26122,22448,48570,30343,28193,58536,107106,8547,7573,16120,1943,1568,3511,145,75,220,2892,55,2947,5,7,12,0,0,0,0,0,0,61,97,158,3,0,3,4802,5106,9908,2156,2412,4568,0,0,0,35,49,84,0,0,0,1,2,3,0,0,0,2318,2236,4554,0,0,0,0,0,0,0,0,0,0,0,0,0,0,0,5,6,11,0,0,0,0,0,0,0,0,0,0,0,0,0,0,0,0,0,0,0,0,0,0,0,0,0,0,0,0,0,0,0,0,0,0,0,0,0,0,0,0,0,0,0,0,0,0,0,0
20151012,145107,24921,23274,48195,29439,29430,58869,107064,6538,6920,13458,1506,2872,4378,1,0,1,912,36,948,0,0,0,0,1,1,0,0,0,90,97,187,0,0,0,4759,4977,9736,2042,2393,4435,0,0,0,41,35,76,0,0,0,1,6,7,135,39,174,1983,2237,4220,0,0,0,0,0,0,0,0,0,0,0,0,0,0,0,311,97,408,1,13,14,0,0,0,0,0,0,0,0,0,0,0,0,0,0,0,0,0,0,0,0,0,0,0,0,0,0,0,0,0,0,0,0,0,0,0,0,0,0,0,0,0,0,0,0,0
20151013,131599,19864,20729,40593,27295,28389,55684,96277,6406,7230,13636,0,1334,1334,9,870,879,33,158,191,2,0,2,0,0,0,0,0,0,32,56,88,1,0,1,4365,5057,9422,1843,2316,4159,0,0,0,49,29,78,0,0,0,6,0,6,0,0,0,2051,2473,4524,0,0,0,0,0,0,0,0,0,0,0,0,0,0,0,695,294,989,0,13,13,0,0,0,0,0,0,0,0,0,0,0,0,0,0,0,0,0,0,0,0,0,0,0,0,0,0,0,0,0,0,0,0,0,0,0,0,0,0,0,0,0,0,0,0,0
20151014,130120,19770,20416,40186,24719,27167,51886,92072,6270,7161,13431,1530,1646,3176,47,22,69,69,57,126,2,2,4,14,0,14,0,0,0,223,206,429,0,1,1,4306,4626,8932,3011,2837,5848,0,0,0,34,31,65,0,0,0,1,5,6,0,0,0,2504,2534,5038,0,0,0,0,0,0,0,0,0,0,0,0,0,0,0,434,474,908,1,0,1,0,0,0,0,0,0,0,0,0,0,0,0,0,0,0,0,0,0,0,0,0,0,0,0,0,0,0,0,0,0,0,0,0,0,0,0,0,0,0,0,0,0,0,0,0
20151015,130825,20102,20088,40190,26913,29180,56093,96283,6566,7357,13923,0,0,0,249,204,453,723,725,1448,0,0,0,12,0,12,0,0,0,100,50,150,0,0,0,4539,4681,9220,2772,2977,5749,0,0,0,30,55,85,0,0,0,6,2,8,0,0,0,1756,1722,3478,0,0,0,0,0,0,0,0,0,0,0,0,0,0,0,9,7,16,0,0,0,0,0,0,0,0,0,0,0,0,0,0,0,0,0,0,0,0,0,0,0,0,0,0,0,0,0,0,0,0,0,0,0,0,0,0,0,0,0,0,0,0,0,0,0,0
20151016,146285,23949,21677,45626,30472,29651,60123,105749,7797,7270,15067,1908,1660,3568,9,4,13,48,43,91,0,1,1,2,0,2,0,0,0,88,72,160,0,0,0,5173,5327,10500,2994,2488,5482,0,0,0,53,39,92,0,0,0,2,6,8,0,0,0,2933,2614,5547,0,0,0,0,0,0,0,0,0,0,0,0,0,0,0,0,0,0,0,5,5,0,0,0,0,0,0,0,0,0,0,0,0,0,0,0,0,0,0,0,0,0,0,0,0,0,0,0,0,0,0,0,0,0,0,0,0,0,0,0,0,0,0,0,0,0
20151017,139270,23465,20337,43802,29316,28360,57676,101478,7972,7257,15229,0,2,2,0,3,3,28,21,49,0,0,0,0,0,0,0,0,0,233,200,433,0,0,0,4853,4705,9558,4047,2858,6905,0,0,0,0,0,0,124,128,252,5,2,7,142,124,266,2831,2257,5088,0,0,0,0,0,0,0,0,0,0,0,0,0,0,0,0,0,0,0,0,0,0,0,0,0,0,0,0,0,0,0,0,0,0,0,0,0,0,0,0,0,0,0,0,0,0,0,0,0,0,0,0,0,0,0,0,0,0,0,0,0,0,0,0,0,0
20151018,147331,21591,20894,42485,33636,29811,63447,105932,8727,7621,16348,1556,1504,3060,7,3,10,27,35,62,0,0,0,0,0,0,0,0,0,87,98,185,5,5,10,5288,5217,10505,3283,3166,6449,0,0,0,0,0,0,0,0,0,2,1,3,0,0,0,2590,2176,4766,0,0,0,0,0,0,0,0,0,0,0,0,0,0,0,1,0,1,0,0,0,0,0,0,0,0,0,0,0,0,0,0,0,0,0,0,0,0,0,0,0,0,0,0,0,0,0,0,0,0,0,0,0,0,0,0,0,0,0,0,0,0,0,0,0,0
20151019,137311,23888,20731,44619,31168,27622,58790,103409,6841,6210,13051,1,0,1,1,8,9,50,38,88,0,0,0,0,27,27,0,0,0,87,67,154,0,0,0,5002,4964,9966,2784,3036,5820,0,0,0,0,0,0,0,0,0,1,0,1,98,65,163,2345,2269,4614,0,0,0,0,0,0,0,0,0,0,0,0,0,0,0,3,5,8,0,0,0,0,0,0,0,0,0,0,0,0,0,0,0,0,0,0,0,0,0,0,0,0,0,0,0,0,0,0,0,0,0,0,0,0,0,0,0,0,0,0,0,0,0,0,0,0
20151020,130814,20658,19866,40524,27933,27049,54982,95506,7663,7238,14901,1,1,2,7,0,7,23,57,80,0,0,0,0,0,0,0,0,0,67,75,142,6,0,6,5127,4947,10074,2681,2514,5195,0,0,0,0,0,0,0,0,0,1,2,3,0,0,0,2608,2266,4874,0,0,0,0,0,0,0,0,0,0,0,0,0,0,0,6,18,24,0,0,0,0,0,0,0,0,0,0,0,0,0,0,0,0,0,0,0,0,0,0,0,0,0,0,0,0,0,0,0,0,0,0,0,0,0,0,0,0,0,0,0,0,0,0,0,0
20151021,136444,21397,21099,42496,29154,26562,55716,98212,7212,7398,14610,1434,1221,2655,23,19,42,17,27,44,0,0,0,0,0,0,0,0,0,231,253,484,0,0,0,4904,4804,9708,2554,2665,5219,0,0,0,53,31,84,162,97,259,0,7,7,0,0,0,2626,2485,5111,0,0,0,0,0,0,0,0,0,0,0,0,0,0,0,5,4,9,0,0,0,0,0,0,0,0,0,0,0,0,0,0,0,0,0,0,0,0,0,0,0,0,0,0,0,0,0,0,0,0,0,0,0,0,0,0,0,0,0,0,0,0,0,0,0,0
20151022,135158,22056,20751,42807,29874,29265,59139,101946,6919,7514,14433,0,0,0,6,5,11,40,69,109,2,2,4,0,0,0,0,0,0,72,88,160,2,0,2,4873,4870,9743,2149,2887,5036,0,0,0,24,19,43,0,0,0,0,0,0,0,0,0,1811,1857,3668,0,0,0,0,0,0,0,0,0,0,0,0,0,0,0,2,1,3,0,0,0,0,0,0,0,0,0,0,0,0,0,0,0,0,0,0,0,0,0,0,0,0,0,0,0,0,0,0,0,0,0,0,0,0,0,0,0,0,0,0,0,0,0,0,0,0
20151023,138853,20262,22456,42718,27353,29534,56887,99605,7305,7084,14389,1411,1470,2881,43,53,96,63,147,210,0,0,0,0,0,0,0,0,0,95,103,198,3,0,3,5289,5190,10479,2694,2449,5143,0,0,0,23,25,48,0,0,0,11,5,16,0,0,0,3005,2725,5730,0,0,0,0,0,0,0,0,0,0,0,0,0,0,0,5,2,7,0,48,48,0,0,0,0,0,0,0,0,0,0,0,0,0,0,0,0,0,0,0,0,0,0,0,0,0,0,0,0,0,0,0,0,0,0,0,0,0,0,0,0,0,0,0,0,0
20151024,140509,21247,21768,43015,30488,29381,59869,102884,6929,7133,14062,8,8,16,10,14,24,13,7,20,0,0,0,0,0,0,1016,1012,2028,223,222,445,0,2,2,4812,4834,9646,3114,2417,5531,0,0,0,26,86,112,144,136,280,16,15,31,0,0,0,2384,2534,4918,0,0,0,0,0,0,0,0,0,0,0,0,0,0,0,257,160,417,1,92,93,0,0,0,0,0,0,0,0,0,0,0,0,0,0,0,0,0,0,0,0,0,0,0,0,0,0,0,0,0,0,0,0,0,0,0,0,0,0,0,0,0,0,0,0,0
20151025,148714,22507,22988,45495,33299,30360,63659,109154,8264,8149,16413,1556,24,1580,119,190,309,8,98,106,0,0,0,0,0,0,0,0,0,96,103,199,6,1,7,5110,5148,10258,2641,3173,5814,0,0,0,36,52,88,0,0,0,2,10,12,0,0,0,2362,2401,4763,0,0,0,0,0,0,0,0,0,0,0,0,0,0,0,0,0,0,0,11,11,0,0,0,0,0,0,0,0,0,0,0,0,0,0,0,0,0,0,0,0,0,0,0,0,0,0,0,0,0,0,0,0,0,0,0,0,0,0,0,0,0,0,0,0,0
20151026,132400,21618,21395,43013,27043,27782,54825,97838,6372,6117,12489,15,19,34,1161,12,1173,34,1306,1340,1,0,1,0,0,0,0,0,0,81,51,132,6,7,13,4947,4725,9672,2328,2710,5038,0,0,0,23,33,56,0,0,0,8,5,13,0,0,0,2052,2131,4183,0,0,0,0,0,0,0,0,0,0,0,0,0,0,0,242,157,399,0,19,19,0,0,0,0,0,0,0,0,0,0,0,0,0,0,0,0,0,0,0,0,0,0,0,0,0,0,0,0,0,0,0,0,0,0,0,0,0,0,0,0,0,0,0,0,0
20151027,125559,19381,19256,38637,27927,26770,54697,93334,6652,5651,12303,2,119,121,13,0,13,39,40,79,0,0,0,0,0,0,0,0,0,50,62,112,0,3,3,4751,4869,9620,2220,2409,4629,0,0,0,44,20,64,0,0,0,3,1,4,0,0,0,2119,2287,4406,0,0,0,0,0,0,0,0,0,0,0,0,0,0,0,674,186,860,4,7,11,0,0,0,0,0,0,0,0,0,0,0,0,0,0,0,0,0,0,0,0,0,0,0,0,0,0,0,0,0,0,0,0,0,0,0,0,0,0,0,0,0,0,0,0,0
20151028,131193,20766,20007,40773,27756,25867,53623,94396,6450,7176,13626,1,885,886,62,49,111,27,25,52,0,1,1,0,0,0,0,0,0,371,326,697,0,0,0,4689,4732,9421,2974,2836,5810,0,0,0,33,41,74,176,162,338,0,4,4,0,0,0,2692,2277,4969,0,0,0,0,0,0,0,0,0,0,0,0,0,0,0,711,92,803,0,5,5,0,0,0,0,0,0,0,0,0,0,0,0,0,0,0,0,0,0,0,0,0,0,0,0,0,0,0,0,0,0,0,0,0,0,0,0,0,0,0,0,0,0,0,0,0
20151029,126619,18519,19114,37633,26215,26792,53007,90640,7247,6377,13624,1,1,2,219,212,431,45,43,88,1,0,1,1,0,1,1077,1077,2154,76,103,179,0,0,0,4874,4669,9543,2730,3548,6278,0,0,0,24,35,59,0,0,0,5,1,6,0,0,0,1870,1724,3594,0,0,0,0,0,0,0,0,0,0,0,0,0,0,0,13,4,17,2,0,2,0,0,0,0,0,0,0,0,0,0,0,0,0,0,0,0,0,0,0,0,0,0,0,0,0,0,0,0,0,0,0,0,0,0,0,0,0,0,0,0,0,0,0,0,0
20151030,134660,21330,19917,41247,28823,26723,55546,96793,7577,6232,13809,94,151,245,112,52,164,1312,1070,2382,17,2,19,0,0,0,0,0,0,43,100,143,2,0,2,5329,4958,10287,3129,2762,5891,0,0,0,17,35,52,0,0,0,0,0,0,0,0,0,2666,2188,4854,0,0,0,0,0,0,0,0,0,0,0,0,0,0,0,0,0,0,6,13,19,0,0,0,0,0,0,0,0,0,0,0,0,0,0,0,0,0,0,0,0,0,0,0,0,0,0,0,0,0,0,0,0,0,0,0,0,0,0,0,0,0,0,0,0,0
20151031,134922,23466,19818,43284,30704,26329,57033,100317,7202,5757,12959,1,2,3,3,1,4,26,15,41,0,1,1,0,0,0,0,0,0,332,244,576,0,6,6,4839,4608,9447,3911,2787,6698,0,0,0,29,70,99,134,159,293,0,0,0,0,0,0,2372,2091,4463,0,0,0,0,0,0,0,0,0,0,0,0,0,0,0,0,0,0,1,14,15,0,0,0,0,0,0,0,0,0,0,0,0,0,0,0,0,0,0,0,0,0,0,0,0,0,0,0,0,0,0,0,0,0,0,0,0,0,0,0,0,0,0,0,0,0
20151101,137798,21220,21245,42465,30444,28263,58707,101172,7931,7230,15161,65,68,133,0,2,2,13,12,25,0,0,0,0,1,1,0,0,0,70,79,149,0,0,0,4924,5026,9950,2730,3747,6477,0,0,0,0,0,0,0,0,0,0,2,2,0,0,0,2319,2382,4701,0,0,0,0,0,0,0,0,0,0,0,0,0,0,0,2,19,21,4,0,4,0,0,0,0,0,0,0,0,0,0,0,0,0,0,0,0,0,0,0,0,0,0,0,0,0,0,0,0,0,0,0,0,0,0,0,0,0,0,0,0,0,0,0,0,0
20151102,122880,19430,20572,40002,24838,27148,51986,91988,5881,5967,11848,0,0,0,3,7,10,17,10,27,7,1,8,1,4,5,0,0,0,56,89,145,1,0,1,4727,4748,9475,2475,2635,5110,0,0,0,50,23,73,0,0,0,3,0,3,0,0,0,1859,2322,4181,0,0,0,0,0,0,0,0,0,0,0,0,0,0,0,2,0,2,4,0,4,0,0,0,0,0,0,0,0,0,0,0,0,0,0,0,0,0,0,0,0,0,0,0,0,0,0,0,0,0,0,0,0,0,0,0,0,0,0,0,0,0,0,0,0,0
20151103,125837,17542,20090,37632,25192,27712,52904,90536,6009,6878,12887,1046,1600,2646,6,2,8,52,64,116,6,1,7,0,0,0,0,0,0,59,98,157,0,0,0,4482,4938,9420,2604,2277,4881,0,0,0,41,28,69,0,0,0,1,5,6,0,0,0,1788,2208,3996,0,0,0,0,0,0,0,0,0,0,0,0,0,0,0,345,762,1107,0,1,1,0,0,0,0,0,0,0,0,0,0,0,0,0,0,0,0,0,0,0,0,0,0,0,0,0,0,0,0,0,0,0,0,0,0,0,0,0,0,0,0,0,0,0,0,0
20151104,123133,17846,18483,36329,24920,24526,49446,85775,6176,6553,12729,3032,1,3033,61,58,119,28,44,72,8,33,41,15,0,15,0,0,0,321,232,553,0,9,9,4590,4712,9302,2321,2850,5171,0,0,0,63,41,104,182,176,358,1,2,3,0,0,0,2437,2486,4923,0,0,0,0,0,0,0,0,0,0,0,0,0,0,0,364,536,900,0,26,26,0,0,0,0,0,0,0,0,0,0,0,0,0,0,0,0,0,0,0,0,0,0,0,0,0,0,0,0,0,0,0,0,0,0,0,0,0,0,0,0,0,0,0,0,0
20151105,124971,19352,18542,37894,25152,25486,50638,88532,6777,6315,13092,1570,2842,4412,167,179,346,55,66,121,0,0,0,2,8,10,0,0,0,80,62,142,0,0,0,4810,4670,9480,2005,2604,4609,0,0,0,28,24,52,0,0,0,5,3,8,147,151,298,1872,1971,3843,0,0,0,0,0,0,0,0,0,0,0,0,0,0,0,7,4,11,2,13,15,0,0,0,0,0,0,0,0,0,0,0,0,0,0,0,0,0,0,0,0,0,0,0,0,0,0,0,0,0,0,0,0,0,0,0,0,0,0,0,0,0,0,0,0,0
20151106,135402,21898,20574,42472,28853,26932,55785,98257,7063,6398,13461,914,1532,2446,363,130,493,32,52,84,0,0,0,0,2,2,0,0,0,74,47,121,0,1,1,5034,5112,10146,3193,2399,5592,0,0,0,76,48,124,0,0,0,5,1,6,0,0,0,2448,2211,4659,0,0,0,0,0,0,0,0,0,0,0,0,0,0,0,4,5,9,1,0,1,0,0,0,0,0,0,0,0,0,0,0,0,0,0,0,0,0,0,0,0,0,0,0,0,0,0,0,0,0,0,0,0,0,0,0,0,0,0,0,0,0,0,0,0,0
20151107,130889,19682,19936,39618,28630,27033,55663,95281,7117,6108,13225,2,3,5,8,3,11,40,18,58,0,929,929,0,5,5,0,0,0,328,186,514,0,0,0,4752,4786,9538,4105,2531,6636,0,0,0,259,29,288,134,134,268,2,2,4,0,0,0,1847,1762,3609,0,0,0,0,0,0,0,0,0,0,0,0,0,0,0,233,284,517,0,1,1,0,0,0,0,0,0,0,0,0,0,0,0,0,0,0,0,0,0,0,0,0,0,0,0,0,0,0,0,0,0,0,0,0,0,0,0,0,0,0,0,0,0,0,0,0
20151108,140540,22082,20654,42736,30192,28044,58236,100972,8091,6758,14849,1530,1214,2744,123,91,214,33,20,53,0,0,0,0,0,0,0,0,0,100,77,177,0,0,0,5025,5138,10163,2939,3713,6652,0,0,0,27,134,161,0,0,0,1,8,9,0,73,73,1986,2485,4471,0,0,0,0,0,0,0,0,0,0,0,0,0,0,0,1,1,2,0,0,0,0,0,0,0,0,0,0,0,0,0,0,0,0,0,0,0,0,0,0,0,0,0,0,0,0,0,0,0,0,0,0,0,0,0,0,0,0,0,0,0,0,0,0,0,0
20151109,125878,21547,19723,41270,26127,26336,52463,93733,5990,5561,11551,3,0,3,1340,7,1347,42,37,79,1,8,9,1,0,1,0,0,0,0,0,0,2,0,2,4682,4911,9593,2419,2362,4781,0,0,0,0,141,141,0,0,0,12,6,18,158,0,158,2074,2022,4096,0,0,0,0,0,0,0,0,0,0,0,0,0,0,0,186,169,355,0,11,11,0,0,0,0,0,0,0,0,0,0,0,0,0,0,0,0,0,0,0,0,0,0,0,0,0,0,0,0,0,0,0,0,0,0,0,0,0,0,0,0,0,0,0,0,0
20151110,124247,18186,19732,37918,26691,26771,53462,91380,6827,6711,13538,25,3,28,12,6,18,36,59,95,0,0,0,0,0,0,0,0,0,62,72,134,0,0,0,4891,4920,9811,1793,2546,4339,0,0,0,0,0,0,0,0,0,3,5,8,0,0,0,1885,2163,4048,0,0,0,0,0,0,0,0,0,0,0,0,0,0,0,728,120,848,0,0,0,0,0,0,0,0,0,0,0,0,0,0,0,0,0,0,0,0,0,0,0,0,0,0,0,0,0,0,0,0,0,0,0,0,0,0,0,0,0,0,0,0,0,0,0,0
20151111,124780,19470,20377,39847,25091,25435,50526,90373,6394,5893,12287,2,1335,1337,27,30,57,43,85,128,0,0,0,10,28,38,0,0,0,216,220,436,0,0,0,4717,4729,9446,2289,2346,4635,0,0,0,93,39,132,176,182,358,5,17,22,0,0,0,2486,2353,4839,0,0,0,0,0,0,0,0,0,0,0,0,0,0,0,397,295,692,0,0,0,0,0,0,0,0,0,0,0,0,0,0,0,0,0,0,0,0,0,0,0,0,0,0,0,0,0,0,0,0,0,0,0,0,0,0,0,0,0,0,0,0,0,0,0,0
20151112,130453,21310,20192,41502,27472,25857,53329,94831,7336,6589,13925,1203,716,1919,182,379,561,28,42,70,0,0,0,2,2,4,0,0,0,68,76,144,0,0,0,4924,4825,9749,2441,2582,5023,0,0,0,29,40,69,0,0,0,22,2,24,156,147,303,1950,1875,3825,0,0,0,0,0,0,0,0,0,0,0,0,0,0,0,3,3,6,0,0,0,0,0,0,0,0,0,0,0,0,0,0,0,0,0,0,0,0,0,0,0,0,0,0,0,0,0,0,0,0,0,0,0,0,0,0,0,0,0,0,0,0,0,0,0,0
20151113,133599,20558,20721,41279,27534,27842,55376,96655,7418,6037,13455,774,1359,2133,59,95,154,64,39,103,0,2,2,3,0,3,0,0,0,238,214,452,0,3,3,5408,4864,10272,2709,2493,5202,0,0,0,59,66,125,0,0,0,3,8,11,0,0,0,2835,2190,5025,0,0,0,0,0,0,0,0,0,0,0,0,0,0,0,3,1,4,0,0,0,0,0,0,0,0,0,0,0,0,0,0,0,0,0,0,0,0,0,0,0,0,0,0,0,0,0,0,0,0,0,0,0,0,0,0,0,0,0,0,0,0,0,0,0,0
20151114,136594,21615,22177,43792,29592,27543,57135,100927,7142,6490,13632,10,10,20,2,5,7,35,53,88,0,0,0,0,2,2,0,0,0,353,203,556,0,0,0,4861,4734,9595,3596,2809,6405,0,0,0,74,59,133,149,140,289,6,1,7,0,0,0,2557,1969,4526,0,0,0,0,0,0,0,0,0,0,0,0,0,0,0,195,210,405,0,2,2,0,0,0,0,0,0,0,0,0,0,0,0,0,0,0,0,0,0,0,0,0,0,0,0,0,0,0,0,0,0,0,0,0,0,0,0,0,0,0,0,0,0,0,0,0
20151115,152585,25105,24214,49319,31335,29949,61284,110603,7724,7922,15646,1527,1565,3092,736,735,1471,13,22,35,1,0,1,5,5,10,0,0,0,105,103,208,3,0,3,5171,5198,10369,2739,3557,6296,0,0,0,39,92,131,0,0,0,1,0,1,0,0,0,2351,2356,4707,0,0,0,0,0,0,0,0,0,0,0,0,0,0,0,5,7,12,0,0,0,0,0,0,0,0,0,0,0,0,0,0,0,0,0,0,0,0,0,0,0,0,0,0,0,0,0,0,0,0,0,0,0,0,0,0,0,0,0,0,0,0,0,0,0,0
20151116,130136,20396,22119,42515,26635,28459,55094,97609,6013,6674,12687,2,1,3,0,0,0,46,44,90,1,1,2,0,2,2,0,0,0,69,71,140,1,1,2,4763,4908,9671,2369,3113,5482,0,0,0,23,54,77,0,0,0,0,3,3,0,0,0,1984,2243,4227,0,0,0,0,0,0,0,0,0,0,0,0,0,0,0,140,1,141,0,0,0,0,0,0,0,0,0,0,0,0,0,0,0,0,0,0,0,0,0,0,0,0,0,0,0,0,0,0,0,0,0,0,0,0,0,0,0,0,0,0,0,0,0,0,0,0
20151117,129030,18767,19517,38284,26475,28082,54557,92841,6836,6743,13579,1538,1560,3098,13,15,28,26,16,42,0,0,0,0,0,0,0,0,0,216,208,424,4,0,4,4767,4896,9663,2008,2092,4100,0,0,0,21,49,70,0,0,0,2,1,3,0,0,0,2225,2275,4500,0,0,0,0,0,0,0,0,0,0,0,0,0,0,0,345,333,678,0,0,0,0,0,0,0,0,0,0,0,0,0,0,0,0,0,0,0,0,0,0,0,0,0,0,0,0,0,0,0,0,0,0,0,0,0,0,0,0,0,0,0,0,0,0,0,0
20151118,132990,23152,21231,44383,27236,26929,54165,98548,6375,6816,13191,4,0,4,43,50,93,40,59,99,0,0,0,0,0,0,0,0,0,277,229,506,0,8,8,4914,4802,9716,2362,2410,4772,0,0,0,37,26,63,179,174,353,4,2,6,0,0,0,2582,2472,5054,0,0,0,0,0,0,0,0,0,0,0,0,0,0,0,363,214,577,0,0,0,0,0,0,0,0,0,0,0,0,0,0,0,0,0,0,0,0,0,0,0,0,0,0,0,0,0,0,0,0,0,0,0,0,0,0,0,0,0,0,0,0,0,0,0,0
20151119,130677,19433,20336,39769,27027,27100,54127,93896,7951,6946,14897,1566,706,2272,6,88,94,55,33,88,0,0,0,0,0,0,0,0,0,87,79,166,4,0,4,4920,4796,9716,2476,2970,5446,0,0,0,55,17,72,0,0,0,1,5,6,163,156,319,1834,1845,3679,0,0,0,0,0,0,0,0,0,0,0,0,0,0,0,1,1,2,0,20,20,0,0,0,0,0,0,0,0,0,0,0,0,0,0,0,0,0,0,0,0,0,0,0,0,0,0,0,0,0,0,0,0,0,0,0,0,0,0,0,0,0,0,0,0,0
20151120,142850,23891,21953,45844,29726,28433,58159,104003,7734,6663,14397,780,1619,2399,167,89,256,53,55,108,1,0,1,6,0,6,0,0,0,94,73,167,1,1,2,5418,5050,10468,3073,2720,5793,0,0,0,27,43,70,0,0,0,0,3,3,0,0,0,2783,2358,5141,0,0,0,0,0,0,0,0,0,0,0,0,0,0,0,3,1,4,0,32,32,0,0,0,0,0,0,0,0,0,0,0,0,0,0,0,0,0,0,0,0,0,0,0,0,0,0,0,0,0,0,0,0,0,0,0,0,0,0,0,0,0,0,0,0,0
20151121,142343,23579,21888,45467,32917,26938,59855,105322,7802,6079,13881,1,6,7,2,3,5,15,23,38,1,0,1,7,0,7,0,0,0,260,186,446,0,0,0,4835,4565,9400,3828,2876,6704,0,0,0,81,33,114,141,118,259,13,5,18,0,0,0,2736,2410,5146,0,0,0,0,0,0,0,0,0,0,0,0,0,0,0,222,750,972,0,23,23,0,0,0,0,0,0,0,0,0,0,0,0,0,0,0,0,0,0,0,0,0,0,0,0,0,0,0,0,0,0,0,0,0,0,0,0,0,0,0,0,0,0,0,0,0
20151122,146317,24030,23089,47119,30053,28356,58409,105528,7916,7753,15669,1557,1086,2643,49,96,145,21,57,78,0,0,0,0,6,6,0,0,0,95,94,189,0,0,0,5010,5161,10171,3227,3908,7135,0,0,0,25,69,94,0,0,0,1,0,1,158,162,320,2208,2126,4334,0,0,0,0,0,0,0,0,0,0,0,0,0,0,0,1,3,4,0,0,0,0,0,0,0,0,0,0,0,0,0,0,0,0,0,0,0,0,0,0,0,0,0,0,0,0,0,0,0,0,0,0,0,0,0,0,0,0,0,0,0,0,0,0,0,0
20151123,134499,21955,22756,44711,28145,29368,57513,102224,6454,6883,13337,5,4,9,1,0,1,57,92,149,10,10,20,4,0,4,0,0,0,74,72,146,0,0,0,4519,4902,9421,2481,2267,4748,0,0,0,48,18,66,0,0,0,7,5,12,0,0,0,2008,2211,4219,0,0,0,0,0,0,0,0,0,0,0,0,0,0,0,73,4,77,0,66,66,0,0,0,0,0,0,0,0,0,0,0,0,0,0,0,0,0,0,0,0,0,0,0,0,0,0,0,0,0,0,0,0,0,0,0,0,0,0,0,0,0,0,0,0,0
20151124,129020,20060,20936,40996,27047,27229,54276,95272,6798,7420,14218,1,0,1,3,15,18,28,17,45,0,0,0,0,0,0,0,0,0,68,64,132,5,0,5,4697,4991,9688,2282,2240,4522,0,0,0,46,16,62,0,0,0,4,2,6,0,0,0,2189,2458,4647,0,0,0,0,0,0,0,0,0,0,0,0,0,0,0,0,391,391,1,12,13,0,0,0,0,0,0,0,0,0,0,0,0,0,0,0,0,0,0,0,0,0,0,0,0,0,0,0,0,0,0,0,0,0,0,0,0,0,0,0,0,0,0,0,0,0
20151125,129717,20048,21973,42021,25543,26849,52392,94413,6608,6943,13551,8,7,15,319,29,348,69,62,131,0,0,0,6,0,6,0,0,0,327,274,601,1,0,1,4586,4818,9404,2544,2999,5543,0,0,0,21,21,42,182,179,361,5,7,12,0,0,0,2693,2588,5281,0,0,0,0,0,0,0,0,0,0,0,0,0,0,0,1,1,2,0,6,6,0,0,0,0,0,0,0,0,0,0,0,0,0,0,0,0,0,0,0,0,0,0,0,0,0,0,0,0,0,0,0,0,0,0,0,0,0,0,0,0,0,0,0,0,0
20151126,127726,20855,21100,41955,25201,26253,51454,93409,7029,6837,13866,1050,640,1690,0,2,2,53,49,102,0,0,0,0,8,8,0,0,0,100,62,162,0,4,4,4451,4780,9231,2407,2794,5201,0,0,0,19,31,50,0,0,0,0,3,3,141,163,304,1816,1846,3662,0,0,0,0,0,0,0,0,0,0,0,0,0,0,0,3,1,4,2,26,28,0,0,0,0,0,0,0,0,0,0,0,0,0,0,0,0,0,0,0,0,0,0,0,0,0,0,0,0,0,0,0,0,0,0,0,0,0,0,0,0,0,0,0,0,0
20151127,142645,24829,22617,47446,29011,28548,57559,105005,7401,6759,14160,810,1290,2100,5,13,18,48,58,106,789,3,792,3,9,12,0,0,0,95,57,152,5,1,6,5076,5035,10111,2572,2527,5099,0,0,0,42,35,77,0,0,0,2,0,2,0,0,0,2629,2366,4995,0,0,0,0,0,0,0,0,0,0,0,0,0,0,0,1,1,2,0,8,8,0,0,0,0,0,0,0,0,0,0,0,0,0,0,0,0,0,0,0,0,0,0,0,0,0,0,0,0,0,0,0,0,0,0,0,0,0,0,0,0,0,0,0,0,0
20151128,137041,20712,22237,42949,28573,27828,56401,99350,7045,6742,13787,5,793,798,10,1,11,20,78,98,0,0,0,0,15,15,0,0,0,356,261,617,1,0,1,4725,4627,9352,3544,2738,6282,0,0,0,435,29,464,129,153,282,18,28,46,0,0,0,2819,2648,5467,0,0,0,0,0,0,0,0,0,0,0,0,0,0,0,223,134,357,0,114,114,0,0,0,0,0,0,0,0,0,0,0,0,0,0,0,0,0,0,0,0,0,0,0,0,0,0,0,0,0,0,0,0,0,0,0,0,0,0,0,0,0,0,0,0,0
20151129,144958,23483,22754,46237,30155,28758,58913,105150,7954,7530,15484,1170,1561,2731,99,82,181,29,43,72,0,0,0,0,8,8,0,0,0,94,106,200,0,0,0,4888,4934,9822,2772,3669,6441,0,0,0,33,128,161,0,0,0,12,1,13,0,0,0,2295,2352,4647,0,0,0,0,0,0,0,0,0,0,0,0,0,0,0,5,5,10,0,38,38,0,0,0,0,0,0,0,0,0,0,0,0,0,0,0,0,0,0,0,0,0,0,0,0,0,0,0,0,0,0,0,0,0,0,0,0,0,0,0,0,0,0,0,0,0
20151130,128413,22616,21616,44232,26980,26564,53544,97776,5894,5839,11733,1,1,2,8,12,20,84,38,122,0,1,1,10,3,13,0,0,0,23,73,96,0,7,7,4538,4721,9259,2249,2475,4724,0,0,0,30,360,390,0,0,0,6,7,13,0,0,0,1936,1957,3893,0,0,0,0,0,0,0,0,0,0,0,0,0,0,0,127,204,331,0,33,33,0,0,0,0,0,0,0,0,0,0,0,0,0,0,0,0,0,0,0,0,0,0,0,0,0,0,0,0,0,0,0,0,0,0,0,0,0,0,0,0,0,0,0,0,0
20151201,124932,19291,18961,38252,26424,25088,51512,89764,7573,6312,13885,1553,1207,2760,2,2,4,111,39,150,2,4,6,7,14,21,0,0,0,59,42,101,0,0,0,4578,4658,9236,2293,2227,4520,0,0,0,19,22,41,0,0,0,0,0,0,0,0,0,1986,2058,4044,0,0,0,0,0,0,0,0,0,0,0,0,0,0,0,13,364,377,0,23,23,0,0,0,0,0,0,0,0,0,0,0,0,0,0,0,0,0,0,0,0,0,0,0,0,0,0,0,0,0,0,0,0,0,0,0,0,0,0,0,0,0,0,0,0,0
20151202,118642,20235,18961,39196,25264,22714,47978,87174,5881,5806,11687,0,2,2,54,147,201,93,31,124,2,2,4,0,7,7,0,0,0,313,207,520,0,1,1,4505,4436,8941,2159,2299,4458,0,0,0,30,20,50,181,182,363,3,5,8,0,0,0,2349,2282,4631,0,0,0,0,0,0,0,0,0,0,0,0,0,0,0,464,1,465,0,6,6,0,0,0,0,0,0,0,0,0,0,0,0,0,0,0,0,0,0,0,0,0,0,0,0,0,0,0,0,0,0,0,0,0,0,0,0,0,0,0,0,0,0,0,0,0
20151203,123415,21257,18382,39639,26903,24354,51257,90896,6401,6229,12630,1199,765,1964,6,4,10,103,23,126,2,1,3,0,0,0,0,0,0,70,28,98,0,0,0,4763,4434,9197,2309,2411,4720,0,0,0,24,20,44,0,0,0,2,3,5,153,141,294,1803,1566,3369,0,0,0,0,0,0,0,0,0,0,0,0,0,0,0,5,2,7,4,48,52,0,0,0,0,0,0,0,0,0,0,0,0,0,0,0,0,0,0,0,0,0,0,0,0,0,0,0,0,0,0,0,0,0,0,0,0,0,0,0,0,0,0,0,0,0
20151204,128185,21013,19872,40885,25580,26084,51664,92549,6853,6068,12921,859,1047,1906,5,4,9,73,70,143,1,1,2,0,5,5,0,0,0,74,94,168,0,0,0,5118,4770,9888,3233,2593,5826,0,0,0,305,47,352,0,0,0,6,10,16,0,0,0,2476,1910,4386,0,0,0,0,0,0,0,0,0,0,0,0,0,0,0,1,1,2,0,12,12,0,0,0,0,0,0,0,0,0,0,0,0,0,0,0,0,0,0,0,0,0,0,0,0,0,0,0,0,0,0,0,0,0,0,0,0,0,0,0,0,0,0,0,0,0
20151205,128489,21728,20485,42213,26816,26633,53449,95662,6307,5723,12030,21,5,26,11,13,24,35,51,86,0,0,0,0,0,0,0,0,0,394,271,665,0,0,0,4650,4541,9191,3728,2358,6086,0,0,0,0,0,0,115,125,240,9,1,10,0,0,0,2386,2036,4422,0,0,0,0,0,0,0,0,0,0,0,0,0,0,0,3,3,6,2,39,41,0,0,0,0,0,0,0,0,0,0,0,0,0,0,0,0,0,0,0,0,0,0,0,0,0,0,0,0,0,0,0,0,0,0,0,0,0,0,0,0,0,0,0,0,0
20151206,138846,22338,22403,44741,28202,28134,56336,101077,6760,7444,14204,1051,1194,2245,7,6,13,35,73,108,0,0,0,2,0,2,0,0,0,72,71,143,0,0,0,4611,5023,9634,2861,3931,6792,0,0,0,0,308,308,0,0,0,2,6,8,0,0,0,2120,2168,4288,0,0,0,0,0,0,0,0,0,0,0,0,0,0,0,4,4,8,0,16,16,0,0,0,0,0,0,0,0,0,0,0,0,0,0,0,0,0,0,0,0,0,0,0,0,0,0,0,0,0,0,0,0,0,0,0,0,0,0,0,0,0,0,0,0,0
20151207,121938,21088,21786,42874,23957,26056,50013,92887,5307,5629,10936,0,17,17,2,0,2,31,39,70,5,0,5,0,2,2,0,0,0,55,69,124,0,0,0,4358,4765,9123,2380,2539,4919,0,0,0,0,0,0,0,0,0,0,0,0,0,0,0,1666,2151,3817,0,0,0,0,0,0,0,0,0,0,0,0,0,0,0,4,3,7,0,29,29,0,0,0,0,0,0,0,0,0,0,0,0,0,0,0,0,0,0,0,0,0,0,0,0,0,0,0,0,0,0,0,0,0,0,0,0,0,0,0,0,0,0,0,0,0
20151208,120511,20009,19936,39945,24387,24962,49349,89294,6113,6586,12699,2,0,2,6,5,11,63,33,96,1,2,3,0,0,0,0,0,0,60,75,135,0,9,9,4526,4468,8994,2647,2689,5336,0,0,0,0,0,0,0,0,0,1,4,5,0,0,0,1801,2111,3912,0,0,0,0,0,0,0,0,0,0,0,0,0,0,0,2,1,3,1,11,12,0,0,0,0,0,0,0,0,0,0,0,0,0,0,0,0,0,0,0,0,0,0,0,0,0,0,0,0,0,0,0,0,0,0,0,0,0,0,0,0,0,0,0,0,0
20151209,116253,18471,19808,38279,23217,23799,47016,85295,5580,5935,11515,1,1,2,23,38,61,104,58,162,0,6,6,0,0,0,0,0,0,283,266,549,0,0,0,4070,4438,8508,2177,2450,4627,0,0,0,58,35,93,181,180,361,3,1,4,0,0,0,2316,2221,4537,0,0,0,0,0,0,0,0,0,0,0,0,0,0,0,8,447,455,0,78,78,0,0,0,0,0,0,0,0,0,0,0,0,0,0,0,0,0,0,0,0,0,0,0,0,0,0,0,0,0,0,0,0,0,0,0,0,0,0,0,0,0,0,0,0,0
20151210,125258,21462,20323,41785,25034,24764,49798,91583,6778,6686,13464,1177,624,1801,5,8,13,78,91,169,0,4,4,2,0,2,0,0,0,92,61,153,0,0,0,4620,4390,9010,2245,2539,4784,0,0,0,61,30,91,0,0,0,5,5,10,141,153,294,1695,1882,3577,0,0,0,0,0,0,0,0,0,0,0,0,0,0,0,237,33,270,0,33,33,0,0,0,0,0,0,0,0,0,0,0,0,0,0,0,0,0,0,0,0,0,0,0,0,0,0,0,0,0,0,0,0,0,0,0,0,0,0,0,0,0,0,0,0,0
20151211,131150,21623,21869,43492,26524,26437,52961,96453,6671,6700,13371,673,898,1571,53,36,89,114,28,142,0,0,0,0,0,0,0,0,0,77,84,161,0,6,6,4963,4629,9592,2370,2444,4814,0,0,0,295,50,345,0,0,0,3,1,4,0,0,0,2386,2195,4581,0,0,0,0,0,0,0,0,0,0,0,0,0,0,0,6,8,14,0,7,7,0,0,0,0,0,0,0,0,0,0,0,0,0,0,0,0,0,0,0,0,0,0,0,0,0,0,0,0,0,0,0,0,0,0,0,0,0,0,0,0,0,0,0,0,0
20151212,134829,23196,22974,46170,27328,25566,52894,99064,6964,6650,13614,4,4,8,1,2,3,25,30,55,0,0,0,0,0,0,0,0,0,329,241,570,1,0,1,4698,4280,8978,3777,2805,6582,0,0,0,304,40,344,92,95,187,1,7,8,0,0,0,2558,2438,4996,0,0,0,0,0,0,0,0,0,0,0,0,0,0,0,223,173,396,0,23,23,0,0,0,0,0,0,0,0,0,0,0,0,0,0,0,0,0,0,0,0,0,0,0,0,0,0,0,0,0,0,0,0,0,0,0,0,0,0,0,0,0,0,0,0,0
20151213,143794,22782,23144,45926,30313,28014,58327,104253,7816,7604,15420,945,1562,2507,63,91,154,26,32,58,0,0,0,0,0,0,0,0,0,76,94,170,0,0,0,4833,5004,9837,2519,3877,6396,0,0,0,31,425,456,0,0,0,0,5,5,0,0,0,2272,2213,4485,0,0,0,0,0,0,0,0,0,0,0,0,0,0,0,2,3,5,0,48,48,0,0,0,0,0,0,0,0,0,0,0,0,0,0,0,0,0,0,0,0,0,0,0,0,0,0,0,0,0,0,0,0,0,0,0,0,0,0,0,0,0,0,0,0,0
20151214,127331,23285,22791,46076,24845,25756,50601,96677,6132,5996,12128,9,0,9,1,2,3,91,65,156,14,0,14,2,8,10,1,0,1,95,70,165,11,0,11,4396,4813,9209,2054,2908,4962,0,0,0,41,188,229,0,0,0,12,3,15,0,0,0,1633,1964,3597,0,0,0,0,0,0,0,0,0,0,0,0,0,0,0,131,3,134,0,11,11,0,0,0,0,0,0,0,0,0,0,0,0,0,0,0,0,0,0,0,0,0,0,0,0,0,0,0,0,0,0,0,0,0,0,0,0,0,0,0,0,0,0,0,0,0
20151215,127454,20675,21614,42289,25884,25429,51313,93602,6937,6589,13526,1515,14,1529,6,1,7,78,46,124,0,0,0,0,2,2,0,0,0,77,51,128,0,0,0,4618,4780,9398,2305,2294,4599,0,0,0,31,33,64,0,0,0,14,10,24,0,0,0,2158,2276,4434,0,0,0,0,0,0,0,0,0,0,0,0,0,0,0,3,4,7,0,10,10,0,0,0,0,0,0,0,0,0,0,0,0,0,0,0,0,0,0,0,0,0,0,0,0,0,0,0,0,0,0,0,0,0,0,0,0,0,0,0,0,0,0,0,0,0
20151216,122068,19855,21914,41769,24213,23877,48090,89859,6069,6490,12559,3,0,3,34,30,64,111,87,198,3,0,3,0,2,2,0,0,0,383,241,624,0,0,0,4373,4304,8677,2413,2584,4997,0,0,0,24,39,63,170,181,351,18,14,32,0,0,0,2400,2229,4629,0,0,0,0,0,0,0,0,0,0,0,0,0,0,0,3,4,7,0,0,0,0,0,0,0,0,0,0,0,0,0,0,0,0,0,0,0,0,0,0,0,0,0,0,0,0,0,0,0,0,0,0,0,0,0,0,0,0,0,0,0,0,0,0,0,0
20151217,124726,22872,21397,44269,23794,24291,48085,92354,6733,7000,13733,12,824,836,6,2,8,68,42,110,0,0,0,0,0,0,0,0,0,91,142,233,0,0,0,4625,4602,9227,2060,2636,4696,0,0,0,0,0,0,0,0,0,0,0,0,0,0,0,1776,1748,3524,0,0,0,0,0,0,0,0,0,0,0,0,0,0,0,2,3,5,0,0,0,0,0,0,0,0,0,0,0,0,0,0,0,0,0,0,0,0,0,0,0,0,0,0,0,0,0,0,0,0,0,0,0,0,0,0,0,0,0,0,0,0,0,0,0,0
20151218,140845,24750,22836,47586,28807,25807,54614,102200,8136,6772,14908,930,1360,2290,10,13,23,63,260,323,0,0,0,0,7,7,0,0,0,109,92,201,3,0,3,5374,4798,10172,3087,2398,5485,0,0,0,321,41,362,0,0,0,1,11,12,0,0,0,2670,2152,4822,0,0,0,0,0,0,0,0,0,0,0,0,0,0,0,4,3,7,2,28,30,0,0,0,0,0,0,0,0,0,0,0,0,0,0,0,0,0,0,0,0,0,0,0,0,0,0,0,0,0,0,0,0,0,0,0,0,0,0,0,0,0,0,0,0,0
20151219,132535,23415,22553,45968,26999,24176,51175,97143,7472,6527,13999,2,2,4,8,21,29,28,47,75,0,14,14,0,0,0,0,0,0,314,266,580,0,0,0,4823,4480,9303,3889,2497,6386,0,0,0,0,0,0,115,97,212,11,8,19,0,0,0,2475,2279,4754,0,0,0,0,0,0,0,0,0,0,0,0,0,0,0,0,0,0,2,15,17,0,0,0,0,0,0,0,0,0,0,0,0,0,0,0,0,0,0,0,0,0,0,0,0,0,0,0,0,0,0,0,0,0,0,0,0,0,0,0,0,0,0,0,0,0
20151220,143064,25241,22525,47766,29978,25935,55913,103679,8028,7553,15581,1351,1167,2518,12,6,18,32,27,59,0,0,0,4,5,9,0,0,0,85,91,176,0,0,0,4906,5053,9959,2620,3481,6101,0,0,0,47,323,370,0,0,0,17,5,22,0,0,0,2318,2099,4417,0,0,0,0,0,0,0,0,0,0,0,0,0,0,0,3,132,135,0,20,20,0,0,0,0,0,0,0,0,0,0,0,0,0,0,0,0,0,0,0,0,0,0,0,0,0,0,0,0,0,0,0,0,0,0,0,0,0,0,0,0,0,0,0,0,0
20151221,122201,23571,21211,44782,25486,23553,49039,93821,5793,5219,11012,2,4,6,16,4,20,36,75,111,0,0,0,0,0,0,0,0,0,83,86,169,0,1,1,4555,4302,8857,2077,2097,4174,0,0,0,25,35,60,0,0,0,1,5,6,0,0,0,2005,1689,3694,0,0,0,0,0,0,0,0,0,0,0,0,0,0,0,167,67,234,0,36,36,0,0,0,0,0,0,0,0,0,0,0,0,0,0,0,0,0,0,0,0,0,0,0,0,0,0,0,0,0,0,0,0,0,0,0,0,0,0,0,0,0,0,0,0,0
20151222,119987,22057,20104,42161,24704,22608,47312,89473,7603,6134,13737,8,13,21,6,5,11,42,50,92,0,0,0,0,0,0,0,0,0,117,56,173,6,5,11,4613,4571,9184,1878,1994,3872,0,0,0,40,28,68,0,0,0,7,11,18,0,0,0,1300,1767,3067,0,0,0,0,0,0,0,0,0,0,0,0,0,0,0,74,180,254,0,6,6,0,0,0,0,0,0,0,0,0,0,0,0,0,0,0,0,0,0,0,0,0,0,0,0,0,0,0,0,0,0,0,0,0,0,0,0,0,0,0,0,0,0,0,0,0
20151223,137099,22585,21184,43769,26721,23569,50290,94059,7399,6074,13473,4218,4000,8218,39,18,57,53,155,208,0,0,0,0,0,0,0,0,0,349,246,595,0,0,0,4830,4415,9245,2256,2507,4763,0,0,0,37,101,138,169,170,339,11,5,16,0,0,0,2951,2417,5368,0,0,0,0,0,0,0,0,0,0,0,0,0,0,0,96,120,216,0,54,54,0,0,0,228,122,350,0,0,0,0,0,0,0,0,0,0,0,0,0,0,0,0,0,0,0,0,0,0,0,0,0,0,0,0,0,0,0,0,0,0,0,0,0,0,0
20151224,128229,27148,20264,47412,26439,21748,48187,95599,7809,6035,13844,1150,1261,2411,88,69,157,53,34,87,0,0,0,0,0,0,0,0,0,129,66,195,0,5,5,4821,4242,9063,2121,2184,4305,0,0,0,24,14,38,0,0,0,4,6,10,0,0,0,953,1472,2425,0,0,0,0,0,0,0,0,0,0,0,0,0,0,0,4,5,9,1,6,7,0,0,0,41,33,74,0,0,0,0,0,0,0,0,0,0,0,0,0,0,0,0,0,0,0,0,0,0,0,0,0,0,0,0,0,0,0,0,0,0,0,0,0,0,0
20151225,129918,23431,19884,43315,27187,22479,49666,92981,8017,6143,14160,1314,1409,2723,37,35,72,23,43,66,0,0,0,0,0,0,0,0,0,154,31,185,1,0,1,5230,4067,9297,2485,2190,4675,0,0,0,400,25,425,0,0,0,5,0,5,0,0,0,2962,2206,5168,0,0,0,0,0,0,0,0,0,0,0,0,0,0,0,0,0,0,0,10,10,0,0,0,58,92,150,0,0,0,0,0,0,0,0,0,0,0,0,0,0,0,0,0,0,0,0,0,0,0,0,0,0,0,0,0,0,0,0,0,0,0,0,0,0,0
20151226,132515,24584,22822,47406,27473,23400,50873,98279,7439,6245,13684,2,0,2,1,1,2,16,19,35,0,0,0,4,0,4,0,0,0,346,254,600,5,0,5,4899,4133,9032,3457,2394,5851,0,0,0,111,37,148,21,115,136,5,7,12,0,0,0,2279,2071,4350,0,0,0,0,0,0,0,0,0,0,0,0,0,0,0,127,171,298,0,12,12,0,0,0,23,42,65,0,0,0,0,0,0,0,0,0,0,0,0,0,0,0,0,0,0,0,0,0,0,0,0,0,0,0,0,0,0,0,0,0,0,0,0,0,0,0
20151227,139309,25764,23499,49263,27449,24367,51816,101079,8156,7423,15579,1481,582,2063,3,1,4,12,59,71,0,0,0,0,0,0,0,0,0,155,149,304,0,0,0,4985,4525,9510,2515,3220,5735,0,0,0,30,451,481,0,0,0,3,1,4,0,0,0,2272,2172,4444,0,0,0,0,0,0,0,0,0,0,0,0,0,0,0,0,0,0,0,0,0,0,0,0,2,33,35,0,0,0,0,0,0,0,0,0,0,0,0,0,0,0,0,0,0,0,0,0,0,0,0,0,0,0,0,0,0,0,0,0,0,0,0,0,0,0
20151228,122083,22768,23614,46382,24283,21884,46167,92549,6053,5673,11726,0,0,0,3,11,14,28,152,180,0,0,0,2,0,2,0,0,0,141,132,273,17,20,37,4775,4245,9020,2029,2227,4256,0,0,0,42,43,85,0,0,0,1,0,1,0,0,0,1890,2017,3907,0,0,0,0,0,0,0,0,0,0,0,0,0,0,0,3,3,6,0,0,0,0,0,0,19,8,27,0,0,0,0,0,0,0,0,0,0,0,0,0,0,0,0,0,0,0,0,0,0,0,0,0,0,0,0,0,0,0,0,0,0,0,0,0,0,0
20151229,130540,23679,23181,46860,25300,23248,48548,95408,7090,6538,13628,571,1418,1989,10,8,18,39,50,89,0,0,0,475,475,950,0,0,0,118,83,201,0,0,0,5018,4533,9551,2017,1936,3953,0,0,0,36,37,73,0,0,0,0,0,0,0,0,0,2226,2226,4452,0,0,0,0,0,0,0,0,0,0,0,0,0,0,0,89,118,207,0,5,5,0,0,0,8,8,16,0,0,0,0,0,0,0,0,0,0,0,0,0,0,0,0,0,0,0,0,0,0,0,0,0,0,0,0,0,0,0,0,0,0,0,0,0,0,0
20151230,136482,24065,26607,50672,25687,25712,51399,102071,6561,7437,13998,1,0,1,35,13,48,39,195,234,0,0,0,4,0,4,0,0,0,290,340,630,0,0,0,4944,4628,9572,2540,2081,4621,0,0,0,26,20,46,173,169,342,7,7,14,0,0,0,2377,2285,4662,0,0,0,0,0,0,0,0,0,0,0,0,0,0,0,117,85,202,0,16,16,0,0,0,11,10,21,0,0,0,0,0,0,0,0,0,0,0,0,0,0,0,0,0,0,0,0,0,0,0,0,0,0,0,0,0,0,0,0,0,0,0,0,0,0,0
20151231,129827,19398,25246,44644,23061,25708,48769,93413,6715,7662,14377,1421,1592,3013,5,5,10,13,202,215,3,0,3,0,8,8,0,0,0,75,91,166,3,3,6,4628,4817,9445,2485,2386,4871,0,0,0,19,34,53,0,0,0,1,3,4,0,0,0,1924,2262,4186,0,0,0,0,0,0,0,0,0,0,0,0,0,0,0,0,1,1,0,15,15,10,0,10,26,5,31,0,0,0,0,0,0,0,0,0,0,0,0,0,0,0,0,0,0,0,0,0,0,0,0,0,0,0,0,0,0,0,0,0,0,0,0,0,0,0
