20160101,122001,17218,24141,41359,19389,25771,45160,86519,5784,6917,12701,1608,1571,3179,1,1,2,23,28,51,0,0,0,11,0,11,0,0,0,65,72,137,0,4,4,3776,4822,8598,3756,2662,6418,0,0,0,444,13,457,0,0,0,5,8,13,0,0,0,1730,2018,3748,0,0,0,0,0,0,0,0,0,0,0,0,0,0,0,4,5,9,0,0,0,0,0,0,110,44,154,0,0,0,0,0,0,0,0,0,0,0,0,0,0,0,0,0,0,0,0,0,0,0,0,0,0,0,0,0,0,0,0,0,0,0,0,0,0,0
20160102,123103,20838,24043,44881,22009,25331,47340,92221,5713,6416,12129,0,0,0,3,5,8,31,38,69,0,0,0,4,5,9,0,0,0,249,317,566,0,0,0,3775,4700,8475,2573,2798,5371,0,0,0,18,43,61,0,0,0,3,1,4,0,0,0,1919,1943,3862,0,0,0,0,0,0,0,0,0,0,0,0,0,0,0,110,129,239,0,0,0,0,0,0,9,80,89,0,0,0,0,0,0,0,0,0,0,0,0,0,0,0,0,0,0,0,0,0,0,0,0,0,0,0,0,0,0,0,0,0,0,0,0,0,0,0
20160103,142623,22275,25480,47755,27530,28130,55660,103415,7819,8140,15959,1506,259,1765,44,35,79,9,180,189,3,3,6,3,0,3,0,0,0,89,149,238,0,0,0,4784,5490,10274,2500,3005,5505,0,0,0,20,450,470,0,0,0,4,4,8,0,0,0,2160,2386,4546,0,0,0,0,0,0,0,0,0,0,0,0,0,0,0,0,0,0,0,10,10,0,0,0,82,74,156,0,0,0,0,0,0,0,0,0,0,0,0,0,0,0,0,0,0,0,0,0,0,0,0,0,0,0,0,0,0,0,0,0,0,0,0,0,0,0
20160104,128328,23177,24841,48018,22478,27504,49982,98000,6087,6830,12917,1,0,1,1,2,3,28,173,201,1,0,1,0,4,4,0,0,0,76,134,210,0,6,6,4411,5149,9560,1351,1956,3307,0,0,0,20,24,44,0,0,0,0,7,7,0,0,0,1625,2131,3756,0,0,0,0,0,0,0,0,0,0,0,0,0,0,0,82,170,252,0,0,0,0,0,0,10,49,59,0,0,0,0,0,0,0,0,0,0,0,0,0,0,0,0,0,0,0,0,0,0,0,0,0,0,0,0,0,0,0,0,0,0,0,0,0,0,0
20160105,108688,17711,20850,38561,19350,25609,44959,83520,5612,6130,11742,5,1,6,1,0,1,25,284,309,0,0,0,0,0,0,0,0,0,0,0,0,2,0,2,4145,5168,9313,0,0,0,0,0,0,21,0,21,0,0,0,6,0,6,0,0,0,1540,2199,3739,0,0,0,0,0,0,0,0,0,0,0,0,0,0,0,1,8,9,0,20,20,0,0,0,0,0,0,0,0,0,0,0,0,0,0,0,0,0,0,0,0,0,0,0,0,0,0,0,0,0,0,0,0,0,0,0,0,0,0,0,0,0,0,0,0,0
20160106,103315,15925,18482,34407,17538,23594,41132,75539,4249,5153,9402,0,2,2,18,17,35,42,237,279,1,1,2,1,10,11,0,0,0,280,334,614,0,0,0,3786,4551,8337,2040,2869,4909,0,0,0,11,26,37,156,173,329,2,1,3,0,0,0,1667,2104,3771,0,0,0,0,0,0,0,0,0,0,0,0,0,0,0,4,0,4,0,14,14,0,0,0,21,6,27,0,0,0,0,0,0,0,0,0,0,0,0,0,0,0,0,0,0,0,0,0,0,0,0,0,0,0,0,0,0,0,0,0,0,0,0,0,0,0
20160107,97701,16330,17413,33743,17326,20522,37848,71591,5388,5738,11126,2,3,5,85,88,173,41,183,224,0,1,1,0,0,0,0,0,0,0,0,0,4,0,4,3562,4199,7761,1592,2061,3653,0,0,0,15,14,29,0,0,0,1,0,1,0,0,0,1425,1640,3065,0,0,0,0,0,0,0,0,0,0,0,0,0,0,0,2,2,4,1,16,17,0,0,0,34,13,47,0,0,0,0,0,0,0,0,0,0,0,0,0,0,0,0,0,0,0,0,0,0,0,0,0,0,0,0,0,0,0,0,0,0,0,0,0,0,0
20160108,106992,18623,18406,37029,21230,22154,43384,80413,5538,5536,11074,41,26,67,37,55,92,119,50,169,12,0,12,0,1,1,0,0,0,62,45,107,0,5,5,4028,3835,7863,1776,1591,3367,0,0,0,33,18,51,0,0,0,1,0,1,0,0,0,1885,1780,3665,0,0,0,0,0,0,0,0,0,0,0,0,0,0,0,0,2,2,0,9,9,0,0,0,55,39,94,0,0,0,0,0,0,0,0,0,0,0,0,0,0,0,0,0,0,0,0,0,0,0,0,0,0,0,0,0,0,0,0,0,0,0,0,0,0,0
20160109,105764,17880,17854,35734,22200,20295,42495,78229,5218,4938,10156,6,5,11,18,11,29,54,95,149,1,0,1,2,2,4,0,0,0,299,316,615,2,4,6,4142,3821,7963,2866,1904,4770,0,0,0,45,12,57,0,0,0,2,2,4,0,0,0,1653,1604,3257,0,0,0,0,0,0,0,0,0,0,0,0,0,0,0,104,299,403,0,10,10,0,0,0,99,1,100,0,0,0,0,0,0,0,0,0,0,0,0,0,0,0,0,0,0,0,0,0,0,0,0,0,0,0,0,0,0,0,0,0,0,0,0,0,0,0
20160110,118965,18176,20921,39097,22961,25086,48047,87144,6244,6955,13199,69,36,105,50,26,76,28,164,192,0,0,0,0,0,0,0,0,0,62,83,145,4,0,4,4282,4590,8872,1964,3017,4981,0,0,0,12,80,92,0,0,0,3,14,17,0,0,0,1820,2152,3972,0,0,0,0,0,0,0,0,0,0,0,0,0,0,0,4,2,6,0,8,8,0,0,0,40,112,152,0,0,0,0,0,0,0,0,0,0,0,0,0,0,0,0,0,0,0,0,0,0,0,0,0,0,0,0,0,0,0,0,0,0,0,0,0,0,0
20160111,110834,18091,21361,39452,20376,24309,44685,84137,4466,5602,10068,0,8,8,1,3,4,31,30,61,4,3,7,0,0,0,0,0,0,39,70,109,0,0,0,3916,4731,8647,2182,2221,4403,0,0,0,19,14,33,0,0,0,12,1,13,0,0,0,1150,1841,2991,0,0,0,0,0,0,0,0,0,0,0,0,0,0,0,101,164,265,0,22,22,0,0,0,4,62,66,0,0,0,0,0,0,0,0,0,0,0,0,0,0,0,0,0,0,0,0,0,0,0,0,0,0,0,0,0,0,0,0,0,0,0,0,0,0,0
20160112,102606,15189,16966,32155,21814,21586,43400,75555,5430,5812,11242,1,14,15,5,3,8,81,96,177,2,0,2,0,0,0,0,0,0,0,0,0,0,0,0,4332,4445,8777,1510,1609,3119,0,0,0,25,13,38,0,0,0,1,17,18,0,0,0,1807,1798,3605,0,0,0,0,0,0,0,0,0,0,0,0,0,0,0,8,4,12,0,21,21,0,0,0,11,6,17,0,0,0,0,0,0,0,0,0,0,0,0,0,0,0,0,0,0,0,0,0,0,0,0,0,0,0,0,0,0,0,0,0,0,0,0,0,0,0
20160113,104186,16989,18007,34996,22489,19868,42357,77353,5173,4960,10133,0,5,5,22,53,75,12,70,82,16,0,16,0,0,0,0,0,0,321,316,637,0,0,0,4364,4210,8574,1739,1448,3187,0,0,0,19,14,33,168,150,318,18,11,29,0,0,0,1990,1700,3690,0,0,0,0,0,0,0,0,0,0,0,0,0,0,0,4,4,8,0,30,30,0,0,0,7,9,16,0,0,0,0,0,0,0,0,0,0,0,0,0,0,0,0,0,0,0,0,0,0,0,0,0,0,0,0,0,0,0,0,0,0,0,0,0,0,0
20160114,110897,19730,17803,37533,24648,20898,45546,83079,6161,5393,11554,6,5,11,61,105,166,57,149,206,0,11,11,0,9,9,0,0,0,76,39,115,0,0,0,4643,4019,8662,2010,1582,3592,0,0,0,21,13,34,0,0,0,6,4,10,0,0,0,1846,1531,3377,0,0,0,0,0,0,0,0,0,0,0,0,0,0,0,9,2,11,2,6,8,0,0,0,17,35,52,0,0,0,0,0,0,0,0,0,0,0,0,0,0,0,0,0,0,0,0,0,0,0,0,0,0,0,0,0,0,0,0,0,0,0,0,0,0,0
20160115,127717,21439,20939,42378,26926,25419,52345,94723,7635,6147,13782,44,74,118,70,517,587,32,63,95,0,13,13,0,0,0,0,0,0,91,25,116,0,0,0,5177,4637,9814,2771,1453,4224,0,0,0,70,8,78,0,0,0,6,0,6,0,0,0,2332,1748,4080,0,0,0,0,0,0,0,0,0,0,0,0,0,0,0,2,1,3,4,7,11,0,0,0,59,8,67,0,0,0,0,0,0,0,0,0,0,0,0,0,0,0,0,0,0,0,0,0,0,0,0,0,0,0,0,0,0,0,0,0,0,0,0,0,0,0
20160116,128214,17737,23759,41496,25113,27958,53071,94567,5830,7293,13123,0,2,2,8,7,15,15,33,48,0,4,4,0,8,8,0,0,0,297,335,632,0,0,0,4531,4728,9259,3067,2696,5763,0,0,0,46,17,63,0,0,0,0,6,6,0,0,0,1715,1935,3650,0,0,0,0,0,0,0,0,0,0,0,0,0,0,0,170,728,898,0,8,8,0,0,0,136,32,168,0,0,0,0,0,0,0,0,0,0,0,0,0,0,0,0,0,0,0,0,0,0,0,0,0,0,0,0,0,0,0,0,0,0,0,0,0,0,0
20160117,137920,17440,27256,44696,24729,32403,57132,101828,6077,8802,14879,57,134,191,54,178,232,30,24,54,1,1,2,0,0,0,0,0,0,24,99,123,0,0,0,4732,5510,10242,1834,3828,5662,0,0,0,15,91,106,0,0,0,2,1,3,0,0,0,1915,2469,4384,0,0,0,0,0,0,0,0,0,0,0,0,0,0,0,5,7,12,0,0,0,0,0,0,76,126,202,0,0,0,0,0,0,0,0,0,0,0,0,0,0,0,0,0,0,0,0,0,0,0,0,0,0,0,0,0,0,0,0,0,0,0,0,0,0,0
20160118,129299,19244,25150,44394,24491,30113,54604,98998,4649,7402,12051,3,1,4,1,3,4,62,77,139,1,1,2,0,0,0,0,0,0,0,0,0,0,4,4,4517,5136,9653,1836,2950,4786,0,0,0,25,52,77,0,0,0,1,0,1,0,0,0,1286,2088,3374,0,0,0,0,0,0,0,0,0,0,0,0,0,0,0,9,10,19,3,0,3,0,0,0,113,71,184,0,0,0,0,0,0,0,0,0,0,0,0,0,0,0,0,0,0,0,0,0,0,0,0,0,0,0,0,0,0,0,0,0,0,0,0,0,0,0
20160119,127003,17371,22970,40341,24874,29377,54251,94592,6036,7814,13850,0,0,0,5,7,12,26,43,69,3,0,3,13,0,13,0,0,0,68,92,160,0,1,1,4889,5242,10131,1955,2127,4082,0,0,0,0,0,0,0,0,0,6,11,17,0,0,0,1648,2263,3911,0,0,0,0,0,0,0,0,0,0,0,0,0,0,0,5,5,10,0,21,21,0,0,0,26,105,131,0,0,0,0,0,0,0,0,0,0,0,0,0,0,0,0,0,0,0,0,0,0,0,0,0,0,0,0,0,0,0,0,0,0,0,0,0,0,0
20160120,138979,19790,26123,45913,28814,29698,58512,104425,6448,7386,13834,6,6,12,68,56,124,51,58,109,1,0,1,0,0,0,0,0,0,299,378,677,0,0,0,4767,5087,9854,2336,2408,4744,0,0,0,31,47,78,182,169,351,10,5,15,0,0,0,2315,2268,4583,0,0,0,0,0,0,0,0,0,0,0,0,0,0,0,2,2,4,0,26,26,0,0,0,49,93,142,0,0,0,0,0,0,0,0,0,0,0,0,0,0,0,0,0,0,0,0,0,0,0,0,0,0,0,0,0,0,0,0,0,0,0,0,0,0,0
20160121,137222,20696,25235,45931,25407,30092,55499,101430,7536,8450,15986,0,1,1,7,10,17,45,83,128,0,0,0,1,0,1,0,0,0,0,0,0,2,1,3,4852,5045,9897,2386,2687,5073,0,0,0,11,71,82,0,0,0,12,12,24,104,51,155,2161,2227,4388,0,0,0,0,0,0,0,0,0,0,0,0,0,0,0,1,1,2,0,8,8,0,0,0,20,7,27,0,0,0,0,0,0,0,0,0,0,0,0,0,0,0,0,0,0,0,0,0,0,0,0,0,0,0,0,0,0,0,0,0,0,0,0,0,0,0
20160122,143096,22090,25235,47325,28177,30334,58511,105836,8285,8632,16917,87,57,144,9,4,13,49,54,103,0,1,1,0,0,0,0,0,0,49,99,148,0,0,0,5305,5143,10448,2196,2609,4805,0,0,0,56,0,56,0,0,0,5,6,11,0,0,0,2320,2189,4509,0,0,0,0,0,0,0,0,0,0,0,0,0,0,0,3,4,7,0,14,14,0,0,0,0,84,84,0,0,0,0,0,0,0,0,0,0,0,0,0,0,0,0,0,0,0,0,0,0,0,0,0,0,0,0,0,0,0,0,0,0,0,0,0,0,0
20160123,141725,23111,25248,48359,28912,28100,57012,105371,7828,7742,15570,6,1,7,1,4,5,39,35,74,0,3,3,0,0,0,0,0,0,334,276,610,1,4,5,4695,4685,9380,3615,2331,5946,0,0,0,0,0,0,156,12,168,0,0,0,0,0,0,2635,1945,4580,0,0,0,0,0,0,0,0,0,0,0,0,0,0,0,0,6,6,0,0,0,0,0,0,0,0,0,0,0,0,0,0,0,0,0,0,0,0,0,0,0,0,0,0,0,0,0,0,0,0,0,0,0,0,0,0,0,0,0,0,0,0,0,0,0,0
20160124,153681,24533,26141,50674,31877,31996,63873,114547,8781,8430,17211,190,34,224,7,6,13,18,16,34,0,0,0,0,0,0,0,0,0,65,57,122,0,7,7,5498,5052,10550,3002,3148,6150,0,0,0,0,72,72,0,0,0,2,6,8,0,0,0,2317,2337,4654,0,0,0,0,0,0,0,0,0,0,0,0,0,0,0,4,3,7,0,0,0,0,0,0,52,30,82,0,0,0,0,0,0,0,0,0,0,0,0,0,0,0,0,0,0,0,0,0,0,0,0,0,0,0,0,0,0,0,0,0,0,0,0,0,0,0
20160125,148898,25964,24881,50845,33152,30136,63288,114133,7537,7689,15226,48,373,421,1,10,11,47,63,110,0,0,0,0,14,14,0,0,0,0,0,0,7,0,7,5062,4801,9863,2363,2228,4591,0,0,0,30,38,68,0,0,0,6,7,13,0,0,0,2132,2104,4236,0,0,0,0,0,0,0,0,0,0,0,0,0,0,0,17,4,21,0,5,5,0,0,0,133,46,179,0,0,0,0,0,0,0,0,0,0,0,0,0,0,0,0,0,0,0,0,0,0,0,0,0,0,0,0,0,0,0,0,0,0,0,0,0,0,0
20160126,143817,24358,22269,46627,32246,27363,59609,106236,8611,7552,16163,368,1728,2096,16,12,28,70,43,113,6,1,7,0,0,0,0,0,0,65,43,108,0,6,6,5346,4713,10059,2241,1734,3975,0,0,0,27,47,74,0,0,0,1,9,10,0,0,0,2438,1782,4220,0,0,0,0,0,0,0,0,0,0,0,0,0,0,0,167,486,653,0,0,0,0,0,0,34,35,69,0,0,0,0,0,0,0,0,0,0,0,0,0,0,0,0,0,0,0,0,0,0,0,0,0,0,0,0,0,0,0,0,0,0,0,0,0,0,0
20160127,137752,23197,23253,46450,31265,26648,57913,104363,8166,6541,14707,0,0,0,76,33,109,68,69,137,4,6,10,0,0,0,0,0,0,251,192,443,21,7,28,5391,4582,9973,2087,1980,4067,0,0,0,20,22,42,181,182,363,16,2,18,0,0,0,1570,1577,3147,0,0,0,0,0,0,0,0,0,0,0,0,0,0,0,43,74,117,3,55,58,0,0,0,54,116,170,0,0,0,0,0,0,0,0,0,0,0,0,0,0,0,0,0,0,0,0,0,0,0,0,0,0,0,0,0,0,0,0,0,0,0,0,0,0,0
20160128,123220,20405,19351,39756,26755,23674,50429,90185,7363,6356,13719,1709,561,2270,74,220,294,17,39,56,0,0,0,0,0,0,0,0,0,0,26,26,9,3,12,4356,3550,7906,2363,1476,3839,0,0,0,22,36,58,155,104,259,0,0,0,155,69,224,1974,2334,4308,0,0,0,0,0,0,0,0,0,0,0,0,0,0,0,1,0,1,0,16,16,0,0,0,6,41,47,0,0,0,0,0,0,0,0,0,0,0,0,0,0,0,0,0,0,0,0,0,0,0,0,0,0,0,0,0,0,0,0,0,0,0,0,0,0,0
20160129,146657,23921,23838,47759,33130,28072,61202,108961,8718,7313,16031,659,1059,1718,70,242,312,44,68,112,0,0,0,0,8,8,0,0,0,63,89,152,0,1,1,5382,4908,10290,2369,1925,4294,0,0,0,19,27,46,0,0,0,5,5,10,0,0,0,2667,1850,4517,0,0,0,0,0,0,0,0,0,0,0,0,0,0,0,3,2,5,1,32,33,0,0,0,105,62,167,0,0,0,0,0,0,0,0,0,0,0,0,0,0,0,0,0,0,0,0,0,0,0,0,0,0,0,0,0,0,0,0,0,0,0,0,0,0,0
20160130,152403,26101,24365,50466,33927,28583,62510,112976,9151,7523,16674,3,3,6,2,2,4,76,51,127,0,4,4,7,0,7,0,0,0,359,235,594,1,6,7,4893,4632,9525,3710,2360,6070,0,0,0,22,62,84,162,156,318,2,4,6,0,0,0,2881,2025,4906,0,0,0,0,0,0,0,0,0,0,0,0,0,0,0,207,636,843,1,32,33,0,0,0,149,70,219,0,0,0,0,0,0,0,0,0,0,0,0,0,0,0,0,0,0,0,0,0,0,0,0,0,0,0,0,0,0,0,0,0,0,0,0,0,0,0
20160131,155392,26136,24988,51124,35289,29958,65247,116371,8876,7531,16407,1002,1147,2149,3,8,11,23,16,39,4,4,8,0,0,0,0,0,0,94,40,134,0,0,0,5303,4743,10046,2776,2948,5724,0,0,0,27,109,136,0,0,0,7,1,8,0,0,0,2317,1986,4303,0,0,0,0,0,0,0,0,0,0,0,0,0,0,0,0,1,1,3,8,11,0,0,0,6,38,44,0,0,0,0,0,0,0,0,0,0,0,0,0,0,0,0,0,0,0,0,0,0,0,0,0,0,0,0,0,0,0,0,0,0,0,0,0,0,0
20160201,138443,26900,21373,48273,32133,27031,59164,107437,7946,6122,14068,1,0,1,8,12,20,54,22,76,0,0,0,1,1,2,0,0,0,121,35,156,0,2,2,4650,4186,8836,2478,1691,4169,0,0,0,0,0,0,0,0,0,0,0,0,0,0,0,2128,1425,3553,0,0,0,0,0,0,0,0,0,0,0,0,0,0,0,2,1,3,0,14,14,0,0,0,0,106,106,0,0,0,0,0,0,0,0,0,0,0,0,0,0,0,0,0,0,0,0,0,0,0,0,0,0,0,0,0,0,0,0,0,0,0,0,0,0,0
20160202,130363,21030,20263,41293,30279,25773,56052,97345,9382,6570,15952,1,0,1,12,5,17,29,12,41,6,6,12,2,10,12,0,0,0,94,21,115,1,0,1,4511,4140,8651,2398,1615,4013,0,0,0,0,0,0,0,0,0,0,0,0,0,0,0,2509,1545,4054,0,0,0,0,0,0,0,0,0,0,0,0,0,0,0,6,8,14,0,4,4,0,0,0,73,58,131,0,0,0,0,0,0,0,0,0,0,0,0,0,0,0,0,0,0,0,0,0,0,0,0,0,0,0,0,0,0,0,0,0,0,0,0,0,0,0
20160203,147596,25768,22782,48550,33553,29227,62780,111330,8776,6567,15343,3,2,5,111,59,170,62,42,104,0,0,0,0,0,0,0,0,0,337,222,559,5,20,25,4253,4467,8720,2810,2182,4992,0,0,0,32,103,135,157,181,338,0,6,6,0,0,0,2871,1973,4844,0,0,0,0,0,0,0,0,0,0,0,0,0,0,0,229,754,983,0,2,2,0,0,0,15,25,40,0,0,0,0,0,0,0,0,0,0,0,0,0,0,0,0,0,0,0,0,0,0,0,0,0,0,0,0,0,0,0,0,0,0,0,0,0,0,0
20160204,162148,26919,26673,53592,36402,33419,69821,123413,10049,8084,18133,1008,195,1203,146,297,443,20,57,77,0,0,0,0,0,0,0,0,0,122,31,153,0,0,0,4481,4503,8984,2784,1888,4672,0,0,0,24,113,137,103,155,258,3,0,3,110,154,264,2421,1866,4287,0,0,0,0,0,0,0,0,0,0,0,0,0,0,0,1,2,3,0,50,50,0,0,0,22,46,68,0,0,0,0,0,0,0,0,0,0,0,0,0,0,0,0,0,0,0,0,0,0,0,0,0,0,0,0,0,0,0,0,0,0,0,0,0,0,0
20160205,161584,24555,27454,52009,34168,36905,71073,123082,9264,7985,17249,425,758,1183,92,275,367,30,52,82,1,0,1,4,7,11,0,0,0,266,206,472,8,2,10,4891,5000,9891,2575,1520,4095,0,0,0,15,65,80,0,0,0,0,1,1,48,0,48,2733,2168,4901,0,0,0,0,0,0,0,0,0,0,0,0,0,0,0,24,5,29,1,20,21,0,0,0,17,44,61,0,0,0,0,0,0,0,0,0,0,0,0,0,0,0,0,0,0,0,0,0,0,0,0,0,0,0,0,0,0,0,0,0,0,0,0,0,0,0
20160206,168940,27812,29147,56959,36165,36813,72978,129937,9748,9043,18791,5,5,10,2,0,2,26,30,56,0,0,0,0,9,9,0,0,0,231,320,551,1,0,1,4650,4702,9352,2234,1333,3567,0,0,0,0,68,68,130,154,284,5,1,6,0,0,0,2885,2380,5265,0,0,0,0,0,0,0,0,0,0,0,0,0,0,0,263,726,989,0,0,0,0,0,0,8,44,52,0,0,0,0,0,0,0,0,0,0,0,0,0,0,0,0,0,0,0,0,0,0,0,0,0,0,0,0,0,0,0,0,0,0,0,0,0,0,0
20160207,136555,23220,25662,48882,27255,30191,57446,106328,6916,7538,14454,697,1741,2438,0,1,1,33,33,66,1,0,1,0,0,0,0,0,0,144,52,196,0,0,0,3740,4248,7988,810,603,1413,0,0,0,9,47,56,0,0,0,2,8,10,0,0,0,1818,1753,3571,0,0,0,0,0,0,0,0,0,0,0,0,0,0,0,23,0,23,0,0,0,0,0,0,3,7,10,0,0,0,0,0,0,0,0,0,0,0,0,0,0,0,0,0,0,0,0,0,0,0,0,0,0,0,0,0,0,0,0,0,0,0,0,0,0,0
20160208,135344,19167,28358,47525,26227,33134,59361,106886,5930,7645,13575,0,0,0,2,7,9,19,17,36,0,0,0,0,0,0,0,0,0,76,64,140,0,0,0,3430,4463,7893,1529,1379,2908,0,0,0,3,93,96,0,0,0,5,1,6,0,0,0,1749,1977,3726,0,0,0,0,0,0,0,0,0,0,0,0,0,0,0,0,0,0,0,0,0,0,0,0,6,63,69,0,0,0,0,0,0,0,0,0,0,0,0,0,0,0,0,0,0,0,0,0,0,0,0,0,0,0,0,0,0,0,0,0,0,0,0,0,0,0
20160209,152319,23013,29002,52015,30367,34033,64400,116415,8146,8920,17066,0,0,0,5,0,5,19,26,45,0,0,0,0,0,0,0,0,0,86,48,134,0,0,0,4332,4525,8857,3064,2002,5066,0,0,0,39,79,118,0,0,0,5,3,8,0,0,0,2252,2137,4389,0,0,0,0,0,0,0,0,0,0,0,0,0,0,0,2,3,5,0,20,20,0,0,0,89,102,191,0,0,0,0,0,0,0,0,0,0,0,0,0,0,0,0,0,0,0,0,0,0,0,0,0,0,0,0,0,0,0,0,0,0,0,0,0,0,0
20160210,164536,28253,30099,58352,33552,32136,65688,124040,7636,8350,15986,0,0,0,765,62,827,8,14,22,0,0,0,0,1,1,0,0,0,317,328,645,0,0,0,4753,4408,9161,2913,3142,6055,0,0,0,26,33,59,194,157,351,2,0,2,0,0,0,3217,3002,6219,0,0,0,0,0,0,0,0,0,0,0,0,0,0,0,471,379,850,0,41,41,0,0,0,210,67,277,0,0,0,0,0,0,0,0,0,0,0,0,0,0,0,0,0,0,0,0,0,0,0,0,0,0,0,0,0,0,0,0,0,0,0,0,0,0,0
20160211,165453,27647,26059,53706,36538,31225,67763,121469,9311,8701,18012,1752,1760,3512,486,121,607,12,13,25,0,0,0,0,4,4,0,0,0,56,140,196,0,0,0,4971,4615,9586,2841,3545,6386,0,0,0,39,54,93,167,110,277,1,2,3,141,100,241,2331,2449,4780,0,0,0,0,0,0,0,0,0,0,0,0,0,0,0,4,25,29,0,0,0,0,0,0,93,140,233,0,0,0,0,0,0,0,0,0,0,0,0,0,0,0,0,0,0,0,0,0,0,0,0,0,0,0,0,0,0,0,0,0,0,0,0,0,0,0
20160212,170821,31699,24942,56641,38282,32624,70906,127547,9486,8097,17583,1368,1885,3253,451,99,550,16,23,39,0,0,0,1,0,1,0,0,0,90,141,231,0,0,0,5288,4307,9595,2476,3845,6321,0,0,0,58,56,114,0,32,32,1,0,1,118,46,164,2497,2619,5116,0,0,0,0,0,0,0,0,0,0,0,0,0,0,0,0,23,23,3,4,7,0,0,0,86,158,244,0,0,0,0,0,0,0,0,0,0,0,0,0,0,0,0,0,0,0,0,0,0,0,0,0,0,0,0,0,0,0,0,0,0,0,0,0,0,0
20160213,177424,35123,25608,60731,42711,34643,77354,138085,10160,10004,20164,1,0,1,8,7,15,13,10,23,0,0,0,0,0,0,0,0,0,363,244,607,0,0,0,4939,4182,9121,1054,984,2038,0,0,0,102,39,141,146,141,287,0,0,0,0,0,0,2842,2841,5683,0,0,0,0,0,0,0,0,0,0,0,0,0,0,0,692,379,1071,0,0,0,0,0,0,109,79,188,0,0,0,0,0,0,0,0,0,0,0,0,0,0,0,0,0,0,0,0,0,0,0,0,0,0,0,0,0,0,0,0,0,0,0,0,0,0,0
20160214,181218,30843,25587,56430,40645,38938,79583,136013,10092,9275,19367,1910,1147,3057,6,0,6,32,18,50,0,0,0,0,0,0,0,0,0,280,312,592,0,0,0,5409,5096,10505,2509,3050,5559,0,0,0,0,0,0,111,138,249,0,0,0,0,0,0,2831,2813,5644,0,0,0,0,0,0,0,0,0,0,0,0,0,0,0,0,0,0,1,0,1,0,0,0,126,49,175,0,0,0,0,0,0,0,0,0,0,0,0,0,0,0,0,0,0,0,0,0,0,0,0,0,0,0,0,0,0,0,0,0,0,0,0,0,0,0
20160215,172024,32593,25407,58000,39437,36636,76073,134073,8276,8477,16753,1,3,4,0,14,14,31,31,62,0,0,0,0,1,1,0,0,0,79,155,234,0,0,0,4947,4288,9235,2667,4083,6750,0,0,0,188,34,222,0,0,0,0,1,1,0,0,0,2159,2445,4604,0,0,0,0,0,0,0,0,0,0,0,0,0,0,0,5,1,6,5,0,5,0,0,0,34,26,60,0,0,0,0,0,0,0,0,0,0,0,0,0,0,0,0,0,0,0,0,0,0,0,0,0,0,0,0,0,0,0,0,0,0,0,0,0,0,0
20160216,154253,26383,21234,47617,33896,32927,66823,114440,8542,9403,17945,4,4,8,607,3,610,716,44,760,1,1,2,0,0,0,0,0,0,30,136,166,4,0,4,4647,4128,8775,2132,3080,5212,0,0,0,89,35,124,0,0,0,1,2,3,0,0,0,2018,2643,4661,0,0,0,0,0,0,0,0,0,0,0,0,0,0,0,751,657,1408,0,22,22,0,0,0,86,27,113,0,0,0,0,0,0,0,0,0,0,0,0,0,0,0,0,0,0,0,0,0,0,0,0,0,0,0,0,0,0,0,0,0,0,0,0,0,0,0
20160217,143315,25369,22059,47428,28748,30961,59709,107137,7163,8103,15266,1,671,672,64,81,145,33,28,61,0,0,0,3,15,18,0,0,0,292,295,587,0,0,0,4367,4171,8538,1988,2846,4834,0,0,0,48,24,72,180,180,360,9,6,15,0,0,0,2125,2658,4783,0,0,0,0,0,0,0,0,0,0,0,0,0,0,0,465,252,717,0,53,53,0,0,0,21,36,57,0,0,0,0,0,0,0,0,0,0,0,0,0,0,0,0,0,0,0,0,0,0,0,0,0,0,0,0,0,0,0,0,0,0,0,0,0,0,0
20160218,136438,23970,20531,44501,26714,29017,55731,100232,7095,8182,15277,789,495,1284,302,261,563,36,35,71,0,596,596,0,0,0,0,0,0,40,154,194,6,0,6,4133,4510,8643,1663,2740,4403,0,0,0,53,68,121,35,141,176,1,2,3,110,151,261,2012,2511,4523,0,0,0,0,0,0,0,0,0,0,0,0,0,0,0,2,3,5,1,34,35,0,0,0,16,29,45,0,0,0,0,0,0,0,0,0,0,0,0,0,0,0,0,0,0,0,0,0,0,0,0,0,0,0,0,0,0,0,0,0,0,0,0,0,0,0
20160219,134225,24171,19906,44077,25540,29412,54952,99029,6710,7565,14275,602,716,1318,585,133,718,24,37,61,0,0,0,3,0,3,0,0,0,52,119,171,1,1,2,4623,4998,9621,1862,2173,4035,0,0,0,27,65,92,0,0,0,1,0,1,18,118,136,2119,2524,4643,0,0,0,0,0,0,0,0,0,0,0,0,0,0,0,1,5,6,0,21,21,0,0,0,50,43,93,0,0,0,0,0,0,0,0,0,0,0,0,0,0,0,0,0,0,0,0,0,0,0,0,0,0,0,0,0,0,0,0,0,0,0,0,0,0,0
20160220,134648,23153,20503,43656,27777,28866,56643,100299,6802,7415,14217,2,2,4,6,1,7,21,27,48,1,0,1,0,0,0,0,0,0,337,276,613,0,0,0,4156,4577,8733,2762,2172,4934,0,0,0,118,8,126,147,146,293,2,7,9,0,0,0,1933,2310,4243,0,0,0,0,0,0,0,0,0,0,0,0,0,0,0,601,260,861,0,4,4,0,0,0,241,15,256,0,0,0,0,0,0,0,0,0,0,0,0,0,0,0,0,0,0,0,0,0,0,0,0,0,0,0,0,0,0,0,0,0,0,0,0,0,0,0
20160221,142693,24731,22375,47106,28714,30705,59419,106525,7443,7876,15319,551,1329,1880,2,5,7,17,23,40,0,0,0,0,20,20,0,0,0,80,146,226,0,0,0,4348,5477,9825,2171,2271,4442,0,0,0,29,17,46,0,0,0,8,2,10,0,0,0,1805,2180,3985,0,0,0,0,0,0,0,0,0,0,0,0,0,0,0,1,1,2,0,14,14,0,0,0,119,233,352,0,0,0,0,0,0,0,0,0,0,0,0,0,0,0,0,0,0,0,0,0,0,0,0,0,0,0,0,0,0,0,0,0,0,0,0,0,0,0
20160222,125709,23204,22566,45770,21873,30168,52041,97811,5339,6558,11897,34,0,34,2,0,2,73,66,139,3,3,6,0,0,0,0,0,0,62,78,140,0,0,0,4182,5038,9220,1346,1876,3222,0,0,0,14,64,78,0,0,0,0,3,3,0,0,0,1108,1980,3088,0,0,0,0,0,0,0,0,0,0,0,0,0,0,0,5,5,10,0,35,35,0,0,0,14,10,24,0,0,0,0,0,0,0,0,0,0,0,0,0,0,0,0,0,0,0,0,0,0,0,0,0,0,0,0,0,0,0,0,0,0,0,0,0,0,0
20160223,125455,18230,21915,40145,22293,29375,51668,91813,6212,7518,13730,1291,853,2144,0,1,1,51,61,112,0,0,0,0,0,0,0,0,0,0,0,0,1,0,1,4191,5281,9472,1588,2342,3930,0,0,0,0,0,0,0,0,0,5,12,17,0,0,0,1649,2428,4077,0,0,0,0,0,0,0,0,0,0,0,0,0,0,0,0,0,0,0,16,16,0,0,0,52,90,142,0,0,0,0,0,0,0,0,0,0,0,0,0,0,0,0,0,0,0,0,0,0,0,0,0,0,0,0,0,0,0,0,0,0,0,0,0,0,0
20160224,124836,20104,23840,43944,21749,28175,49924,93868,5307,7178,12485,4,6,10,7,4,11,21,80,101,0,0,0,0,0,0,0,0,0,322,311,633,0,0,0,4284,5048,9332,1647,1910,3557,0,0,0,0,0,0,178,180,358,5,4,9,0,0,0,1979,2411,4390,0,0,0,0,0,0,0,0,0,0,0,0,0,0,0,12,9,21,0,0,0,0,0,0,43,18,61,0,0,0,0,0,0,0,0,0,0,0,0,0,0,0,0,0,0,0,0,0,0,0,0,0,0,0,0,0,0,0,0,0,0,0,0,0,0,0
20160225,129615,21956,23501,45457,22135,29647,51782,97239,6443,7671,14114,856,711,1567,5,3,8,44,51,95,0,0,0,0,5,5,11,0,11,0,0,0,27,0,27,4195,4995,9190,1339,1855,3194,0,0,0,50,26,76,0,0,0,6,8,14,0,0,0,1897,2095,3992,0,0,0,0,0,0,0,0,0,0,0,0,0,0,0,2,2,4,0,13,13,0,0,0,16,50,66,0,0,0,0,0,0,0,0,0,0,0,0,0,0,0,0,0,0,0,0,0,0,0,0,0,0,0,0,0,0,0,0,0,0,0,0,0,0,0
20160226,140483,20890,27080,47970,24672,32399,57071,105041,6233,7754,13987,716,1249,1965,224,91,315,45,54,99,0,1,1,11,0,11,0,0,0,56,59,115,0,11,11,4790,5323,10113,1929,1893,3822,0,0,0,43,59,102,0,0,0,9,9,18,0,0,0,2284,2454,4738,0,0,0,0,0,0,0,0,0,0,0,0,0,0,0,2,1,3,0,25,25,0,0,0,61,56,117,0,0,0,0,0,0,0,0,0,0,0,0,0,0,0,0,0,0,0,0,0,0,0,0,0,0,0,0,0,0,0,0,0,0,0,0,0,0,0
20160227,139765,23263,27237,50500,24849,29928,54777,105277,6302,7681,13983,42,43,85,6,3,9,18,50,68,3,2,5,0,0,0,0,0,0,271,332,603,0,0,0,4123,4789,8912,2987,1758,4745,0,0,0,46,27,73,304,326,630,12,6,18,0,0,0,2006,2478,4484,0,0,0,0,0,0,0,0,0,0,0,0,0,0,0,489,166,655,0,46,46,0,0,0,76,96,172,0,0,0,0,0,0,0,0,0,0,0,0,0,0,0,0,0,0,0,0,0,0,0,0,0,0,0,0,0,0,0,0,0,0,0,0,0,0,0
20160228,138396,22436,25031,47467,26138,28789,54927,102394,6868,7511,14379,1205,1366,2571,75,51,126,27,47,74,5,5,10,0,10,10,0,0,0,53,71,124,0,0,0,4151,4879,9030,1950,3231,5181,0,0,0,39,27,66,0,0,0,7,5,12,0,0,0,2071,2200,4271,0,0,0,0,0,0,0,0,0,0,0,0,0,0,0,1,3,4,3,4,7,0,0,0,41,96,137,0,0,0,0,0,0,0,0,0,0,0,0,0,0,0,0,0,0,0,0,0,0,0,0,0,0,0,0,0,0,0,0,0,0,0,0,0,0,0
20160229,136345,27711,22200,49911,28711,25903,54614,104525,7769,5717,13486,0,0,0,4,5,9,28,53,81,0,0,0,0,1,1,0,0,0,0,0,0,0,0,0,4916,4632,9548,2264,2206,4470,0,0,0,32,0,32,0,0,0,1,4,5,0,0,0,2430,1625,4055,0,0,0,0,0,0,0,0,0,0,0,0,0,0,0,7,8,15,0,0,0,0,0,0,106,12,118,0,0,0,0,0,0,0,0,0,0,0,0,0,0,0,0,0,0,0,0,0,0,0,0,0,0,0,0,0,0,0,0,0,0,0,0,0,0,0
20160301,133801,25988,20934,46922,28193,25831,54024,100946,8223,6751,14974,1,1,2,5,10,15,61,52,113,2,0,2,0,0,0,0,0,0,43,82,125,0,0,0,4739,4638,9377,2059,1688,3747,0,0,0,25,26,51,0,0,0,5,6,11,0,0,0,2068,1870,3938,0,0,0,0,0,0,0,0,0,0,0,0,0,0,0,296,144,440,1,0,1,0,0,0,32,27,59,0,0,0,0,0,0,0,0,0,0,0,0,0,0,0,0,0,0,0,0,0,0,0,0,0,0,0,0,0,0,0,0,0,0,0,0,0,0,0
20160302,121100,23942,19622,43564,25243,22520,47763,91327,6114,6058,12172,3,3,6,10,2,12,32,50,82,0,0,0,0,0,0,0,0,0,328,264,592,9,0,9,4542,4269,8811,1465,1486,2951,0,0,0,22,11,33,181,178,359,2,4,6,0,0,0,2123,2192,4315,0,0,0,0,0,0,0,0,0,0,0,0,0,0,0,195,146,341,0,29,29,0,0,0,27,28,55,0,0,0,0,0,0,0,0,0,0,0,0,0,0,0,0,0,0,0,0,0,0,0,0,0,0,0,0,0,0,0,0,0,0,0,0,0,0,0
20160303,117443,19805,18698,38503,24332,23623,47955,86458,6292,6124,12416,1361,710,2071,67,130,197,79,36,115,5,0,5,0,0,0,0,0,0,56,49,105,0,4,4,4429,4200,8629,1751,1774,3525,0,0,0,41,21,62,0,0,0,10,8,18,0,0,0,1943,1792,3735,0,0,0,0,0,0,0,0,0,0,0,0,0,0,0,0,0,0,4,52,56,0,0,0,24,23,47,0,0,0,0,0,0,0,0,0,0,0,0,0,0,0,0,0,0,0,0,0,0,0,0,0,0,0,0,0,0,0,0,0,0,0,0,0,0,0
20160304,124022,21917,20544,42461,25603,24178,49781,92242,6828,5965,12793,715,1070,1785,58,29,87,47,52,99,0,4,4,0,11,11,0,0,0,0,0,0,0,0,0,5017,4215,9232,1860,1728,3588,0,0,0,24,30,54,0,0,0,6,17,23,0,0,0,2108,1697,3805,0,0,0,0,0,0,0,0,0,0,0,0,0,0,0,2,3,5,0,15,15,0,0,0,255,24,279,0,0,0,0,0,0,0,0,0,0,0,0,0,0,0,0,0,0,0,0,0,0,0,0,0,0,0,0,0,0,0,0,0,0,0,0,0,0,0
20160305,124494,21607,20456,42063,26325,24684,51009,93072,6436,5459,11895,1,1,2,1,2,3,25,57,82,0,0,0,0,0,0,0,0,0,253,269,522,3,0,3,4578,4256,8834,2563,2130,4693,0,0,0,44,23,67,322,310,632,7,2,9,0,0,0,2111,2047,4158,0,0,0,0,0,0,0,0,0,0,0,0,0,0,0,235,90,325,0,23,23,0,0,0,139,35,174,0,0,0,0,0,0,0,0,0,0,0,0,0,0,0,0,0,0,0,0,0,0,0,0,0,0,0,0,0,0,0,0,0,0,0,0,0,0,0
20160306,134114,21320,22598,43918,26401,27894,54295,98213,6926,6739,13665,1054,1477,2531,62,49,111,810,29,839,0,0,0,0,0,0,0,0,0,0,0,0,0,0,0,4688,4988,9676,2260,2687,4947,0,0,0,26,31,57,0,0,0,2,3,5,0,0,0,1863,1796,3659,0,0,0,0,0,0,0,0,0,0,0,0,0,0,0,6,7,13,0,7,7,0,0,0,49,342,391,0,0,0,0,0,0,0,0,0,0,0,0,0,0,0,0,0,0,0,0,0,0,0,0,0,0,0,0,0,0,0,0,0,0,0,0,0,0,0
20160307,124624,22980,21436,44416,24755,26146,50901,95317,5556,6016,11572,15,995,1010,19,10,29,52,61,113,0,0,0,0,0,0,0,0,0,33,61,94,6,0,6,4417,4682,9099,1670,1767,3437,0,0,0,22,12,34,169,182,351,5,4,9,0,0,0,1434,1807,3241,0,0,0,0,0,0,0,0,0,0,0,0,0,0,0,93,68,161,0,50,50,0,0,0,34,67,101,0,0,0,0,0,0,0,0,0,0,0,0,0,0,0,0,0,0,0,0,0,0,0,0,0,0,0,0,0,0,0,0,0,0,0,0,0,0,0
20160308,117827,18827,19120,37947,22951,23925,46876,84823,6802,6772,13574,1498,1175,2673,5,6,11,27,25,52,3,3,6,0,0,0,0,0,0,31,45,76,0,1,1,4542,4617,9159,1918,1582,3500,0,0,0,15,27,42,0,0,0,0,2,2,0,0,0,1696,1952,3648,0,0,0,0,0,0,0,0,0,0,0,0,0,0,0,195,39,234,0,26,26,0,0,0,0,0,0,0,0,0,0,0,0,0,0,0,0,0,0,0,0,0,0,0,0,0,0,0,0,0,0,0,0,0,0,0,0,0,0,0,0,0,0,0,0,0
20160309,115862,19814,20090,39904,24364,23309,47673,87577,6163,5922,12085,1,2,3,5,5,10,49,43,92,5,0,5,0,0,0,0,0,0,296,224,520,0,0,0,4578,4368,8946,876,844,1720,0,0,0,0,0,0,182,181,363,3,10,13,0,0,0,2399,2028,4427,0,0,0,0,0,0,0,0,0,0,0,0,0,0,0,2,2,4,0,20,20,0,0,0,34,43,77,0,0,0,0,0,0,0,0,0,0,0,0,0,0,0,0,0,0,0,0,0,0,0,0,0,0,0,0,0,0,0,0,0,0,0,0,0,0,0
20160310,123783,21669,19966,41635,24654,24910,49564,91199,6861,6395,13256,1166,696,1862,9,4,13,35,43,78,164,5,169,4,0,4,0,0,0,76,62,138,3,6,9,4737,4589,9326,2008,2009,4017,0,0,0,0,0,0,0,0,0,5,3,8,0,0,0,1891,1729,3620,0,0,0,0,0,0,0,0,0,0,0,0,0,0,0,1,0,1,0,26,26,0,0,0,48,9,57,0,0,0,0,0,0,0,0,0,0,0,0,0,0,0,0,0,0,0,0,0,0,0,0,0,0,0,0,0,0,0,0,0,0,0,0,0,0,0
20160311,141336,25830,22242,48072,31144,26996,58140,106212,7380,6682,14062,711,1405,2116,2,15,17,21,30,51,0,0,0,0,0,0,0,0,0,0,0,0,6,0,6,5207,4550,9757,2263,2006,4269,0,0,0,0,0,0,0,0,0,2,0,2,0,0,0,2434,1934,4368,0,0,0,0,0,0,0,0,0,0,0,0,0,0,0,0,0,0,1,19,20,0,0,0,438,18,456,0,0,0,0,0,0,0,0,0,0,0,0,0,0,0,0,0,0,0,0,0,0,0,0,0,0,0,0,0,0,0,0,0,0,0,0,0,0,0
20160312,132096,21336,22534,43870,26669,25630,52299,96169,6946,6550,13496,0,4,4,18,15,33,38,45,83,628,623,1251,0,4,4,0,0,0,283,204,487,8,5,13,4749,4442,9191,3116,2250,5366,0,0,0,46,24,70,311,321,632,1,1,2,0,0,0,2401,2240,4641,0,0,0,0,0,0,0,0,0,0,0,0,0,0,0,220,143,363,0,8,8,0,0,0,232,51,283,0,0,0,0,0,0,0,0,0,0,0,0,0,0,0,0,0,0,0,0,0,0,0,0,0,0,0,0,0,0,0,0,0,0,0,0,0,0,0
20160313,142991,22316,23839,46155,28129,29748,57877,104032,7594,7348,14942,1884,1613,3497,112,91,203,10,24,34,0,0,0,0,0,0,0,0,0,0,0,0,3,0,3,5005,5120,10125,2700,2792,5492,0,0,0,20,26,46,0,0,0,4,3,7,0,0,0,1984,1936,3920,0,0,0,0,0,0,0,0,0,0,0,0,0,0,0,3,3,6,1,18,19,0,0,0,66,599,665,0,0,0,0,0,0,0,0,0,0,0,0,0,0,0,0,0,0,0,0,0,0,0,0,0,0,0,0,0,0,0,0,0,0,0,0,0,0,0
20160314,132586,23639,24109,47748,25399,28782,54181,101929,5724,6866,12590,2,0,2,22,8,30,28,746,774,0,1,1,0,0,0,0,0,0,75,52,127,3,0,3,4348,4895,9243,2013,2188,4201,0,0,0,9,7,16,182,169,351,1,0,1,0,0,0,1448,1702,3150,0,0,0,0,0,0,0,0,0,0,0,0,0,0,0,9,5,14,1,33,34,0,0,0,52,68,120,0,0,0,0,0,0,0,0,0,0,0,0,0,0,0,0,0,0,0,0,0,0,0,0,0,0,0,0,0,0,0,0,0,0,0,0,0,0,0
20160315,127683,18871,21651,40522,26026,27514,53540,94062,7256,7717,14973,2,2,4,11,6,17,25,43,68,407,0,407,6,6,12,0,0,0,52,46,98,0,0,0,4625,4953,9578,1931,1798,3729,0,0,0,24,15,39,0,0,0,3,11,14,0,0,0,1890,2091,3981,0,0,0,0,0,0,0,0,0,0,0,0,0,0,0,396,96,492,1,32,33,0,0,0,135,41,176,0,0,0,0,0,0,0,0,0,0,0,0,0,0,0,0,0,0,0,0,0,0,0,0,0,0,0,0,0,0,0,0,0,0,0,0,0,0,0
20160316,129318,20954,21894,42848,26375,26755,53130,95978,6510,6752,13262,3,411,414,29,25,54,73,50,123,0,0,0,1,16,17,0,0,0,244,158,402,3,0,3,4652,4796,9448,2281,1972,4253,0,0,0,11,9,20,182,182,364,11,5,16,0,0,0,2381,2208,4589,0,0,0,0,0,0,0,0,0,0,0,0,0,0,0,112,163,275,4,17,21,0,0,0,15,64,79,0,0,0,0,0,0,0,0,0,0,0,0,0,0,0,0,0,0,0,0,0,0,0,0,0,0,0,0,0,0,0,0,0,0,0,0,0,0,0
20160317,135436,22327,21972,44299,27946,27198,55144,99443,7676,7286,14962,1637,1026,2663,3,5,8,62,45,107,14,2,16,0,1,1,0,0,0,0,0,0,0,10,10,4917,4777,9694,2055,2148,4203,0,0,0,18,32,50,0,0,0,1,0,1,0,0,0,2029,1800,3829,0,0,0,0,0,0,0,0,0,0,0,0,0,0,0,217,47,264,0,37,37,0,0,0,37,111,148,0,0,0,0,0,0,0,0,0,0,0,0,0,0,0,0,0,0,0,0,0,0,0,0,0,0,0,0,0,0,0,0,0,0,0,0,0,0,0
20160318,137398,23746,24278,48024,28452,28123,56575,104599,8255,7010,15265,1212,1120,2332,111,93,204,81,73,154,2,1,3,0,0,0,0,0,0,63,85,148,3,2,5,5370,4911,10281,0,441,441,0,0,0,22,19,41,0,0,0,1,4,5,0,0,0,1265,2015,3280,0,0,0,0,0,0,0,0,0,0,0,0,0,0,0,3,5,8,0,18,18,0,0,0,543,71,614,0,0,0,0,0,0,0,0,0,0,0,0,0,0,0,0,0,0,0,0,0,0,0,0,0,0,0,0,0,0,0,0,0,0,0,0,0,0,0
20160319,146899,26393,23734,50127,31846,26310,58156,108283,8192,7006,15198,0,0,0,2,3,5,36,51,87,0,0,0,0,0,0,0,0,0,267,282,549,0,0,0,4893,4595,9488,3933,3005,6938,0,0,0,40,8,48,331,310,641,8,9,17,0,0,0,2279,2390,4669,0,0,0,0,0,0,0,0,0,0,0,0,0,0,0,450,215,665,5,0,5,0,0,0,230,76,306,0,0,0,0,0,0,0,0,0,0,0,0,0,0,0,0,0,0,0,0,0,0,0,0,0,0,0,0,0,0,0,0,0,0,0,0,0,0,0
20160320,154597,26408,25367,51775,33787,28850,62637,114412,7954,7455,15409,1401,1640,3041,88,214,302,36,20,56,0,0,0,6,1,7,0,0,0,73,81,154,4,0,4,5108,5203,10311,2909,3077,5986,0,0,0,28,43,71,0,0,0,2,6,8,0,0,0,2102,1979,4081,0,0,0,0,0,0,0,0,0,0,0,0,0,0,0,1,1,2,0,12,12,0,0,0,44,697,741,0,0,0,0,0,0,0,0,0,0,0,0,0,0,0,0,0,0,0,0,0,0,0,0,0,0,0,0,0,0,0,0,0,0,0,0,0,0,0
20160321,136734,24112,25372,49484,26038,29399,55437,104921,6309,6835,13144,0,0,0,3,5,8,44,38,82,0,3,3,0,6,6,0,0,0,93,64,157,6,0,6,4607,4926,9533,1824,2727,4551,0,0,0,20,17,37,181,182,363,2,0,2,0,0,0,1766,1644,3410,0,0,0,0,0,0,0,0,0,0,0,0,0,0,0,208,55,263,0,3,3,0,0,0,165,80,245,0,0,0,0,0,0,0,0,0,0,0,0,0,0,0,0,0,0,0,0,0,0,0,0,0,0,0,0,0,0,0,0,0,0,0,0,0,0,0
20160322,137174,24182,21525,45707,27669,27259,54928,100635,8646,7565,16211,1526,1415,2941,8,4,12,77,28,105,0,6,6,1,2,3,0,0,0,0,0,0,0,0,0,4817,5065,9882,2252,2082,4334,0,0,0,7,5,12,0,0,0,0,1,1,0,0,0,768,1600,2368,0,0,0,0,0,0,0,0,0,0,0,0,0,0,0,243,347,590,3,15,18,0,0,0,12,44,56,0,0,0,0,0,0,0,0,0,0,0,0,0,0,0,0,0,0,0,0,0,0,0,0,0,0,0,0,0,0,0,0,0,0,0,0,0,0,0
20160323,139967,26624,24041,50665,28351,26855,55206,105871,7178,7113,14291,3,2,5,33,10,43,53,78,131,0,7,7,0,1,1,0,0,0,307,168,475,0,0,0,4812,4745,9557,1904,2027,3931,0,0,0,0,10,10,177,182,359,0,1,1,0,0,0,2370,2342,4712,0,0,0,0,0,0,0,0,0,0,0,0,0,0,0,348,78,426,1,13,14,0,0,0,48,85,133,0,0,0,0,0,0,0,0,0,0,0,0,0,0,0,0,0,0,0,0,0,0,0,0,0,0,0,0,0,0,0,0,0,0,0,0,0,0,0
20160324,137793,22417,22056,44473,27243,28009,55252,99725,8892,7503,16395,1450,964,2414,6,15,21,74,47,121,0,0,0,0,0,0,0,0,0,157,95,252,0,9,9,4306,4903,9209,2470,3064,5534,0,0,0,0,0,0,0,0,0,1,0,1,0,0,0,2051,1915,3966,0,0,0,0,0,0,0,0,0,0,0,0,0,0,0,4,4,8,0,0,0,0,0,0,103,35,138,0,0,0,0,0,0,0,0,0,0,0,0,0,0,0,0,0,0,0,0,0,0,0,0,0,0,0,0,0,0,0,0,0,0,0,0,0,0,0
20160325,155561,28706,24409,53115,30868,30668,61536,114651,8916,7590,16506,1463,1511,2974,7,12,19,52,54,106,0,1,1,0,0,0,0,0,0,157,107,264,0,0,0,5323,5130,10453,2768,2850,5618,0,0,0,37,10,47,0,0,0,0,0,0,0,0,0,2515,1956,4471,0,0,0,0,0,0,0,0,0,0,0,0,0,0,0,4,3,7,1,0,1,0,0,0,369,74,443,0,0,0,0,0,0,0,0,0,0,0,0,0,0,0,0,0,0,0,0,0,0,0,0,0,0,0,0,0,0,0,0,0,0,0,0,0,0,0
20160326,150911,25801,25314,51115,32085,29145,61230,112345,8273,7699,15972,0,0,0,3,4,7,32,27,59,0,0,0,0,0,0,0,0,0,271,166,437,5,6,11,4807,4697,9504,3583,3201,6784,0,0,0,27,17,44,220,331,551,0,0,0,0,0,0,2645,2180,4825,0,0,0,0,0,0,0,0,0,0,0,0,0,0,0,1,3,4,1,7,8,0,0,0,316,44,360,0,0,0,0,0,0,0,0,0,0,0,0,0,0,0,0,0,0,0,0,0,0,0,0,0,0,0,0,0,0,0,0,0,0,0,0,0,0,0
20160327,155380,24150,28122,52272,28632,32483,61115,113387,7818,7941,15759,1769,1956,3725,154,142,296,56,19,75,0,0,0,0,0,0,0,0,0,77,85,162,0,0,0,5095,5172,10267,2887,3410,6297,0,0,0,19,77,96,0,0,0,0,4,4,0,0,0,2335,2333,4668,0,0,0,0,0,0,0,0,0,0,0,0,0,0,0,4,5,9,0,0,0,0,0,0,76,559,635,0,0,0,0,0,0,0,0,0,0,0,0,0,0,0,0,0,0,0,0,0,0,0,0,0,0,0,0,0,0,0,0,0,0,0,0,0,0,0
20160328,152263,24494,30597,55091,27622,31119,58741,113832,6614,7802,14416,1939,1922,3861,9,18,27,25,54,79,0,0,0,0,9,9,0,0,0,95,103,198,0,0,0,4355,4937,9292,2748,2992,5740,0,0,0,43,24,67,182,180,362,5,5,10,0,0,0,1771,2027,3798,0,0,0,0,0,0,0,0,0,0,0,0,0,0,0,177,157,334,0,0,0,0,0,0,155,83,238,0,0,0,0,0,0,0,0,0,0,0,0,0,0,0,0,0,0,0,0,0,0,0,0,0,0,0,0,0,0,0,0,0,0,0,0,0,0,0
20160329,138067,21532,25753,47285,26102,30354,56456,103741,7232,8342,15574,0,1,1,10,13,23,68,25,93,0,0,0,4,0,4,0,0,0,95,97,192,0,63,63,4333,4947,9280,1891,2207,4098,0,0,0,28,28,56,0,0,0,4,9,13,0,0,0,2371,2193,4564,0,0,0,0,0,0,0,0,0,0,0,0,0,0,0,106,79,185,1,8,9,0,0,0,89,82,171,0,0,0,0,0,0,0,0,0,0,0,0,0,0,0,0,0,0,0,0,0,0,0,0,0,0,0,0,0,0,0,0,0,0,0,0,0,0,0
20160330,146094,22141,27871,50012,25570,29176,54746,104758,7252,7906,15158,3890,1320,5210,36,391,427,63,68,131,5,0,5,3,0,3,0,0,0,203,278,481,0,0,0,4237,4872,9109,2257,2068,4325,0,0,0,7,31,38,180,177,357,10,3,13,0,0,0,2603,2678,5281,0,0,0,0,0,0,0,0,0,0,0,0,0,0,0,116,339,455,1,10,11,0,0,0,124,208,332,0,0,0,0,0,0,0,0,0,0,0,0,0,0,0,0,0,0,0,0,0,0,0,0,0,0,0,0,0,0,0,0,0,0,0,0,0,0,0
20160331,150046,22732,29216,51948,26783,32523,59306,111254,8343,8694,17037,0,0,0,144,2483,2627,63,81,144,0,5,5,0,6,6,0,0,0,98,103,201,1,0,1,4547,4980,9527,3040,2079,5119,0,0,0,21,24,45,0,0,0,4,12,16,0,0,0,1931,1935,3866,0,0,0,0,0,0,0,0,0,0,0,0,0,0,0,1,2,3,1,10,11,0,0,0,60,124,184,0,0,0,0,0,0,0,0,0,0,0,0,0,0,0,0,0,0,0,0,0,0,0,0,0,0,0,0,0,0,0,0,0,0,0,0,0,0,0
20160401,171441,26414,32803,59217,32748,37153,69901,129118,7978,8711,16689,1368,1839,3207,122,124,246,69,130,199,11,10,21,0,0,0,0,0,0,86,98,184,2,0,2,4991,5522,10513,3177,2392,5569,0,0,0,11,35,46,178,180,358,2,1,3,0,0,0,2519,2438,4957,0,0,0,0,0,0,0,0,0,0,0,0,0,0,0,6,5,11,1,34,35,0,0,0,159,124,283,0,0,0,0,0,0,0,0,0,0,0,0,0,0,0,0,0,0,0,0,0,0,0,0,0,0,0,0,0,0,0,0,0,0,0,0,0,0,0
20160402,152662,21635,30817,52452,27299,34753,62052,114504,7413,9049,16462,2,0,2,8,2,10,31,54,85,0,0,0,1,0,1,0,0,0,174,257,431,0,0,0,4480,5031,9511,3313,2380,5693,0,0,0,26,80,106,0,0,0,8,5,13,0,0,0,2500,2535,5035,0,0,0,0,0,0,0,0,0,0,0,0,0,0,0,122,420,542,0,4,4,0,0,0,61,202,263,0,0,0,0,0,0,0,0,0,0,0,0,0,0,0,0,0,0,0,0,0,0,0,0,0,0,0,0,0,0,0,0,0,0,0,0,0,0,0
20160403,142592,20191,27759,47950,26545,30626,57171,105121,7102,8000,15102,1570,1728,3298,73,85,158,48,34,82,1,1,2,0,0,0,0,0,0,50,95,145,0,0,0,4116,5066,9182,2381,2275,4656,0,0,0,19,45,64,0,0,0,5,7,12,0,0,0,2225,2347,4572,0,0,0,0,0,0,0,0,0,0,0,0,0,0,0,1,0,1,0,0,0,0,0,0,19,178,197,0,0,0,0,0,0,0,0,0,0,0,0,0,0,0,0,0,0,0,0,0,0,0,0,0,0,0,0,0,0,0,0,0,0,0,0,0,0,0
20160404,129329,23290,24942,48232,24524,27391,51915,100147,5906,6651,12557,0,0,0,10,11,21,30,27,57,1,1,2,0,0,0,0,0,0,52,99,151,0,1,1,3794,4738,8532,1313,2517,3830,0,0,0,16,20,36,181,182,363,8,2,10,0,0,0,1695,1816,3511,0,0,0,0,0,0,0,0,0,0,0,0,0,0,0,5,9,14,0,13,13,0,0,0,41,43,84,0,0,0,0,0,0,0,0,0,0,0,0,0,0,0,0,0,0,0,0,0,0,0,0,0,0,0,0,0,0,0,0,0,0,0,0,0,0,0
20160405,146038,28972,22283,51255,33002,28011,61013,112268,8443,6948,15391,0,0,0,5,1,6,40,35,75,0,0,0,0,0,0,0,0,0,81,103,184,0,0,0,5215,4738,9953,1635,1946,3581,0,0,0,39,9,48,0,0,0,3,2,5,0,0,0,2026,1947,3973,0,0,0,0,0,0,0,0,0,0,0,0,0,0,0,254,114,368,0,0,0,0,0,0,163,23,186,0,0,0,0,0,0,0,0,0,0,0,0,0,0,0,0,0,0,0,0,0,0,0,0,0,0,0,0,0,0,0,0,0,0,0,0,0,0,0
20160406,143497,26889,21187,48076,31191,26607,57798,105874,7600,6964,14564,1703,1435,3138,16,23,39,45,74,119,0,0,0,5,0,5,0,0,0,190,164,354,0,0,0,4980,4498,9478,1658,2220,3878,0,0,0,82,13,95,180,180,360,0,9,9,0,0,0,2371,2580,4951,0,0,0,0,0,0,0,0,0,0,0,0,0,0,0,308,123,431,0,16,16,0,0,0,159,27,186,0,0,0,0,0,0,0,0,0,0,0,0,0,0,0,0,0,0,0,0,0,0,0,0,0,0,0,0,0,0,0,0,0,0,0,0,0,0,0
20160407,129256,24981,19427,44408,27549,25722,53271,97679,6918,7161,14079,2,5,7,163,75,238,70,64,134,0,0,0,0,0,0,0,0,0,33,60,93,0,0,0,4637,4249,8886,1881,2727,4608,0,0,0,42,32,74,0,0,0,4,5,9,0,0,0,1438,1872,3310,0,0,0,0,0,0,0,0,0,0,0,0,0,0,0,5,4,9,2,34,36,0,0,0,45,49,94,0,0,0,0,0,0,0,0,0,0,0,0,0,0,0,0,0,0,0,0,0,0,0,0,0,0,0,0,0,0,0,0,0,0,0,0,0,0,0
20160408,132663,22957,20705,43662,25451,27085,52536,96198,6892,6715,13607,1629,1482,3111,91,91,182,33,67,100,1,1,2,0,0,0,0,0,0,47,60,107,0,0,0,4962,4632,9594,2090,2869,4959,0,0,0,22,23,45,178,178,356,3,0,3,0,0,0,2010,2151,4161,0,0,0,0,0,0,0,0,0,0,0,0,0,0,0,1,1,2,0,13,13,0,0,0,126,97,223,0,0,0,0,0,0,0,0,0,0,0,0,0,0,0,0,0,0,0,0,0,0,0,0,0,0,0,0,0,0,0,0,0,0,0,0,0,0,0
20160409,139066,23673,21033,44706,31098,27454,58552,103258,6989,6727,13716,1,1,2,5,4,9,28,23,51,0,0,0,0,0,0,672,667,1339,158,173,331,0,1,1,4811,4477,9288,3433,2435,5868,0,0,0,35,30,65,0,0,0,7,0,7,0,0,0,2205,2324,4529,0,0,0,0,0,0,0,0,0,0,0,0,0,0,0,205,149,354,1,13,14,0,0,0,212,22,234,0,0,0,0,0,0,0,0,0,0,0,0,0,0,0,0,0,0,0,0,0,0,0,0,0,0,0,0,0,0,0,0,0,0,0,0,0,0,0
20160410,154269,25462,25026,50488,32581,30995,63576,114064,8219,8160,16379,1598,1607,3205,101,161,262,67,32,99,0,0,0,0,0,0,0,0,0,68,75,143,0,5,5,5241,5235,10476,2085,2760,4845,0,0,0,17,72,89,0,0,0,3,4,7,0,0,0,1839,2513,4352,0,0,0,0,0,0,0,0,0,0,0,0,0,0,0,2,1,3,0,3,3,0,0,0,53,284,337,0,0,0,0,0,0,0,0,0,0,0,0,0,0,0,0,0,0,0,0,0,0,0,0,0,0,0,0,0,0,0,0,0,0,0,0,0,0,0
20160411,136182,24737,21808,46545,28286,28931,57217,103762,6560,6742,13302,1,2,3,19,4,23,36,50,86,0,0,0,4,17,21,0,0,0,36,54,90,2,0,2,4624,4717,9341,2362,2763,5125,0,0,0,18,28,46,176,179,355,2,5,7,0,0,0,1502,1931,3433,0,0,0,0,0,0,0,0,0,0,0,0,0,0,0,198,262,460,1,11,12,0,0,0,71,43,114,0,0,0,0,0,0,0,0,0,0,0,0,0,0,0,0,0,0,0,0,0,0,0,0,0,0,0,0,0,0,0,0,0,0,0,0,0,0,0
20160412,128656,20409,20449,40858,26427,27876,54303,95161,6800,6994,13794,407,407,814,3,10,13,278,78,356,0,0,0,1,0,1,0,0,0,48,40,88,4,0,4,4600,4704,9304,2351,2059,4410,0,0,0,20,21,41,0,0,0,0,3,3,0,0,0,1799,2258,4057,0,0,0,0,0,0,0,0,0,0,0,0,0,0,0,492,8,500,0,7,7,0,0,0,38,65,103,0,0,0,0,0,0,0,0,0,0,0,0,0,0,0,0,0,0,0,0,0,0,0,0,0,0,0,0,0,0,0,0,0,0,0,0,0,0,0
20160413,135227,22922,22027,44949,26436,26723,53159,98108,7174,6973,14147,1592,1530,3122,30,7,37,80,68,148,3,0,3,0,0,0,0,0,0,141,134,275,8,0,8,4482,4605,9087,2433,2337,4770,0,0,0,28,7,35,179,180,359,4,0,4,0,0,0,2324,2432,4756,0,0,0,0,0,0,0,0,0,0,0,0,0,0,0,3,213,216,0,5,5,0,0,0,73,74,147,0,0,0,0,0,0,0,0,0,0,0,0,0,0,0,0,0,0,0,0,0,0,0,0,0,0,0,0,0,0,0,0,0,0,0,0,0,0,0
20160414,130572,21452,21182,42634,25349,28831,54180,96814,6894,7520,14414,11,5,16,175,81,256,50,54,104,0,0,0,1,0,1,0,0,0,54,39,93,1,2,3,4413,4785,9198,2774,3417,6191,0,0,0,27,45,72,0,0,0,3,2,5,0,0,0,1677,1617,3294,0,0,0,0,0,0,0,0,0,0,0,0,0,0,0,2,3,5,0,21,21,0,0,0,24,61,85,0,0,0,0,0,0,0,0,0,0,0,0,0,0,0,0,0,0,0,0,0,0,0,0,0,0,0,0,0,0,0,0,0,0,0,0,0,0,0
20160415,147182,24375,23547,47922,29412,30876,60288,108210,7665,7424,15089,1603,1694,3297,377,105,482,65,110,175,0,0,0,1,1,2,0,0,0,92,43,135,13,0,13,4947,5039,9986,2888,2726,5614,0,0,0,55,11,66,182,178,360,3,3,6,0,0,0,1605,1957,3562,0,0,0,0,0,0,0,0,0,0,0,0,0,0,0,1,2,3,1,2,3,0,0,0,161,18,179,0,0,0,0,0,0,0,0,0,0,0,0,0,0,0,0,0,0,0,0,0,0,0,0,0,0,0,0,0,0,0,0,0,0,0,0,0,0,0
20160416,145129,24026,23624,47650,31671,30545,62216,109866,7665,7042,14707,1,2,3,2,1,3,65,101,166,0,1,1,0,0,0,418,414,832,136,96,232,0,0,0,4604,4888,9492,3427,1641,5068,0,0,0,71,39,110,0,0,0,0,2,2,0,0,0,2260,2213,4473,0,0,0,0,0,0,0,0,0,0,0,0,0,0,0,5,2,7,0,0,0,0,0,0,124,43,167,0,0,0,0,0,0,0,0,0,0,0,0,0,0,0,0,0,0,0,0,0,0,0,0,0,0,0,0,0,0,0,0,0,0,0,0,0,0,0
20160417,149802,23583,25131,48714,29613,31733,61346,110060,7647,7003,14650,1851,1576,3427,0,6,6,15,36,51,0,0,0,0,0,0,0,0,0,27,72,99,0,0,0,5204,5224,10428,2608,3412,6020,0,0,0,33,134,167,0,0,0,1,0,1,0,0,0,2270,2444,4714,0,0,0,0,0,0,0,0,0,0,0,0,0,0,0,0,0,0,0,0,0,0,0,0,24,155,179,0,0,0,0,0,0,0,0,0,0,0,0,0,0,0,0,0,0,0,0,0,0,0,0,0,0,0,0,0,0,0,0,0,0,0,0,0,0,0
20160418,139866,23942,23396,47338,29327,29859,59186,106524,6301,6534,12835,7,0,7,23,11,34,50,153,203,0,0,0,1,1,2,0,0,0,43,77,120,0,8,8,4827,4798,9625,2817,2670,5487,0,0,0,10,20,30,182,176,358,1,11,12,0,0,0,1737,1852,3589,0,0,0,0,0,0,0,0,0,0,0,0,0,0,0,303,515,818,1,9,10,0,0,0,121,83,204,0,0,0,0,0,0,0,0,0,0,0,0,0,0,0,0,0,0,0,0,0,0,0,0,0,0,0,0,0,0,0,0,0,0,0,0,0,0,0
20160419,130749,20340,20820,41160,28324,27920,56244,97404,7143,6763,13906,5,7,12,9,4,13,82,53,135,0,0,0,2,6,8,0,0,0,56,47,103,9,0,9,4966,4853,9819,2418,2486,4904,0,0,0,16,6,22,0,0,0,11,4,15,0,0,0,1707,2123,3830,0,0,0,0,0,0,0,0,0,0,0,0,0,0,0,137,362,499,0,2,2,0,0,0,34,34,68,0,0,0,0,0,0,0,0,0,0,0,0,0,0,0,0,0,0,0,0,0,0,0,0,0,0,0,0,0,0,0,0,0,0,0,0,0,0,0
20160420,146353,21075,23366,44441,28100,28610,56710,101151,7411,7150,14561,4257,4342,8599,35,29,64,70,48,118,1,0,1,1,0,1,0,0,0,151,116,267,0,6,6,4700,4837,9537,2928,2951,5879,0,0,0,23,17,40,182,179,361,4,1,5,0,0,0,2726,2416,5142,0,0,0,0,0,0,0,0,0,0,0,0,0,0,0,139,257,396,0,23,23,0,0,0,113,89,202,0,0,0,0,0,0,0,0,0,0,0,0,0,0,0,0,0,0,0,0,0,0,0,0,0,0,0,0,0,0,0,0,0,0,0,0,0,0,0
20160421,136438,21703,22402,44105,28598,30137,58735,102840,7638,6832,14470,2,2,4,119,90,209,53,117,170,1,1,2,0,11,11,0,0,0,65,38,103,1,0,1,4674,5003,9677,2652,3071,5723,0,0,0,10,12,22,0,0,0,1,4,5,0,0,0,1521,1529,3050,0,0,0,0,0,0,0,0,0,0,0,0,0,0,0,7,8,15,9,0,9,0,0,0,33,94,127,0,0,0,0,0,0,0,0,0,0,0,0,0,0,0,0,0,0,0,0,0,0,0,0,0,0,0,0,0,0,0,0,0,0,0,0,0,0,0
20160422,151355,24276,24840,49116,30776,30744,61520,110636,7749,7167,14916,1793,1856,3649,94,280,374,62,79,141,9,5,14,0,0,0,0,0,0,72,66,138,1,0,1,5364,5088,10452,3004,3112,6116,0,0,0,28,13,41,180,182,362,7,5,12,0,0,0,2391,1920,4311,0,0,0,0,0,0,0,0,0,0,0,0,0,0,0,3,4,7,0,22,22,0,0,0,110,53,163,0,0,0,0,0,0,0,0,0,0,0,0,0,0,0,0,0,0,0,0,0,0,0,0,0,0,0,0,0,0,0,0,0,0,0,0,0,0,0
20160423,145109,22486,22615,45101,30087,30883,60970,106071,7604,7419,15023,309,307,616,0,1,1,31,35,66,0,0,0,0,2,2,542,538,1080,104,148,252,1,0,1,4878,4852,9730,4078,2906,6984,0,0,0,42,21,63,0,0,0,4,8,12,0,0,0,2404,2244,4648,0,0,0,0,0,0,0,0,0,0,0,0,0,0,0,211,178,389,0,2,2,0,0,0,126,43,169,0,0,0,0,0,0,0,0,0,0,0,0,0,0,0,0,0,0,0,0,0,0,0,0,0,0,0,0,0,0,0,0,0,0,0,0,0,0,0
20160424,152936,23104,24837,47941,31646,31702,63348,111289,7845,7803,15648,1749,1666,3415,5,8,13,44,20,64,5,0,5,0,0,0,1,0,1,54,82,136,1,18,19,5312,5343,10655,2977,4133,7110,0,0,0,12,25,37,0,0,0,8,0,8,0,0,0,2017,2339,4356,0,0,0,0,0,0,0,0,0,0,0,0,0,0,0,1,0,1,0,4,4,0,0,0,30,145,175,0,0,0,0,0,0,0,0,0,0,0,0,0,0,0,0,0,0,0,0,0,0,0,0,0,0,0,0,0,0,0,0,0,0,0,0,0,0,0
20160425,137599,24094,23114,47208,29782,28589,58371,105579,6216,6275,12491,4,9,13,10,2,12,46,67,113,0,0,0,0,0,0,0,0,0,41,56,97,2,4,6,4672,4676,9348,2442,2875,5317,0,0,0,17,8,25,178,180,358,1,8,9,0,0,0,1788,1711,3499,0,0,0,0,0,0,0,0,0,0,0,0,0,0,0,392,134,526,0,0,0,0,0,0,115,91,206,0,0,0,0,0,0,0,0,0,0,0,0,0,0,0,0,0,0,0,0,0,0,0,0,0,0,0,0,0,0,0,0,0,0,0,0,0,0,0
20160426,127602,19539,19062,38601,28749,26721,55470,94071,7401,6685,14086,8,8,16,3,16,19,48,73,121,6,0,6,0,15,15,0,0,0,68,63,131,0,6,6,5039,4469,9508,2465,2547,5012,0,0,0,15,25,40,0,0,0,7,0,7,0,0,0,2136,2021,4157,0,0,0,0,0,0,0,0,0,0,0,0,0,0,0,175,100,275,0,0,0,0,0,0,113,19,132,0,0,0,0,0,0,0,0,0,0,0,0,0,0,0,0,0,0,0,0,0,0,0,0,0,0,0,0,0,0,0,0,0,0,0,0,0,0,0
20160427,136851,23177,20556,43733,29552,25089,54641,98374,8039,6347,14386,1640,1612,3252,61,59,120,46,37,83,9,9,18,0,0,0,0,0,0,116,89,205,0,6,6,5098,4146,9244,2566,2242,4808,0,0,0,18,15,33,177,182,359,7,5,12,0,0,0,2792,2371,5163,0,0,0,0,0,0,0,0,0,0,0,0,0,0,0,428,111,539,0,11,11,0,0,0,88,150,238,0,0,0,0,0,0,0,0,0,0,0,0,0,0,0,0,0,0,0,0,0,0,0,0,0,0,0,0,0,0,0,0,0,0,0,0,0,0,0
20160428,143348,28125,20792,48917,33330,25940,59270,108187,8717,6446,15163,8,39,47,234,140,374,44,90,134,0,15,15,0,4,4,0,0,0,102,59,161,3,4,7,5225,4285,9510,3542,2550,6092,0,0,0,20,14,34,0,0,0,0,2,2,0,0,0,1940,1430,3370,0,0,0,0,0,0,0,0,0,0,0,0,0,0,0,3,13,16,1,0,1,0,0,0,125,106,231,0,0,0,0,0,0,0,0,0,0,0,0,0,0,0,0,0,0,0,0,0,0,0,0,0,0,0,0,0,0,0,0,0,0,0,0,0,0,0
20160429,154268,26458,22807,49265,31523,27646,59169,108434,8722,7152,15874,4425,3936,8361,3,12,15,26,106,132,0,0,0,0,0,0,0,0,0,111,50,161,0,0,0,5557,4678,10235,3390,2489,5879,0,0,0,35,18,53,192,180,372,4,2,6,0,0,0,2582,2088,4670,0,0,0,0,0,0,0,0,0,0,0,0,0,0,0,1,1,2,1,0,1,0,0,0,20,53,73,0,0,0,0,0,0,0,0,0,0,0,0,0,0,0,0,0,0,0,0,0,0,0,0,0,0,0,0,0,0,0,0,0,0,0,0,0,0,0
20160430,144503,27334,22480,49814,31363,27375,58738,108552,7808,6281,14089,7,7,14,11,1,12,29,61,90,0,0,0,0,0,0,832,0,832,142,62,204,17,17,34,4976,4291,9267,4381,2204,6585,0,0,0,36,26,62,0,0,0,2,2,4,0,0,0,2410,2017,4427,0,0,0,0,0,0,0,0,0,0,0,0,0,0,0,0,1,1,0,22,22,0,0,0,206,102,308,0,0,0,0,0,0,0,0,0,0,0,0,0,0,0,0,0,0,0,0,0,0,0,0,0,0,0,0,0,0,0,0,0,0,0,0,0,0,0
20160501,141497,27585,21236,48821,32023,24089,56112,104933,7845,5798,13643,1613,1595,3208,3,0,3,42,249,291,0,0,0,0,0,0,0,0,0,58,65,123,2,4,6,5077,3998,9075,3103,2560,5663,0,0,0,20,38,58,0,0,0,11,25,36,0,0,0,2265,1810,4075,0,0,0,0,0,0,0,0,0,0,0,0,0,0,0,17,4,21,2,1,3,0,0,0,223,136,359,0,0,0,0,0,0,0,0,0,0,0,0,0,0,0,0,0,0,0,0,0,0,0,0,0,0,0,0,0,0,0,0,0,0,0,0,0,0,0
20160502,137770,25114,23240,48354,25959,24504,50463,98817,6364,6074,12438,3533,3513,7046,2,2,4,23,44,67,0,0,0,1,0,1,0,0,0,34,103,137,1,1,2,4623,3821,8444,1690,4106,5796,0,0,0,20,41,61,182,178,360,8,7,15,0,0,0,1818,1876,3694,0,0,0,0,0,0,0,0,0,0,0,0,0,0,0,249,267,516,0,25,25,0,0,0,49,298,347,0,0,0,0,0,0,0,0,0,0,0,0,0,0,0,0,0,0,0,0,0,0,0,0,0,0,0,0,0,0,0,0,0,0,0,0,0,0,0
20160503,124194,21405,21213,42618,25335,25298,50633,93251,6359,7099,13458,1,1,2,3,10,13,56,229,285,0,0,0,0,9,9,0,0,0,36,98,134,1,2,3,4443,4727,9170,1185,2089,3274,0,0,0,37,19,56,0,0,0,8,0,8,0,0,0,1732,2266,3998,0,0,0,0,0,0,0,0,0,0,0,0,0,0,0,83,354,437,0,11,11,0,0,0,43,42,85,0,0,0,0,0,0,0,0,0,0,0,0,0,0,0,0,0,0,0,0,0,0,0,0,0,0,0,0,0,0,0,0,0,0,0,0,0,0,0
20160504,124901,22390,22342,44732,22515,24608,47123,91855,5242,6806,12048,1577,1557,3134,26,50,76,46,73,119,3,8,11,0,0,0,0,0,0,71,28,99,0,0,0,4242,4605,8847,1494,2110,3604,0,0,0,19,26,45,181,177,358,7,8,15,0,0,0,1872,2403,4275,0,0,0,0,0,0,0,0,0,0,0,0,0,0,0,145,167,312,2,10,12,0,0,0,48,43,91,0,0,0,0,0,0,0,0,0,0,0,0,0,0,0,0,0,0,0,0,0,0,0,0,0,0,0,0,0,0,0,0,0,0,0,0,0,0,0
20160505,120948,19129,20839,39968,20440,27146,47586,87554,5522,6854,12376,2187,2849,5036,82,164,246,29,34,63,0,4,4,0,0,0,0,0,0,64,90,154,0,0,0,3868,4903,8771,1592,1908,3500,0,0,0,19,67,86,0,0,0,5,4,9,0,0,0,1519,1555,3074,0,0,0,0,0,0,0,0,0,0,0,0,0,0,0,3,1,4,0,10,10,0,0,0,14,47,61,0,0,0,0,0,0,0,0,0,0,0,0,0,0,0,0,0,0,0,0,0,0,0,0,0,0,0,0,0,0,0,0,0,0,0,0,0,0,0
20160506,125788,20399,21379,41778,24002,25898,49900,91678,6423,5959,12382,1721,1540,3261,60,65,125,30,93,123,2,0,2,0,0,0,0,0,0,95,69,164,0,4,4,4026,5049,9075,2090,1984,4074,0,0,0,82,11,93,181,182,363,4,2,6,0,0,0,2412,1859,4271,0,0,0,0,0,0,0,0,0,0,0,0,0,0,0,14,13,27,0,9,9,0,0,0,79,52,131,0,0,0,0,0,0,0,0,0,0,0,0,0,0,0,0,0,0,0,0,0,0,0,0,0,0,0,0,0,0,0,0,0,0,0,0,0,0,0
20160507,126744,17945,20832,38777,23904,26009,49913,88690,5857,6166,12023,2671,2665,5336,5,5,10,30,36,66,0,0,0,0,0,0,765,761,1526,40,104,144,1,2,3,3542,4703,8245,3827,2286,6113,0,0,0,44,211,255,0,0,0,3,0,3,0,0,0,2129,1780,3909,0,0,0,0,0,0,0,0,0,0,0,0,0,0,0,137,108,245,0,4,4,0,0,0,105,67,172,0,0,0,0,0,0,0,0,0,0,0,0,0,0,0,0,0,0,0,0,0,0,0,0,0,0,0,0,0,0,0,0,0,0,0,0,0,0,0
20160508,139965,18319,26738,45057,23679,29180,52859,97916,6268,7640,13908,4362,3823,8185,90,48,138,34,56,90,1,1,2,0,0,0,0,0,0,73,87,160,0,0,0,3818,5326,9144,2443,3405,5848,0,0,0,61,32,93,0,0,0,0,2,2,0,0,0,1994,2341,4335,0,0,0,0,0,0,0,0,0,0,0,0,0,0,0,7,7,14,2,0,2,0,0,0,20,108,128,0,0,0,0,0,0,0,0,0,0,0,0,0,0,0,0,0,0,0,0,0,0,0,0,0,0,0,0,0,0,0,0,0,0,0,0,0,0,0
20160509,130886,17903,24750,42653,21676,29649,51325,93978,4916,6551,11467,1,11,12,4115,4112,8227,74,73,147,0,0,0,0,0,0,0,0,0,55,76,131,1,3,4,3805,4873,8678,1686,2558,4244,0,0,0,20,87,107,180,182,362,3,10,13,0,0,0,1380,1918,3298,0,0,0,0,0,0,0,0,0,0,0,0,0,0,0,4,5,9,1,11,12,0,0,0,84,113,197,0,0,0,0,0,0,0,0,0,0,0,0,0,0,0,0,0,0,0,0,0,0,0,0,0,0,0,0,0,0,0,0,0,0,0,0,0,0,0
20160510,118350,15894,21287,37181,22811,28341,51152,88333,5708,7135,12843,1,1,2,3,8,11,68,111,179,0,0,0,0,7,7,0,0,0,50,78,128,3,0,3,3849,4602,8451,1472,1973,3445,0,0,0,85,16,101,0,0,0,9,12,21,0,0,0,1849,2091,3940,0,0,0,0,0,0,0,0,0,0,0,0,0,0,0,311,398,709,2,5,7,0,0,0,103,67,170,0,0,0,0,0,0,0,0,0,0,0,0,0,0,0,0,0,0,0,0,0,0,0,0,0,0,0,0,0,0,0,0,0,0,0,0,0,0,0
20160511,129036,18637,21306,39943,23767,26881,50648,90591,6327,6861,13188,4314,1649,5963,41,53,94,29,75,104,0,0,0,0,0,0,1,1,2,44,55,99,0,0,0,4115,4679,8794,2124,2547,4671,0,0,0,24,79,103,180,181,361,13,16,29,0,0,0,2133,2367,4500,0,0,0,0,0,0,0,0,0,0,0,0,0,0,0,167,221,388,0,0,0,0,0,0,21,128,149,0,0,0,0,0,0,0,0,0,0,0,0,0,0,0,0,0,0,0,0,0,0,0,0,0,0,0,0,0,0,0,0,0,0,0,0,0,0,0
20160512,130130,19932,22179,42111,25979,29158,55137,97248,7037,7096,14133,10,7,17,83,293,376,38,92,130,0,0,0,0,0,0,0,0,0,86,89,175,0,0,0,4387,4494,8881,2704,2714,5418,0,0,0,25,112,137,0,0,0,10,10,20,0,0,0,1599,1847,3446,0,0,0,0,0,0,0,0,0,0,0,0,0,0,0,0,3,3,0,24,24,0,0,0,100,22,122,0,0,0,0,0,0,0,0,0,0,0,0,0,0,0,0,0,0,0,0,0,0,0,0,0,0,0,0,0,0,0,0,0,0,0,0,0,0,0
20160513,151994,25264,23487,48751,30142,28626,58768,107519,7789,6925,14714,3336,3164,6500,92,49,141,39,81,120,0,2665,2665,0,1,1,0,0,0,99,71,170,0,0,0,5091,4679,9770,2785,2551,5336,0,0,0,202,26,228,187,0,187,8,8,16,0,0,0,2256,2171,4427,0,0,0,0,0,0,0,0,0,0,0,0,0,0,0,8,7,15,1,8,9,0,0,0,96,80,176,0,0,0,0,0,0,0,0,0,0,0,0,0,0,0,0,0,0,0,0,0,0,0,0,0,0,0,0,0,0,0,0,0,0,0,0,0,0,0
20160514,139453,20826,21701,42527,27423,27807,55230,97757,7287,6773,14060,2166,2816,4982,7,7,14,30,22,52,0,114,114,4,5,9,535,531,1066,144,130,274,0,6,6,4634,4561,9195,4104,2741,6845,0,0,0,23,12,35,0,190,190,3,6,9,0,0,0,2257,1969,4226,0,0,0,0,0,0,0,0,0,0,0,0,0,0,0,128,333,461,0,9,9,0,0,0,111,38,149,0,0,0,0,0,0,0,0,0,0,0,0,0,0,0,0,0,0,0,0,0,0,0,0,0,0,0,0,0,0,0,0,0,0,0,0,0,0,0
20160515,151656,23460,25170,48630,31023,30736,61759,110389,7658,7918,15576,1427,1707,3134,111,97,208,28,57,85,0,1,1,108,0,108,0,0,0,65,101,166,0,2,2,4767,5274,10041,2931,3823,6754,0,0,0,139,26,165,0,0,0,6,4,10,0,0,0,2349,2473,4822,0,0,0,0,0,0,0,0,0,0,0,0,0,0,0,11,7,18,0,0,0,0,0,0,32,145,177,0,0,0,0,0,0,0,0,0,0,0,0,0,0,0,0,0,0,0,0,0,0,0,0,0,0,0,0,0,0,0,0,0,0,0,0,0,0,0
20160516,137002,23511,24801,48312,26282,29854,56136,104448,6240,6965,13205,1,0,1,3,9,12,70,27,97,12,2,14,0,0,0,0,0,0,59,81,140,2,0,2,4474,4806,9280,3121,2694,5815,0,0,0,0,0,0,181,180,361,11,8,19,0,0,0,1729,1845,3574,0,0,0,0,0,0,0,0,0,0,0,0,0,0,0,5,3,8,2,24,26,0,0,0,0,0,0,0,0,0,0,0,0,0,0,0,0,0,0,0,0,0,0,0,0,0,0,0,0,0,0,0,0,0,0,0,0,0,0,0,0,0,0,0,0,0
20160517,138849,20495,22789,43284,26356,29754,56110,99394,7128,7225,14353,2828,2524,5352,10,3,13,72,61,133,3,0,3,0,0,0,0,0,0,71,69,140,8,4,12,4464,4800,9264,2513,2319,4832,0,0,0,37,28,65,0,0,0,4,5,9,0,0,0,1783,2257,4040,0,0,0,0,0,0,0,0,0,0,0,0,0,0,0,629,430,1059,0,4,4,0,0,0,93,83,176,0,0,0,0,0,0,0,0,0,0,0,0,0,0,0,0,0,0,0,0,0,0,0,0,0,0,0,0,0,0,0,0,0,0,0,0,0,0,0
20160518,140294,22335,23438,45773,25663,27945,53608,99381,7243,7305,14548,1707,3641,5348,65,28,93,84,68,152,1,4,5,0,0,0,0,0,0,109,53,162,8,0,8,4517,4837,9354,2520,2756,5276,0,0,0,12,30,42,130,180,310,8,2,10,0,0,0,2509,2374,4883,0,0,0,0,0,0,0,0,0,0,0,0,0,0,0,350,212,562,3,18,21,0,0,0,79,60,139,0,0,0,0,0,0,0,0,0,0,0,0,0,0,0,0,0,0,0,0,0,0,0,0,0,0,0,0,0,0,0,0,0,0,0,0,0,0,0
20160519,140488,21692,22890,44582,28981,29948,58929,103511,7136,7246,14382,2712,66,2778,156,119,275,45,62,107,0,0,0,1,1,2,0,0,0,68,75,143,0,0,0,4831,4655,9486,2231,3670,5901,0,0,0,24,35,59,0,0,0,1,6,7,0,0,0,1852,1813,3665,0,0,0,0,0,0,0,0,0,0,0,0,0,0,0,4,5,9,0,2,2,0,0,0,67,94,161,0,0,0,0,0,0,0,0,0,0,0,0,0,0,0,0,0,0,0,0,0,0,0,0,0,0,0,0,0,0,0,0,0,0,0,0,0,0,0
20160520,152810,23760,24929,48689,28817,29706,58523,107212,7565,7213,14778,4204,4471,8675,109,57,166,91,132,223,0,0,0,2,1,3,0,0,0,81,84,165,0,0,0,5108,5008,10116,2875,3067,5942,0,0,0,25,8,33,181,177,358,2,11,13,0,0,0,2549,2366,4915,0,0,0,0,0,0,0,0,0,0,0,0,0,0,0,3,2,5,0,42,42,0,0,0,97,67,164,0,0,0,0,0,0,0,0,0,0,0,0,0,0,0,0,0,0,0,0,0,0,0,0,0,0,0,0,0,0,0,0,0,0,0,0,0,0,0
20160521,148741,24202,23053,47255,30492,28686,59178,106433,7314,6746,14060,2047,1825,3872,4,7,11,20,45,65,0,2700,2700,0,0,0,584,580,1164,72,114,186,0,0,0,4774,4496,9270,3335,2565,5900,0,0,0,20,46,66,0,0,0,7,5,12,0,0,0,2337,2022,4359,0,0,0,0,0,0,0,0,0,0,0,0,0,0,0,208,240,448,0,1,1,0,0,0,130,64,194,0,0,0,0,0,0,0,0,0,0,0,0,0,0,0,0,0,0,0,0,0,0,0,0,0,0,0,0,0,0,0,0,0,0,0,0,0,0,0
20160522,156746,26706,25718,52424,32676,31179,63855,116279,8000,7536,15536,1494,1709,3203,109,453,562,22,21,43,0,0,0,0,0,0,0,0,0,98,76,174,0,0,0,4958,5061,10019,2538,3280,5818,0,0,0,13,15,28,0,0,0,9,7,16,0,0,0,2335,2532,4867,0,0,0,0,0,0,0,0,0,0,0,0,0,0,0,3,2,5,0,4,4,0,0,0,60,132,192,0,0,0,0,0,0,0,0,0,0,0,0,0,0,0,0,0,0,0,0,0,0,0,0,0,0,0,0,0,0,0,0,0,0,0,0,0,0,0
20160523,139844,23079,24034,47113,26753,28131,54884,101997,6459,6426,12885,2983,2782,5765,7,3,10,41,60,101,0,1,1,0,0,0,0,0,0,53,56,109,0,22,22,4539,4775,9314,2420,2641,5061,0,0,0,12,12,24,182,181,363,5,6,11,0,0,0,1794,1894,3688,0,0,0,0,0,0,0,0,0,0,0,0,0,0,0,231,158,389,0,9,9,0,0,0,57,38,95,0,0,0,0,0,0,0,0,0,0,0,0,0,0,0,0,0,0,0,0,0,0,0,0,0,0,0,0,0,0,0,0,0,0,0,0,0,0,0
20160524,128602,21021,20884,41905,27143,26881,54024,95929,7229,6835,14064,6,7,13,7,9,16,36,19,55,0,0,0,0,6,6,0,0,0,72,78,150,20,1,21,4427,4596,9023,2093,2495,4588,0,0,0,19,9,28,0,0,0,2,1,3,0,0,0,2070,2094,4164,0,0,0,0,0,0,0,0,0,0,0,0,0,0,0,186,206,392,6,3,9,0,0,0,77,64,141,0,0,0,0,0,0,0,0,0,0,0,0,0,0,0,0,0,0,0,0,0,0,0,0,0,0,0,0,0,0,0,0,0,0,0,0,0,0,0
20160525,139114,24473,22690,47163,27733,25871,53604,100767,7306,6992,14298,1760,1657,3417,35,42,77,118,114,232,0,0,0,0,1,1,0,0,0,70,51,121,1,0,1,4588,4547,9135,2617,2864,5481,0,0,0,23,27,50,0,0,0,4,1,5,0,0,0,2476,2234,4710,0,0,0,0,0,0,0,0,0,0,0,0,0,0,0,299,344,643,4,0,4,0,0,0,88,84,172,0,0,0,0,0,0,0,0,0,0,0,0,0,0,0,0,0,0,0,0,0,0,0,0,0,0,0,0,0,0,0,0,0,0,0,0,0,0,0
20160526,135731,20696,21162,41858,27349,27664,55013,96871,7341,7006,14347,2792,2552,5344,429,106,535,37,43,80,0,0,0,0,4,4,0,0,0,102,53,155,0,0,0,4479,4553,9032,2620,2926,5546,0,0,0,0,0,0,0,0,0,4,7,11,0,0,0,1863,1763,3626,0,0,0,0,0,0,0,0,0,0,0,0,0,0,0,2,1,3,0,1,1,0,0,0,96,80,176,0,0,0,0,0,0,0,0,0,0,0,0,0,0,0,0,0,0,0,0,0,0,0,0,0,0,0,0,0,0,0,0,0,0,0,0,0,0,0
20160527,148219,24094,24309,48403,28121,27950,56071,104474,7356,6915,14271,3550,5132,8682,219,156,375,71,58,129,0,0,0,0,9,9,0,0,0,100,90,190,0,0,0,4916,4792,9708,2574,2617,5191,0,0,0,34,41,75,154,181,335,6,4,10,0,0,0,2443,2120,4563,0,0,0,0,0,0,0,0,0,0,0,0,0,0,0,2,7,9,0,2,2,0,0,0,115,81,196,0,0,0,0,0,0,0,0,0,0,0,0,0,0,0,0,0,0,0,0,0,0,0,0,0,0,0,0,0,0,0,0,0,0,0,0,0,0,0
20160528,137197,24019,21917,45936,30012,25788,55800,101736,7200,6509,13709,3,4,7,3,10,13,21,165,186,0,0,0,0,0,0,675,671,1346,152,55,207,0,0,0,4517,4360,8877,3358,2396,5754,0,0,0,41,33,74,0,0,0,7,4,11,0,0,0,2286,2056,4342,0,0,0,0,0,0,0,0,0,0,0,0,0,0,0,365,343,708,2,12,14,0,0,0,109,104,213,0,0,0,0,0,0,0,0,0,0,0,0,0,0,0,0,0,0,0,0,0,0,0,0,0,0,0,0,0,0,0,0,0,0,0,0,0,0,0
20160529,146694,25508,24323,49831,29501,27765,57266,107097,7331,7290,14621,1773,1693,3466,113,130,243,28,22,50,0,0,0,2,0,2,0,0,0,53,99,152,0,0,0,4510,4772,9282,3174,3451,6625,0,0,0,6,22,28,0,0,0,1,7,8,0,0,0,2446,2469,4915,0,0,0,0,0,0,0,0,0,0,0,0,0,0,0,1,4,5,3,0,3,0,0,0,82,115,197,0,0,0,0,0,0,0,0,0,0,0,0,0,0,0,0,0,0,0,0,0,0,0,0,0,0,0,0,0,0,0,0,0,0,0,0,0,0,0
20160530,136936,25936,22571,48507,26879,25434,52313,100820,6139,6010,12149,3456,2037,5493,1,2,3,44,89,133,1,0,1,1,0,1,0,0,0,69,75,144,0,0,0,4381,4259,8640,2866,2183,5049,0,0,0,19,12,31,181,180,361,14,5,19,0,0,0,1574,1797,3371,0,0,0,0,0,0,0,0,0,0,0,0,0,0,0,230,277,507,0,10,10,0,0,0,98,106,204,0,0,0,0,0,0,0,0,0,0,0,0,0,0,0,0,0,0,0,0,0,0,0,0,0,0,0,0,0,0,0,0,0,0,0,0,0,0,0
20160531,126287,22401,19378,41779,27946,24864,52810,94589,7123,6451,13574,5,3,8,3,5,8,70,130,200,2,0,2,0,0,0,0,0,0,32,50,82,3,0,3,4401,4030,8431,2534,2140,4674,0,0,0,11,11,22,0,0,0,10,2,12,0,0,0,2111,1995,4106,0,0,0,0,0,0,0,0,0,0,0,0,0,0,0,326,127,453,0,6,6,0,0,0,72,45,117,0,0,0,0,0,0,0,0,0,0,0,0,0,0,0,0,0,0,0,0,0,0,0,0,0,0,0,0,0,0,0,0,0,0,0,0,0,0,0
20160601,128360,22902,21660,44562,24763,23756,48519,93081,6952,6349,13301,1678,1637,3315,41,16,57,57,172,229,0,1,1,0,9,9,0,0,0,81,41,122,1,2,3,4373,4007,8380,2092,2587,4679,0,0,0,0,0,0,0,0,0,6,11,17,0,0,0,2320,2182,4502,0,0,0,0,0,0,0,0,0,0,0,0,0,0,0,146,419,565,0,0,0,0,0,0,13,86,99,0,0,0,0,0,0,0,0,0,0,0,0,0,0,0,0,0,0,0,0,0,0,0,0,0,0,0,0,0,0,0,0,0,0,0,0,0,0,0
20160602,119083,22944,20941,43885,15259,20037,35296,79181,7973,6769,14742,2562,2887,5449,77,123,200,135,123,258,1,6,7,0,3,3,0,0,0,59,48,107,0,0,0,4736,5824,10560,1993,2169,4162,0,0,0,18,13,31,0,0,0,12,11,23,0,0,0,2632,1583,4215,0,0,0,0,0,0,0,0,0,0,0,0,0,0,0,4,3,7,3,13,16,0,0,0,25,97,122,0,0,0,0,0,0,0,0,0,0,0,0,0,0,0,0,0,0,0,0,0,0,0,0,0,0,0,0,0,0,0,0,0,0,0,0,0,0,0
20160603,150314,25433,24238,49671,34640,28354,62994,112665,8084,5929,14013,1675,1688,3363,53,231,284,98,54,152,11,0,11,1,0,1,0,0,0,252,184,436,0,1,1,5158,4859,10017,2427,2142,4569,0,0,0,6,13,19,134,154,288,5,1,6,0,0,0,2440,1948,4388,0,0,0,0,0,0,0,0,0,0,0,0,0,0,0,1,1,2,0,0,0,0,0,0,74,25,99,0,0,0,0,0,0,0,0,0,0,0,0,0,0,0,0,0,0,0,0,0,0,0,0,0,0,0,0,0,0,0,0,0,0,0,0,0,0,0
20160604,146025,23900,24964,48864,28008,27715,55723,104587,8143,6572,14715,2047,2610,4657,17,6,23,43,61,104,0,5,5,0,0,0,861,857,1718,142,30,172,0,3,3,4484,4589,9073,3691,2439,6130,0,0,0,29,26,55,0,0,0,1,2,3,0,0,0,2254,1884,4138,0,0,0,0,0,0,0,0,0,0,0,0,0,0,0,202,175,377,1,2,3,0,0,0,207,55,262,0,0,0,0,0,0,0,0,0,0,0,0,0,0,0,0,0,0,0,0,0,0,0,0,0,0,0,0,0,0,0,0,0,0,0,0,0,0,0
20160605,152439,22014,28883,50897,26847,30514,57361,108258,7211,8080,15291,4446,4399,8845,103,104,207,36,100,136,0,0,0,4,0,4,0,0,0,57,73,130,0,0,0,4447,5132,9579,1857,3212,5069,0,0,0,16,25,41,0,0,0,0,0,0,0,0,0,2303,2342,4645,0,0,0,0,0,0,0,0,0,0,0,0,0,0,0,8,4,12,0,0,0,0,0,0,83,139,222,0,0,0,0,0,0,0,0,0,0,0,0,0,0,0,0,0,0,0,0,0,0,0,0,0,0,0,0,0,0,0,0,0,0,0,0,0,0,0
20160606,123009,20546,26216,46762,22096,26113,48209,94971,5405,6724,12129,7,13,20,9,5,14,56,197,253,3,1,4,2,0,2,0,0,0,51,65,116,6,0,6,3818,4399,8217,1970,1588,3558,0,0,0,10,16,26,180,181,361,4,7,11,0,0,0,1322,1560,2882,0,0,0,0,0,0,0,0,0,0,0,0,0,0,0,257,105,362,2,19,21,0,0,0,18,38,56,0,0,0,0,0,0,0,0,0,0,0,0,0,0,0,0,0,0,0,0,0,0,0,0,0,0,0,0,0,0,0,0,0,0,0,0,0,0,0
20160607,132825,18573,26616,45189,23723,28258,51981,97170,6959,7626,14585,2597,25,2622,4,7,11,45,172,217,2,3,5,1,1,2,0,0,0,160,162,322,2,0,2,3976,4417,8393,2754,2363,5117,0,0,0,11,21,32,0,0,0,7,5,12,0,0,0,2114,1875,3989,0,0,0,0,0,0,0,0,0,0,0,0,0,0,0,144,105,249,2,3,5,0,0,0,35,57,92,0,0,0,0,0,0,0,0,0,0,0,0,0,0,0,0,0,0,0,0,0,0,0,0,0,0,0,0,0,0,0,0,0,0,0,0,0,0,0
20160608,150318,21442,33190,54632,23095,31566,54661,109293,7156,8784,15940,1636,1737,3373,36,36,72,667,420,1087,0,0,0,0,6,6,0,0,0,146,117,263,0,0,0,4054,5004,9058,2577,2811,5388,0,0,0,12,31,43,0,0,0,8,10,18,0,0,0,2682,2511,5193,0,0,0,0,0,0,0,0,0,0,0,0,0,0,0,160,316,476,5,12,17,0,0,0,24,67,91,0,0,0,0,0,0,0,0,0,0,0,0,0,0,0,0,0,0,0,0,0,0,0,0,0,0,0,0,0,0,0,0,0,0,0,0,0,0,0
20160609,152180,22738,32385,55123,26076,34636,60712,115835,7103,9013,16116,6,0,6,178,175,353,69,699,768,2,0,2,0,0,0,0,0,0,135,164,299,0,0,0,4035,4939,8974,3156,2402,5558,0,0,0,31,20,51,0,0,0,3,6,9,0,0,0,1757,2214,3971,0,0,0,0,0,0,0,0,0,0,0,0,0,0,0,5,4,9,0,0,0,0,0,0,87,142,229,0,0,0,0,0,0,0,0,0,0,0,0,0,0,0,0,0,0,0,0,0,0,0,0,0,0,0,0,0,0,0,0,0,0,0,0,0,0,0
20160610,144121,22220,26948,49168,25403,30073,55476,104644,6841,7843,14684,1852,1678,3530,69,382,451,32,135,167,2,0,2,16,0,16,0,0,0,127,238,365,0,0,0,4380,4784,9164,2693,3936,6629,0,0,0,20,17,37,178,134,312,10,1,11,0,0,0,1777,2146,3923,0,0,0,0,0,0,0,0,0,0,0,0,0,0,0,1,2,3,1,8,9,0,0,0,79,95,174,0,0,0,0,0,0,0,0,0,0,0,0,0,0,0,0,0,0,0,0,0,0,0,0,0,0,0,0,0,0,0,0,0,0,0,0,0,0,0
20160611,145998,27850,23133,50983,29475,26108,55583,106566,8364,7518,15882,6,18,24,2,2,4,21,103,124,0,95,95,0,0,0,812,808,1620,113,124,237,0,3,3,4565,4257,8822,2309,4589,6898,0,0,0,17,36,53,0,0,0,1,1,2,0,0,0,2286,2194,4480,0,0,0,0,0,0,0,0,0,0,0,0,0,0,0,238,742,980,2,1,3,0,0,0,108,97,205,0,0,0,0,0,0,0,0,0,0,0,0,0,0,0,0,0,0,0,0,0,0,0,0,0,0,0,0,0,0,0,0,0,0,0,0,0,0,0
20160612,170315,33712,26748,60460,36876,30608,67484,127944,9395,8061,17456,1637,1739,3376,182,269,451,17,175,192,0,0,0,0,0,0,0,0,0,150,151,301,3,0,3,5494,5058,10552,2393,2292,4685,0,0,0,37,41,78,0,0,0,2,0,2,0,0,0,2445,2603,5048,0,0,0,0,0,0,0,0,0,0,0,0,0,0,0,2,1,3,0,8,8,0,0,0,131,85,216,0,0,0,0,0,0,0,0,0,0,0,0,0,0,0,0,0,0,0,0,0,0,0,0,0,0,0,0,0,0,0,0,0,0,0,0,0,0,0
20160613,154667,34392,24417,58809,32553,28801,61354,120163,7664,7036,14700,0,0,0,8,8,16,51,233,284,0,0,0,0,1,1,0,0,0,133,83,216,5,4,9,4877,4585,9462,2680,2521,5201,0,0,0,0,0,0,172,180,352,1,1,2,0,0,0,1868,1874,3742,0,0,0,0,0,0,0,0,0,0,0,0,0,0,0,213,168,381,4,3,7,0,0,0,91,40,131,0,0,0,0,0,0,0,0,0,0,0,0,0,0,0,0,0,0,0,0,0,0,0,0,0,0,0,0,0,0,0,0,0,0,0,0,0,0,0
20160614,136121,25677,20720,46397,28093,27046,55139,101536,7818,7413,15231,1,4,5,3,2,5,29,28,57,0,3,3,0,0,0,0,0,0,185,149,334,0,0,0,4535,4413,8948,2553,2200,4753,0,0,0,26,20,46,0,0,0,3,15,18,0,0,0,1915,2355,4270,0,0,0,0,0,0,0,0,0,0,0,0,0,0,0,686,150,836,1,9,10,0,0,0,55,14,69,0,0,0,0,0,0,0,0,0,0,0,0,0,0,0,0,0,0,0,0,0,0,0,0,0,0,0,0,0,0,0,0,0,0,0,0,0,0,0
20160615,143149,25153,23910,49063,28312,26645,54957,104020,7325,7610,14935,1724,1713,3437,37,40,77,74,329,403,0,0,0,2,0,2,0,0,0,102,68,170,0,3,3,4743,4428,9171,2695,2170,4865,0,0,0,19,40,59,0,0,0,22,13,35,0,0,0,2550,2504,5054,0,0,0,0,0,0,0,0,0,0,0,0,0,0,0,581,259,840,0,6,6,0,0,0,25,47,72,0,0,0,0,0,0,0,0,0,0,0,0,0,0,0,0,0,0,0,0,0,0,0,0,0,0,0,0,0,0,0,0,0,0,0,0,0,0,0
20160616,133549,22956,22188,45144,26741,28320,55061,100205,7524,7399,14923,15,14,29,14,8,22,54,85,139,3,0,3,0,15,15,0,0,0,119,44,163,3,0,3,4510,4505,9015,2391,2857,5248,0,0,0,28,40,68,0,0,0,11,11,22,0,0,0,1819,1770,3589,0,0,0,0,0,0,0,0,0,0,0,0,0,0,0,3,2,5,0,23,23,0,0,0,45,32,77,0,0,0,0,0,0,0,0,0,0,0,0,0,0,0,0,0,0,0,0,0,0,0,0,0,0,0,0,0,0,0,0,0,0,0,0,0,0,0
20160617,146097,24936,24949,49885,28883,29105,57988,107873,7493,6837,14330,1748,1594,3342,170,139,309,62,170,232,0,0,0,4,0,4,0,0,0,215,219,434,0,0,0,4934,4712,9646,2665,2288,4953,0,0,0,17,10,27,165,178,343,5,3,8,0,0,0,2332,2110,4442,0,0,0,0,0,0,0,0,0,0,0,0,0,0,0,0,0,0,7,32,39,0,0,0,81,34,115,0,0,0,0,0,0,0,0,0,0,0,0,0,0,0,0,0,0,0,0,0,0,0,0,0,0,0,0,0,0,0,0,0,0,0,0,0,0,0
20160618,148477,25664,24676,50340,30332,28899,59231,109571,7624,7495,15119,14,9,23,8,2,10,23,140,163,0,4,4,0,0,0,1539,1534,3073,100,96,196,0,0,0,4515,4625,9140,3440,2524,5964,0,0,0,65,22,87,0,0,0,1,8,9,0,0,0,2298,2131,4429,0,0,0,0,0,0,0,0,0,0,0,0,0,0,0,249,244,493,0,26,26,0,0,0,101,69,170,0,0,0,0,0,0,0,0,0,0,0,0,0,0,0,0,0,0,0,0,0,0,0,0,0,0,0,0,0,0,0,0,0,0,0,0,0,0,0
20160619,158353,25617,26965,52582,29929,31505,61434,114016,8086,8513,16599,4379,1733,6112,3,3,6,27,51,78,0,0,0,0,0,0,0,0,0,97,113,210,0,2,2,4837,5235,10072,2465,3490,5955,0,0,0,28,54,82,0,0,0,12,6,18,0,0,0,2420,2616,5036,0,0,0,0,0,0,0,0,0,0,0,0,0,0,0,0,0,0,0,2,2,0,0,0,39,126,165,0,0,0,0,0,0,0,0,0,0,0,0,0,0,0,0,0,0,0,0,0,0,0,0,0,0,0,0,0,0,0,0,0,0,0,0,0,0,0
20160620,141781,26347,26212,52559,27775,29568,57343,109902,6462,7187,13649,4,2,6,11,16,27,22,90,112,0,3,3,0,5,5,0,0,0,64,86,150,6,6,12,4444,4796,9240,1938,2247,4185,0,0,0,16,16,32,161,171,332,0,3,3,0,0,0,1762,1754,3516,0,0,0,0,0,0,0,0,0,0,0,0,0,0,0,237,200,437,0,18,18,0,0,0,80,72,152,0,0,0,0,0,0,0,0,0,0,0,0,0,0,0,0,0,0,0,0,0,0,0,0,0,0,0,0,0,0,0,0,0,0,0,0,0,0,0
20160621,138169,23633,23597,47230,26567,28651,55218,102448,7101,7766,14867,2,2,4,8,14,22,35,58,93,1,2597,2598,0,0,0,0,0,0,159,95,254,3,0,3,4330,4879,9209,1984,1918,3902,0,0,0,27,10,37,0,0,0,4,4,8,0,0,0,1904,2173,4077,0,0,0,0,0,0,0,0,0,0,0,0,0,0,0,400,134,534,0,25,25,0,0,0,53,35,88,0,0,0,0,0,0,0,0,0,0,0,0,0,0,0,0,0,0,0,0,0,0,0,0,0,0,0,0,0,0,0,0,0,0,0,0,0,0,0
20160622,140152,23439,25586,49025,25135,28013,53148,102173,7085,7440,14525,1711,1697,3408,49,192,241,31,160,191,0,1,1,1,3,4,0,0,0,210,225,435,5,2,7,4537,4808,9345,2031,2210,4241,0,0,0,37,21,58,0,0,0,8,12,20,0,0,0,2251,2435,4686,0,0,0,0,0,0,0,0,0,0,0,0,0,0,0,297,342,639,1,28,29,0,0,0,57,92,149,0,0,0,0,0,0,0,0,0,0,0,0,0,0,0,0,0,0,0,0,0,0,0,0,0,0,0,0,0,0,0,0,0,0,0,0,0,0,0
20160623,140045,21567,25663,47230,27107,31771,58878,106108,7236,7739,14975,2,5,7,2,1,3,43,71,114,0,0,0,0,0,0,0,0,0,138,242,380,0,0,0,4415,4924,9339,1699,2648,4347,0,0,0,20,19,39,0,0,0,12,9,21,9,0,9,1684,1939,3623,0,0,0,0,0,0,0,0,0,0,0,0,0,0,0,198,777,975,0,14,14,0,0,0,41,50,91,0,0,0,0,0,0,0,0,0,0,0,0,0,0,0,0,0,0,0,0,0,0,0,0,0,0,0,0,0,0,0,0,0,0,0,0,0,0,0
20160624,142125,23334,26770,50104,25788,25723,51511,101615,8497,7649,16146,1761,1594,3355,7,7,14,39,157,196,2,2,4,1,1,2,0,0,0,316,305,621,0,0,0,5085,4648,9733,2745,2449,5194,0,0,0,15,24,39,174,165,339,7,4,11,0,0,0,2458,2270,4728,0,0,0,0,0,0,0,0,0,0,0,0,0,0,0,2,1,3,0,17,17,0,0,0,74,34,108,0,0,0,0,0,0,0,0,0,0,0,0,0,0,0,0,0,0,0,0,0,0,0,0,0,0,0,0,0,0,0,0,0,0,0,0,0,0,0
20160625,144167,25406,27142,52548,25177,26530,51707,104255,8006,8435,16441,2,2,4,6,8,14,37,43,80,7,7,14,0,0,0,1442,1437,2879,224,305,529,0,0,0,4472,4377,8849,3532,2489,6021,0,0,0,15,25,40,0,0,0,0,0,0,0,0,0,2466,2351,4817,0,0,0,0,0,0,0,0,0,0,0,0,0,0,0,0,0,0,1,11,12,0,0,0,123,89,212,0,0,0,0,0,0,0,0,0,0,0,0,0,0,0,0,0,0,0,0,0,0,0,0,0,0,0,0,0,0,0,0,0,0,0,0,0,0,0
20160626,165385,27285,30801,58086,30038,33355,63393,121479,8873,8753,17626,1617,2042,3659,5,6,11,12,107,119,0,0,0,0,8,8,0,0,0,57,127,184,1,1,2,4956,5380,10336,2848,3768,6616,0,0,0,14,25,39,0,0,0,5,4,9,0,0,0,2431,2646,5077,0,0,0,0,0,0,0,0,0,0,0,0,0,0,0,0,1,1,0,0,0,0,0,0,85,134,219,0,0,0,0,0,0,0,0,0,0,0,0,0,0,0,0,0,0,0,0,0,0,0,0,0,0,0,0,0,0,0,0,0,0,0,0,0,0,0
20160627,148662,26745,28454,55199,29090,29765,58855,114054,7027,7295,14322,2,1,3,7,9,16,34,215,249,0,0,0,0,0,0,1,0,1,210,256,466,0,12,12,4545,4871,9416,2021,2660,4681,0,0,0,18,24,42,180,159,339,4,5,9,0,0,0,1941,1986,3927,0,0,0,0,0,0,0,0,0,0,0,0,0,0,0,212,680,892,0,10,10,0,0,0,120,103,223,0,0,0,0,0,0,0,0,0,0,0,0,0,0,0,0,0,0,0,0,0,0,0,0,0,0,0,0,0,0,0,0,0,0,0,0,0,0,0
20160628,137146,22784,24911,47695,26116,27603,53719,101414,7787,7942,15729,16,0,16,14,6,20,139,210,349,0,0,0,0,0,0,0,0,0,251,122,373,6,0,6,4360,4799,9159,2281,2276,4557,0,0,0,7,16,23,0,0,0,6,6,12,0,0,0,2266,2216,4482,0,0,0,0,0,0,0,0,0,0,0,0,0,0,0,396,545,941,0,9,9,0,0,0,14,42,56,0,0,0,0,0,0,0,0,0,0,0,0,0,0,0,0,0,0,0,0,0,0,0,0,0,0,0,0,0,0,0,0,0,0,0,0,0,0,0
20160629,144887,25632,26785,52417,27749,25874,53623,106040,7791,7505,15296,1725,1711,3436,39,76,115,61,95,156,3,0,3,0,0,0,0,0,0,204,211,415,2,0,2,4517,4875,9392,2460,1996,4456,0,0,0,19,38,57,0,0,0,3,3,6,0,0,0,2491,2278,4769,0,0,0,0,0,0,0,0,0,0,0,0,0,0,0,180,440,620,0,0,0,0,0,0,8,116,124,0,0,0,0,0,0,0,0,0,0,0,0,0,0,0,0,0,0,0,0,0,0,0,0,0,0,0,0,0,0,0,0,0,0,0,0,0,0,0
20160630,151962,27158,28169,55327,28448,30236,58684,114011,8560,8534,17094,740,3,743,5,4,9,76,85,161,0,4,4,1,0,1,0,0,0,242,288,530,0,0,0,4642,4738,9380,2581,2825,5406,0,0,0,20,39,59,0,0,0,9,9,18,0,0,0,1998,1997,3995,0,0,0,0,0,0,0,0,0,0,0,0,0,0,0,254,224,478,0,17,17,0,0,0,30,26,56,0,0,0,0,0,0,0,0,0,0,0,0,0,0,0,0,0,0,0,0,0,0,0,0,0,0,0,0,0,0,0,0,0,0,0,0,0,0,0
20160701,158805,25346,30463,55809,28938,32332,61270,117079,7949,8293,16242,1938,2241,4179,4,5,9,34,153,187,0,0,0,0,0,0,0,0,0,225,194,419,3,0,3,4795,5250,10045,2898,2478,5376,0,0,0,26,59,85,152,174,326,6,2,8,0,12,12,2416,2262,4678,0,0,0,0,0,0,0,0,0,0,0,0,0,0,0,4,2,6,0,5,5,0,0,0,122,24,146,0,0,0,0,0,0,0,0,0,0,0,0,0,0,0,0,0,0,0,0,0,0,0,0,0,0,0,0,0,0,0,0,0,0,0,0,0,0,0
20160702,149415,25581,28735,54316,27993,29626,57619,111935,7429,8883,16312,1,0,1,8,5,13,19,18,37,0,0,0,1,0,1,0,0,0,259,338,597,0,0,0,4560,4707,9267,3472,2658,6130,0,0,0,36,211,247,0,0,0,0,1,1,0,0,0,2302,2240,4542,0,0,0,0,0,0,0,0,0,0,0,0,0,0,0,8,7,15,0,12,12,0,0,0,180,125,305,0,0,0,0,0,0,0,0,0,0,0,0,0,0,0,0,0,0,0,0,0,0,0,0,0,0,0,0,0,0,0,0,0,0,0,0,0,0,0
20160703,161693,27156,30003,57159,30046,32435,62481,119640,8157,9185,17342,1487,1746,3233,4,9,13,18,19,37,0,0,0,0,0,0,0,0,0,69,159,228,0,0,0,4610,5169,9779,2435,3592,6027,0,0,0,32,51,83,0,0,0,1,0,1,0,0,0,2366,2661,5027,0,0,0,0,0,0,0,0,0,0,0,0,0,0,0,1,0,1,0,9,9,0,0,0,66,207,273,0,0,0,0,0,0,0,0,0,0,0,0,0,0,0,0,0,0,0,0,0,0,0,0,0,0,0,0,0,0,0,0,0,0,0,0,0,0,0
20160704,142472,25706,28227,53933,25667,29684,55351,109284,6364,7892,14256,0,0,0,3,5,8,11,49,60,0,0,0,2,2,4,0,0,0,208,332,540,0,1,1,4337,4907,9244,1893,2801,4694,0,0,0,13,16,29,179,179,358,3,12,15,0,0,0,1775,2072,3847,0,0,0,0,0,0,0,0,0,0,0,0,0,0,0,4,4,8,0,8,8,0,0,0,33,83,116,0,0,0,0,0,0,0,0,0,0,0,0,0,0,0,0,0,0,0,0,0,0,0,0,0,0,0,0,0,0,0,0,0,0,0,0,0,0,0
20160705,138216,22995,25692,48687,25499,28483,53982,102669,7420,8605,16025,5,5,10,2,8,10,8,23,31,0,0,0,0,0,0,0,0,0,125,167,292,1,0,1,4611,4757,9368,2088,2269,4357,0,0,0,34,45,79,0,0,0,15,9,24,0,0,0,2048,2335,4383,0,0,0,0,0,0,0,0,0,0,0,0,0,0,0,422,485,907,0,1,1,0,0,0,19,40,59,0,0,0,0,0,0,0,0,0,0,0,0,0,0,0,0,0,0,0,0,0,0,0,0,0,0,0,0,0,0,0,0,0,0,0,0,0,0,0
20160706,147755,24680,27172,51852,28033,28402,56435,108287,7434,8175,15609,1725,1389,3114,55,43,98,150,61,211,3,2,5,0,0,0,0,0,0,169,242,411,1,1,2,4447,4825,9272,2621,2748,5369,0,0,0,24,42,66,0,0,0,1,1,2,0,0,0,2194,2394,4588,0,0,0,0,2,2,0,0,0,0,0,0,0,0,0,227,331,558,1,0,1,0,0,0,85,75,160,0,0,0,0,0,0,0,0,0,0,0,0,0,0,0,0,0,0,0,0,0,0,0,0,0,0,0,0,0,0,0,0,0,0,0,0,0,0,0
20160707,119075,18321,24408,42729,22290,27873,50163,92892,4405,7146,11551,0,0,0,7,5,12,22,13,35,0,0,0,0,0,0,0,0,0,43,100,143,1,0,1,3343,4563,7906,1536,2112,3648,0,0,0,0,0,0,0,0,0,0,0,0,0,0,0,999,1888,2887,0,0,0,0,0,0,0,0,0,0,0,0,0,0,0,0,0,0,0,0,0,0,0,0,0,0,0,0,0,0,0,0,0,0,0,0,0,0,0,0,0,0,0,0,0,0,0,0,0,0,0,0,0,0,0,0,0,0,0,0,0,0,0,0,0,0
20160708,81058,14871,16756,31627,15945,19145,35090,66717,3418,2378,5796,0,0,0,0,3,3,2,0,2,0,0,0,0,0,0,0,0,0,0,0,0,0,0,0,3312,2466,5778,0,0,0,0,0,0,0,0,0,0,0,0,0,0,0,0,0,0,1716,1046,2762,0,0,0,0,0,0,0,0,0,0,0,0,0,0,0,0,0,0,0,0,0,0,0,0,0,0,0,0,0,0,0,0,0,0,0,0,0,0,0,0,0,0,0,0,0,0,0,0,0,0,0,0,0,0,0,0,0,0,0,0,0,0,0,0,0,0
20160709,171672,32973,30900,63873,36996,32966,69962,133835,10975,10288,21263,0,0,0,3,6,9,30,223,253,14,0,14,0,0,0,0,0,0,342,290,632,2,0,2,4960,4803,9763,0,0,0,0,0,0,0,0,0,168,152,320,0,0,0,0,0,0,2847,2724,5571,0,0,0,0,0,0,0,0,0,0,0,0,0,0,0,0,9,9,0,1,1,0,0,0,0,0,0,0,0,0,0,0,0,0,0,0,0,0,0,0,0,0,0,0,0,0,0,0,0,0,0,0,0,0,0,0,0,0,0,0,0,0,0,0,0,0
20160710,164683,26876,28201,55077,32358,32415,64773,119850,9333,9026,18359,1406,1768,3174,4,18,22,24,125,149,0,0,0,0,0,0,0,0,0,143,132,275,2,2,4,5242,5429,10671,3601,3149,6750,0,0,0,141,0,141,0,0,0,0,1,1,0,0,0,2415,2700,5115,0,0,0,0,0,0,0,0,0,0,0,0,0,0,0,10,2,12,0,0,0,0,0,0,76,84,160,0,0,0,0,0,0,0,0,0,0,0,0,0,0,0,0,0,0,0,0,0,0,0,0,0,0,0,0,0,0,0,0,0,0,0,0,0,0,0
20160711,140541,25067,26786,51853,26948,28753,55701,107554,6433,7077,13510,0,0,0,19,5,24,60,33,93,3,3,6,4,4,8,0,0,0,217,285,502,0,2,2,4612,4663,9275,2291,2745,5036,0,0,0,81,63,144,180,179,359,0,3,3,0,0,0,1776,2101,3877,0,0,0,0,0,0,0,0,0,0,0,0,0,0,0,5,6,11,0,33,33,0,0,0,58,46,104,0,0,0,0,0,0,0,0,0,0,0,0,0,0,0,0,0,0,0,0,0,0,0,0,0,0,0,0,0,0,0,0,0,0,0,0,0,0,0
20160712,137286,21987,22893,44880,26628,27979,54607,99487,7516,8130,15646,12,1928,1940,13,8,21,79,110,189,8,5,13,0,9,9,0,0,0,163,119,282,0,0,0,4647,4848,9495,2288,2415,4703,0,0,0,27,15,42,0,0,0,2,10,12,0,0,0,2120,2279,4399,0,0,0,0,0,0,0,0,0,0,0,0,0,0,0,457,414,871,0,14,14,0,0,0,87,76,163,0,0,0,0,0,0,0,0,0,0,0,0,0,0,0,0,0,0,0,0,0,0,0,0,0,0,0,0,0,0,0,0,0,0,0,0,0,0,0
20160713,140978,24703,24870,49573,25937,25987,51924,101497,7622,7487,15109,1733,1725,3458,81,60,141,46,65,111,0,7,7,0,0,0,0,0,0,226,233,459,0,0,0,4634,4681,9315,2951,2662,5613,0,0,0,28,33,61,0,0,0,5,7,12,0,0,0,2370,2100,4470,0,0,0,0,0,0,0,0,0,0,0,0,0,0,0,311,303,614,2,1,3,0,0,0,55,53,108,0,0,0,0,0,0,0,0,0,0,0,0,0,0,0,0,0,0,0,0,0,0,0,0,0,0,0,0,0,0,0,0,0,0,0,0,0,0,0
20160714,137515,23908,23133,47041,27321,27633,54954,101995,8451,7339,15790,2,1,3,28,30,58,45,56,101,3,2,5,2,0,2,0,0,0,181,217,398,0,0,0,4879,4422,9301,2464,2820,5284,0,0,0,22,43,65,0,0,0,7,8,15,0,0,0,1904,1774,3678,0,0,0,0,0,0,0,0,0,0,0,0,0,0,0,370,286,656,0,11,11,0,0,0,51,102,153,0,0,0,0,0,0,0,0,0,0,0,0,0,0,0,0,0,0,0,0,0,0,0,0,0,0,0,0,0,0,0,0,0,0,0,0,0,0,0
20160715,157107,28266,25385,53651,29909,29390,59299,112950,8440,7290,15730,3740,2852,6592,21,8,29,38,29,67,1,12,13,0,2,2,0,0,0,220,136,356,0,5,5,5345,4824,10169,3208,2595,5803,0,0,0,25,31,56,161,161,322,14,28,42,0,0,0,2621,2265,4886,0,0,0,0,0,0,0,0,0,0,0,0,0,0,0,7,6,13,0,3,3,0,0,0,33,36,69,0,0,0,0,0,0,0,0,0,0,0,0,0,0,0,0,0,0,0,0,0,0,0,0,0,0,0,0,0,0,0,0,0,0,0,0,0,0,0
20160716,151929,28416,25224,53640,32226,27885,60111,113751,8510,7676,16186,0,4,4,6,6,12,14,31,45,1,1,2,0,1,1,0,0,0,300,249,549,0,7,7,4937,4732,9669,4042,2738,6780,0,0,0,66,72,138,0,0,0,24,3,27,0,0,0,2461,2126,4587,0,0,0,0,0,0,0,0,0,0,0,0,0,0,0,1,2,3,1,2,3,0,0,0,102,63,165,0,0,0,0,0,0,0,0,0,0,0,0,0,0,0,0,0,0,0,0,0,0,0,0,0,0,0,0,0,0,0,0,0,0,0,0,0,0,0
20160717,162885,28596,27076,55672,32778,30205,62983,118655,9601,8584,18185,1672,1755,3427,2,1,3,11,22,33,0,0,0,0,0,0,0,0,0,125,97,222,1,1,2,5223,5000,10223,2851,3827,6678,0,0,0,54,54,108,0,0,0,3,0,3,0,0,0,2505,2643,5148,0,0,0,0,0,0,0,0,0,0,0,0,0,0,0,1,2,3,0,9,9,0,0,0,55,131,186,0,0,0,0,0,0,0,0,0,0,0,0,0,0,0,0,0,0,0,0,0,0,0,0,0,0,0,0,0,0,0,0,0,0,0,0,0,0,0
20160718,148220,27954,27984,55938,28371,29637,58008,113946,7119,7136,14255,1,3,4,3,2,5,41,45,86,0,0,0,0,1,1,0,0,0,246,308,554,0,0,0,4498,4852,9350,2651,2733,5384,0,0,0,21,30,51,180,180,360,1,4,5,0,0,0,2007,2083,4090,0,0,0,0,0,0,0,0,0,0,0,0,0,0,0,5,10,15,0,12,12,0,0,0,54,48,102,0,0,0,0,0,0,0,0,0,0,0,0,0,0,0,0,0,0,0,0,0,0,0,0,0,0,0,0,0,0,0,0,0,0,0,0,0,0,0
20160719,135733,22928,23025,45953,25813,27290,53103,99056,7959,8049,16008,3,1,4,1,2,3,45,64,109,0,0,0,0,1,1,0,0,0,239,95,334,0,2,2,4324,4908,9232,2496,2561,5057,0,0,0,35,45,80,0,0,0,5,0,5,0,0,0,2322,2263,4585,0,0,0,0,0,0,0,0,0,0,0,0,0,0,0,699,460,1159,0,9,9,0,0,0,34,55,89,0,0,0,0,0,0,0,0,0,0,0,0,0,0,0,0,0,0,0,0,0,0,0,0,0,0,0,0,0,0,0,0,0,0,0,0,0,0,0
20160720,145026,25036,26147,51183,25576,25595,51171,102354,7457,7535,14992,2927,4047,6974,60,76,136,78,53,131,0,0,0,0,0,0,0,0,0,275,220,495,1,3,4,4360,4751,9111,2885,2306,5191,0,0,0,26,21,47,116,128,244,3,4,7,0,0,0,2564,2235,4799,0,0,0,0,0,0,0,0,0,0,0,0,0,0,0,170,198,368,0,44,44,0,0,0,84,45,129,0,0,0,0,0,0,0,0,0,0,0,0,0,0,0,0,0,0,0,0,0,0,0,0,0,0,0,0,0,0,0,0,0,0,0,0,0,0,0
20160721,138252,24405,24237,48642,27810,26392,54202,102844,8175,7618,15793,6,11,17,10,15,25,91,97,188,0,0,0,0,0,0,0,0,0,276,205,481,0,0,0,4443,4513,8956,2507,2613,5120,0,0,0,41,35,76,0,0,0,2,5,7,0,0,0,1981,1844,3825,0,0,0,0,0,0,0,0,0,0,0,0,0,0,0,545,258,803,0,15,15,0,0,0,46,56,102,0,0,0,0,0,0,0,0,0,0,0,0,0,0,0,0,0,0,0,0,0,0,0,0,0,0,0,0,0,0,0,0,0,0,0,0,0,0,0
20160722,151832,25996,25124,51120,28976,28083,57059,108179,8311,7495,15806,1848,1571,3419,16,2,18,3474,44,3518,3,0,3,0,8,8,0,0,0,287,85,372,0,0,0,5072,4807,9879,2573,2682,5255,0,0,0,17,39,56,181,161,342,2,0,2,0,0,0,2551,2263,4814,0,0,0,0,0,0,0,0,0,0,0,0,0,0,0,0,0,0,0,0,0,0,0,0,94,67,161,0,0,0,0,0,0,0,0,0,0,0,0,0,0,0,0,0,0,0,0,0,0,0,0,0,0,0,0,0,0,0,0,0,0,0,0,0,0,0
20160723,149957,27425,24791,52216,29493,27472,56965,109181,8093,8117,16210,2336,612,2948,2,1,3,31,24,55,0,0,0,0,0,0,0,0,0,316,256,572,1,4,5,4772,4506,9278,3714,2713,6427,0,0,0,69,34,103,109,120,229,11,5,16,0,0,0,2436,2271,4707,0,0,0,0,0,0,0,0,0,0,0,0,0,0,0,0,0,0,0,8,8,0,0,0,116,99,215,0,0,0,0,0,0,0,0,0,0,0,0,0,0,0,0,0,0,0,0,0,0,0,0,0,0,0,0,0,0,0,0,0,0,0,0,0,0,0
20160724,163376,27766,27075,54841,32196,29194,61390,116231,9380,8527,17907,1559,1784,3343,2,5,7,19,48,67,0,3402,3402,0,0,0,0,0,0,72,130,202,4,0,4,5232,5178,10410,3043,3502,6545,0,0,0,35,31,66,0,0,0,0,9,9,0,0,0,2378,2456,4834,0,0,0,0,0,0,0,0,0,0,0,0,0,0,0,2,2,4,0,2,2,0,0,0,59,284,343,0,0,0,0,0,0,0,0,0,0,0,0,0,0,0,0,0,0,0,0,0,0,0,0,0,0,0,0,0,0,0,0,0,0,0,0,0,0,0
20160725,141018,28163,25289,53452,27280,26740,54020,107472,7238,6887,14125,1,5,6,3,1,4,31,22,53,1,1,2,0,0,0,0,0,0,264,267,531,0,0,0,4711,4618,9329,2345,2564,4909,0,0,0,15,26,41,177,180,357,8,1,9,0,0,0,2045,2021,4066,0,0,0,0,0,0,0,0,0,0,0,0,0,0,0,0,0,0,0,3,3,0,0,0,44,67,111,0,0,0,0,0,0,0,0,0,0,0,0,0,0,0,0,0,0,0,0,0,0,0,0,0,0,0,0,0,0,0,0,0,0,0,0,0,0,0
20160726,132981,22687,22226,44913,26173,25157,51330,96243,8642,7622,16264,2,2,4,6,16,22,83,36,119,0,0,0,0,0,0,0,0,0,234,93,327,3,0,3,4716,4602,9318,2514,2561,5075,0,0,0,39,26,65,0,0,0,2,1,3,0,0,0,2280,2128,4408,0,0,0,0,0,0,0,0,0,0,0,0,0,0,0,368,588,956,0,18,18,0,0,0,81,75,156,0,0,0,0,0,0,0,0,0,0,0,0,0,0,0,0,0,0,0,0,0,0,0,0,0,0,0,0,0,0,0,0,0,0,0,0,0,0,0
20160727,138082,24526,23628,48154,25465,24858,50323,98477,8188,7429,15617,1756,1746,3502,69,46,115,52,100,152,0,0,0,0,0,0,0,0,0,269,221,490,0,0,0,4874,4403,9277,2398,2421,4819,0,0,0,27,17,44,118,90,208,0,8,8,0,0,0,2507,2351,4858,0,0,0,0,0,0,0,0,0,0,0,0,0,0,0,197,166,363,0,23,23,0,0,0,93,36,129,0,0,0,0,0,0,0,0,0,0,0,0,0,0,0,0,0,0,0,0,0,0,0,0,0,0,0,0,0,0,0,0,0,0,0,0,0,0,0
20160728,136158,24187,22447,46634,28258,24865,53123,99757,8477,7503,15980,4,1,5,21,5,26,49,40,89,3,2,5,0,0,0,0,0,0,278,212,490,1,1,2,4729,4480,9209,2829,2941,5770,0,0,0,39,46,85,0,0,0,1,1,2,0,0,0,2002,1935,3937,0,0,0,0,0,0,0,0,0,0,0,0,0,0,0,428,243,671,0,12,12,0,0,0,62,56,118,0,0,0,0,0,0,0,0,0,0,0,0,0,0,0,0,0,0,0,0,0,0,0,0,0,0,0,0,0,0,0,0,0,0,0,0,0,0,0
20160729,149278,28513,25049,53562,29389,26001,55390,108952,8526,7113,15639,1854,1631,3485,4,11,15,53,35,88,0,0,0,0,0,0,0,0,0,288,130,418,2,0,2,5080,4718,9798,3530,2136,5666,0,0,0,42,31,73,179,181,360,8,0,8,0,0,0,2437,2119,4556,0,0,0,0,0,0,0,0,0,0,0,0,0,0,0,1,1,2,0,28,28,0,0,0,147,41,188,0,0,0,0,0,0,0,0,0,0,0,0,0,0,0,0,0,0,0,0,0,0,0,0,0,0,0,0,0,0,0,0,0,0,0,0,0,0,0
20160730,146560,28581,24814,53395,30863,25541,56404,109799,8215,7334,15549,0,0,0,2,6,8,20,19,39,1,1,2,0,0,0,0,0,0,180,149,329,0,0,0,4922,4581,9503,3402,2966,6368,0,0,0,48,46,94,129,82,211,7,14,21,0,0,0,2391,2058,4449,0,0,0,0,0,0,0,0,0,0,0,0,0,0,0,8,8,16,1,7,8,0,0,0,124,40,164,0,0,0,0,0,0,0,0,0,0,0,0,0,0,0,0,0,0,0,0,0,0,0,0,0,0,0,0,0,0,0,0,0,0,0,0,0,0,0
20160731,155341,27088,25820,52908,30721,27824,58545,111453,9107,8015,17122,1639,1791,3430,10,15,25,11,25,36,0,0,0,0,0,0,0,0,0,120,154,274,0,0,0,5416,5073,10489,3084,3862,6946,0,0,0,30,31,61,0,0,0,3,11,14,0,0,0,2493,2456,4949,0,0,0,0,216,216,0,0,0,0,0,0,0,0,0,2,2,4,1,0,1,0,0,0,122,199,321,0,0,0,0,0,0,0,0,0,0,0,0,0,0,0,0,0,0,0,0,0,0,0,0,0,0,0,0,0,0,0,0,0,0,0,0,0,0,0
20160801,138274,27552,24735,52287,28104,26915,55019,107306,6926,6040,12966,8,2,10,4,2,6,40,18,58,0,0,0,0,0,0,0,0,0,296,305,601,0,0,0,4687,4571,9258,2195,2341,4536,0,0,0,0,0,0,166,177,343,8,8,16,0,0,0,1584,1581,3165,0,0,0,0,0,0,0,0,0,0,0,0,0,0,0,3,5,8,1,0,1,0,0,0,0,0,0,0,0,0,0,0,0,0,0,0,0,0,0,0,0,0,0,0,0,0,0,0,0,0,0,0,0,0,0,0,0,0,0,0,0,0,0,0,0,0
20160802,122140,19983,20409,40392,25120,25526,50646,91038,7158,6461,13619,1,6,7,2,13,15,36,30,66,0,0,0,0,0,0,0,0,0,88,13,101,0,0,0,4540,4279,8819,2374,2003,4377,0,0,0,12,54,66,0,0,0,1,0,1,0,0,0,1513,1632,3145,0,0,0,0,0,0,0,0,0,0,0,0,0,0,0,365,372,737,0,35,35,0,0,0,52,62,114,0,0,0,0,0,0,0,0,0,0,0,0,0,0,0,0,0,0,0,0,0,0,0,0,0,0,0,0,0,0,0,0,0,0,0,0,0,0,0
20160803,133812,23820,24148,47968,23527,24296,47823,95791,7347,7523,14870,1749,1731,3480,74,79,153,36,38,74,0,0,0,5,0,5,0,0,0,176,164,340,0,0,0,4782,4549,9331,1972,1886,3858,0,0,0,23,20,43,110,148,258,1,2,3,0,0,0,2748,2456,5204,0,0,0,0,0,0,0,0,0,0,0,0,0,0,0,142,174,316,6,25,31,0,0,0,36,19,55,0,0,0,0,0,0,0,0,0,0,0,0,0,0,0,0,0,0,0,0,0,0,0,0,0,0,0,0,0,0,0,0,0,0,0,0,0,0,0
20160804,129283,21851,21700,43551,26391,26322,52713,96264,7588,6961,14549,0,0,0,10,9,19,44,39,83,0,0,0,1,0,1,0,3,3,307,270,577,4,5,9,4683,4280,8963,2151,2110,4261,0,0,0,25,21,46,0,0,0,1,5,6,0,0,0,1872,1797,3669,0,0,0,0,0,0,0,0,0,0,0,0,0,0,0,475,278,753,2,21,23,0,0,0,33,24,57,0,0,0,0,0,0,0,0,0,0,0,0,0,0,0,0,0,0,0,0,0,0,0,0,0,0,0,0,0,0,0,0,0,0,0,0,0,0,0
20160805,146168,25354,25668,51022,28185,27840,56025,107047,7924,7157,15081,1783,1643,3426,5,7,12,37,30,67,1,1,2,0,1,1,0,0,0,230,167,397,4,1,5,5189,4912,10101,2648,2335,4983,0,0,0,65,20,85,103,179,282,6,2,8,0,0,0,2487,2061,4548,0,0,0,0,0,0,0,0,0,0,0,0,0,0,0,6,0,6,4,12,16,0,0,0,33,68,101,0,0,0,0,0,0,0,0,0,0,0,0,0,0,0,0,0,0,0,0,0,0,0,0,0,0,0,0,0,0,0,0,0,0,0,0,0,0,0
20160806,139678,24450,24185,48635,27641,26434,54075,102710,8126,8005,16131,18,11,29,10,1,11,27,33,60,0,0,0,1,14,15,0,0,0,176,169,345,0,0,0,4809,4648,9457,3894,2454,6348,0,0,0,43,41,84,148,104,252,0,13,13,0,0,0,2136,1876,4012,0,0,0,0,0,0,0,0,0,0,0,0,0,0,0,1,1,2,0,24,24,0,0,0,122,63,185,0,0,0,0,0,0,0,0,0,0,0,0,0,0,0,0,0,0,0,0,0,0,0,0,0,0,0,0,0,0,0,0,0,0,0,0,0,0,0
20160807,151015,26096,25290,51386,28715,28647,57362,108748,8450,8387,16837,1618,1821,3439,6,2,8,37,69,106,0,4,4,1,8,9,0,0,0,125,134,259,2,0,2,5015,4946,9961,2565,3895,6460,0,0,0,36,22,58,0,0,0,12,5,17,0,0,0,2238,2583,4821,0,0,0,0,0,0,0,0,0,0,0,0,0,0,0,1,0,1,0,0,0,0,0,0,117,168,285,0,0,0,0,0,0,0,0,0,0,0,0,0,0,0,0,0,0,0,0,0,0,0,0,0,0,0,0,0,0,0,0,0,0,0,0,0,0,0
20160808,130504,24638,23954,48592,25155,25914,51069,99661,6237,6372,12609,18,1,19,4,2,6,38,20,58,4,0,4,0,1,1,0,0,0,263,285,548,0,0,0,4380,4316,8696,2298,2459,4757,0,0,0,25,25,50,182,166,348,6,5,11,0,0,0,1769,1787,3556,0,0,0,0,0,0,0,0,0,0,0,0,0,0,0,10,4,14,2,19,21,0,0,0,49,96,145,0,0,0,0,0,0,0,0,0,0,0,0,0,0,0,0,0,0,0,0,0,0,0,0,0,0,0,0,0,0,0,0,0,0,0,0,0,0,0
20160809,124843,20807,21594,42401,23389,25545,48934,91335,7596,7665,15261,0,0,0,2,16,18,30,32,62,1,0,1,0,0,0,0,0,0,184,155,339,0,0,0,4290,4445,8735,1794,2246,4040,0,0,0,33,8,41,0,0,0,9,0,9,0,0,0,2005,2132,4137,0,0,0,0,0,0,0,0,0,0,0,0,0,0,0,407,377,784,1,2,3,0,0,0,29,49,78,0,0,0,0,0,0,0,0,0,0,0,0,0,0,0,0,0,0,0,0,0,0,0,0,0,0,0,0,0,0,0,0,0,0,0,0,0,0,0
20160810,139447,24001,24609,48610,25815,25605,51420,100030,7829,7178,15007,1735,1735,3470,245,47,292,81,69,150,0,0,0,0,1,1,0,0,0,147,148,295,5,0,5,4966,4514,9480,2815,2351,5166,0,0,0,34,24,58,125,144,269,0,8,8,0,0,0,2276,2381,4657,0,0,0,0,0,0,0,0,0,0,0,0,0,0,0,247,219,466,5,10,15,0,0,0,30,48,78,0,0,0,0,0,0,0,0,0,0,0,0,0,0,0,0,0,0,0,0,0,0,0,0,0,0,0,0,0,0,0,0,0,0,0,0,0,0,0
20160811,139511,25389,23876,49265,27830,26200,54030,103295,8120,8013,16133,0,2,2,9,4,13,31,39,70,0,0,0,0,19,19,0,0,0,221,255,476,0,0,0,4690,4518,9208,2658,2959,5617,0,0,0,34,34,68,0,0,0,2,0,2,0,0,0,1960,1842,3802,0,0,0,0,0,0,0,0,0,0,0,0,0,0,0,390,344,734,1,7,8,0,0,0,31,33,64,0,0,0,0,0,0,0,0,0,0,0,0,0,0,0,0,0,0,0,0,0,0,0,0,0,0,0,0,0,0,0,0,0,0,0,0,0,0,0
20160812,147592,26122,25957,52079,27358,28031,55389,107468,8270,7417,15687,1803,1654,3457,14,5,19,67,85,152,0,0,0,0,0,0,0,0,0,269,113,382,0,0,0,5166,4799,9965,2898,2609,5507,0,0,0,29,36,65,0,0,0,2,14,16,0,0,0,2566,2210,4776,0,0,0,0,0,0,0,0,0,0,0,0,0,0,0,1,1,2,0,4,4,0,0,0,59,33,92,0,0,0,0,0,0,0,0,0,0,0,0,0,0,0,0,0,0,0,0,0,0,0,0,0,0,0,0,0,0,0,0,0,0,0,0,0,0,0
20160813,144798,25053,25718,50771,28492,27985,56477,107248,8204,8360,16564,10,8,18,5,11,16,49,76,125,0,0,0,0,0,0,0,0,0,175,165,340,0,0,0,4790,4645,9435,3890,2362,6252,0,0,0,39,26,65,130,136,266,11,2,13,0,0,0,2211,1975,4186,0,0,0,0,0,0,0,0,0,0,0,0,0,0,0,1,5,6,0,6,6,0,0,0,222,36,258,0,0,0,0,0,0,0,0,0,0,0,0,0,0,0,0,0,0,0,0,0,0,0,0,0,0,0,0,0,0,0,0,0,0,0,0,0,0,0
20160814,158621,27812,27771,55583,29331,30180,59511,115094,8607,8640,17247,1657,1953,3610,14,10,24,17,49,66,0,1,1,4,5,9,0,0,0,108,149,257,0,0,0,4923,5368,10291,2848,3771,6619,0,0,0,28,27,55,0,0,0,3,1,4,0,0,0,2435,2659,5094,0,0,0,0,0,0,0,0,0,0,0,0,0,0,0,3,3,6,0,14,14,0,0,0,64,166,230,0,0,0,0,0,0,0,0,0,0,0,0,0,0,0,0,0,0,0,0,0,0,0,0,0,0,0,0,0,0,0,0,0,0,0,0,0,0,0
20160815,141375,25833,27642,53475,26350,28303,54653,108128,6617,7750,14367,2,1,3,9,12,21,24,12,36,0,0,0,0,0,0,0,0,0,252,278,530,0,1,1,4368,4811,9179,2195,2465,4660,0,0,0,25,39,64,172,182,354,0,1,1,0,0,0,1856,1936,3792,0,0,0,0,0,0,0,0,0,0,0,0,0,0,0,12,19,31,2,3,5,0,0,0,69,134,203,0,0,0,0,0,0,0,0,0,0,0,0,0,0,0,0,0,0,0,0,0,0,0,0,0,0,0,0,0,0,0,0,0,0,0,0,0,0,0
20160816,133049,22827,24459,47286,25364,27334,52698,99984,7170,7777,14947,0,0,0,23,11,34,22,15,37,0,0,0,0,0,0,0,0,0,198,143,341,0,0,0,4343,4847,9190,2273,1889,4162,0,0,0,37,31,68,0,0,0,1,0,1,0,0,0,1989,2182,4171,0,0,0,0,0,0,0,0,0,0,0,0,0,0,0,2,3,5,0,0,0,0,0,0,63,46,109,0,0,0,0,0,0,0,0,0,0,0,0,0,0,0,0,0,0,0,0,0,0,0,0,0,0,0,0,0,0,0,0,0,0,0,0,0,0,0
20160817,133932,23132,25254,48386,22992,25958,48950,97336,6496,7157,13653,1744,1743,3487,621,38,659,43,48,91,0,0,0,0,6,6,0,0,0,160,133,293,0,2,2,4448,4863,9311,1784,1943,3727,0,0,0,17,23,40,152,135,287,0,1,1,0,0,0,2140,2117,4257,0,0,0,0,0,0,0,0,0,0,0,0,0,0,0,348,354,702,0,3,3,0,0,0,33,44,77,0,0,0,0,0,0,0,0,0,0,0,0,0,0,0,0,0,0,0,0,0,0,0,0,0,0,0,0,0,0,0,0,0,0,0,0,0,0,0
20160818,140608,21796,25895,47691,25380,30250,55630,103321,7010,8214,15224,17,2938,2955,5,3,8,39,34,73,0,0,0,0,0,0,0,0,0,253,253,506,0,0,0,4272,4850,9122,2255,2752,5007,0,0,0,44,20,64,0,0,0,0,0,0,0,0,0,1645,1870,3515,0,0,0,0,0,0,0,0,0,0,0,0,0,0,0,307,348,655,0,28,28,0,0,0,80,50,130,0,0,0,0,0,0,0,0,0,0,0,0,0,0,0,0,0,0,0,0,0,0,0,0,0,0,0,0,0,0,0,0,0,0,0,0,0,0,0
20160819,149231,25187,27355,52542,26377,30329,56706,109248,7545,7629,15174,1810,1756,3566,4,0,4,38,94,132,1,1,2,0,0,0,0,0,0,229,183,412,0,0,0,4662,5151,9813,2714,2938,5652,0,0,0,33,38,71,0,0,0,0,9,9,0,0,0,2346,2535,4881,0,0,0,0,0,0,0,0,0,0,0,0,0,0,0,5,3,8,0,32,32,0,0,0,136,91,227,0,0,0,0,0,0,0,0,0,0,0,0,0,0,0,0,0,0,0,0,0,0,0,0,0,0,0,0,0,0,0,0,0,0,0,0,0,0,0
20160820,146149,24846,26918,51764,27471,29231,56702,108466,7854,8352,16206,0,0,0,1,11,12,36,115,151,0,0,0,0,0,0,0,0,0,180,155,335,0,2,2,4445,4850,9295,3927,3079,7006,0,0,0,36,36,72,122,131,253,8,1,9,0,0,0,2139,2013,4152,0,0,0,0,0,0,0,0,0,0,0,0,0,0,0,13,1,14,0,9,9,0,0,0,116,51,167,0,0,0,0,0,0,0,0,0,0,0,0,0,0,0,0,0,0,0,0,0,0,0,0,0,0,0,0,0,0,0,0,0,0,0,0,0,0,0
20160821,165376,26803,27956,54759,29654,31109,60763,115522,8489,8971,17460,4702,4560,9262,9,12,21,35,39,74,0,0,0,0,0,0,0,0,0,104,121,225,0,5,5,5140,5424,10564,2855,4124,6979,0,0,0,41,40,81,0,0,0,2,6,8,0,0,0,2267,2673,4940,0,0,0,0,0,0,0,0,0,0,0,0,0,0,0,0,0,0,0,4,4,0,0,0,88,143,231,0,0,0,0,0,0,0,0,0,0,0,0,0,0,0,0,0,0,0,0,0,0,0,0,0,0,0,0,0,0,0,0,0,0,0,0,0,0,0
20160822,143222,26449,26755,53204,26173,28401,54574,107778,6481,7112,13593,1010,973,1983,15,4,19,32,125,157,12,0,12,8,0,8,0,0,0,286,250,536,0,0,0,3868,4543,8411,2683,2824,5507,0,0,0,34,55,89,159,171,330,2,1,3,0,0,0,1974,2038,4012,0,0,0,0,0,0,0,0,0,0,0,0,0,0,0,88,595,683,0,7,7,0,0,0,35,59,94,0,0,0,0,0,0,0,0,0,0,0,0,0,0,0,0,0,0,0,0,0,0,0,0,0,0,0,0,0,0,0,0,0,0,0,0,0,0,0
20160823,138919,25317,23003,48320,27672,27963,55635,103955,8141,7775,15916,4,1,5,10,10,20,11,30,41,6,3,9,0,0,0,0,0,0,190,91,281,0,0,0,4325,4663,8988,2236,2436,4672,0,0,0,32,26,58,0,0,0,2,0,2,0,0,0,2037,2117,4154,0,0,0,0,0,0,0,0,0,0,0,0,0,0,0,288,450,738,5,6,11,0,0,0,31,38,69,0,0,0,0,0,0,0,0,0,0,0,0,0,0,0,0,0,0,0,0,0,0,0,0,0,0,0,0,0,0,0,0,0,0,0,0,0,0,0
20160824,139571,25610,23754,49364,26491,25390,51881,101245,7678,6996,14674,1679,1660,3339,27,68,95,45,73,118,2,4,6,0,0,0,0,0,0,248,145,393,0,0,0,4432,4862,9294,2742,2364,5106,0,0,0,35,20,55,0,0,0,7,10,17,0,0,0,2412,2291,4703,0,0,0,0,0,0,0,0,0,0,0,0,0,0,0,182,276,458,0,0,0,0,0,0,54,14,68,0,0,0,0,0,0,0,0,0,0,0,0,0,0,0,0,0,0,0,0,0,0,0,0,0,0,0,0,0,0,0,0,0,0,0,0,0,0,0
20160825,146865,26143,23024,49167,28439,27572,56011,105178,8320,7391,15711,2822,2915,5737,4,7,11,24,153,177,0,0,0,0,0,0,0,0,0,280,164,444,1,0,1,4422,4649,9071,2633,2833,5466,0,0,0,39,24,63,0,0,0,4,9,13,0,0,0,2068,2001,4069,0,0,0,0,0,0,0,0,0,0,0,0,0,0,0,392,425,817,1,9,10,0,0,0,42,55,97,0,0,0,0,0,0,0,0,0,0,0,0,0,0,0,0,0,0,0,0,0,0,0,0,0,0,0,0,0,0,0,0,0,0,0,0,0,0,0
20160826,146745,28026,24231,52257,29743,26388,56131,108388,8106,6474,14580,1745,1609,3354,14,22,36,46,29,75,0,0,0,0,0,0,0,0,0,258,163,421,0,2,2,4779,4697,9476,2936,2507,5443,0,0,0,30,35,65,0,0,0,9,2,11,0,0,0,2484,2195,4679,0,0,0,0,0,0,0,0,0,0,0,0,0,0,0,0,1,1,0,18,18,0,0,0,143,53,196,0,0,0,0,0,0,0,0,0,0,0,0,0,0,0,0,0,0,0,0,0,0,0,0,0,0,0,0,0,0,0,0,0,0,0,0,0,0,0
20160827,140242,28332,21888,50220,28871,24841,53712,103932,8888,7112,16000,0,0,0,17,4,21,35,43,78,1,12,13,0,8,8,0,0,0,312,168,480,0,0,0,4744,4614,9358,3937,2181,6118,0,0,0,38,32,70,0,0,0,1,0,1,0,0,0,2073,1892,3965,0,0,0,0,0,0,0,0,0,0,0,0,0,0,0,4,4,8,0,9,9,0,0,0,122,59,181,0,0,0,0,0,0,0,0,0,0,0,0,0,0,0,0,0,0,0,0,0,0,0,0,0,0,0,0,0,0,0,0,0,0,0,0,0,0,0
20160828,159369,28242,23989,52231,30883,27532,58415,110646,8101,7563,15664,4549,3559,8108,5,15,20,3217,16,3233,1,1,2,0,7,7,0,0,0,115,139,254,0,0,0,4937,5125,10062,2992,3577,6569,0,0,0,30,15,45,0,0,0,1,0,1,0,7,7,2310,2217,4527,0,0,0,0,0,0,0,0,0,0,0,0,0,0,0,2,0,2,3,0,3,0,0,0,45,174,219,0,0,0,0,0,0,0,0,0,0,0,0,0,0,0,0,0,0,0,0,0,0,0,0,0,0,0,0,0,0,0,0,0,0,0,0,0,0,0
20160829,129991,24474,23618,48092,24587,25324,49911,98003,6042,5898,11940,33,3189,3222,13,0,13,33,59,92,2,0,2,0,0,0,0,0,0,240,246,486,0,0,0,3818,4365,8183,1952,2032,3984,0,0,0,22,17,39,172,158,330,2,1,3,0,0,0,1769,1856,3625,0,0,0,0,0,0,0,0,0,0,0,0,0,0,0,4,2,6,0,29,29,0,0,0,14,20,34,0,0,0,0,0,0,0,0,0,0,0,0,0,0,0,0,0,0,0,0,0,0,0,0,0,0,0,0,0,0,0,0,0,0,0,0,0,0,0
20160830,115645,19729,20534,40263,22239,23839,46078,86341,6587,6895,13482,4,0,4,5,13,18,36,19,55,0,0,0,0,0,0,0,0,0,164,168,332,0,0,0,3717,3993,7710,1561,1642,3203,0,0,0,14,14,28,0,0,0,0,1,1,0,0,0,1821,1936,3757,0,0,0,0,0,0,0,0,0,0,0,0,0,0,0,420,248,668,0,0,0,0,0,0,20,26,46,0,0,0,0,0,0,0,0,0,0,0,0,0,0,0,0,0,0,0,0,0,0,0,0,0,0,0,0,0,0,0,0,0,0,0,0,0,0,0
20160831,119981,20891,22107,42998,22011,22334,44345,87343,6130,6388,12518,1546,1601,3147,17,33,50,60,76,136,5,1,6,0,1,1,0,0,0,199,187,386,0,0,0,4227,4330,8557,1462,1342,2804,0,0,0,20,12,32,0,0,0,3,2,5,0,0,0,2134,2015,4149,0,0,0,0,0,0,0,0,0,0,0,0,0,0,0,582,233,815,1,0,1,0,0,0,16,15,31,0,0,0,0,0,0,0,0,0,0,0,0,0,0,0,0,0,0,0,0,0,0,0,0,0,0,0,0,0,0,0,0,0,0,0,0,0,0,0
20160901,125637,20601,20967,41568,24602,26286,50888,92456,6536,6479,13015,2035,2365,4400,13,2,15,55,84,139,0,5,5,0,0,0,0,0,0,262,160,422,8,0,8,4261,4058,8319,1467,1887,3354,0,0,0,15,5,20,0,0,0,11,11,22,0,0,0,1727,1661,3388,0,0,0,0,0,0,0,0,0,0,0,0,0,0,0,1,3,4,0,20,20,0,0,0,25,25,50,0,0,0,0,0,0,0,0,0,0,0,0,0,0,0,0,0,0,0,0,0,0,0,0,0,0,0,0,0,0,0,0,0,0,0,0,0,0,0
20160902,129641,23129,22043,45172,26324,25563,51887,97059,6346,5815,12161,1643,1631,3274,1,10,11,30,91,121,1,2,3,0,0,0,0,0,0,223,149,372,0,0,0,4606,4240,8846,1802,2036,3838,0,0,0,25,11,36,0,0,0,0,0,0,0,0,0,2075,1758,3833,0,0,0,0,0,0,0,0,0,0,0,0,0,0,0,1,16,17,0,8,8,0,0,0,34,28,62,0,0,0,0,0,0,0,0,0,0,0,0,0,0,0,0,0,0,0,0,0,0,0,0,0,0,0,0,0,0,0,0,0,0,0,0,0,0,0
20160903,120284,20800,20427,41227,25068,23570,48638,89865,6479,6728,13207,11,0,11,13,6,19,58,53,111,0,2,2,5,2,7,0,0,0,215,176,391,0,0,0,4338,4040,8378,2713,2227,4940,0,0,0,13,17,30,0,0,0,1,3,4,0,0,0,1659,1499,3158,0,0,0,0,0,0,0,0,0,0,0,0,0,0,0,6,1,7,0,9,9,0,0,0,101,44,145,0,0,0,0,0,0,0,0,0,0,0,0,0,0,0,0,0,0,0,0,0,0,0,0,0,0,0,0,0,0,0,0,0,0,0,0,0,0,0
20160904,142664,23284,24363,47647,26362,27408,53770,101417,6979,7317,14296,3964,4265,8229,4,0,4,16,32,48,0,0,0,0,29,29,0,0,0,108,129,237,0,1,1,4373,4802,9175,2029,2794,4823,0,0,0,13,25,38,0,0,0,2,9,11,0,0,0,1971,2249,4220,0,0,0,0,0,0,0,0,0,0,0,0,0,0,0,0,0,0,0,0,0,0,0,0,27,109,136,0,0,0,0,0,0,0,0,0,0,0,0,0,0,0,0,0,0,0,0,0,0,0,0,0,0,0,0,0,0,0,0,0,0,0,0,0,0,0
20160905,128070,21573,23211,44784,26188,27993,54181,98965,5638,5911,11549,6,0,6,4,10,14,26,66,92,0,0,0,0,0,0,0,0,0,234,229,463,0,0,0,4212,4432,8644,2157,2171,4328,0,0,0,19,12,31,160,170,330,13,4,17,0,0,0,1588,1900,3488,0,0,0,0,0,0,0,0,0,0,0,0,0,0,0,7,15,22,0,22,22,0,0,0,70,29,99,0,0,0,0,0,0,0,0,0,0,0,0,0,0,0,0,0,0,0,0,0,0,0,0,0,0,0,0,0,0,0,0,0,0,0,0,0,0,0
20160906,119708,20499,19899,40398,22823,25969,48792,89190,6528,6433,12961,1,0,1,2,0,2,23,28,51,0,0,0,0,0,0,0,0,0,250,136,386,0,0,0,4203,4472,8675,1999,1728,3727,0,0,0,17,21,38,0,0,0,6,3,9,0,0,0,1828,1819,3647,0,0,0,0,0,0,0,0,0,0,0,0,0,0,0,773,190,963,0,19,19,0,0,0,26,13,39,0,0,0,0,0,0,0,0,0,0,0,0,0,0,0,0,0,0,0,0,0,0,0,0,0,0,0,0,0,0,0,0,0,0,0,0,0,0,0
20160907,126559,22420,21585,44005,24929,24938,49867,93872,7032,6667,13699,0,2,2,114,587,701,36,44,80,0,4,4,2,0,2,0,0,0,186,159,345,0,2,2,4395,4619,9014,1535,1933,3468,0,0,0,30,62,92,0,0,0,5,0,5,0,0,0,2038,2144,4182,0,0,0,0,0,0,0,0,0,0,0,0,0,0,0,779,271,1050,0,0,0,0,0,0,10,31,41,0,0,0,0,0,0,0,0,0,0,0,0,0,0,0,0,0,0,0,0,0,0,0,0,0,0,0,0,0,0,0,0,0,0,0,0,0,0,0
20160908,132685,21294,20246,41540,26706,25925,52631,94171,7457,5749,13206,4247,3177,7424,12,7,19,16,25,41,0,0,0,0,8,8,0,0,0,252,148,400,1,0,1,4294,4449,8743,1843,1936,3779,0,0,0,18,15,33,0,0,0,0,0,0,0,0,0,2024,1592,3616,0,0,0,0,0,0,0,0,0,0,0,0,0,0,0,782,409,1191,1,22,23,0,0,0,23,7,30,0,0,0,0,0,0,0,0,0,0,0,0,0,0,0,0,0,0,0,0,0,0,0,0,0,0,0,0,0,0,0,0,0,0,0,0,0,0,0
20160909,137548,25451,22372,47823,30321,25722,56043,103866,7339,5388,12727,1036,1452,2488,0,7,7,46,85,131,8,1,9,1,1,2,0,0,0,208,127,335,3,3,6,5223,4496,9719,2433,1773,4206,0,0,0,18,17,35,0,0,0,0,0,0,0,0,0,2365,1600,3965,0,0,0,0,0,0,0,0,0,0,0,0,0,0,0,1,2,3,1,19,20,0,0,0,15,14,29,0,0,0,0,0,0,0,0,0,0,0,0,0,0,0,0,0,0,0,0,0,0,0,0,0,0,0,0,0,0,0,0,0,0,0,0,0,0,0
20160910,139359,26689,22298,48987,30119,26366,56485,105472,8962,6473,15435,0,0,0,9,10,19,55,30,85,4,0,4,0,2,2,0,0,0,294,228,522,0,0,0,4850,4338,9188,3276,1667,4943,0,0,0,22,24,46,0,0,0,4,6,10,0,0,0,1928,1542,3470,0,0,0,0,0,0,0,0,0,0,0,0,0,0,0,1,0,1,6,16,22,0,0,0,76,64,140,0,0,0,0,0,0,0,0,0,0,0,0,0,0,0,0,0,0,0,0,0,0,0,0,0,0,0,0,0,0,0,0,0,0,0,0,0,0,0
20160911,147774,24158,24314,48472,29142,28205,57347,105819,7842,7285,15127,3640,3312,6952,584,2,586,9,13,22,0,5,5,0,0,0,0,0,0,124,93,217,0,0,0,5181,4632,9813,2598,2463,5061,0,0,0,13,14,27,0,0,0,4,6,10,0,0,0,2122,1913,4035,0,0,0,0,0,0,0,0,0,0,0,0,0,0,0,4,4,8,0,0,0,0,0,0,21,71,92,0,0,0,0,0,0,0,0,0,0,0,0,0,0,0,0,0,0,0,0,0,0,0,0,0,0,0,0,0,0,0,0,0,0,0,0,0,0,0
20160912,119363,21235,22450,43685,24491,24284,48775,92460,5425,5454,10879,1,0,1,10,22,32,43,29,72,0,2,2,0,0,0,0,0,0,200,195,395,1,0,1,4028,3996,8024,2347,1476,3823,0,0,0,42,22,64,179,160,339,1,8,9,0,0,0,1496,1388,2884,0,0,0,0,0,0,0,0,0,0,0,0,0,0,0,320,1,321,7,0,7,0,0,0,22,28,50,0,0,0,0,0,0,0,0,0,0,0,0,0,0,0,0,0,0,0,0,0,0,0,0,0,0,0,0,0,0,0,0,0,0,0,0,0,0,0
20160913,130022,20938,24157,45095,24582,27444,52026,97121,7311,7387,14698,1078,2,1080,13,9,22,80,51,131,0,0,0,0,0,0,0,0,0,181,113,294,0,3,3,4202,4298,8500,2529,1904,4433,0,0,0,11,0,11,0,0,0,13,0,13,0,0,0,2178,1530,3708,0,0,0,0,0,0,0,0,0,0,0,0,0,0,0,4,4,8,0,0,0,0,0,0,0,0,0,0,0,0,0,0,0,0,0,0,0,0,0,0,0,0,0,0,0,0,0,0,0,0,0,0,0,0,0,0,0,0,0,0,0,0,0,0,0,0
20160914,113807,22585,30563,53148,18998,28102,47100,100248,0,2348,2348,32,7,39,7,0,7,0,0,0,0,0,0,0,0,0,0,0,0,0,0,0,0,0,0,3532,3886,7418,0,0,0,0,0,0,0,0,0,0,0,0,0,0,0,0,0,0,2201,1540,3741,0,0,0,0,0,0,0,0,0,0,0,0,0,0,0,5,1,6,0,0,0,0,0,0,0,0,0,0,0,0,0,0,0,0,0,0,0,0,0,0,0,0,0,0,0,0,0,0,0,0,0,0,0,0,0,0,0,0,0,0,0,0,0,0,0,0
20160915,150349,23772,32132,55904,26328,34415,60743,116647,8528,8676,17204,2238,158,2396,1,11,12,16,30,46,0,0,0,0,0,0,0,0,0,280,330,610,6,5,11,4080,4980,9060,0,0,0,0,0,0,0,0,0,0,0,0,0,2,2,0,0,0,1876,2476,4352,0,0,0,0,0,0,0,0,0,0,0,0,0,0,0,3,6,9,0,0,0,0,0,0,0,0,0,0,0,0,0,0,0,0,0,0,0,0,0,0,0,0,0,0,0,0,0,0,0,0,0,0,0,0,0,0,0,0,0,0,0,0,0,0,0,0
20160916,127503,24157,24103,48260,25862,27183,53045,101305,5668,6114,11782,17,1428,1445,5,3,8,60,127,187,0,0,0,0,1,1,0,0,0,159,112,271,0,0,0,4329,4675,9004,0,0,0,0,0,0,0,14,14,0,0,0,5,1,6,0,0,0,1648,1707,3355,0,0,0,0,0,0,0,0,0,0,0,0,0,0,0,3,2,5,0,7,7,0,0,0,53,60,113,0,0,0,0,0,0,0,0,0,0,0,0,0,0,0,0,0,0,0,0,0,0,0,0,0,0,0,0,0,0,0,0,0,0,0,0,0,0,0
20160917,119505,24810,21978,46788,25007,20593,45600,92388,7483,6639,14122,0,0,0,1,5,6,19,16,35,0,0,0,0,0,0,0,0,0,244,220,464,0,0,0,2780,2409,5189,1568,2184,3752,0,0,0,0,0,0,0,0,0,0,3,3,0,0,0,1936,1610,3546,0,0,0,0,0,0,0,0,0,0,0,0,0,0,0,0,0,0,0,0,0,0,0,0,0,0,0,0,0,0,0,0,0,0,0,0,0,0,0,0,0,0,0,0,0,0,0,0,0,0,0,0,0,0,0,0,0,0,0,0,0,0,0,0,0,0
20160918,172777,34723,28380,63103,38617,29735,68352,131455,8395,7616,16011,1439,3834,5273,13,10,23,45,25,70,0,0,0,1,0,1,0,0,0,154,155,309,0,1,1,6324,5759,12083,1132,1564,2696,0,0,0,0,0,0,0,0,0,5,9,14,0,0,0,2373,2404,4777,0,0,0,0,0,0,0,0,0,0,0,0,0,0,0,0,0,0,0,0,0,0,0,0,37,27,64,0,0,0,0,0,0,0,0,0,0,0,0,0,0,0,0,0,0,0,0,0,0,0,0,0,0,0,0,0,0,0,0,0,0,0,0,0,0,0
20160919,153645,31800,26115,57915,33605,30146,63751,121666,6925,7021,13946,5,7,12,9,2,11,66,69,135,0,0,0,0,0,0,0,0,0,248,289,537,0,0,0,4665,4694,9359,1580,2165,3745,0,0,0,29,26,55,173,179,352,9,1,10,0,0,0,1742,1954,3696,0,0,0,0,0,0,0,0,0,0,0,0,0,0,0,4,6,10,0,14,14,0,0,0,56,41,97,0,0,0,0,0,0,0,0,0,0,0,0,0,0,0,0,0,0,0,0,0,0,0,0,0,0,0,0,0,0,0,0,0,0,0,0,0,0,0
20160920,130763,22196,21327,43523,27395,27641,55036,98559,6808,7339,14147,9,3,12,5,16,21,57,49,106,0,8,8,0,0,0,0,0,0,241,145,386,0,0,0,4534,4419,8953,1697,2054,3751,0,0,0,37,30,67,0,0,0,2,8,10,0,0,0,1485,2255,3740,0,0,0,0,0,0,0,0,0,0,0,0,0,0,0,488,382,870,1,53,54,0,0,0,26,53,79,0,0,0,0,0,0,0,0,0,0,0,0,0,0,0,0,0,0,0,0,0,0,0,0,0,0,0,0,0,0,0,0,0,0,0,0,0,0,0
20160921,126222,22383,20763,43146,24185,25159,49344,92490,6261,6517,12778,1552,1630,3182,17,31,48,43,39,82,2,2,4,2,0,2,0,0,0,196,187,383,5,4,9,4343,4232,8575,1681,2237,3918,0,0,0,30,12,42,0,0,0,3,1,4,0,0,0,1956,2088,4044,0,0,0,0,0,0,0,0,0,0,0,0,0,0,0,331,289,620,0,8,8,0,0,0,18,15,33,0,0,0,0,0,0,0,0,0,0,0,0,0,0,0,0,0,0,0,0,0,0,0,0,0,0,0,0,0,0,0,0,0,0,0,0,0,0,0
20160922,128320,21757,20616,42373,26186,26335,52521,94894,5769,6137,11906,2270,2286,4556,16,7,23,42,48,90,8,0,8,10,1,11,0,0,0,182,163,345,0,0,0,4428,4377,8805,1789,2333,4122,0,0,0,19,34,53,0,0,0,2,4,6,0,0,0,1556,1866,3422,0,0,0,0,0,0,0,0,0,0,0,0,0,0,0,4,3,7,0,0,0,0,0,0,41,31,72,0,0,0,0,0,0,0,0,0,0,0,0,0,0,0,0,0,0,0,0,0,0,0,0,0,0,0,0,0,0,0,0,0,0,0,0,0,0,0
20160923,134843,24079,23487,47566,25756,27378,53134,100700,6522,6045,12567,1649,1513,3162,17,20,37,52,75,127,1,3,4,0,12,12,0,0,0,55,187,242,2,3,5,4559,4430,8989,2272,2385,4657,0,0,0,24,16,40,0,0,0,8,12,20,0,0,0,2178,1954,4132,0,0,0,0,0,0,0,0,0,0,0,0,0,0,0,5,7,12,6,22,28,0,0,0,56,53,109,0,0,0,0,0,0,0,0,0,0,0,0,0,0,0,0,0,0,0,0,0,0,0,0,0,0,0,0,0,0,0,0,0,0,0,0,0,0,0
20160924,134016,23408,22135,45543,28792,26648,55440,100983,7247,6958,14205,7,8,15,8,14,22,42,48,90,3,3,6,0,0,0,0,0,0,208,165,373,0,4,4,4437,4313,8750,3057,2647,5704,0,0,0,25,45,70,0,0,0,4,7,11,0,0,0,2008,1579,3587,0,0,0,0,0,0,0,0,0,0,0,0,0,0,0,0,0,0,0,0,0,0,0,0,131,65,196,0,0,0,0,0,0,0,0,0,0,0,0,0,0,0,0,0,0,0,0,0,0,0,0,0,0,0,0,0,0,0,0,0,0,0,0,0,0,0
20160925,153054,25298,24977,50275,32431,29251,61682,111957,7674,7401,15075,2503,2686,5189,12,2,14,25,53,78,0,0,0,0,15,15,0,0,0,88,86,174,10,0,10,5264,4846,10110,2776,2841,5617,0,0,0,38,32,70,0,0,0,8,0,8,0,0,0,2300,2280,4580,0,0,0,0,0,0,0,0,0,0,0,0,0,0,0,0,0,0,0,0,0,0,0,0,18,139,157,0,0,0,0,0,0,0,0,0,0,0,0,0,0,0,0,0,0,0,0,0,0,0,0,0,0,0,0,0,0,0,0,0,0,0,0,0,0,0
20160926,132904,24048,22642,46690,27948,26624,54572,101262,6033,5649,11682,6,2,8,8,9,17,25,19,44,0,0,0,0,2,2,0,0,0,248,188,436,1,0,1,4916,4481,9397,2945,2957,5902,0,0,0,6,0,6,152,174,326,0,0,0,0,0,0,1800,1942,3742,0,0,0,0,0,0,0,0,0,0,0,0,0,0,0,7,5,12,6,0,6,0,0,0,13,48,61,0,0,0,0,0,0,0,0,0,0,0,0,0,0,0,0,0,0,0,0,0,0,0,0,0,0,0,0,0,0,0,0,0,0,0,0,0,0,0
20160927,32412,3645,7143,10788,6992,9054,16046,26834,361,2695,3056,0,0,0,0,1,1,1,0,1,0,0,0,0,0,0,0,0,0,0,0,0,0,0,0,0,1094,1094,127,0,127,0,0,0,0,0,0,0,0,0,0,0,0,0,0,0,718,581,1299,0,0,0,0,0,0,0,0,0,0,0,0,0,0,0,0,0,0,0,0,0,0,0,0,0,0,0,0,0,0,0,0,0,0,0,0,0,0,0,0,0,0,0,0,0,0,0,0,0,0,0,0,0,0,0,0,0,0,0,0,0,0,0,0,0,0
20160928,160157,35199,25422,60621,38125,27501,65626,126247,9572,5001,14573,4,1684,1688,2,7,9,21,18,39,0,0,0,0,0,0,0,0,0,290,111,401,0,2,2,6948,4936,11884,0,0,0,0,0,0,0,0,0,0,0,0,0,0,0,0,0,0,3648,1663,5311,0,0,0,0,0,0,0,0,0,0,0,0,0,0,0,3,0,3,0,0,0,0,0,0,0,0,0,0,0,0,0,0,0,0,0,0,0,0,0,0,0,0,0,0,0,0,0,0,0,0,0,0,0,0,0,0,0,0,0,0,0,0,0,0,0,0
20160929,147509,31443,19944,51387,35522,22801,58323,109710,9842,5262,15104,2673,2138,4811,19,10,29,43,54,97,0,0,0,0,0,0,0,0,0,294,148,442,0,1,1,4979,3732,8711,3659,1269,4928,0,0,0,0,20,20,0,0,0,0,4,4,0,0,0,2000,1561,3561,0,0,0,0,0,0,0,0,0,0,0,0,0,0,0,5,8,13,0,9,9,0,0,0,60,9,69,0,0,0,0,0,0,0,0,0,0,0,0,0,0,0,0,0,0,0,0,0,0,0,0,0,0,0,0,0,0,0,0,0,0,0,0,0,0,0
20160930,141082,28252,20141,48393,33340,23198,56538,104931,8854,4925,13779,2074,1454,3528,6,3,9,58,65,123,0,0,0,5,0,5,0,0,0,154,42,196,3,5,8,5329,4181,9510,3345,1149,4494,0,0,0,71,21,92,0,0,0,9,4,13,0,0,0,2812,1502,4314,0,0,0,0,0,0,0,0,0,0,0,0,0,0,0,2,3,5,3,0,3,0,0,0,40,32,72,0,0,0,0,0,0,0,0,0,0,0,0,0,0,0,0,0,0,0,0,0,0,0,0,0,0,0,0,0,0,0,0,0,0,0,0,0,0,0
20161001,128601,26301,18819,45120,31939,20233,52172,97292,8525,4791,13316,6,1,7,2,13,15,31,59,90,0,0,0,0,5,5,0,0,0,294,141,435,1,0,1,4829,3409,8238,4665,881,5546,0,0,0,62,18,80,0,0,0,2,2,4,0,0,0,2220,1161,3381,0,0,0,0,0,0,0,0,0,0,0,0,0,0,0,9,9,18,0,0,0,0,0,0,151,22,173,0,0,0,0,0,0,0,0,0,0,0,0,0,0,0,0,0,0,0,0,0,0,0,0,0,0,0,0,0,0,0,0,0,0,0,0,0,0,0
20161002,134378,26147,19355,45502,32615,19352,51967,97469,8507,4510,13017,3716,2083,5799,12,9,21,24,38,62,2,0,2,0,0,0,0,0,0,158,58,216,5,6,11,5264,3416,8680,3645,1358,5003,0,0,0,59,37,96,0,0,0,1,5,6,0,0,0,2435,1353,3788,0,0,0,0,0,0,0,0,0,0,0,0,0,0,0,4,5,9,0,19,19,0,0,0,124,56,180,0,0,0,0,0,0,0,0,0,0,0,0,0,0,0,0,0,0,0,0,0,0,0,0,0,0,0,0,0,0,0,0,0,0,0,0,0,0,0
20161003,111573,21626,18027,39653,25256,18420,43676,83329,5758,4258,10016,0,0,0,21,11,32,46,77,123,0,906,906,4,3,7,0,0,0,214,167,381,1,2,3,4336,3452,7788,3231,2473,5704,0,0,0,56,29,85,180,150,330,9,4,13,0,0,0,1432,1189,2621,0,0,0,0,0,0,0,0,0,0,0,0,0,0,0,5,4,9,1,43,44,0,0,0,119,63,182,0,0,0,0,0,0,0,0,0,0,0,0,0,0,0,0,0,0,0,0,0,0,0,0,0,0,0,0,0,0,0,0,0,0,0,0,0,0,0
20161004,109107,18003,19302,37305,22909,20568,43477,80782,5543,5328,10871,1,0,1,3,9,12,32,31,63,0,0,0,0,1,1,0,0,0,0,0,0,3,0,3,4473,3782,8255,2042,2877,4919,0,0,0,31,38,69,0,0,0,4,9,13,0,0,0,1415,1688,3103,0,0,0,0,0,0,0,0,0,0,0,0,0,0,0,620,165,785,0,44,44,0,0,0,61,125,186,0,0,0,0,0,0,0,0,0,0,0,0,0,0,0,0,0,0,0,0,0,0,0,0,0,0,0,0,0,0,0,0,0,0,0,0,0,0,0
20161005,119624,18001,24418,42419,19628,25575,45203,87622,4650,6958,11608,913,1561,2474,33,85,118,52,66,118,0,0,0,0,0,0,0,0,0,152,222,374,1,1,2,3737,4551,8288,1833,2907,4740,0,0,0,16,56,72,0,0,0,5,0,5,0,0,0,1585,2138,3723,0,0,0,0,0,0,0,0,0,0,0,0,0,0,0,128,187,315,0,14,14,0,0,0,35,116,151,0,0,0,0,0,0,0,0,0,0,0,0,0,0,0,0,0,0,0,0,0,0,0,0,0,0,0,0,0,0,0,0,0,0,0,0,0,0,0
20161006,134142,18513,26973,45486,19837,32708,52545,98031,5075,8307,13382,2048,2363,4411,1,0,1,62,29,91,0,0,0,5,0,5,0,0,0,150,313,463,2,1,3,3505,5137,8642,1112,3972,5084,0,0,0,0,0,0,0,0,0,5,15,20,0,0,0,1617,2124,3741,0,0,0,0,0,0,0,0,0,0,0,0,0,0,0,103,162,265,3,0,3,0,0,0,0,0,0,0,0,0,0,0,0,0,0,0,0,0,0,0,0,0,0,0,0,0,0,0,0,0,0,0,0,0,0,0,0,0,0,0,0,0,0,0,0,0
20161007,146078,21900,29107,51007,22739,35828,58567,109574,5124,8599,13723,1592,1609,3201,6,14,20,34,87,121,0,0,0,4,3,7,0,0,0,128,282,410,4,1,5,3872,5581,9453,935,3636,4571,0,0,0,0,0,0,0,0,0,13,14,27,0,0,0,2077,2740,4817,0,0,0,0,0,0,0,0,0,0,0,0,0,0,0,1,2,3,0,34,34,0,0,0,8,104,112,0,0,0,0,0,0,0,0,0,0,0,0,0,0,0,0,0,0,0,0,0,0,0,0,0,0,0,0,0,0,0,0,0,0,0,0,0,0,0
20161008,137748,21830,27960,49790,21339,32158,53497,103287,5443,8701,14144,4,4,8,14,9,23,3570,46,3616,0,0,0,0,0,0,0,0,0,242,297,539,0,0,0,3331,5053,8384,1351,2138,3489,0,0,0,22,53,75,0,0,0,14,11,25,0,0,0,1691,2295,3986,0,0,0,0,0,0,0,0,0,0,0,0,0,0,0,6,6,12,0,41,41,0,0,0,20,99,119,0,0,0,0,0,0,0,0,0,0,0,0,0,0,0,0,0,0,0,0,0,0,0,0,0,0,0,0,0,0,0,0,0,0,0,0,0,0,0
20161009,137290,21028,26110,47138,21447,30588,52035,99173,5450,7767,13217,3854,3846,7700,5,6,11,31,24,55,2,0,2,0,5,5,0,0,0,62,111,173,0,0,0,3039,5364,8403,1399,2918,4317,0,0,0,0,0,0,0,0,0,6,0,6,0,0,0,1734,2473,4207,0,0,0,0,0,0,0,0,0,0,0,0,0,0,0,0,0,0,0,21,21,0,0,0,0,0,0,0,0,0,0,0,0,0,0,0,0,0,0,0,0,0,0,0,0,0,0,0,0,0,0,0,0,0,0,0,0,0,0,0,0,0,0,0,0,0
20161010,140797,26099,27044,53143,27705,29773,57478,110621,5965,6938,12903,3,2,5,2,1,3,9,12,21,0,1,1,0,0,0,0,0,0,225,270,495,0,0,0,4055,4929,8984,1994,2075,4069,0,0,0,0,0,0,166,181,347,1,10,11,0,0,0,1522,1800,3322,0,0,0,0,0,0,0,0,0,0,0,0,0,0,0,3,5,8,1,6,7,0,0,0,0,0,0,0,0,0,0,0,0,0,0,0,0,0,0,0,0,0,0,0,0,0,0,0,0,0,0,0,0,0,0,0,0,0,0,0,0,0,0,0,0,0
20161011,130653,23559,22993,46552,25649,26557,52206,98758,6729,7560,14289,4,3,7,3,15,18,47,55,102,0,0,0,0,0,0,0,0,0,174,142,316,0,2,2,4041,4989,9030,1484,1958,3442,0,0,0,0,23,23,0,0,0,11,5,16,0,0,0,1653,2231,3884,0,0,0,0,0,0,0,0,0,0,0,0,0,0,0,298,264,562,1,20,21,0,0,0,142,41,183,0,0,0,0,0,0,0,0,0,0,0,0,0,0,0,0,0,0,0,0,0,0,0,0,0,0,0,0,0,0,0,0,0,0,0,0,0,0,0
20161012,130226,22851,23457,46308,23745,25401,49146,95454,5445,6813,12258,3792,1517,5309,30,26,56,41,69,110,0,0,0,0,0,0,0,0,0,186,217,403,6,1,7,3851,4475,8326,1853,2111,3964,0,0,0,0,0,0,0,0,0,3,1,4,0,0,0,1739,2183,3922,0,0,0,0,0,0,0,0,0,0,0,0,0,0,0,118,114,232,0,1,1,0,0,0,35,145,180,0,0,0,0,0,0,0,0,0,0,0,0,0,0,0,0,0,0,0,0,0,0,0,0,0,0,0,0,0,0,0,0,0,0,0,0,0,0,0
20161013,123701,21491,21935,43426,24463,27140,51603,95029,5684,6395,12079,8,6,14,3,0,3,23,19,42,0,0,0,0,5,5,0,0,0,118,97,215,0,0,0,3845,4594,8439,1709,2271,3980,0,0,0,37,20,57,0,0,0,5,8,13,0,0,0,1729,1989,3718,0,0,0,0,0,0,0,0,0,0,0,0,0,0,0,9,10,19,0,0,0,0,0,0,32,56,88,0,0,0,0,0,0,0,0,0,0,0,0,0,0,0,0,0,0,0,0,0,0,0,0,0,0,0,0,0,0,0,0,0,0,0,0,0,0,0
20161014,135500,22252,22937,45189,26916,29099,56015,101204,6066,6390,12456,1558,1591,3149,1,2,3,34,28,62,0,0,0,2,0,2,0,0,0,169,125,294,0,0,0,4724,4885,9609,2089,2443,4532,0,0,0,0,0,0,0,0,0,2,10,12,0,0,0,1974,1969,3943,0,0,0,0,0,0,0,0,0,0,0,0,0,0,0,3,3,6,5,5,10,0,0,0,146,72,218,0,0,0,0,0,0,0,0,0,0,0,0,0,0,0,0,0,0,0,0,0,0,0,0,0,0,0,0,0,0,0,0,0,0,0,0,0,0,0
20161015,136299,24197,22774,46971,28295,28309,56604,103575,7026,7075,14101,24,11,35,4,11,15,63,58,121,1,0,1,0,0,0,0,0,0,218,203,421,1,3,4,4364,4458,8822,2919,2290,5209,0,0,0,0,0,0,0,0,0,12,3,15,0,0,0,1974,1942,3916,0,0,0,0,0,0,0,0,0,0,0,0,0,0,0,1,1,2,0,0,0,0,0,0,36,26,62,0,0,0,0,0,0,0,0,0,0,0,0,0,0,0,0,0,0,0,0,0,0,0,0,0,0,0,0,0,0,0,0,0,0,0,0,0,0,0
20161016,149334,24205,24380,48585,31809,30705,62514,111099,7186,7431,14617,1570,1664,3234,6,0,6,21,18,39,0,0,0,0,0,0,0,0,0,121,91,212,6,13,19,4863,5144,10007,2490,2817,5307,0,0,0,31,40,71,0,0,0,4,5,9,0,0,0,2206,2423,4629,0,0,0,0,0,0,0,0,0,0,0,0,0,0,0,3,3,6,0,0,0,0,0,0,26,53,79,0,0,0,0,0,0,0,0,0,0,0,0,0,0,0,0,0,0,0,0,0,0,0,0,0,0,0,0,0,0,0,0,0,0,0,0,0,0,0
20161017,135782,24770,24190,48960,27591,28671,56262,105222,6027,6480,12507,4,2,6,5,16,21,38,53,91,0,0,0,2,2,4,0,0,0,156,207,363,0,3,3,4522,4655,9177,2077,2284,4361,0,0,0,12,16,28,172,166,338,0,0,0,0,0,0,1687,1877,3564,0,0,0,0,0,0,0,0,0,0,0,0,0,0,0,7,8,15,0,3,3,0,0,0,60,19,79,0,0,0,0,0,0,0,0,0,0,0,0,0,0,0,0,0,0,0,0,0,0,0,0,0,0,0,0,0,0,0,0,0,0,0,0,0,0,0
20161018,127330,21842,20536,42378,27057,26778,53835,96213,5973,6830,12803,23,20,43,20,26,46,63,61,124,0,0,0,0,0,0,0,0,0,111,156,267,4,1,5,4623,4758,9381,2437,2188,4625,0,0,0,0,0,0,0,0,0,8,5,13,0,0,0,1787,1968,3755,0,0,0,0,0,0,0,0,0,0,0,0,0,0,0,1,1,2,0,8,8,0,0,0,8,37,45,0,0,0,0,0,0,0,0,0,0,0,0,0,0,0,0,0,0,0,0,0,0,0,0,0,0,0,0,0,0,0,0,0,0,0,0,0,0,0
20161019,135653,22950,23717,46667,27083,26608,53691,100358,7084,6668,13752,1641,1408,3049,75,33,108,45,44,89,0,0,0,12,2,14,0,0,0,170,184,354,4,0,4,4659,4759,9418,2020,2123,4143,0,0,0,14,0,14,0,0,0,0,1,1,0,0,0,2094,2217,4311,0,0,0,0,0,0,0,0,0,0,0,0,0,0,0,1,1,2,0,10,10,0,0,0,17,9,26,0,0,0,0,0,0,0,0,0,0,0,0,0,0,0,0,0,0,0,0,0,0,0,0,0,0,0,0,0,0,0,0,0,0,0,0,0,0,0
20161020,137465,22941,23877,46818,28807,29522,58329,105147,6592,6872,13464,0,1,1,7,6,13,51,29,80,0,0,0,0,1,1,0,0,0,154,154,308,1,0,1,4916,4806,9722,2159,2565,4724,0,0,0,0,0,0,10,3,13,3,0,3,0,0,0,1920,2043,3963,0,0,0,0,0,0,0,0,0,0,0,0,0,0,0,10,1,11,0,14,14,0,0,0,0,0,0,0,0,0,0,0,0,0,0,0,0,0,0,0,0,0,0,0,0,0,0,0,0,0,0,0,0,0,0,0,0,0,0,0,0,0,0,0,0,0
20161021,126137,20177,20777,40954,27978,27878,55856,96810,5535,4930,10465,1424,1426,2850,4,4,8,17,17,34,0,0,0,10,11,21,0,0,0,83,116,199,0,0,0,5017,5199,10216,1752,1531,3283,0,0,0,0,21,21,0,7,7,0,7,7,0,0,0,1169,966,2135,0,0,0,0,0,0,0,0,0,0,0,0,0,0,0,0,0,0,0,0,0,0,0,0,35,46,81,0,0,0,0,0,0,0,0,0,0,0,0,0,0,0,0,0,0,0,0,0,0,0,0,0,0,0,0,0,0,0,0,0,0,0,0,0,0,0
20161022,148585,26019,26020,52039,31148,30970,62118,114157,8020,7854,15874,2,4,6,3,32,35,47,63,110,0,2,2,0,1,1,0,0,0,128,123,251,0,0,0,4569,4597,9166,2354,2041,4395,0,0,0,25,22,47,0,0,0,0,1,1,0,0,0,2259,2165,4424,0,0,0,0,0,0,0,0,0,0,0,0,0,0,0,11,0,11,4,21,25,0,0,0,21,59,80,0,0,0,0,0,0,0,0,0,0,0,0,0,0,0,0,0,0,0,0,0,0,0,0,0,0,0,0,0,0,0,0,0,0,0,0,0,0,0
20161023,155782,24448,25243,49691,32196,30653,62849,112540,7655,7008,14663,3917,4225,8142,22,3,25,31,103,134,0,0,0,0,0,0,0,0,0,116,69,185,0,0,0,5365,5133,10498,2349,2689,5038,0,0,0,26,25,51,0,0,0,0,2,2,0,0,0,2182,2245,4427,0,0,0,0,0,0,0,0,0,0,0,0,0,0,0,5,7,12,9,16,25,0,0,0,21,19,40,0,0,0,0,0,0,0,0,0,0,0,0,0,0,0,0,0,0,0,0,0,0,0,0,0,0,0,0,0,0,0,0,0,0,0,0,0,0,0
20161024,131744,23975,23097,47072,27191,27958,55149,102221,5905,5677,11582,2,5,7,9,2,11,80,74,154,5,2,7,0,0,0,0,0,0,187,153,340,1,5,6,4477,4526,9003,2587,2077,4664,0,0,0,22,8,30,180,175,355,0,5,5,0,0,0,1609,1639,3248,0,0,0,0,0,0,0,0,0,0,0,0,0,0,0,8,5,13,3,40,43,0,0,0,28,27,55,0,0,0,0,0,0,0,0,0,0,0,0,0,0,0,0,0,0,0,0,0,0,0,0,0,0,0,0,0,0,0,0,0,0,0,0,0,0,0
20161025,135079,23857,20749,44606,30307,26490,56797,101403,7927,6485,14412,3,8,11,6,11,17,28,32,60,0,2,2,0,0,0,0,0,0,158,159,317,0,0,0,5108,4805,9913,2129,2024,4153,0,0,0,23,28,51,0,0,0,13,10,23,0,0,0,2042,1750,3792,0,0,0,0,0,0,0,0,0,0,0,0,0,0,0,515,243,758,0,7,7,0,0,0,123,37,160,0,0,0,0,0,0,0,0,0,0,0,0,0,0,0,0,0,0,0,0,0,0,0,0,0,0,0,0,0,0,0,0,0,0,0,0,0,0,0
20161026,136690,24554,21256,45810,28596,24284,52880,98690,7299,6062,13361,3779,1210,4989,136,23,159,60,129,189,6,5,11,0,0,0,0,0,0,165,142,307,4,0,4,4886,4602,9488,2325,2409,4734,0,0,0,31,23,54,0,0,0,10,5,15,0,0,0,2214,2016,4230,0,0,0,0,0,0,0,0,0,0,0,0,0,0,0,189,115,304,0,0,0,0,0,0,22,133,155,0,0,0,0,0,0,0,0,0,0,0,0,0,0,0,0,0,0,0,0,0,0,0,0,0,0,0,0,0,0,0,0,0,0,0,0,0,0,0
20161027,133136,23432,21242,44674,28153,26556,54709,99383,6921,5970,12891,10,2092,2102,9,6,15,39,85,124,0,0,0,0,0,0,0,0,0,211,131,342,0,0,0,4992,4628,9620,2384,2049,4433,0,0,0,23,23,46,0,0,0,8,16,24,0,0,0,1996,1692,3688,0,0,0,0,0,0,0,0,0,0,0,0,0,0,0,209,216,425,0,12,12,0,0,0,17,14,31,0,0,0,0,0,0,0,0,0,0,0,0,0,0,0,0,0,0,0,0,0,0,0,0,0,0,0,0,0,0,0,0,0,0,0,0,0,0,0
20161028,149455,27553,24290,51843,32473,28763,61236,113079,7667,6186,13853,1332,1409,2741,5,4,9,56,25,81,4,0,4,0,9,9,0,0,0,234,120,354,0,0,0,5229,4959,10188,2552,2276,4828,0,0,0,32,28,60,0,0,0,21,6,27,0,0,0,2298,1772,4070,0,0,0,0,0,0,0,0,0,0,0,0,0,0,0,2,1,3,1,5,6,0,0,0,121,22,143,0,0,0,0,0,0,0,0,0,0,0,0,0,0,0,0,0,0,0,0,0,0,0,0,0,0,0,0,0,0,0,0,0,0,0,0,0,0,0
20161029,137653,23346,23291,46637,29686,27157,56843,103480,7804,6179,13983,1,3,4,2,3,5,36,73,109,0,0,0,0,0,0,0,0,0,225,175,400,1,1,2,4663,4483,9146,4066,2559,6625,0,0,0,0,0,0,0,0,0,1,0,1,0,0,0,2032,1768,3800,0,0,0,0,0,0,0,0,0,0,0,0,0,0,0,0,0,0,0,0,0,0,0,0,33,65,98,0,0,0,0,0,0,0,0,0,0,0,0,0,0,0,0,0,0,0,0,0,0,0,0,0,0,0,0,0,0,0,0,0,0,0,0,0,0,0
20161030,141798,22833,24192,47025,29702,28848,58550,105575,6672,6468,13140,1414,1966,3380,4,3,7,11,11,22,0,0,0,0,0,0,0,0,0,128,175,303,3,1,4,4831,4891,9722,2583,3316,5899,0,0,0,27,17,44,0,0,0,0,0,0,0,0,0,1780,1849,3629,0,0,0,0,0,0,0,0,0,0,0,0,0,0,0,3,1,4,0,0,0,0,0,0,42,27,69,0,0,0,0,0,0,0,0,0,0,0,0,0,0,0,0,0,0,0,0,0,0,0,0,0,0,0,0,0,0,0,0,0,0,0,0,0,0,0
20161031,128533,24845,21990,46835,28568,25236,53804,100639,5742,4955,10697,0,0,0,1,1,2,18,25,43,0,4,4,5,0,5,0,0,0,80,88,168,0,0,0,4550,4526,9076,2485,1884,4369,0,0,0,9,0,9,181,179,360,1,5,6,0,0,0,1537,1505,3042,0,0,0,0,0,0,0,0,0,0,0,0,0,0,0,2,2,4,0,13,13,0,0,0,47,49,96,0,0,0,0,0,0,0,0,0,0,0,0,0,0,0,0,0,0,0,0,0,0,0,0,0,0,0,0,0,0,0,0,0,0,0,0,0,0,0
20161101,123502,21985,19218,41203,25522,24398,49920,91123,6966,6019,12985,1767,1033,2800,8,10,18,45,35,80,0,0,0,0,5,5,0,0,0,106,90,196,0,0,0,4746,4240,8986,2006,2174,4180,0,0,0,0,0,0,0,0,0,6,3,9,0,0,0,1449,1628,3077,0,0,0,0,0,0,0,0,0,0,0,0,0,0,0,3,5,8,1,4,5,0,0,0,18,12,30,0,0,0,0,0,0,0,0,0,0,0,0,0,0,0,0,0,0,0,0,0,0,0,0,0,0,0,0,0,0,0,0,0,0,0,0,0,0,0
20161102,115723,21430,19258,40688,24968,22364,47332,88020,5341,5362,10703,0,1,1,21,51,72,50,52,102,1,1,2,0,0,0,0,0,0,254,215,469,1,0,1,4707,3980,8687,2039,2181,4220,0,0,0,0,0,0,0,0,0,3,1,4,0,0,0,1698,1706,3404,0,0,0,0,0,0,0,0,0,0,0,0,0,0,0,6,0,6,0,0,0,0,0,0,17,15,32,0,0,0,0,0,0,0,0,0,0,0,0,0,0,0,0,0,0,0,0,0,0,0,0,0,0,0,0,0,0,0,0,0,0,0,0,0,0,0
20161103,123911,22816,18856,41672,27236,24400,51636,93308,6620,5593,12213,1046,379,1425,4,0,4,37,28,65,0,0,0,0,0,0,0,0,0,87,64,151,4,4,8,4712,4703,9415,1932,2144,4076,0,0,0,37,24,61,0,0,0,1,10,11,0,0,0,1647,1461,3108,0,0,0,0,0,0,0,0,0,0,0,0,0,0,0,12,7,19,1,0,1,0,0,0,40,6,46,0,0,0,0,0,0,0,0,0,0,0,0,0,0,0,0,0,0,0,0,0,0,0,0,0,0,0,0,0,0,0,0,0,0,0,0,0,0,0
20161104,131373,23131,22193,45324,27516,26294,53810,99134,6696,5462,12158,456,1655,2111,0,6,6,50,36,86,6,6,12,0,0,0,0,0,0,119,54,173,0,0,0,4819,4527,9346,2250,2184,4434,0,0,0,27,21,48,0,0,0,12,3,15,0,0,0,1895,1674,3569,0,0,0,0,0,0,0,0,0,0,0,0,0,0,0,3,3,6,0,14,14,0,0,0,212,49,261,0,0,0,0,0,0,0,0,0,0,0,0,0,0,0,0,0,0,0,0,0,0,0,0,0,0,0,0,0,0,0,0,0,0,0,0,0,0,0
20161105,126062,20678,22221,42899,25957,26407,52364,95263,6134,5945,12079,222,0,222,7,6,13,28,72,100,5,4,9,0,0,0,0,0,0,270,159,429,0,0,0,4510,4350,8860,3094,2256,5350,0,0,0,13,39,52,0,0,0,2,2,4,0,0,0,1815,1765,3580,0,0,0,0,0,0,0,0,0,0,0,0,0,0,0,3,5,8,0,36,36,0,0,0,33,24,57,0,0,0,0,0,0,0,0,0,0,0,0,0,0,0,0,0,0,0,0,0,0,0,0,0,0,0,0,0,0,0,0,0,0,0,0,0,0,0
20161106,144388,22116,25578,47694,29191,30134,59325,107019,6439,7116,13555,1667,1798,3465,4,7,11,18,250,268,0,0,0,0,0,0,0,0,0,152,153,305,0,0,0,4988,5139,10127,2054,3231,5285,0,0,0,20,52,72,0,0,0,2,3,5,0,0,0,1805,1854,3659,0,0,0,0,0,0,0,0,0,0,0,0,0,0,0,1,2,3,0,22,22,0,0,0,338,254,592,0,0,0,0,0,0,0,0,0,0,0,0,0,0,0,0,0,0,0,0,0,0,0,0,0,0,0,0,0,0,0,0,0,0,0,0,0,0,0
20161107,124523,21975,23053,45028,24119,26085,50204,95232,5634,5707,11341,3,6,9,11,5,16,29,20,49,0,0,0,1,0,1,0,0,0,73,78,151,0,4,4,4430,4614,9044,2315,2390,4705,0,0,0,24,18,42,179,181,360,2,2,4,0,0,0,1394,1768,3162,0,0,0,0,0,0,0,0,0,0,0,0,0,0,0,5,5,10,0,39,39,0,0,0,25,329,354,0,0,0,0,0,0,0,0,0,0,0,0,0,0,0,0,0,0,0,0,0,0,0,0,0,0,0,0,0,0,0,0,0,0,0,0,0,0,0
20161108,117739,18138,20869,39007,24708,24260,48968,87975,6820,6063,12883,0,2,2,1,16,17,37,30,67,5,0,5,0,0,0,0,0,0,111,96,207,8,0,8,4498,4607,9105,1900,2233,4133,0,0,0,0,0,0,0,0,0,2,8,10,0,0,0,1610,1709,3319,0,0,0,0,0,0,0,0,0,0,0,0,0,0,0,0,1,1,0,7,7,0,0,0,0,0,0,0,0,0,0,0,0,0,0,0,0,0,0,0,0,0,0,0,0,0,0,0,0,0,0,0,0,0,0,0,0,0,0,0,0,0,0,0,0,0
20161109,122035,21575,21425,43000,25352,24151,49503,92503,6312,6105,12417,7,6,13,168,32,200,50,62,112,0,0,0,0,0,0,0,0,0,276,164,440,1,0,1,4625,4608,9233,1712,1673,3385,0,0,0,0,0,0,0,0,0,1,3,4,0,0,0,1803,1794,3597,0,0,0,0,0,0,0,0,0,0,0,0,0,0,0,14,1,15,1,0,1,0,0,0,58,56,114,0,0,0,0,0,0,0,0,0,0,0,0,0,0,0,0,0,0,0,0,0,0,0,0,0,0,0,0,0,0,0,0,0,0,0,0,0,0,0
20161110,132431,22225,23210,45435,26077,27125,53202,98637,7083,6758,13841,1765,458,2223,4,17,21,31,37,68,0,0,0,0,0,0,0,0,0,109,85,194,0,1,1,4697,4553,9250,2583,2202,4785,0,0,0,16,14,30,0,0,0,7,11,18,0,0,0,1747,1553,3300,0,0,0,0,0,0,0,0,0,0,0,0,0,0,0,4,5,9,0,0,0,0,0,0,28,26,54,0,0,0,0,0,0,0,0,0,0,0,0,0,0,0,0,0,0,0,0,0,0,0,0,0,0,0,0,0,0,0,0,0,0,0,0,0,0,0
20161111,143714,23924,25462,49386,29585,29205,58790,108176,7172,6805,13977,1067,1611,2678,11,5,16,31,38,69,0,0,0,1,0,1,0,0,0,290,146,436,2,0,2,5062,4801,9863,2493,2415,4908,0,0,0,27,24,51,0,0,0,9,16,25,0,0,0,1913,1467,3380,0,0,0,0,0,0,0,0,0,0,0,0,0,0,0,3,2,5,0,43,43,0,0,0,56,28,84,0,0,0,0,0,0,0,0,0,0,0,0,0,0,0,0,0,0,0,0,0,0,0,0,0,0,0,0,0,0,0,0,0,0,0,0,0,0,0
20161112,134940,23756,22977,46733,28715,26749,55464,102197,6638,6008,12646,3,1,4,11,11,22,25,42,67,3,3,6,0,0,0,0,0,0,339,248,587,0,0,0,4597,4487,9084,3873,2257,6130,0,0,0,24,13,37,0,0,0,17,3,20,0,0,0,2005,1920,3925,0,0,0,0,0,0,0,0,0,0,0,0,0,0,0,4,5,9,3,6,9,0,0,0,161,36,197,0,0,0,0,0,0,0,0,0,0,0,0,0,0,0,0,0,0,0,0,0,0,0,0,0,0,0,0,0,0,0,0,0,0,0,0,0,0,0
20161113,149175,25116,25356,50472,30671,29289,59960,110432,7252,7352,14604,1569,1988,3557,6,7,13,19,28,47,2,5,7,0,1,1,0,0,0,189,203,392,0,0,0,5060,4942,10002,2443,3605,6048,0,0,0,17,20,37,0,0,0,7,1,8,0,0,0,1878,1898,3776,0,0,0,0,0,0,0,0,0,0,0,0,0,0,0,0,4,4,0,12,12,0,0,0,34,201,235,0,0,0,0,0,0,0,0,0,0,0,0,0,0,0,0,0,0,0,0,0,0,0,0,0,0,0,0,0,0,0,0,0,0,0,0,0,0,0
20161114,132328,24471,24277,48748,26126,27629,53755,102503,5575,6155,11730,4,1,5,15,7,22,14,25,39,0,0,0,0,0,0,0,0,0,72,118,190,0,0,0,4521,4702,9223,2556,2315,4871,0,0,0,7,8,15,182,179,361,0,3,3,0,0,0,1478,1806,3284,0,0,0,0,0,0,0,0,0,0,0,0,0,0,0,9,8,17,0,8,8,0,0,0,31,26,57,0,0,0,0,0,0,0,0,0,0,0,0,0,0,0,0,0,0,0,0,0,0,0,0,0,0,0,0,0,0,0,0,0,0,0,0,0,0,0
20161115,133526,21433,22566,43999,26665,27165,53830,97829,6656,7175,13831,1770,1659,3429,3,20,23,62,49,111,0,2,2,0,0,0,0,0,0,125,105,230,0,0,0,4649,4831,9480,1792,2183,3975,0,0,0,14,19,33,0,0,0,6,5,11,0,0,0,1743,1794,3537,0,0,0,0,0,0,0,0,0,0,0,0,0,0,0,321,648,969,0,4,4,0,0,0,18,44,62,0,0,0,0,0,0,0,0,0,0,0,0,0,0,0,0,0,0,0,0,0,0,0,0,0,0,0,0,0,0,0,0,0,0,0,0,0,0,0
20161116,129594,22353,24343,46696,25245,26800,52045,98741,5523,6654,12177,1,0,1,123,11,134,93,59,152,0,0,0,0,0,0,0,0,0,273,234,507,0,0,0,4603,4812,9415,1898,2315,4213,0,0,0,13,9,22,0,0,0,3,1,4,0,0,0,1805,1990,3795,0,0,0,0,0,0,0,0,0,0,0,0,0,0,0,225,135,360,0,32,32,0,0,0,21,20,41,0,0,0,0,0,0,0,0,0,0,0,0,0,0,0,0,0,0,0,0,0,0,0,0,0,0,0,0,0,0,0,0,0,0,0,0,0,0,0
20161117,136106,22981,23631,46612,26749,28616,55365,101977,7032,6969,14001,1665,328,1993,5,10,15,59,47,106,2,0,2,0,0,0,0,0,0,69,125,194,0,0,0,4622,4981,9603,2233,2226,4459,0,0,0,20,17,37,0,0,0,1,3,4,0,0,0,1889,1707,3596,0,0,0,0,0,0,0,0,0,0,0,0,0,0,0,5,10,15,0,5,5,0,0,0,69,30,99,0,0,0,0,0,0,0,0,0,0,0,0,0,0,0,0,0,0,0,0,0,0,0,0,0,0,0,0,0,0,0,0,0,0,0,0,0,0,0
20161118,144893,24943,25612,50555,30511,29598,60109,110664,7172,6564,13736,538,1324,1862,13,12,25,33,28,61,0,2,2,6,0,6,0,0,0,138,70,208,0,0,0,4933,4871,9804,2465,2359,4824,0,0,0,13,38,51,0,0,0,3,4,7,0,0,0,1782,1845,3627,0,0,0,0,0,0,0,0,0,0,0,0,0,0,0,0,2,2,2,12,14,0,0,0,0,0,0,0,0,0,0,0,0,0,0,0,0,0,0,0,0,0,0,0,0,0,0,0,0,0,0,0,0,0,0,0,0,0,0,0,0,0,0,0,0,0
20161119,142274,26409,23521,49930,29400,27724,57124,107054,6961,6486,13447,1,1,2,5,15,20,19,33,52,0,0,0,0,0,0,0,0,0,331,166,497,0,0,0,4946,4792,9738,4349,2784,7133,0,0,0,13,18,31,0,0,0,8,14,22,0,0,0,2085,2040,4125,0,0,0,0,0,0,0,0,0,0,0,0,0,0,0,12,12,24,0,10,10,0,0,0,75,44,119,0,0,0,0,0,0,0,0,0,0,0,0,0,0,0,0,0,0,0,0,0,0,0,0,0,0,0,0,0,0,0,0,0,0,0,0,0,0,0
20161120,154888,26412,25389,51801,33142,30630,63772,115573,7549,7295,14844,1340,1969,3309,13,5,18,17,21,38,11,0,11,0,5,5,0,0,0,198,214,412,0,1,1,5359,5290,10649,2319,3756,6075,0,0,0,19,22,41,0,0,0,2,3,5,0,0,0,1984,1778,3762,0,0,0,0,0,0,0,0,0,0,0,0,0,0,0,0,1,1,0,13,13,0,0,0,44,87,131,0,0,0,0,0,0,0,0,0,0,0,0,0,0,0,0,0,0,0,0,0,0,0,0,0,0,0,0,0,0,0,0,0,0,0,0,0,0,0
20161121,135201,26105,24565,50670,27843,27334,55177,105847,5644,5618,11262,4,4,8,8,7,15,38,24,62,0,2,2,9,2,11,0,0,0,85,99,184,0,0,0,4631,4570,9201,2367,2271,4638,0,0,0,16,21,37,182,182,364,4,3,7,0,0,0,1706,1762,3468,0,0,0,0,0,0,0,0,0,0,0,0,0,0,0,8,13,21,0,0,0,0,0,0,34,40,74,0,0,0,0,0,0,0,0,0,0,0,0,0,0,0,0,0,0,0,0,0,0,0,0,0,0,0,0,0,0,0,0,0,0,0,0,0,0,0
20161122,125113,20089,20613,40702,27610,26646,54256,94958,6908,6584,13492,3,1,4,8,6,14,40,27,67,3,0,3,1,0,1,0,0,0,79,120,199,1,5,6,4447,4263,8710,2041,1986,4027,0,0,0,21,20,41,0,0,0,16,17,33,0,0,0,1559,1464,3023,0,0,0,0,0,0,0,0,0,0,0,0,0,0,0,251,202,453,0,18,18,0,0,0,37,27,64,0,0,0,0,0,0,0,0,0,0,0,0,0,0,0,0,0,0,0,0,0,0,0,0,0,0,0,0,0,0,0,0,0,0,0,0,0,0,0
20161123,129585,23674,22457,46131,27801,26025,53826,99957,6249,6026,12275,0,1,1,95,25,120,30,79,109,2,0,2,3,1,4,0,0,0,329,266,595,5,0,5,4511,4472,8983,1944,1736,3680,0,0,0,0,0,0,0,0,0,17,17,34,0,0,0,1947,1867,3814,0,0,0,0,0,0,0,0,0,0,0,0,0,0,0,2,4,6,0,0,0,0,0,0,0,0,0,0,0,0,0,0,0,0,0,0,0,0,0,0,0,0,0,0,0,0,0,0,0,0,0,0,0,0,0,0,0,0,0,0,0,0,0,0,0,0
20161124,132999,24239,21927,46166,28471,26192,54663,100829,6913,5821,12734,1700,435,2135,0,0,0,31,27,58,0,0,0,0,0,0,0,0,0,132,94,226,0,4,4,4404,4301,8705,2437,2195,4632,0,0,0,0,0,0,0,0,0,9,0,9,0,0,0,1925,1625,3550,0,0,0,0,0,0,0,0,0,0,0,0,0,0,0,11,8,19,13,10,23,0,0,0,61,14,75,0,0,0,0,0,0,0,0,0,0,0,0,0,0,0,0,0,0,0,0,0,0,0,0,0,0,0,0,0,0,0,0,0,0,0,0,0,0,0
20161125,143152,25661,24085,49746,31171,28705,59876,109622,7461,5970,13431,580,1122,1702,3,14,17,30,50,80,3,0,3,0,6,6,0,0,0,152,82,234,1,1,2,4815,4646,9461,2633,2625,5258,0,0,0,30,46,76,0,0,0,3,0,3,0,0,0,1640,1489,3129,0,0,0,0,0,0,0,0,0,0,0,0,0,0,0,0,11,11,0,13,13,0,0,0,32,72,104,0,0,0,0,0,0,0,0,0,0,0,0,0,0,0,0,0,0,0,0,0,0,0,0,0,0,0,0,0,0,0,0,0,0,0,0,0,0,0
20161126,135482,25560,22391,47951,27702,27133,54835,102786,7058,5961,13019,2,2,4,23,13,36,33,76,109,5,18,23,0,1,1,0,0,0,434,193,627,0,9,9,4296,4107,8403,3993,2170,6163,0,0,0,30,16,46,0,0,0,2,8,10,0,0,0,2186,1922,4108,0,0,0,0,0,0,0,0,0,0,0,0,0,0,0,4,4,8,30,36,66,0,0,0,48,16,64,0,0,0,0,0,0,0,0,0,0,0,0,0,0,0,0,0,0,0,0,0,0,0,0,0,0,0,0,0,0,0,0,0,0,0,0,0,0,0
20161127,150720,25922,26182,52104,30361,32152,62513,114617,7044,7452,14496,1131,966,2097,7,12,19,14,27,41,0,0,0,0,0,0,0,0,0,179,165,344,15,0,15,4676,4837,9513,2473,3436,5909,0,0,0,32,23,55,0,0,0,8,6,14,0,0,0,1756,1758,3514,0,0,0,0,0,0,0,0,0,0,0,0,0,0,0,1,3,4,0,5,5,0,0,0,22,55,77,0,0,0,0,0,0,0,0,0,0,0,0,0,0,0,0,0,0,0,0,0,0,0,0,0,0,0,0,0,0,0,0,0,0,0,0,0,0,0
20161128,131300,24171,24686,48857,26473,28661,55134,103991,5445,5320,10765,2,0,2,9,3,12,64,41,105,0,0,0,0,0,0,0,0,0,153,184,337,1,1,2,4255,4313,8568,2192,2114,4306,0,0,0,0,0,0,0,0,0,6,0,6,0,0,0,1478,1725,3203,0,0,0,0,0,0,0,0,0,0,0,0,0,0,0,2,1,3,0,0,0,0,0,0,0,0,0,0,0,0,0,0,0,0,0,0,0,0,0,0,0,0,0,0,0,0,0,0,0,0,0,0,0,0,0,0,0,0,0,0,0,0,0,0,0,0
20161129,125008,20354,20138,40492,27714,25813,53527,94019,6209,6227,12436,775,1413,2188,3,2,5,71,102,173,1,0,1,1,0,1,0,0,0,61,60,121,1,0,1,4349,4433,8782,1732,2150,3882,0,0,0,66,23,89,0,0,0,1,2,3,0,0,0,1495,1724,3219,0,0,0,0,0,0,0,0,0,0,0,0,0,0,0,7,4,11,3,13,16,0,0,0,30,31,61,0,0,0,0,0,0,0,0,0,0,0,0,0,0,0,0,0,0,0,0,0,0,0,0,0,0,0,0,0,0,0,0,0,0,0,0,0,0,0
20161130,124146,22461,22220,44681,26159,24505,50664,95345,5466,5498,10964,591,555,1146,91,19,110,79,68,147,0,3,3,0,0,0,0,0,0,197,301,498,7,13,20,3932,4226,8158,1885,2093,3978,0,0,0,11,0,11,0,0,0,11,7,18,0,0,0,1722,1939,3661,0,0,0,0,0,0,0,0,0,0,0,0,0,0,0,4,3,7,0,19,19,0,0,0,12,49,61,0,0,0,0,0,0,0,0,0,0,0,0,0,0,0,0,0,0,0,0,0,0,0,0,0,0,0,0,0,0,0,0,0,0,0,0,0,0,0
20161201,126331,23244,21307,44551,26185,25418,51603,96154,6262,6131,12393,1420,300,1720,3,3,6,71,41,112,0,0,0,0,0,0,0,0,0,187,147,334,0,0,0,4134,4079,8213,1790,2134,3924,0,0,0,0,0,0,0,0,0,0,14,14,0,0,0,1741,1604,3345,0,0,0,0,0,0,0,0,0,0,0,0,0,0,0,8,10,18,0,10,10,0,0,0,27,61,88,0,0,0,0,0,0,0,0,0,0,0,0,0,0,0,0,0,0,0,0,0,0,0,0,0,0,0,0,0,0,0,0,0,0,0,0,0,0,0
20161202,135027,24263,21994,46257,29802,27666,57468,103725,6606,5828,12434,417,853,1270,7,7,14,69,57,126,2,0,2,0,0,0,0,0,0,141,44,185,1,1,2,4828,4431,9259,2328,2161,4489,0,0,0,0,0,0,0,0,0,17,2,19,0,0,0,1862,1578,3440,0,0,0,0,0,0,0,0,0,0,0,0,0,0,0,3,5,8,0,7,7,0,0,0,31,16,47,0,0,0,0,0,0,0,0,0,0,0,0,0,0,0,0,0,0,0,0,0,0,0,0,0,0,0,0,0,0,0,0,0,0,0,0,0,0,0
20161203,129508,24105,21085,45190,27323,26174,53497,98687,6494,5942,12436,2,6,8,4,2,6,71,25,96,0,3,3,0,0,0,0,0,0,384,216,600,0,0,0,4238,3814,8052,3542,1913,5455,0,0,0,77,37,114,0,0,0,3,4,7,0,0,0,2078,1821,3899,0,0,0,0,0,0,0,0,0,0,0,0,0,0,0,2,2,4,0,9,9,0,0,0,111,21,132,0,0,0,0,0,0,0,0,0,0,0,0,0,0,0,0,0,0,0,0,0,0,0,0,0,0,0,0,0,0,0,0,0,0,0,0,0,0,0
20161204,142482,24007,25163,49170,28552,29577,58129,107299,6818,7230,14048,821,1394,2215,3,10,13,30,41,71,0,1,1,0,0,0,0,0,0,194,188,382,0,0,0,4390,4763,9153,2276,3437,5713,0,0,0,14,34,48,0,0,0,2,0,2,0,0,0,1624,1767,3391,0,0,0,0,0,0,0,0,0,0,0,0,0,0,0,4,0,4,0,6,6,0,0,0,26,110,136,0,0,0,0,0,0,0,0,0,0,0,0,0,0,0,0,0,0,0,0,0,0,0,0,0,0,0,0,0,0,0,0,0,0,0,0,0,0,0
20161205,126751,22635,23463,46098,26275,27463,53738,99836,5084,5464,10548,5,4,9,7,1,8,85,61,146,0,0,0,0,0,0,0,0,0,130,201,331,0,0,0,3980,4349,8329,1770,2626,4396,0,0,0,18,28,46,0,0,0,0,10,10,0,0,0,1374,1624,2998,0,0,0,0,0,0,0,0,0,0,0,0,0,0,0,11,12,23,0,18,18,0,0,0,20,33,53,0,0,0,0,0,0,0,0,0,0,0,0,0,0,0,0,0,0,0,0,0,0,0,0,0,0,0,0,0,0,0,0,0,0,0,0,0,0,0
20161206,120284,18909,21569,40478,26255,24546,50801,91279,6585,5982,12567,0,0,0,0,13,13,121,85,206,0,0,0,0,0,0,0,0,0,86,62,148,1,1,2,4192,4419,8611,1917,1886,3803,0,0,0,0,0,0,179,135,314,8,5,13,0,0,0,1522,1692,3214,0,0,0,0,0,0,0,0,0,0,0,0,0,0,0,0,0,0,0,14,14,0,0,0,78,22,100,0,0,0,0,0,0,0,0,0,0,0,0,0,0,0,0,0,0,0,0,0,0,0,0,0,0,0,0,0,0,0,0,0,0,0,0,0,0,0
20161207,120057,21634,22141,43775,24400,24166,48566,92341,5580,5892,11472,0,0,0,75,16,91,124,46,170,3,5,8,0,3,3,0,0,0,245,226,471,6,4,10,3887,4017,7904,1671,1797,3468,0,0,0,19,21,40,0,0,0,15,16,31,0,0,0,1657,1707,3364,0,0,0,0,0,0,0,0,0,0,0,0,0,0,0,399,234,633,6,5,11,0,0,0,17,23,40,0,0,0,0,0,0,0,0,0,0,0,0,0,0,0,0,0,0,0,0,0,0,0,0,0,0,0,0,0,0,0,0,0,0,0,0,0,0,0
20161208,128606,22818,21636,44454,25994,27408,53402,97856,6444,6270,12714,1235,435,1670,3,1,4,102,34,136,0,0,0,0,0,0,0,0,0,181,140,321,3,6,9,4104,4153,8257,1976,2108,4084,0,0,0,9,10,19,0,0,0,12,0,12,0,0,0,1704,1688,3392,0,0,0,0,0,0,0,0,0,0,0,0,0,0,0,8,13,21,0,15,15,0,0,0,20,76,96,0,0,0,0,0,0,0,0,0,0,0,0,0,0,0,0,0,0,0,0,0,0,0,0,0,0,0,0,0,0,0,0,0,0,0,0,0,0,0
20161209,137091,24733,23099,47832,29459,26996,56455,104287,7077,6244,13321,513,1281,1794,0,4,4,88,28,116,0,0,0,0,0,0,0,0,0,138,65,203,4,5,9,4664,4356,9020,2372,2421,4793,0,0,0,33,26,59,0,0,0,2,11,13,0,0,0,1804,1586,3390,0,0,0,0,0,0,0,0,0,0,0,0,0,0,0,0,3,3,0,5,5,0,0,0,30,44,74,0,0,0,0,0,0,0,0,0,0,0,0,0,0,0,0,0,0,0,0,0,0,0,0,0,0,0,0,0,0,0,0,0,0,0,0,0,0,0
20161210,128888,23531,21783,45314,26500,25946,52446,97760,6040,6416,12456,1,1,2,3,2,5,37,68,105,0,0,0,0,0,0,0,0,0,343,232,575,1,0,1,4212,4045,8257,3392,2021,5413,0,0,0,40,14,54,164,0,164,14,0,14,0,0,0,2121,1899,4020,0,0,0,0,0,0,0,0,0,0,0,0,0,0,0,3,4,7,0,0,0,0,0,0,40,15,55,0,0,0,0,0,0,0,0,0,0,0,0,0,0,0,0,0,0,0,0,0,0,0,0,0,0,0,0,0,0,0,0,0,0,0,0,0,0,0
20161211,147340,25852,25241,51093,30238,29245,59483,110576,7577,6767,14344,1276,1813,3089,5,16,21,22,20,42,0,0,0,0,0,0,0,0,0,147,220,367,0,5,5,4298,4784,9082,2814,3185,5999,0,0,0,0,0,0,0,169,169,8,7,15,0,0,0,1707,1838,3545,0,0,0,0,0,0,0,0,0,0,0,0,0,0,0,7,1,8,0,5,5,0,0,0,38,35,73,0,0,0,0,0,0,0,0,0,0,0,0,0,0,0,0,0,0,0,0,0,0,0,0,0,0,0,0,0,0,0,0,0,0,0,0,0,0,0
20161212,128337,24174,24458,48632,25506,27501,53007,101639,5103,5624,10727,3,1,4,21,8,29,99,35,134,0,0,0,0,0,0,0,0,0,120,240,360,6,6,12,3814,4351,8165,1669,2340,4009,0,0,0,0,60,60,0,0,0,5,7,12,0,0,0,1425,1678,3103,0,0,0,0,0,0,0,0,0,0,0,0,0,0,0,5,6,11,0,2,2,0,0,0,27,43,70,0,0,0,0,0,0,0,0,0,0,0,0,0,0,0,0,0,0,0,0,0,0,0,0,0,0,0,0,0,0,0,0,0,0,0,0,0,0,0
20161213,122721,20881,20454,41335,25470,24068,49538,90873,6397,6255,12652,1716,1647,3363,6,8,14,93,49,142,0,0,0,0,0,0,0,0,0,74,82,156,0,0,0,3907,4077,7984,1607,1789,3396,0,0,0,28,18,46,178,160,338,5,0,5,0,0,0,1612,1553,3165,0,0,0,0,0,0,0,0,0,0,0,0,0,0,0,348,172,520,0,18,18,0,0,0,31,18,49,0,0,0,0,0,0,0,0,0,0,0,0,0,0,0,0,0,0,0,0,0,0,0,0,0,0,0,0,0,0,0,0,0,0,0,0,0,0,0
20161214,123264,21074,23049,44123,25731,24972,50703,94826,5490,6349,11839,0,0,0,107,14,121,83,67,150,8,8,16,0,0,0,0,0,0,291,256,547,9,4,13,4117,4100,8217,1878,1969,3847,0,0,0,13,13,26,0,0,0,1,2,3,0,0,0,1782,1823,3605,0,0,0,0,0,0,0,0,0,0,0,0,0,0,0,3,3,6,0,5,5,0,0,0,33,10,43,0,0,0,0,0,0,0,0,0,0,0,0,0,0,0,0,0,0,0,0,0,0,0,0,0,0,0,0,0,0,0,0,0,0,0,0,0,0,0
20161215,133533,24366,23007,47373,27557,26643,54200,101573,6602,6581,13183,1658,382,2040,10,11,21,61,56,117,0,0,0,0,0,0,0,0,0,178,188,366,0,4,4,4331,4239,8570,1998,1915,3913,0,0,0,12,23,35,0,0,0,3,7,10,0,0,0,1935,1710,3645,0,0,0,0,0,0,0,0,0,0,0,0,0,0,0,2,1,3,0,9,9,0,0,0,22,22,44,0,0,0,0,0,0,0,0,0,0,0,0,0,0,0,0,0,0,0,0,0,0,0,0,0,0,0,0,0,0,0,0,0,0,0,0,0,0,0
20161216,143237,26172,24789,50961,30899,27950,58849,109810,6972,6607,13579,449,1250,1699,3,6,9,82,86,168,0,0,0,0,0,0,0,0,0,125,77,202,0,13,13,4843,4539,9382,2574,2179,4753,0,0,0,0,0,0,0,0,0,7,4,11,0,0,0,1905,1610,3515,0,0,0,0,0,0,0,0,0,0,0,0,0,0,0,0,2,2,3,0,3,0,0,0,41,50,91,0,0,0,0,0,0,0,0,0,0,0,0,0,0,0,0,0,0,0,0,0,0,0,0,0,0,0,0,0,0,0,0,0,0,0,0,0,0,0
20161217,137477,26282,23177,49459,29023,26403,55426,104885,7193,6158,13351,1,4,5,9,14,23,35,144,179,0,0,0,0,0,0,0,0,0,354,233,587,0,0,0,4365,4001,8366,3213,2213,5426,0,0,0,157,14,171,169,0,169,4,14,18,0,0,0,2206,2014,4220,0,0,0,0,0,0,0,0,0,0,0,0,0,0,0,1,4,5,0,9,9,0,0,0,24,39,63,0,0,0,0,0,0,0,0,0,0,0,0,0,0,0,0,0,0,0,0,0,0,0,0,0,0,0,0,0,0,0,0,0,0,0,0,0,0,0
20161218,150180,28101,25465,53566,30873,29004,59877,113443,7643,7047,14690,1240,1287,2527,12,9,21,26,14,40,0,0,0,5,0,5,0,0,0,168,181,349,0,0,0,4481,4817,9298,2133,3329,5462,0,0,0,43,162,205,0,162,162,0,1,1,0,0,0,2029,1866,3895,0,0,0,0,0,0,0,0,0,0,0,0,0,0,0,11,6,17,0,0,0,0,0,0,25,40,65,0,0,0,0,0,0,0,0,0,0,0,0,0,0,0,0,0,0,0,0,0,0,0,0,0,0,0,0,0,0,0,0,0,0,0,0,0,0,0
20161219,132134,27382,25162,52544,26197,26428,52625,105169,5776,4944,10720,3,1,4,10,3,13,49,33,82,0,0,0,0,5,5,0,0,0,178,200,378,0,0,0,4082,4200,8282,2071,2064,4135,0,0,0,19,38,57,0,0,0,14,6,20,0,0,0,1660,1537,3197,0,0,0,0,0,0,0,0,0,0,0,0,0,0,0,1,1,2,0,0,0,0,0,0,28,42,70,0,0,0,0,0,0,0,0,0,0,0,0,0,0,0,0,0,0,0,0,0,0,0,0,0,0,0,0,0,0,0,0,0,0,0,0,0,0,0
20161220,126155,24207,20414,44621,27604,23771,51375,95996,8024,6050,14074,4,0,4,15,25,40,55,72,127,5,0,5,0,0,0,0,0,0,0,56,56,5,3,8,4051,3771,7822,1941,1849,3790,0,0,0,75,27,102,172,170,342,1,4,5,0,0,0,1841,1450,3291,0,0,0,0,0,0,0,0,0,0,0,0,0,0,0,177,252,429,0,27,27,0,0,0,18,19,37,0,0,0,0,0,0,0,0,0,0,0,0,0,0,0,0,0,0,0,0,0,0,0,0,0,0,0,0,0,0,0,0,0,0,0,0,0,0,0
20161221,128654,25599,22616,48215,28205,23837,52042,100257,7030,5231,12261,1,5,6,104,20,124,69,54,123,0,0,0,0,0,0,0,0,0,375,233,608,2,0,2,4392,3795,8187,1848,1819,3667,0,0,0,33,34,67,0,0,0,6,4,10,0,0,0,1366,1454,2820,0,0,0,0,0,0,0,0,0,0,0,0,0,0,0,151,271,422,7,32,39,0,0,0,27,34,61,0,0,0,0,0,0,0,0,0,0,0,0,0,0,0,0,0,0,0,0,0,0,0,0,0,0,0,0,0,0,0,0,0,0,0,0,0,0,0
20161222,136697,26159,23673,49832,27817,25950,53767,103599,7504,5828,13332,1158,478,1636,0,24,24,30,136,166,0,0,0,0,0,0,0,0,0,281,206,487,5,1,6,4516,4338,8854,1974,2360,4334,0,0,0,13,48,61,0,0,0,0,0,0,0,0,0,2327,1800,4127,0,0,0,0,0,0,0,0,0,0,0,0,0,0,0,12,6,18,0,16,16,0,0,0,14,23,37,0,0,0,0,0,0,0,0,0,0,0,0,0,0,0,0,0,0,0,0,0,0,0,0,0,0,0,0,0,0,0,0,0,0,0,0,0,0,0
20161223,146728,26552,25748,52300,31305,27889,59194,111494,7635,6522,14157,750,1261,2011,36,1,37,53,63,116,0,0,0,4,0,4,0,0,0,158,110,268,3,4,7,5003,4603,9606,2725,2084,4809,0,0,0,21,26,47,0,0,0,5,0,5,0,0,0,2159,1902,4061,0,0,0,0,0,0,0,0,0,0,0,0,0,0,0,1,1,2,1,7,8,0,0,0,68,28,96,0,0,0,0,0,0,0,0,0,0,0,0,0,0,0,0,0,0,0,0,0,0,0,0,0,0,0,0,0,0,0,0,0,0,0,0,0,0,0
20161224,141089,28071,24160,52231,29666,25310,54976,107207,7822,6049,13871,0,1,1,1,4,5,55,193,248,0,0,0,0,0,0,0,0,0,364,210,574,0,0,0,4457,3843,8300,4121,2171,6292,0,0,0,290,17,307,179,0,179,1,9,10,0,0,0,2113,1892,4005,0,0,0,0,0,0,0,0,0,0,0,0,0,0,0,1,4,5,3,0,3,0,0,0,63,19,82,0,0,0,0,0,0,0,0,0,0,0,0,0,0,0,0,0,0,0,0,0,0,0,0,0,0,0,0,0,0,0,0,0,0,0,0,0,0,0
20161225,142026,26603,23592,50195,29781,25838,55619,105814,7699,5885,13584,1269,1834,3103,3,1,4,22,17,39,0,0,0,0,0,0,0,0,0,227,165,392,3,0,3,4597,4224,8821,2715,3547,6262,0,0,0,18,291,309,0,96,96,10,10,20,0,0,0,1842,1582,3424,0,0,0,0,0,0,0,0,0,0,0,0,0,0,0,5,1,6,0,0,0,0,0,0,40,109,149,0,0,0,0,0,0,0,0,0,0,0,0,0,0,0,0,0,0,0,0,0,0,0,0,0,0,0,0,0,0,0,0,0,0,0,0,0,0,0
20161226,136354,27417,25374,52791,27210,26118,53328,106119,6611,6007,12618,3,1,4,2,4,6,34,32,66,1,0,1,4,2,6,0,0,0,236,247,483,0,10,10,4300,3917,8217,2183,2849,5032,0,0,0,75,25,100,0,0,0,10,10,20,0,0,0,1750,1825,3575,0,0,0,0,0,0,0,0,0,0,0,0,0,0,0,1,1,2,1,34,35,0,0,0,27,33,60,0,0,0,0,0,0,0,0,0,0,0,0,0,0,0,0,0,0,0,0,0,0,0,0,0,0,0,0,0,0,0,0,0,0,0,0,0,0,0
20161227,137777,24596,25043,49639,28366,24595,52961,102600,7406,7557,14963,1698,849,2547,8,18,26,62,103,165,4,1,5,0,0,0,0,0,0,157,156,313,6,2,8,4514,3993,8507,1989,2644,4633,0,0,0,0,0,0,177,171,348,5,0,5,0,0,0,1773,1822,3595,0,0,0,0,0,0,0,0,0,0,0,0,0,0,0,6,6,12,0,2,2,0,0,0,27,21,48,0,0,0,0,0,0,0,0,0,0,0,0,0,0,0,0,0,0,0,0,0,0,0,0,0,0,0,0,0,0,0,0,0,0,0,0,0,0,0
20161228,133920,24904,25846,50750,26579,25031,51610,102360,6835,6928,13763,0,0,0,206,21,227,40,273,313,0,2,2,0,0,0,0,0,0,404,317,721,2,2,4,4494,4136,8630,2102,1749,3851,0,0,0,40,69,109,0,0,0,0,1,1,0,0,0,1890,2004,3894,0,0,0,0,0,0,0,0,0,0,0,0,0,0,0,4,5,9,0,7,7,0,0,0,14,15,29,0,0,0,0,0,0,0,0,0,0,0,0,0,0,0,0,0,0,0,0,0,0,0,0,0,0,0,0,0,0,0,0,0,0,0,0,0,0,0
20161229,138664,25393,26411,51804,27013,27287,54300,106104,6942,7132,14074,855,465,1320,4,3,7,28,30,58,0,4,4,0,0,0,0,0,0,206,267,473,16,6,22,4442,4110,8552,2294,1781,4075,0,0,0,0,0,0,0,0,0,7,0,7,0,0,0,1929,1972,3901,0,0,0,0,0,0,0,0,0,0,0,0,0,0,0,0,2,2,5,0,5,0,0,0,30,30,60,0,0,0,0,0,0,0,0,0,0,0,0,0,0,0,0,0,0,0,0,0,0,0,0,0,0,0,0,0,0,0,0,0,0,0,0,0,0,0
20161230,150716,23960,28276,52236,31461,30371,61832,114068,6558,7977,14535,534,1726,2260,452,1,453,33,389,422,3,0,3,0,15,15,0,0,0,110,148,258,0,2,2,4797,4675,9472,2510,2421,4931,0,0,0,14,45,59,0,0,0,3,5,8,0,0,0,2015,2099,4114,0,0,0,0,0,0,0,0,0,0,0,0,0,0,0,10,5,15,2,25,27,0,0,0,21,53,74,0,0,0,0,0,0,0,0,0,0,0,0,0,0,0,0,0,0,0,0,0,0,0,0,0,0,0,0,0,0,0,0,0,0,0,0,0,0,0
20161231,129606,21438,26032,47470,23207,26299,49506,96976,5301,7411,12712,0,451,451,6,0,6,24,28,52,0,1,1,0,8,8,0,0,0,294,319,613,3,3,6,4056,3811,7867,3930,2493,6423,0,0,0,380,16,396,176,0,176,7,6,13,0,0,0,1604,2109,3713,0,0,0,0,0,0,0,0,0,0,0,0,0,0,0,0,0,0,0,24,24,0,0,0,107,62,169,0,0,0,0,0,0,0,0,0,0,0,0,0,0,0,0,0,0,0,0,0,0,0,0,0,0,0,0,0,0,0,0,0,0,0,0,0,0,0
