20170101,128447,22808,25372,48180,23050,24914,47964,96144,6376,5928,12304,1722,587,2309,1,2,3,8,85,93,0,0,0,0,0,0,0,0,0,128,177,305,0,0,0,3664,3867,7531,2751,2960,5711,0,0,0,20,237,257,0,158,158,9,2,11,0,0,0,1478,2021,3499,0,0,0,0,0,0,0,0,0,0,0,0,0,0,0,0,1,1,0,22,22,0,0,0,26,73,99,0,0,0,0,0,0,0,0,0,0,0,0,0,0,0,0,0,0,0,0,0,0,0,0,0,0,0,0,0,0,0,0,0,0,0,0,0,0,0
20170102,143919,28320,26976,55296,27504,29662,57166,112462,6269,6022,12291,3,2,5,3,10,13,50,320,370,0,0,0,2,1,3,0,0,0,203,279,482,4,0,4,4169,4265,8434,2163,3090,5253,0,0,0,49,148,197,0,0,0,0,4,4,0,0,0,2075,2159,4234,0,0,0,0,0,0,0,0,0,0,0,0,0,0,0,0,1,1,0,14,14,0,0,0,73,79,152,0,0,0,0,0,0,0,0,0,0,0,0,0,0,0,0,0,0,0,0,0,0,0,0,0,0,0,0,0,0,0,0,0,0,0,0,0,0,0
20170103,132356,23263,24960,48223,24637,27599,52236,100459,6341,7507,13848,1,0,1,8,15,23,31,321,352,1,0,1,0,1,1,0,0,0,85,118,203,3,1,4,4329,4654,8983,1672,2136,3808,0,0,0,23,51,74,161,171,332,4,0,4,0,0,0,1680,2060,3740,0,0,0,0,0,0,0,0,0,0,0,0,0,0,0,245,212,457,0,0,0,0,0,0,51,15,66,0,0,0,0,0,0,0,0,0,0,0,0,0,0,0,0,0,0,0,0,0,0,0,0,0,0,0,0,0,0,0,0,0,0,0,0,0,0,0
20170104,118930,21072,24175,45247,20990,25695,46685,91932,5124,5904,11028,1,0,1,20,120,140,37,35,72,0,0,0,1,1,2,0,0,0,272,247,519,0,0,0,3862,4530,8392,1229,1864,3093,0,0,0,24,15,39,0,0,0,2,3,5,0,0,0,1020,1963,2983,0,0,0,0,0,0,0,0,0,0,0,0,0,0,0,154,477,631,2,31,33,0,0,0,31,29,60,0,0,0,0,0,0,0,0,0,0,0,0,0,0,0,0,0,0,0,0,0,0,0,0,0,0,0,0,0,0,0,0,0,0,0,0,0,0,0
20170105,114672,20746,22008,42754,19846,25625,45471,88225,4890,5888,10778,516,297,813,14,15,29,36,60,96,0,0,0,0,10,10,0,0,0,107,146,253,3,1,4,3688,4329,8017,1378,1948,3326,0,0,0,16,23,39,0,0,0,4,1,5,0,0,0,1132,1865,2997,0,0,0,0,0,0,0,0,0,0,0,0,0,0,0,9,5,14,0,23,23,0,0,0,24,19,43,0,0,0,0,0,0,0,0,0,0,0,0,0,0,0,0,0,0,0,0,0,0,0,0,0,0,0,0,0,0,0,0,0,0,0,0,0,0,0
20170106,110417,19711,21017,40728,19448,24113,43561,84289,4752,5277,10029,323,601,924,17,17,34,30,73,103,1,0,1,0,0,0,0,0,0,59,47,106,0,3,3,3767,4291,8058,2010,1892,3902,0,0,0,53,22,75,0,0,0,0,1,1,0,0,0,1371,1400,2771,0,0,0,0,0,0,0,0,0,0,0,0,0,0,0,1,3,4,0,0,0,0,0,0,17,100,117,0,0,0,0,0,0,0,0,0,0,0,0,0,0,0,0,0,0,0,0,0,0,0,0,0,0,0,0,0,0,0,0,0,0,0,0,0,0,0
20170107,110800,19256,21869,41125,19536,23563,43099,84224,4646,5331,9977,0,0,0,11,10,21,21,183,204,0,0,0,1,0,1,0,0,0,164,188,352,6,2,8,3574,4119,7693,2807,2221,5028,0,0,0,80,46,126,129,0,129,1,1,2,0,0,0,1375,1569,2944,0,0,0,0,0,0,0,0,0,0,0,0,0,0,0,1,8,9,0,9,9,0,0,0,36,37,73,0,0,0,0,0,0,0,0,0,0,0,0,0,0,0,0,0,0,0,0,0,0,0,0,0,0,0,0,0,0,0,0,0,0,0,0,0,0,0
20170108,127623,20227,24877,45104,22400,28050,50450,95554,5762,6364,12126,614,1097,1711,5,4,9,19,173,192,0,0,0,0,0,0,0,0,0,123,147,270,0,0,0,3833,4683,8516,2414,2902,5316,0,0,0,20,104,124,0,169,169,2,8,10,0,0,0,1640,1853,3493,0,0,0,0,0,0,0,0,0,0,0,0,0,0,0,7,10,17,0,6,6,0,0,0,15,95,110,0,0,0,0,0,0,0,0,0,0,0,0,0,0,0,0,0,0,0,0,0,0,0,0,0,0,0,0,0,0,0,0,0,0,0,0,0,0,0
20170109,110698,19291,22678,41969,19215,26264,45479,87448,3541,4638,8179,2,0,2,3,2,5,32,162,194,1,0,1,0,1,1,0,0,0,109,121,230,11,0,11,3220,4273,7493,1757,2033,3790,0,0,0,10,16,26,0,0,0,5,7,12,0,0,0,1294,1890,3184,0,0,0,0,0,0,0,0,0,0,0,0,0,0,0,3,4,7,0,20,20,0,0,0,75,20,95,0,0,0,0,0,0,0,0,0,0,0,0,0,0,0,0,0,0,0,0,0,0,0,0,0,0,0,0,0,0,0,0,0,0,0,0,0,0,0
20170110,107211,17142,19349,36491,19737,22737,42474,78965,4935,5609,10544,1082,753,1835,3,15,18,31,33,64,0,0,0,1,1,2,0,0,0,62,41,103,1,0,1,3873,4299,8172,1739,1965,3704,0,0,0,13,18,31,169,169,338,7,0,7,0,0,0,1372,1374,2746,0,0,0,0,0,0,0,0,0,0,0,0,0,0,0,240,386,626,0,10,10,0,0,0,36,9,45,0,0,0,0,0,0,0,0,0,0,0,0,0,0,0,0,0,0,0,0,0,0,0,0,0,0,0,0,0,0,0,0,0,0,0,0,0,0,0
20170111,104454,18436,19448,37884,21327,21697,43024,80908,4351,4238,8589,2,1,3,74,126,200,37,33,70,0,0,0,0,0,0,0,0,0,192,159,351,0,0,0,3626,3866,7492,1757,1666,3423,0,0,0,23,34,57,0,0,0,7,12,19,0,0,0,1255,1491,2746,0,0,0,0,0,0,0,0,0,0,0,0,0,0,0,1,546,547,3,12,15,0,0,0,12,22,34,0,0,0,0,0,0,0,0,0,0,0,0,0,0,0,0,0,0,0,0,0,0,0,0,0,0,0,0,0,0,0,0,0,0,0,0,0,0,0
20170112,112434,18758,20756,39514,22902,22926,45828,85342,5421,5000,10421,758,374,1132,7,10,17,33,160,193,0,0,0,3,3,6,0,0,0,171,131,302,15,17,32,3772,3882,7654,1807,1776,3583,0,0,0,17,12,29,0,0,0,7,1,8,0,0,0,1794,1546,3340,0,0,0,0,0,0,0,0,0,0,0,0,0,0,0,118,101,219,0,51,51,0,0,0,69,36,105,0,0,0,0,0,0,0,0,0,0,0,0,0,0,0,0,0,0,0,0,0,0,0,0,0,0,0,0,0,0,0,0,0,0,0,0,0,0,0
20170113,122086,20239,22687,42926,25550,25387,50937,93863,5327,5220,10547,387,676,1063,9,10,19,23,24,47,3,0,3,0,0,0,0,0,0,75,68,143,1,4,5,4435,4278,8713,2199,1701,3900,0,0,0,24,34,58,0,0,0,1,2,3,0,0,0,1872,1545,3417,0,0,0,0,0,0,0,0,0,0,0,0,0,0,0,84,157,241,4,10,14,0,0,0,16,34,50,0,0,0,0,0,0,0,0,0,0,0,0,0,0,0,0,0,0,0,0,0,0,0,0,0,0,0,0,0,0,0,0,0,0,0,0,0,0,0
20170114,127214,19956,23951,43907,25221,27460,52681,96588,5822,6638,12460,1,0,1,9,14,23,46,48,94,0,0,0,0,0,0,0,0,0,92,80,172,0,0,0,4093,4100,8193,3672,2168,5840,0,0,0,80,28,108,160,0,160,0,0,0,0,0,0,1911,1581,3492,0,0,0,0,0,0,0,0,0,0,0,0,0,0,0,1,5,6,0,0,0,0,0,0,37,40,77,0,0,0,0,0,0,0,0,0,0,0,0,0,0,0,0,0,0,0,0,0,0,0,0,0,0,0,0,0,0,0,0,0,0,0,0,0,0,0
20170115,137934,19342,26451,45793,28591,29132,57723,103516,6489,6990,13479,744,841,1585,3,1,4,14,47,61,0,0,0,0,0,0,0,0,0,108,147,255,8,1,9,4607,4506,9113,2054,3419,5473,0,0,0,0,0,0,0,150,150,0,1,1,0,0,0,2060,2104,4164,0,0,0,0,0,0,0,0,0,0,0,0,0,0,0,1,1,2,0,0,0,0,0,0,22,100,122,0,0,0,0,0,0,0,0,0,0,0,0,0,0,0,0,0,0,0,0,0,0,0,0,0,0,0,0,0,0,0,0,0,0,0,0,0,0,0
20170116,126461,21116,24924,46040,25716,28233,53949,99989,4615,5309,9924,1,3,4,5,16,21,39,59,98,0,0,0,5,1,6,0,0,0,129,170,299,0,8,8,4049,4213,8262,1993,2398,4391,0,0,0,0,53,53,0,0,0,0,4,4,0,0,0,1525,1747,3272,4,4,8,0,0,0,0,0,0,0,0,0,0,0,0,5,8,13,4,8,12,0,0,0,74,23,97,0,0,0,0,0,0,0,0,0,0,0,0,0,0,0,0,0,0,0,0,0,0,0,0,0,0,0,0,0,0,0,0,0,0,0,0,0,0,0
20170117,122421,18481,22310,40791,26494,25644,52138,92929,6078,6232,12310,1,0,1,7,2,9,49,36,85,0,0,0,5,0,5,0,0,0,130,77,207,0,0,0,4116,4273,8389,2045,2094,4139,0,0,0,77,57,134,164,156,320,6,5,11,0,0,0,1713,1432,3145,0,0,0,0,0,0,0,0,0,0,0,0,0,0,0,143,472,615,1,20,21,0,0,0,22,79,101,0,0,0,0,0,0,0,0,0,0,0,0,0,0,0,0,0,0,0,0,0,0,0,0,0,0,0,0,0,0,0,0,0,0,0,0,0,0,0
20170118,127630,20932,23878,44810,26660,25811,52471,97281,5973,6081,12054,0,1,1,130,60,190,67,53,120,0,2,2,0,10,10,0,0,0,252,281,533,8,5,13,4203,4138,8341,2351,1814,4165,0,0,0,18,61,79,0,0,0,3,0,3,0,0,0,2428,1740,4168,0,0,0,0,0,0,0,0,0,0,0,0,0,0,0,90,503,593,0,12,12,0,0,0,24,41,65,0,0,0,0,0,0,0,0,0,0,0,0,0,0,0,0,0,0,0,0,0,0,0,0,0,0,0,0,0,0,0,0,0,0,0,0,0,0,0
20170119,138890,22605,25624,48229,28299,29716,58015,106244,6983,6618,13601,669,363,1032,3,3,6,69,125,194,0,0,0,3,5,8,0,0,0,219,133,352,12,4,16,4504,3767,8271,2377,2084,4461,0,0,0,18,50,68,170,0,170,1,3,4,0,0,0,2039,1547,3586,0,0,0,0,0,0,0,0,0,0,0,0,0,0,0,141,616,757,1,37,38,0,0,0,52,30,82,0,0,0,0,0,0,0,0,0,0,0,0,0,0,0,0,0,0,0,0,0,0,0,0,0,0,0,0,0,0,0,0,0,0,0,0,0,0,0
20170120,154657,24741,28877,53618,33398,31734,65132,118750,7630,7403,15033,489,939,1428,2,0,2,57,72,129,0,0,0,4,0,4,0,0,0,179,223,402,0,1,1,4897,4514,9411,3005,2427,5432,0,0,0,62,50,112,0,131,131,2,1,3,0,0,0,2121,1624,3745,0,0,0,0,0,0,0,0,0,0,0,0,0,0,0,7,7,14,2,0,2,0,0,0,20,38,58,0,0,0,0,0,0,0,0,0,0,0,0,0,0,0,0,0,0,0,0,0,0,0,0,0,0,0,0,0,0,0,0,0,0,0,0,0,0,0
20170121,145893,23775,26336,50111,30540,30435,60975,111086,8042,7210,15252,1,0,1,193,9,202,41,33,74,1,0,1,0,0,0,0,0,0,330,285,615,0,0,0,4398,3964,8362,3300,2554,5854,0,0,0,43,54,97,167,0,167,8,21,29,0,0,0,2280,1755,4035,0,0,0,0,0,0,0,0,0,0,0,0,0,0,0,0,1,1,2,0,2,0,0,0,48,67,115,0,0,0,0,0,0,0,0,0,0,0,0,0,0,0,0,0,0,0,0,0,0,0,0,0,0,0,0,0,0,0,0,0,0,0,0,0,0,0
20170122,156478,25080,25677,50757,34267,29355,63622,114379,8247,7229,15476,3070,3958,7028,5,495,500,28,20,48,0,0,0,0,0,0,0,0,0,236,175,411,0,0,0,4616,4112,8728,2964,2533,5497,0,0,0,31,96,127,172,127,299,7,13,20,0,0,0,2193,1607,3800,0,0,0,0,0,0,0,0,0,0,0,0,0,0,0,2,0,2,1,0,1,0,0,0,58,104,162,0,0,0,0,0,0,0,0,0,0,0,0,0,0,0,0,0,0,0,0,0,0,0,0,0,0,0,0,0,0,0,0,0,0,0,0,0,0,0
20170123,138187,26303,23519,49822,33335,25162,58497,108319,7515,4792,12307,1,0,1,13,2,15,40,19,59,0,0,0,0,4,4,0,0,0,219,145,364,2,11,13,4147,3871,8018,3215,2134,5349,0,0,0,0,0,0,0,132,132,17,0,17,0,0,0,2058,1359,3417,0,0,0,0,0,0,0,0,0,0,0,0,0,0,0,6,4,10,0,11,11,0,0,0,39,112,151,0,0,0,0,0,0,0,0,0,0,0,0,0,0,0,0,0,0,0,0,0,0,0,0,0,0,0,0,0,0,0,0,0,0,0,0,0,0,0
20170124,148108,26476,23920,50396,32862,27701,60563,110959,9097,6696,15793,1768,1122,2890,2,7,9,62,104,166,0,0,0,0,19,19,0,0,0,242,200,442,0,1,1,4116,4055,8171,2733,1836,4569,0,0,0,26,66,92,176,152,328,2,6,8,0,0,0,2109,1389,3498,13,0,13,0,0,0,0,0,0,0,0,0,0,0,0,281,732,1013,0,15,15,0,0,0,49,73,122,0,0,0,0,0,0,0,0,0,0,0,0,0,0,0,0,0,0,0,0,0,0,0,0,0,0,0,0,0,0,0,0,0,0,0,0,0,0,0
20170125,161872,29065,27191,56256,38149,31934,70083,126339,9430,6810,16240,0,0,0,133,49,182,49,40,89,0,12,12,0,0,0,0,0,0,367,338,705,21,11,32,4217,4128,8345,2820,1640,4460,0,0,0,22,69,91,0,0,0,8,0,8,0,0,0,2517,1769,4286,0,0,0,0,0,0,0,0,0,0,0,0,0,0,0,368,649,1017,0,9,9,0,0,0,14,43,57,0,0,0,0,0,0,0,0,0,0,0,0,0,0,0,0,0,0,0,0,0,0,0,0,0,0,0,0,0,0,0,0,0,0,0,0,0,0,0
20170126,165681,29604,30301,59905,37437,33422,70859,130764,9099,7050,16149,1135,149,1284,12,6,18,54,53,107,0,0,0,7,0,7,0,0,0,265,230,495,17,28,45,4418,4228,8646,2401,1382,3783,0,0,0,6,44,50,182,0,182,2,7,9,0,0,0,1978,1505,3483,0,0,0,0,0,0,0,0,0,0,0,0,0,0,0,26,543,569,0,11,11,0,0,0,14,65,79,0,0,0,0,0,0,0,0,0,0,0,0,0,0,0,0,0,0,0,0,0,0,0,0,0,0,0,0,0,0,0,0,0,0,0,0,0,0,0
20170127,145693,25631,30257,55888,28679,31585,60264,116152,6906,7358,14264,309,720,1029,8,4,12,15,32,47,0,0,0,0,0,0,0,0,0,224,237,461,0,13,13,3881,4415,8296,827,507,1334,0,0,0,9,40,49,0,105,105,2,0,2,0,0,0,1990,1889,3879,0,0,0,0,0,0,0,0,0,0,0,0,0,0,0,0,4,4,0,8,8,0,0,0,2,36,38,0,0,0,0,0,0,0,0,0,0,0,0,0,0,0,0,0,0,0,0,0,0,0,0,0,0,0,0,0,0,0,0,0,0,0,0,0,0,0
20170128,131738,20816,29416,50232,23387,30378,53765,103997,6459,7629,14088,0,15,15,4,2,6,12,6,18,6,0,6,0,9,9,0,0,0,238,303,541,1,0,1,2838,3906,6744,1529,1233,2762,0,0,0,0,26,26,173,0,173,7,10,17,0,0,0,1560,1732,3292,0,0,0,0,0,0,0,0,0,0,0,0,0,0,0,2,2,4,0,0,0,0,0,0,10,29,39,0,0,0,0,0,0,0,0,0,0,0,0,0,0,0,0,0,0,0,0,0,0,0,0,0,0,0,0,0,0,0,0,0,0,0,0,0,0,0
20170129,143898,23097,28072,51169,27270,30751,58021,109190,6831,7171,14002,717,1695,2412,361,265,626,13,21,34,0,0,0,0,0,0,0,0,0,117,158,275,0,0,0,3493,4227,7720,2962,2139,5101,0,0,0,73,66,139,176,146,322,7,3,10,0,0,0,1836,1963,3799,0,0,0,0,0,0,0,0,0,0,0,0,0,0,0,0,0,0,0,49,49,0,0,0,80,139,219,0,0,0,0,0,0,0,0,0,0,0,0,0,0,0,0,0,0,0,0,0,0,0,0,0,0,0,0,0,0,0,0,0,0,0,0,0,0,0
20170130,144364,25473,29982,55455,26483,30006,56489,111944,6031,6143,12174,2191,51,2242,2,1,3,8,42,50,0,0,0,7,0,7,0,0,0,219,192,411,0,1,1,3512,4300,7812,2899,3059,5958,0,0,0,0,0,0,12,169,181,3,1,4,0,0,0,1779,1679,3458,0,0,0,0,0,0,0,0,0,0,0,0,0,0,0,3,42,45,0,5,5,0,0,0,0,69,69,0,0,0,0,0,0,0,0,0,0,0,0,0,0,0,0,0,0,0,0,0,0,0,0,0,0,0,0,0,0,0,0,0,0,0,0,0,0,0
20170131,159944,28596,29886,58482,31265,32822,64087,122569,8079,9043,17122,4,2,6,0,3,3,40,53,93,4,0,4,0,0,0,0,0,0,232,248,480,3,3,6,4260,4230,8490,2687,3493,6180,0,0,0,0,0,0,185,167,352,2,5,7,0,0,0,2200,2230,4430,0,0,0,0,0,0,0,0,0,0,0,0,0,0,0,0,21,21,0,0,0,0,0,0,124,57,181,0,0,0,0,0,0,0,0,0,0,0,0,0,0,0,0,0,0,0,0,0,0,0,0,0,0,0,0,0,0,0,0,0,0,0,0,0,0,0
20170201,171243,31561,30956,62517,35577,33604,69181,131698,7775,9344,17119,1,0,1,190,129,319,32,2157,2189,0,0,0,0,0,0,0,0,0,302,364,666,6,0,6,4425,4030,8455,2684,3720,6404,0,0,0,0,0,0,0,20,20,0,2,2,0,0,0,1972,2263,4235,0,0,0,0,0,0,0,0,0,0,0,0,0,0,0,2,2,4,0,0,0,0,0,0,64,61,125,0,0,0,0,0,0,0,0,0,0,0,0,0,0,0,0,0,0,0,0,0,0,0,0,0,0,0,0,0,0,0,0,0,0,0,0,0,0,0
20170202,161541,27154,29433,56587,31751,36095,67846,124433,7060,9264,16324,1700,402,2102,4,2,6,33,40,73,1,5,6,1,10,11,0,0,0,175,324,499,0,0,0,3978,4006,7984,2125,4071,6196,0,0,0,0,0,0,165,0,165,8,3,11,0,0,0,1486,2027,3513,0,0,0,0,0,0,0,0,0,0,0,0,0,0,0,0,1,1,0,7,7,0,0,0,90,120,210,0,0,0,0,0,0,0,0,0,0,0,0,0,0,0,0,0,0,0,0,0,0,0,0,0,0,0,0,0,0,0,0,0,0,0,0,0,0,0
20170203,164292,28031,27838,55869,33503,36410,69913,125782,7322,9256,16578,476,1002,1478,8,23,31,19,34,53,0,0,0,0,0,0,0,0,0,248,323,571,4,0,4,4406,4162,8568,2046,3689,5735,0,0,0,63,64,127,0,169,169,0,0,0,0,0,0,1552,2175,3727,0,0,0,0,0,0,0,0,0,0,0,0,0,0,0,730,535,1265,0,32,32,0,0,0,70,102,172,0,0,0,0,0,0,0,0,0,0,0,0,0,0,0,0,0,0,0,0,0,0,0,0,0,0,0,0,0,0,0,0,0,0,0,0,0,0,0
20170204,160559,28161,27793,55954,33796,35005,68801,124755,7533,9375,16908,1,0,1,316,363,679,23,29,52,0,6,6,0,7,7,0,0,0,368,334,702,1,8,9,3785,3794,7579,1968,3321,5289,0,0,0,58,29,87,168,0,168,3,6,9,0,0,0,1730,2417,4147,0,0,0,0,0,0,0,0,0,0,0,0,0,0,0,1,0,1,0,16,16,0,0,0,62,82,144,0,0,0,0,0,0,0,0,0,0,0,0,0,0,0,0,0,0,0,0,0,0,0,0,0,0,0,0,0,0,0,0,0,0,0,0,0,0,0
20170205,177206,29464,29761,59225,35552,41325,76877,136102,8175,9518,17693,902,1893,2795,242,139,381,7,4,11,0,0,0,0,0,0,0,0,0,296,289,585,2,0,2,4370,4961,9331,2249,2892,5141,0,0,0,79,26,105,161,168,329,5,12,17,0,0,0,1975,2588,4563,0,0,0,0,0,0,0,0,0,0,0,0,0,0,0,1,1,2,0,17,17,0,0,0,84,48,132,0,0,0,0,0,0,0,0,0,0,0,0,0,0,0,0,0,0,0,0,0,0,0,0,0,0,0,0,0,0,0,0,0,0,0,0,0,0,0
20170206,151641,28172,27276,55448,29734,35561,65295,120743,5720,7988,13708,2,2,4,5,8,13,45,64,109,0,0,0,0,0,0,0,0,0,160,292,452,8,10,18,3783,3935,7718,2049,2983,5032,0,0,0,0,0,0,0,182,182,8,0,8,0,0,0,1352,2122,3474,0,0,0,0,0,0,0,0,0,0,0,0,0,0,0,2,3,5,0,29,29,0,0,0,93,53,146,0,0,0,0,0,0,0,0,0,0,0,0,0,0,0,0,0,0,0,0,0,0,0,0,0,0,0,0,0,0,0,0,0,0,0,0,0,0,0
20170207,143561,25130,23993,49123,27836,29642,57478,106601,7275,9041,16316,1737,1742,3479,6,8,14,29,43,72,3,1,4,0,0,0,0,0,0,212,253,465,5,0,5,3863,3776,7639,2100,2844,4944,0,0,0,62,39,101,129,178,307,2,3,5,0,0,0,1133,1927,3060,0,2,2,0,0,0,0,0,0,0,0,0,0,0,0,346,1,347,0,55,55,0,0,0,59,86,145,0,0,0,0,0,0,0,0,0,0,0,0,0,0,0,0,0,0,0,0,0,0,0,0,0,0,0,0,0,0,0,0,0,0,0,0,0,0,0
20170208,139430,26090,24259,50349,27237,28586,55823,106172,6639,7710,14349,2,1,3,52,70,122,49,43,92,0,0,0,0,0,0,0,0,0,407,321,728,15,10,25,3925,3996,7921,2219,2883,5102,0,0,0,143,26,169,105,183,288,4,1,5,0,0,0,1577,2235,3812,0,0,0,0,0,0,0,0,0,0,0,0,0,0,0,2,430,432,0,10,10,0,0,0,177,23,200,0,0,0,0,0,0,0,0,0,0,0,0,0,0,0,0,0,0,0,0,0,0,0,0,0,0,0,0,0,0,0,0,0,0,0,0,0,0,0
20170209,140781,27968,21688,49656,27976,29075,57051,106707,7066,7700,14766,1753,603,2356,4,6,10,65,52,117,0,0,0,0,0,0,0,0,0,223,164,387,1,5,6,3714,3908,7622,2000,2671,4671,0,0,0,137,12,149,167,0,167,1,1,2,0,0,0,1661,1988,3649,0,0,0,0,0,0,0,0,0,0,0,0,0,0,0,10,5,15,6,0,6,0,0,0,78,73,151,0,0,0,0,0,0,0,0,0,0,0,0,0,0,0,0,0,0,0,0,0,0,0,0,0,0,0,0,0,0,0,0,0,0,0,0,0,0,0
20170210,147799,29009,22045,51054,31793,30627,62420,113474,7312,7479,14791,636,697,1333,4,14,18,29,54,83,4,4,8,0,0,0,0,0,0,235,180,415,1,6,7,4479,4305,8784,2292,2234,4526,0,0,0,60,197,257,0,182,182,1,0,1,0,0,0,1967,1841,3808,0,0,0,0,0,0,0,0,0,0,0,0,0,0,0,2,1,3,0,2,2,0,0,0,57,50,107,0,0,0,0,0,0,0,0,0,0,0,0,0,0,0,0,0,0,0,0,0,0,0,0,0,0,0,0,0,0,0,0,0,0,0,0,0,0,0
20170211,137158,28401,20512,48913,29228,27819,57047,105960,7441,6467,13908,0,0,0,9,0,9,32,45,77,5,5,10,0,0,0,0,0,0,421,201,622,0,0,0,3815,3969,7784,2345,2352,4697,0,0,0,111,26,137,172,0,172,0,0,0,0,0,0,1793,1898,3691,0,0,0,0,0,0,0,0,0,0,0,0,0,0,0,2,2,4,0,0,0,0,0,0,58,29,87,0,0,0,0,0,0,0,0,0,0,0,0,0,0,0,0,0,0,0,0,0,0,0,0,0,0,0,0,0,0,0,0,0,0,0,0,0,0,0
20170212,159126,29276,26200,55476,32849,32496,65345,120821,7609,7908,15517,642,1665,2307,757,113,870,12,19,31,0,0,0,0,2,2,0,0,0,233,170,403,0,0,0,4499,4807,9306,2666,2417,5083,0,0,0,57,87,144,177,152,329,1,5,6,0,0,0,2049,2129,4178,0,0,0,0,0,0,0,0,0,0,0,0,0,0,0,1,4,5,0,5,5,0,0,0,77,42,119,0,0,0,0,0,0,0,0,0,0,0,0,0,0,0,0,0,0,0,0,0,0,0,0,0,0,0,0,0,0,0,0,0,0,0,0,0,0,0
20170213,141173,27000,26480,53480,27218,30681,57899,111379,5681,6468,12149,0,0,0,718,97,815,29,53,82,0,0,0,0,7,7,0,0,0,200,196,396,0,0,0,3966,4348,8314,1862,2173,4035,0,0,0,62,20,82,0,151,151,3,7,10,0,0,0,1661,1960,3621,0,0,0,0,0,0,0,0,0,0,0,0,0,0,0,5,10,15,0,15,15,0,0,0,53,49,102,0,0,0,0,0,0,0,0,0,0,0,0,0,0,0,0,0,0,0,0,0,0,0,0,0,0,0,0,0,0,0,0,0,0,0,0,0,0,0
20170214,128462,24106,22512,46618,25313,26650,51963,98581,6820,6729,13549,4,3,7,21,8,29,58,64,122,0,0,0,8,0,8,0,0,0,182,131,313,17,9,26,3859,4149,8008,1547,1802,3349,0,0,0,26,11,37,145,159,304,5,8,13,0,0,0,1451,1749,3200,0,0,0,0,0,0,0,0,0,0,0,0,0,0,0,684,116,800,1,67,68,0,0,0,30,18,48,0,0,0,0,0,0,0,0,0,0,0,0,0,0,0,0,0,0,0,0,0,0,0,0,0,0,0,0,0,0,0,0,0,0,0,0,0,0,0
20170215,132363,25294,23243,48537,26302,26803,53105,101642,6381,6142,12523,0,0,0,15,11,26,42,102,144,0,0,0,0,0,0,0,0,0,340,315,655,0,0,0,4375,4480,8855,1982,1920,3902,0,0,0,46,17,63,133,75,208,5,7,12,0,0,0,1848,2126,3974,0,0,0,0,0,0,0,0,0,0,0,0,0,0,0,166,47,213,0,73,73,0,0,0,49,24,73,0,0,0,0,0,0,0,0,0,0,0,0,0,0,0,0,0,0,0,0,0,0,0,0,0,0,0,0,0,0,0,0,0,0,0,0,0,0,0
20170216,136180,26171,22152,48323,28102,27988,56090,104413,6598,6118,12716,1626,431,2057,8,4,12,39,28,67,3,3,6,0,7,7,0,0,0,117,74,191,7,0,7,4241,4303,8544,1816,1899,3715,0,0,0,46,21,67,173,0,173,2,5,7,0,0,0,1896,1763,3659,0,0,0,0,0,0,0,0,0,0,0,0,0,0,0,343,73,416,0,44,44,0,0,0,38,41,79,0,0,0,0,0,0,0,0,0,0,0,0,0,0,0,0,0,0,0,0,0,0,0,0,0,0,0,0,0,0,0,0,0,0,0,0,0,0,0
20170217,136759,27050,21748,48798,28371,27515,55886,104684,6859,6089,12948,421,595,1016,14,15,29,32,55,87,0,0,0,0,7,7,0,0,0,270,170,440,0,0,0,4663,4617,9280,2165,1722,3887,0,0,0,29,15,44,0,132,132,0,2,2,0,0,0,1980,1451,3431,0,0,0,0,0,0,0,0,0,0,0,0,0,0,0,581,90,671,0,42,42,0,0,0,43,16,59,0,0,0,0,0,0,0,0,0,0,0,0,0,0,0,0,0,0,0,0,0,0,0,0,0,0,0,0,0,0,0,0,0,0,0,0,0,0,0
20170218,133608,26663,21474,48137,29006,25380,54386,102523,7267,5887,13154,34,1,35,215,56,271,44,67,111,1,0,1,0,0,0,0,0,0,358,217,575,0,0,0,4343,4158,8501,2791,1616,4407,0,0,0,142,11,153,164,0,164,4,7,11,0,0,0,1985,1633,3618,0,0,0,0,0,0,0,0,0,0,0,0,0,0,0,0,0,0,0,3,3,0,0,0,50,31,81,0,0,0,0,0,0,0,0,0,0,0,0,0,0,0,0,0,0,0,0,0,0,0,0,0,0,0,0,0,0,0,0,0,0,0,0,0,0,0
20170219,145368,25473,26248,51721,30183,29195,59378,111099,7158,6311,13469,584,1680,2264,89,62,151,19,22,41,12,0,12,0,6,6,0,0,0,200,142,342,0,2,2,4357,4724,9081,2183,2286,4469,0,0,0,38,126,164,155,169,324,3,1,4,0,0,0,2024,1803,3827,0,0,0,0,0,0,0,0,0,0,0,0,0,0,0,2,4,6,1,0,1,0,0,0,68,38,106,0,0,0,0,0,0,0,0,0,0,0,0,0,0,0,0,0,0,0,0,0,0,0,0,0,0,0,0,0,0,0,0,0,0,0,0,0,0,0
20170220,126981,22491,25803,48294,23542,28417,51959,100253,5122,5743,10865,0,1,1,26,23,49,53,29,82,7,0,7,0,0,0,0,0,0,184,166,350,5,6,11,3929,4354,8283,1613,1798,3411,0,0,0,28,14,42,0,162,162,3,1,4,0,0,0,1503,1870,3373,0,0,0,0,0,0,0,0,0,0,0,0,0,0,0,12,12,24,0,16,16,0,0,0,22,26,48,0,0,0,0,0,0,0,0,0,0,0,0,0,0,0,0,0,0,0,0,0,0,0,0,0,0,0,0,0,0,0,0,0,0,0,0,0,0,0
20170221,123084,20790,22928,43718,21992,26490,48482,92200,6452,6034,12486,1690,1733,3423,12,4,16,47,48,95,0,2,2,0,8,8,0,0,0,157,197,354,0,0,0,3580,4539,8119,1648,1633,3281,0,0,0,0,0,0,164,169,333,3,8,11,0,0,0,1375,1360,2735,0,0,0,0,0,0,0,0,0,0,0,0,0,0,0,0,0,0,0,21,21,0,0,0,0,0,0,0,0,0,0,0,0,0,0,0,0,0,0,0,0,0,0,0,0,0,0,0,0,0,0,0,0,0,0,0,0,0,0,0,0,0,0,0,0,0
20170222,124076,21062,24465,45527,21741,27405,49146,94673,5620,6105,11725,652,650,1302,2,3,5,71,58,129,4,6,10,1,5,6,0,0,0,168,155,323,0,0,0,3688,4479,8167,1615,1596,3211,0,0,0,26,9,35,80,134,214,3,13,16,0,0,0,1761,1849,3610,0,0,0,0,0,0,0,0,0,0,0,0,0,0,0,388,181,569,0,5,5,0,0,0,25,51,76,0,0,0,0,0,0,0,0,0,0,0,0,0,0,0,0,0,0,0,0,0,0,0,0,0,0,0,0,0,0,0,0,0,0,0,0,0,0,0
20170223,139211,23123,29859,52982,23836,30525,54361,107343,6177,7365,13542,1699,439,2138,11,11,22,28,40,68,0,0,0,0,1,1,0,0,0,171,184,355,0,0,0,3736,4486,8222,1934,1635,3569,0,0,0,0,0,0,157,0,157,16,9,25,0,0,0,1811,1899,3710,0,0,0,0,0,0,0,0,0,0,0,0,0,0,0,7,9,16,0,2,2,0,0,0,31,10,41,0,0,0,0,0,0,0,0,0,0,0,0,0,0,0,0,0,0,0,0,0,0,0,0,0,0,0,0,0,0,0,0,0,0,0,0,0,0,0
20170224,157022,24765,31989,56754,27391,36024,63415,120169,6920,8825,15745,451,1313,1764,12,3,15,51,40,91,0,2,2,0,0,0,0,0,0,203,262,465,0,4,4,4614,5025,9639,1771,2804,4575,0,0,0,30,16,46,0,170,170,11,6,17,0,0,0,1980,2267,4247,0,0,0,0,0,0,0,0,0,0,0,0,0,0,0,2,0,2,0,0,0,0,0,0,6,65,71,0,0,0,0,0,0,0,0,0,0,0,0,0,0,0,0,0,0,0,0,0,0,0,0,0,0,0,0,0,0,0,0,0,0,0,0,0,0,0
20170225,155001,25746,33972,59718,26387,33909,60296,120014,6162,8999,15161,0,0,0,5,4,9,46,75,121,0,0,0,3,2,5,0,0,0,327,475,802,1,0,1,3982,4593,8575,2642,2831,5473,0,0,0,56,32,88,162,0,162,4,1,5,0,0,0,1942,2384,4326,0,0,0,0,0,0,0,0,0,0,0,0,0,0,0,2,5,7,1,13,14,0,0,0,17,221,238,0,0,0,0,0,0,0,0,0,0,0,0,0,0,0,0,0,0,0,0,0,0,0,0,0,0,0,0,0,0,0,0,0,0,0,0,0,0,0
20170226,149909,23063,30869,53932,25504,33283,58787,112719,5902,8258,14160,1315,1652,2967,4,4,8,26,11,37,0,11,11,0,0,0,0,0,0,180,251,431,0,0,0,3835,4831,8666,2059,3655,5714,0,0,0,24,69,93,169,169,338,0,0,0,0,0,0,2136,2439,4575,0,0,0,0,0,0,0,0,0,0,0,0,0,0,0,1,1,2,1,36,37,0,0,0,58,93,151,0,0,0,0,0,0,0,0,0,0,0,0,0,0,0,0,0,0,0,0,0,0,0,0,0,0,0,0,0,0,0,0,0,0,0,0,0,0,0
20170227,138925,27739,25509,53248,27373,26727,54100,107348,6943,5758,12701,20,4,24,0,2,2,656,659,1315,6,0,6,0,0,0,0,0,0,229,166,395,0,4,4,3961,4131,8092,2744,2128,4872,0,0,0,20,17,37,0,150,150,3,5,8,0,0,0,2023,1767,3790,0,0,0,0,0,0,0,0,0,0,0,0,0,0,0,2,1,3,0,9,9,0,0,0,106,63,169,0,0,0,0,0,0,0,0,0,0,0,0,0,0,0,0,0,0,0,0,0,0,0,0,0,0,0,0,0,0,0,0,0,0,0,0,0,0,0
20170228,145556,31200,22479,53679,32233,25233,57466,111145,9422,6038,15460,0,0,0,7,11,18,38,13,51,0,0,0,0,0,0,0,0,0,333,107,440,0,0,0,4731,4016,8747,3632,1260,4892,0,0,0,35,10,45,171,155,326,1,9,10,0,0,0,2049,1282,3331,0,0,0,0,0,0,0,0,0,0,0,0,0,0,0,478,340,818,2,25,27,0,0,0,235,11,246,0,0,0,0,0,0,0,0,0,0,0,0,0,0,0,0,0,0,0,0,0,0,0,0,0,0,0,0,0,0,0,0,0,0,0,0,0,0,0
20170301,136977,30427,21047,51474,30657,22833,53490,104964,7939,5762,13701,0,19,19,3,10,13,55,59,114,0,0,0,0,0,0,0,0,0,433,175,608,0,0,0,4518,3872,8390,2354,1982,4336,0,0,0,39,11,50,158,104,262,6,2,8,0,0,0,2229,1771,4000,0,0,0,0,0,0,0,0,0,0,0,0,0,0,0,169,122,291,3,21,24,0,0,0,118,79,197,0,0,0,0,0,0,0,0,0,0,0,0,0,0,0,0,0,0,0,0,0,0,0,0,0,0,0,0,0,0,0,0,0,0,0,0,0,0,0
20170302,126802,26652,18869,45521,29367,22437,51804,97325,6756,5335,12091,1661,419,2080,13,10,23,66,31,97,0,0,0,0,0,0,0,0,0,160,54,214,3,10,13,4361,3284,7645,1632,1680,3312,0,0,0,0,0,0,164,0,164,0,12,12,0,0,0,2016,1501,3517,0,0,0,0,0,0,0,0,0,0,0,0,0,0,0,99,47,146,3,7,10,0,0,0,119,34,153,0,0,0,0,0,0,0,0,0,0,0,0,0,0,0,0,0,0,0,0,0,0,0,0,0,0,0,0,0,0,0,0,0,0,0,0,0,0,0
20170303,128224,25672,18975,44647,29631,22689,52320,96967,7168,5478,12646,758,1086,1844,9,8,17,728,64,792,0,0,0,2,0,2,0,0,0,99,70,169,0,6,6,4648,3605,8253,1829,1904,3733,0,0,0,59,36,95,0,87,87,12,5,17,0,0,0,1901,1193,3094,0,0,0,0,0,0,0,0,0,0,0,0,0,0,0,167,107,274,0,30,30,0,0,0,99,99,198,0,0,0,0,0,0,0,0,0,0,0,0,0,0,0,0,0,0,0,0,0,0,0,0,0,0,0,0,0,0,0,0,0,0,0,0,0,0,0
20170304,125816,25634,19254,44888,27128,23139,50267,95155,6762,5756,12518,0,683,683,188,227,415,45,75,120,0,0,0,0,33,33,0,0,0,273,190,463,7,0,7,4075,3444,7519,2811,2104,4915,0,0,0,131,19,150,171,0,171,1,1,2,0,0,0,1952,1544,3496,0,0,0,0,0,0,0,0,0,0,0,0,0,0,0,0,0,0,0,61,61,0,0,0,41,67,108,0,0,0,0,0,0,0,0,0,0,0,0,0,0,0,0,0,0,0,0,0,0,0,0,0,0,0,0,0,0,0,0,0,0,0,0,0,0,0
20170305,144934,26162,24565,50727,30842,28557,59399,110126,7008,6484,13492,772,1732,2504,86,77,163,27,31,58,1,0,1,0,0,0,0,0,0,231,201,432,7,0,7,4415,4470,8885,2032,2722,4754,0,0,0,15,146,161,133,152,285,1,9,10,0,0,0,2057,1891,3948,0,0,0,0,0,0,0,0,0,0,0,0,0,0,0,1,0,1,0,6,6,0,0,0,43,58,101,0,0,0,0,0,0,0,0,0,0,0,0,0,0,0,0,0,0,0,0,0,0,0,0,0,0,0,0,0,0,0,0,0,0,0,0,0,0,0
20170306,126237,23931,23299,47230,25579,26735,52314,99544,5002,5628,10630,3,0,3,10,10,20,58,50,108,0,1,1,0,9,9,0,0,0,165,150,315,0,0,0,3819,4242,8061,1878,2122,4000,0,0,0,0,0,0,0,151,151,2,8,10,0,0,0,1481,1831,3312,0,0,0,0,0,0,0,0,0,0,0,0,0,0,0,7,8,15,0,0,0,0,0,0,28,30,58,0,0,0,0,0,0,0,0,0,0,0,0,0,0,0,0,0,0,0,0,0,0,0,0,0,0,0,0,0,0,0,0,0,0,0,0,0,0,0
20170307,121970,21702,21107,42809,24073,24389,48462,91271,6495,6268,12763,1719,1728,3447,2,8,10,83,49,132,0,1,1,0,6,6,0,0,0,75,90,165,17,1,18,4097,4118,8215,1323,1639,2962,0,0,0,22,16,38,134,131,265,7,1,8,0,0,0,1144,1197,2341,0,0,0,0,0,0,0,0,0,0,0,0,0,0,0,176,61,237,2,12,14,0,0,0,46,31,77,0,0,0,0,0,0,0,0,0,0,0,0,0,0,0,0,0,0,0,0,0,0,0,0,0,0,0,0,0,0,0,0,0,0,0,0,0,0,0
20170308,122598,22141,21601,43742,25074,24362,49436,93178,5895,6335,12230,1,0,1,9,4,13,67,73,140,2,0,2,5,0,5,0,0,0,241,226,467,0,0,0,4327,4095,8422,2194,1794,3988,0,0,0,14,17,31,158,121,279,3,7,10,0,0,0,1723,1739,3462,0,0,0,0,0,0,0,0,0,0,0,0,0,0,0,216,97,313,1,28,29,0,0,0,12,16,28,0,0,0,0,0,0,0,0,0,0,0,0,0,0,0,0,0,0,0,0,0,0,0,0,0,0,0,0,0,0,0,0,0,0,0,0,0,0,0
20170309,131483,23723,22716,46439,26506,27197,53703,100142,6267,5700,11967,1755,534,2289,4,4,8,37,60,97,0,0,0,0,9,9,0,0,0,160,98,258,0,0,0,4325,4276,8601,1938,2414,4352,0,0,0,18,11,29,163,0,163,9,5,14,0,0,0,1754,1466,3220,0,0,0,0,0,0,0,0,0,0,0,0,0,0,0,111,91,202,0,37,37,0,0,0,24,71,95,0,0,0,0,0,0,0,0,0,0,0,0,0,0,0,0,0,0,0,0,0,0,0,0,0,0,0,0,0,0,0,0,0,0,0,0,0,0,0
20170310,140798,25548,24055,49603,30196,27954,58150,107753,7166,6239,13405,521,1652,2173,4,7,11,44,33,77,0,0,0,0,2,2,0,0,0,158,84,242,4,4,8,4731,4385,9116,2158,1892,4050,0,0,0,26,4,30,0,171,171,5,6,11,0,0,0,1908,1487,3395,0,0,0,0,0,0,0,0,0,0,0,0,0,0,0,145,78,223,1,15,16,0,0,0,89,26,115,0,0,0,0,0,0,0,0,0,0,0,0,0,0,0,0,0,0,0,0,0,0,0,0,0,0,0,0,0,0,0,0,0,0,0,0,0,0,0
20170311,132352,24254,22547,46801,27480,26794,54274,101075,6919,6096,13015,0,0,0,93,69,162,23,47,70,3,3,6,0,0,0,0,0,0,373,204,577,5,0,5,4205,4034,8239,3385,1776,5161,0,0,0,112,11,123,149,0,149,1,4,5,0,0,0,1855,1787,3642,0,0,0,0,0,0,0,0,0,0,0,0,0,0,0,8,7,15,2,14,16,0,0,0,58,34,92,0,0,0,0,0,0,0,0,0,0,0,0,0,0,0,0,0,0,0,0,0,0,0,0,0,0,0,0,0,0,0,0,0,0,0,0,0,0,0
20170312,147992,25172,26720,51892,30612,29467,60079,111971,6888,6616,13504,1650,1651,3301,75,51,126,26,25,51,0,0,0,0,0,0,0,0,0,258,237,495,13,2,15,4581,4775,9356,2235,2643,4878,0,0,0,25,138,163,0,169,169,7,9,16,0,0,0,1876,1953,3829,0,0,0,0,0,0,0,0,0,0,0,0,0,0,0,0,4,4,0,0,0,0,0,0,19,95,114,0,0,0,0,0,0,0,0,0,0,0,0,0,0,0,0,0,0,0,0,0,0,0,0,0,0,0,0,0,0,0,0,0,0,0,0,0,0,0
20170313,132133,23045,24591,47636,24932,28215,53147,100783,5254,5629,10883,2114,2114,4228,89,100,189,69,29,98,0,0,0,0,0,0,0,0,0,132,220,352,0,0,0,3845,4255,8100,1620,2059,3679,0,0,0,12,13,25,148,157,305,6,0,6,0,0,0,1412,1934,3346,0,0,0,0,0,0,0,0,0,0,0,0,0,0,0,12,9,21,2,3,5,0,0,0,43,70,113,0,0,0,0,0,0,0,0,0,0,0,0,0,0,0,0,0,0,0,0,0,0,0,0,0,0,0,0,0,0,0,0,0,0,0,0,0,0,0
20170314,123446,20545,22528,43073,25214,26313,51527,94600,6799,6652,13451,0,1,1,9,2,11,81,47,128,0,0,0,0,8,8,0,0,0,201,142,343,2,0,2,4101,4410,8511,1558,1789,3347,0,0,0,0,0,0,158,169,327,5,1,6,0,0,0,1248,1390,2638,0,0,0,0,0,0,0,0,0,0,0,0,0,0,0,0,0,0,0,0,0,0,0,0,44,29,73,0,0,0,0,0,0,0,0,0,0,0,0,0,0,0,0,0,0,0,0,0,0,0,0,0,0,0,0,0,0,0,0,0,0,0,0,0,0,0
20170315,132719,23887,23779,47666,26944,26904,53848,101514,6709,6820,13529,0,2,2,0,11,11,112,82,194,1,0,1,4,5,9,0,0,0,159,42,201,0,0,0,4283,4371,8654,2666,1837,4503,0,0,0,18,13,31,138,131,269,1,4,5,0,0,0,1866,1843,3709,0,0,0,0,0,0,0,0,0,0,0,0,0,0,0,4,7,11,0,3,3,0,0,0,25,48,73,0,0,0,0,0,0,0,0,0,0,0,0,0,0,0,0,0,0,0,0,0,0,0,0,0,0,0,0,0,0,0,0,0,0,0,0,0,0,0
20170316,138641,23729,23436,47165,27151,27906,55057,102222,7235,6521,13756,2103,742,2845,7,6,13,48,23,71,1,0,1,3,2,5,0,0,0,255,177,432,0,1,1,4453,4304,8757,1807,4233,6040,0,0,0,152,22,174,164,0,164,2,9,11,0,0,0,1828,1799,3627,0,0,0,0,0,0,0,0,0,0,0,0,0,0,0,344,96,440,0,7,7,0,0,0,39,36,75,0,0,0,0,0,0,0,0,0,0,0,0,0,0,0,0,0,0,0,0,0,0,0,0,0,0,0,0,0,0,0,0,0,0,0,0,0,0,0
20170317,147196,26734,25325,52059,31030,27711,58741,110800,8143,6992,15135,779,1528,2307,11,12,23,38,25,63,0,0,0,2,9,11,0,0,0,131,76,207,1,3,4,4876,4569,9445,2490,2188,4678,0,0,0,82,145,227,0,150,150,6,6,12,0,0,0,2018,1773,3791,0,0,0,0,0,0,0,0,0,0,0,0,0,0,0,146,125,271,2,23,25,0,0,0,30,17,47,0,0,0,0,0,0,0,0,0,0,0,0,0,0,0,0,0,0,0,0,0,0,0,0,0,0,0,0,0,0,0,0,0,0,0,0,0,0,0
20170318,142737,26397,23696,50093,30159,27567,57726,107819,7753,6907,14660,1,1,2,136,87,223,49,469,518,80,0,80,1,1,2,0,0,0,402,247,649,0,0,0,4460,4013,8473,3799,2121,5920,0,0,0,139,69,208,160,0,160,1,5,6,0,0,0,2037,1888,3925,0,0,0,0,0,0,0,0,0,0,0,0,0,0,0,1,1,2,3,0,3,0,0,0,56,31,87,0,0,0,0,0,0,0,0,0,0,0,0,0,0,0,0,0,0,0,0,0,0,0,0,0,0,0,0,0,0,0,0,0,0,0,0,0,0,0
20170319,153504,25788,26746,52534,31128,29536,60664,113198,7717,7423,15140,1502,1900,3402,51,67,118,35,52,87,0,0,0,1,1,2,0,0,0,264,268,532,0,0,0,4665,4796,9461,3568,3183,6751,0,0,0,22,150,172,165,163,328,5,2,7,10,0,10,2169,1994,4163,0,0,0,0,0,0,0,0,0,0,0,0,0,0,0,1,0,1,0,0,0,0,0,0,51,81,132,0,0,0,0,0,0,0,0,0,0,0,0,0,0,0,0,0,0,0,0,0,0,0,0,0,0,0,0,0,0,0,0,0,0,0,0,0,0,0
20170320,139530,25691,26470,52161,26932,29991,56923,109084,6185,6673,12858,1,2,3,87,232,319,368,81,449,0,0,0,0,9,9,0,0,0,176,307,483,0,4,4,3798,4356,8154,2026,2036,4062,0,0,0,28,16,44,0,161,161,4,15,19,0,0,0,1793,1976,3769,0,0,0,0,0,0,0,0,0,0,0,0,0,0,0,2,3,5,0,10,10,0,0,0,71,26,97,0,0,0,0,0,0,0,0,0,0,0,0,0,0,0,0,0,0,0,0,0,0,0,0,0,0,0,0,0,0,0,0,0,0,0,0,0,0,0
20170321,138316,23494,23218,46712,26783,26824,53607,100319,7052,7422,14474,1717,1934,3651,3,19,22,1960,2001,3961,0,0,0,0,0,0,0,0,0,75,72,147,0,6,6,4259,4409,8668,1651,1872,3523,0,0,0,11,13,24,154,173,327,20,5,25,0,0,0,1564,1515,3079,0,0,0,0,0,0,0,0,0,0,0,0,0,0,0,1,0,1,0,6,6,0,0,0,17,66,83,0,0,0,0,0,0,0,0,0,0,0,0,0,0,0,0,0,0,0,0,0,0,0,0,0,0,0,0,0,0,0,0,0,0,0,0,0,0,0
20170322,131891,22840,23726,46566,25969,26906,52875,99441,6799,6786,13585,1388,1,1389,130,13,143,66,72,138,0,0,0,0,1,1,0,0,0,253,234,487,8,2,10,4034,4400,8434,2003,1927,3930,0,0,0,11,9,20,0,0,0,1,0,1,0,0,0,1946,1875,3821,0,0,0,0,0,0,0,0,0,0,0,0,0,0,0,304,135,439,1,2,3,0,0,0,31,18,49,0,0,0,0,0,0,0,0,0,0,0,0,0,0,0,0,0,0,0,0,0,0,0,0,0,0,0,0,0,0,0,0,0,0,0,0,0,0,0
20170323,136381,23234,23569,46803,27296,28533,55829,102632,7141,6716,13857,1647,895,2542,10,22,32,35,64,99,0,0,0,0,5,5,0,0,0,278,144,422,0,0,0,4201,4373,8574,1901,1982,3883,0,0,0,17,20,37,153,0,153,1,2,3,0,9,9,2041,1751,3792,0,0,0,0,0,0,0,0,0,0,0,0,0,0,0,124,147,271,2,9,11,0,0,0,21,38,59,0,0,0,0,0,0,0,0,0,0,0,0,0,0,0,0,0,0,0,0,0,0,0,0,0,0,0,0,0,0,0,0,0,0,0,0,0,0,0
20170324,149968,25749,25635,51384,32218,29884,62102,113486,7514,7041,14555,992,1578,2570,12,1,13,55,72,127,0,0,0,0,0,0,0,0,0,126,87,213,0,7,7,4704,4699,9403,2602,2262,4864,0,0,0,121,7,128,0,156,156,13,11,24,0,0,0,2069,1603,3672,0,0,0,0,0,0,0,0,0,0,0,0,0,0,0,332,234,566,0,9,9,0,0,0,151,24,175,0,0,0,0,0,0,0,0,0,0,0,0,0,0,0,0,0,0,0,0,0,0,0,0,0,0,0,0,0,0,0,0,0,0,0,0,0,0,0
20170325,141585,25070,25784,50854,27394,28870,56264,107118,6999,6910,13909,0,0,0,162,115,277,23,23,46,215,217,432,0,0,0,0,0,0,389,233,622,40,0,40,4304,4303,8607,3559,2444,6003,0,0,0,131,86,217,166,0,166,1,4,5,0,0,0,2224,1816,4040,0,0,0,0,0,0,0,0,0,0,0,0,0,0,0,5,4,9,0,27,27,0,0,0,41,26,67,0,0,0,0,0,0,0,0,0,0,0,0,0,0,0,0,0,0,0,0,0,0,0,0,0,0,0,0,0,0,0,0,0,0,0,0,0,0,0
20170326,156174,23480,27204,50684,30879,31516,62395,113079,7659,7846,15505,1663,1745,3408,48,91,139,1825,3109,4934,0,0,0,0,0,0,0,0,0,200,215,415,0,0,0,4439,4792,9231,1895,3143,5038,0,0,0,21,157,178,167,164,331,4,2,6,0,0,0,1831,1908,3739,0,0,0,0,0,0,0,0,0,0,0,0,0,0,0,0,0,0,0,0,0,0,0,0,29,142,171,0,0,0,0,0,0,0,0,0,0,0,0,0,0,0,0,0,0,0,0,0,0,0,0,0,0,0,0,0,0,0,0,0,0,0,0,0,0,0
20170327,136696,23126,26478,49604,27999,29704,57703,107307,5536,6150,11686,0,0,0,92,118,210,476,36,512,0,0,0,0,0,0,0,0,0,212,226,438,1,0,1,3844,4402,8246,2676,2216,4892,0,0,0,31,11,42,153,96,249,4,11,15,0,0,0,1385,1631,3016,0,0,0,0,0,0,0,0,0,0,0,0,0,0,0,7,8,15,0,0,0,0,0,0,24,43,67,0,0,0,0,0,0,0,0,0,0,0,0,0,0,0,0,0,0,0,0,0,0,0,0,0,0,0,0,0,0,0,0,0,0,0,0,0,0,0
20170328,125029,18009,24151,42160,24782,28499,53281,95441,6449,6790,13239,9,2,11,7,13,20,56,76,132,0,438,438,0,6,6,0,0,0,169,245,414,0,5,5,3836,4410,8246,1647,1735,3382,0,0,0,19,41,60,112,171,283,7,4,11,0,0,0,1399,1436,2835,0,0,0,0,0,0,0,0,0,0,0,0,0,0,0,292,89,381,3,11,14,0,0,0,92,19,111,0,0,0,0,0,0,0,0,0,0,0,0,0,0,0,0,0,0,0,0,0,0,0,0,0,0,0,0,0,0,0,0,0,0,0,0,0,0,0
20170329,132408,20808,24786,45594,27066,28734,55800,101394,6564,6517,13081,0,0,0,28,21,49,648,617,1265,5,5,10,0,0,0,0,0,0,74,76,150,6,1,7,3877,4523,8400,1825,1759,3584,0,0,0,12,18,30,147,140,287,4,1,5,0,0,0,2072,1771,3843,0,0,0,0,0,0,0,0,0,0,0,0,0,0,0,105,103,208,0,16,16,0,0,0,36,43,79,0,0,0,0,0,0,0,0,0,0,0,0,0,0,0,0,0,0,0,0,0,0,0,0,0,0,0,0,0,0,0,0,0,0,0,0,0,0,0
20170330,152121,23513,27164,50677,28250,31959,60209,110886,7758,7426,15184,3675,3492,7167,0,12,12,71,96,167,0,0,0,0,11,11,0,0,0,312,231,543,2,0,2,4276,4442,8718,2240,2194,4434,0,0,0,68,25,93,161,133,294,1,0,1,0,0,0,1978,1816,3794,0,0,0,0,0,0,0,0,0,0,0,0,0,0,0,190,506,696,0,7,7,0,0,0,78,34,112,0,0,0,0,0,0,0,0,0,0,0,0,0,0,0,0,0,0,0,0,0,0,0,0,0,0,0,0,0,0,0,0,0,0,0,0,0,0,0
20170331,166201,25099,31703,56802,30172,36787,66959,123761,7410,8326,15736,1653,1527,3180,1,2,3,1831,2161,3992,0,0,0,0,0,0,0,0,0,178,271,449,5,1,6,4709,5030,9739,2462,2358,4820,0,0,0,0,0,0,176,154,330,0,0,0,0,0,0,1970,1985,3955,0,0,0,0,0,0,0,0,0,0,0,0,0,0,0,9,12,21,4,0,4,0,0,0,68,137,205,0,0,0,0,0,0,0,0,0,0,0,0,0,0,0,0,0,0,0,0,0,0,0,0,0,0,0,0,0,0,0,0,0,0,0,0,0,0,0
20170401,160734,26545,32566,59111,30575,35079,65654,124765,8255,8656,16911,1,5,6,4,3,7,45,48,93,0,0,0,0,0,0,0,0,0,283,296,579,7,6,13,4075,4499,8574,2613,1775,4388,0,0,0,23,103,126,180,175,355,0,14,14,0,0,0,2413,2194,4607,0,0,0,0,0,0,0,0,0,0,0,0,0,0,0,8,8,16,1,0,1,0,0,0,48,231,279,0,0,0,0,0,0,0,0,0,0,0,0,0,0,0,0,0,0,0,0,0,0,0,0,0,0,0,0,0,0,0,0,0,0,0,0,0,0,0
20170402,151928,25147,26397,51544,31458,30260,61718,113262,7990,7502,15492,1388,1979,3367,136,186,322,59,66,125,0,0,0,0,0,0,0,0,0,228,225,453,0,39,39,4303,4435,8738,3356,1688,5044,0,0,0,67,41,108,172,171,343,12,5,17,0,0,0,2379,2059,4438,0,0,0,0,0,0,0,0,0,0,0,0,0,0,0,1,1,2,4,0,4,0,0,0,35,139,174,0,0,0,0,0,0,0,0,0,0,0,0,0,0,0,0,0,0,0,0,0,0,0,0,0,0,0,0,0,0,0,0,0,0,0,0,0,0,0
20170403,130014,25022,22433,47455,27946,25548,53494,100949,6680,5072,11752,0,0,0,71,93,164,49,37,86,0,0,0,0,0,0,0,0,0,269,183,452,0,0,0,3777,3971,7748,2450,2574,5024,0,0,0,24,86,110,169,166,335,6,1,7,0,0,0,1938,1296,3234,0,0,0,0,0,0,0,0,0,0,0,0,0,0,0,6,6,12,0,8,8,0,0,0,70,63,133,0,0,0,0,0,0,0,0,0,0,0,0,0,0,0,0,0,0,0,0,0,0,0,0,0,0,0,0,0,0,0,0,0,0,0,0,0,0,0
20170404,144459,30555,23200,53755,32427,25832,58259,112014,8351,6731,15082,118,15,133,7,0,7,15,31,46,6,0,6,0,0,0,0,0,0,459,317,776,0,6,6,4435,4491,8926,1417,2082,3499,0,0,0,31,23,54,179,164,343,0,1,1,0,0,0,1817,1284,3101,0,0,0,0,0,0,0,0,0,0,0,0,0,0,0,163,126,289,3,0,3,0,0,0,140,33,173,0,0,0,0,0,0,0,0,0,0,0,0,0,0,0,0,0,0,0,0,0,0,0,0,0,0,0,0,0,0,0,0,0,0,0,0,0,0,0
20170405,149869,26975,22349,49324,30824,27276,58100,107424,6952,7319,14271,3897,3786,7683,84,38,122,1704,1571,3275,0,0,0,0,0,0,0,0,0,82,81,163,5,0,5,4513,4358,8871,1184,2063,3247,0,0,0,33,23,56,170,161,331,1,5,6,0,0,0,1868,2038,3906,0,0,0,0,0,0,0,0,0,0,0,0,0,0,0,329,90,419,1,0,1,0,0,0,74,15,89,0,0,0,0,0,0,0,0,0,0,0,0,0,0,0,0,0,0,0,0,0,0,0,0,0,0,0,0,0,0,0,0,0,0,0,0,0,0,0
20170406,128238,23863,20595,44458,25829,27432,53261,97719,6275,6918,13193,2,0,2,0,18,18,68,45,113,2,2,4,0,0,0,0,0,0,243,104,347,0,0,0,3955,4312,8267,1643,2462,4105,0,0,0,39,14,53,170,89,259,5,1,6,0,0,0,1759,1947,3706,0,0,0,0,0,0,0,0,0,0,0,0,0,0,0,159,208,367,0,0,0,0,0,0,50,29,79,0,0,0,0,0,0,0,0,0,0,0,0,0,0,0,0,0,0,0,0,0,0,0,0,0,0,0,0,0,0,0,0,0,0,0,0,0,0,0
20170407,139994,26272,20909,47181,29330,28140,57470,104651,6665,6980,13645,1757,1546,3303,16,3,19,48,37,85,0,0,0,0,0,0,0,116,116,233,329,562,0,0,0,4443,4409,8852,1844,2582,4426,0,0,0,52,20,72,163,80,243,3,14,17,0,0,0,1752,1849,3601,0,0,0,0,0,0,0,0,0,0,0,0,0,0,0,144,167,311,2,11,13,0,0,0,42,36,78,0,0,0,0,0,0,0,0,0,0,0,0,0,0,0,0,0,0,0,0,0,0,0,0,0,0,0,0,0,0,0,0,0,0,0,0,0,0,0
20170408,145844,29107,21975,51082,30662,27597,58259,109341,7326,6522,13848,1843,1834,3677,115,113,228,30,82,112,0,6,6,0,0,0,0,0,0,307,197,504,0,0,0,4102,4033,8135,2893,2263,5156,0,0,0,116,69,185,180,126,306,13,4,17,0,0,0,2041,2136,4177,0,0,0,0,0,0,0,0,0,0,0,0,0,0,0,1,0,1,0,5,5,0,0,0,99,47,146,0,0,0,0,0,0,0,0,0,0,0,0,0,0,0,0,0,0,0,0,0,0,0,0,0,0,0,0,0,0,0,0,0,0,0,0,0,0,0
20170409,153816,26717,24509,51226,32420,31151,63571,114797,7798,7929,15727,1455,1827,3282,123,277,400,39,117,156,0,0,0,0,1,1,0,0,0,292,291,583,4,0,4,4569,4759,9328,1737,2886,4623,0,0,0,0,0,0,180,136,316,0,4,4,0,0,0,2210,2382,4592,0,0,0,0,0,0,0,0,0,0,0,0,0,0,0,2,1,3,0,0,0,0,0,0,0,0,0,0,0,0,0,0,0,0,0,0,0,0,0,0,0,0,0,0,0,0,0,0,0,0,0,0,0,0,0,0,0,0,0,0,0,0,0,0,0,0
20170410,143989,27270,24131,51401,29899,29715,59614,111015,6552,6312,12864,1,0,1,16,24,40,1534,1626,3160,11,0,11,0,0,0,0,0,0,241,244,485,0,0,0,3992,4103,8095,1908,2030,3938,0,0,0,31,101,132,176,132,308,3,1,4,0,0,0,1802,1968,3770,0,0,0,0,0,0,0,0,0,0,0,0,0,0,0,5,5,10,0,6,6,0,0,0,42,108,150,0,0,0,0,0,0,0,0,0,0,0,0,0,0,0,0,0,0,0,0,0,0,0,0,0,0,0,0,0,0,0,0,0,0,0,0,0,0,0
20170411,136703,26046,21780,47826,28146,25796,53942,101768,8238,7055,15293,2112,2,2114,10,9,19,149,116,265,6,0,6,0,0,0,0,0,0,461,285,746,1,0,1,4046,4159,8205,1834,1891,3725,0,0,0,41,20,61,164,139,303,1,0,1,0,0,0,1850,1907,3757,0,0,0,0,0,0,0,0,0,0,0,0,0,0,0,283,119,402,0,15,15,0,0,0,10,12,22,0,0,0,0,0,0,0,0,0,0,0,0,0,0,0,0,0,0,0,0,0,0,0,0,0,0,0,0,0,0,0,0,0,0,0,0,0,0,0
20170412,146068,26181,23664,49845,28008,28103,56111,105956,7811,7250,15061,1736,5373,7109,17,14,31,56,226,282,2,0,2,0,16,16,0,0,0,153,70,223,4,0,4,4211,4268,8479,1843,1999,3842,0,0,0,15,30,45,178,126,304,0,4,4,0,0,0,2322,2001,4323,0,0,0,0,0,0,0,0,0,0,0,0,0,0,0,189,137,326,0,9,9,0,0,0,35,17,52,0,0,0,0,0,0,0,0,0,0,0,0,0,0,0,0,0,0,0,0,0,0,0,0,0,0,0,0,0,0,0,0,0,0,0,0,0,0,0
20170413,145837,28211,23901,52112,28982,29158,58140,110252,8854,7139,15993,19,18,37,2,2,4,68,50,118,0,2,2,0,0,0,0,0,0,313,211,524,0,0,0,4249,4280,8529,2262,2577,4839,0,0,0,89,15,104,168,130,298,5,3,8,0,0,0,2565,2112,4677,0,0,0,0,0,0,0,0,0,0,0,0,0,0,0,313,63,376,0,11,11,0,0,0,43,22,65,0,0,0,0,0,0,0,0,0,0,0,0,0,0,0,0,0,0,0,0,0,0,0,0,0,0,0,0,0,0,0,0,0,0,0,0,0,0,0
20170414,162393,29953,24443,54396,33062,30344,63406,117802,8508,7070,15578,4561,4313,8874,17,25,42,54,46,100,0,0,0,0,0,0,0,0,0,312,190,502,0,2,2,4670,4671,9341,2877,2317,5194,0,0,0,31,84,115,180,128,308,9,14,23,0,0,0,2277,1729,4006,0,0,0,0,0,0,0,0,0,0,0,0,0,0,0,234,119,353,1,5,6,0,0,0,121,26,147,0,0,0,0,0,0,0,0,0,0,0,0,0,0,0,0,0,0,0,0,0,0,0,0,0,0,0,0,0,0,0,0,0,0,0,0,0,0,0
20170415,150625,25396,25832,51228,28071,30868,58939,110167,7513,7755,15268,0,0,0,125,55,180,2329,2172,4501,0,0,0,0,0,0,0,0,0,289,274,563,0,0,0,4212,4095,8307,4063,2595,6658,0,0,0,75,13,88,174,155,329,7,6,13,0,0,0,2231,2145,4376,0,0,0,0,0,0,0,0,0,0,0,0,0,0,0,2,1,3,1,5,6,0,0,0,99,67,166,0,0,0,0,0,0,0,0,0,0,0,0,0,0,0,0,0,0,0,0,0,0,0,0,0,0,0,0,0,0,0,0,0,0,0,0,0,0,0
20170416,163372,24970,28552,53522,31000,33815,64815,118337,7758,8703,16461,3240,3196,6436,107,44,151,23,65,88,6,12,18,1,1,2,0,0,0,255,258,513,0,1,1,4507,4860,9367,2912,3872,6784,0,0,0,33,71,104,164,165,329,5,2,7,0,0,0,2185,2374,4559,0,0,0,0,0,0,0,0,0,0,0,0,0,0,0,4,6,10,1,0,1,0,0,0,41,163,204,0,0,0,0,0,0,0,0,0,0,0,0,0,0,0,0,0,0,0,0,0,0,0,0,0,0,0,0,0,0,0,0,0,0,0,0,0,0,0
20170417,147534,24755,29313,54068,27063,32576,59639,113707,6719,7872,14591,30,2,32,96,61,157,24,79,103,0,11,11,0,0,0,3,0,3,262,265,527,0,0,0,3961,4378,8339,2220,2925,5145,0,0,0,14,52,66,173,169,342,0,0,0,0,0,0,1893,2519,4412,0,0,0,0,0,0,0,0,0,0,0,0,0,0,0,1,4,5,0,0,0,0,0,0,57,37,94,0,0,0,0,0,0,0,0,0,0,0,0,0,0,0,0,0,0,0,0,0,0,0,0,0,0,0,0,0,0,0,0,0,0,0,0,0,0,0
20170418,147504,23855,28092,51947,28112,32088,60200,112147,7843,8814,16657,4,2,6,3,2,5,31,27,58,1,0,1,0,0,0,0,0,0,391,351,742,85,2,87,4084,4554,8638,1999,2240,4239,0,0,0,11,25,36,153,161,314,9,13,22,0,0,0,1717,2353,4070,0,0,0,0,0,0,0,0,0,0,0,0,0,0,0,213,144,357,1,17,18,0,0,0,65,42,107,0,0,0,0,0,0,0,0,0,0,0,0,0,0,0,0,0,0,0,0,0,0,0,0,0,0,0,0,0,0,0,0,0,0,0,0,0,0,0
20170419,144612,22913,26735,49648,28673,30861,59534,109182,6990,8430,15420,1691,1632,3323,64,46,110,38,51,89,0,0,0,0,8,8,0,0,0,113,155,268,4,0,4,4123,4489,8612,1634,1154,2788,0,0,0,20,5,25,160,177,337,4,6,10,0,0,0,1816,2217,4033,0,0,0,0,0,0,0,0,0,0,0,0,0,0,0,98,167,265,0,21,21,0,0,0,71,46,117,0,0,0,0,0,0,0,0,0,0,0,0,0,0,0,0,0,0,0,0,0,0,0,0,0,0,0,0,0,0,0,0,0,0,0,0,0,0,0
20170420,152095,24107,28408,52515,28685,32689,61374,113889,6853,7911,14764,407,414,821,16,27,43,1233,1303,2536,0,0,0,0,0,0,0,0,0,295,252,547,3,0,3,4195,4522,8717,2655,3166,5821,0,0,0,38,11,49,157,174,331,2,6,8,0,0,0,1892,2211,4103,0,0,0,0,0,0,0,0,0,0,0,0,0,0,0,121,195,316,0,13,13,0,0,0,59,75,134,0,0,0,0,0,0,0,0,0,0,0,0,0,0,0,0,0,0,0,0,0,0,0,0,0,0,0,0,0,0,0,0,0,0,0,0,0,0,0
20170421,161500,23390,29455,52845,31135,33935,65070,117915,7781,7948,15729,3112,3223,6335,1,6,7,41,66,107,0,0,0,0,0,0,0,0,0,266,300,566,0,0,0,4693,4675,9368,3305,2431,5736,0,0,0,0,0,0,143,175,318,21,6,27,0,0,0,1993,2170,4163,0,0,0,0,0,0,0,0,0,0,0,0,0,0,0,179,697,876,1,4,5,0,0,0,172,176,348,0,0,0,0,0,0,0,0,0,0,0,0,0,0,0,0,0,0,0,0,0,0,0,0,0,0,0,0,0,0,0,0,0,0,0,0,0,0,0
20170422,156021,26109,29243,55352,30413,32561,62974,118326,7838,8267,16105,0,0,0,82,225,307,22,16,38,0,0,0,0,0,0,0,0,0,246,267,513,0,0,0,4506,4448,8954,3794,2634,6428,0,0,0,94,23,117,144,180,324,3,0,3,0,0,0,2298,2439,4737,0,0,0,0,0,0,0,0,0,0,0,0,0,0,0,0,0,0,2,1,3,0,0,0,40,126,166,0,0,0,0,0,0,0,0,0,0,0,0,0,0,0,0,0,0,0,0,0,0,0,0,0,0,0,0,0,0,0,0,0,0,0,0,0,0,0
20170423,160981,23947,28458,52405,32378,34516,66894,119299,8006,8552,16558,1506,1767,3273,80,49,129,15,36,51,0,2,2,1,0,1,0,0,0,239,275,514,0,0,0,4734,4844,9578,2668,3546,6214,0,0,0,42,108,150,148,165,313,0,3,3,0,0,0,2300,2458,4758,0,0,0,0,0,0,0,0,0,0,0,0,0,0,0,5,5,10,0,0,0,0,0,0,23,105,128,0,0,0,0,0,0,0,0,0,0,0,0,0,0,0,0,0,0,0,0,0,0,0,0,0,0,0,0,0,0,0,0,0,0,0,0,0,0,0
20170424,145328,23868,27052,50920,29222,31965,61187,112107,6106,6330,12436,1676,201,1877,665,84,749,47,51,98,0,0,0,0,1,1,0,0,0,183,172,355,0,0,0,4378,4285,8663,2445,2119,4564,0,0,0,28,27,55,155,170,325,0,0,0,0,0,0,1928,2068,3996,0,0,0,0,0,0,0,0,0,0,0,0,0,0,0,0,0,0,0,2,2,0,0,0,69,31,100,0,0,0,0,0,0,0,0,0,0,0,0,0,0,0,0,0,0,0,0,0,0,0,0,0,0,0,0,0,0,0,0,0,0,0,0,0,0,0
20170425,141780,22508,24492,47000,29397,28825,58222,105222,7560,6679,14239,1,0,1,13,3,16,1588,1156,2744,0,0,0,0,0,0,0,0,0,292,354,646,0,4,4,4456,4246,8702,2001,3372,5373,0,0,0,28,17,45,155,133,288,0,6,6,0,0,0,1921,1910,3831,0,0,0,0,0,0,0,0,0,0,0,0,0,0,0,278,307,585,0,1,1,0,0,0,40,37,77,0,0,0,0,0,0,0,0,0,0,0,0,0,0,0,0,0,0,0,0,0,0,0,0,0,0,0,0,0,0,0,0,0,0,0,0,0,0,0
20170426,146220,26033,22958,48991,32629,27613,60242,109233,7529,6758,14287,1720,2118,3838,47,18,65,44,50,94,0,0,0,3,3,6,0,0,0,137,80,217,0,0,0,4618,4222,8840,2370,2258,4628,0,0,0,17,0,17,168,144,312,7,7,14,0,0,0,2220,1968,4188,0,0,0,0,0,0,0,0,0,0,0,0,0,0,0,222,154,376,0,0,0,0,0,0,86,19,105,0,0,0,0,0,0,0,0,0,0,0,0,0,0,0,0,0,0,0,0,0,0,0,0,0,0,0,0,0,0,0,0,0,0,0,0,0,0,0
20170427,142970,27767,22378,50145,31086,28690,59776,109921,8227,6360,14587,2,5,7,3,14,17,46,59,105,0,0,0,0,0,0,0,0,0,290,229,519,3,0,3,4693,3884,8577,2566,2220,4786,0,0,0,0,0,0,166,127,293,17,9,26,0,0,0,2163,1844,4007,0,0,0,0,0,0,0,0,0,0,0,0,0,0,0,2,0,2,1,1,2,0,0,0,97,21,118,0,0,0,0,0,0,0,0,0,0,0,0,0,0,0,0,0,0,0,0,0,0,0,0,0,0,0,0,0,0,0,0,0,0,0,0,0,0,0
20170428,157718,29670,24312,53982,33986,30110,64096,118078,8802,6358,15160,1926,1623,3549,1,0,1,33,43,76,0,0,0,0,0,0,0,0,0,240,189,429,4,0,4,5074,4404,9478,3381,2644,6025,0,0,0,0,27,27,178,143,321,1,4,5,0,0,0,2183,1749,3932,0,0,0,0,0,0,0,0,0,0,0,0,0,0,0,233,195,428,1,17,18,0,0,0,35,152,187,0,0,0,0,0,0,0,0,0,0,0,0,0,0,0,0,0,0,0,0,0,0,0,0,0,0,0,0,0,0,0,0,0,0,0,0,0,0,0
20170429,152705,30349,24602,54951,33646,27707,61353,116304,8889,6319,15208,6,2,8,283,90,373,44,37,81,0,0,0,0,0,0,0,0,0,328,220,548,2,2,4,4719,3632,8351,4984,1702,6686,0,0,0,134,23,157,189,174,363,5,7,12,0,0,0,2365,1982,4347,0,0,0,0,0,0,0,0,0,0,0,0,0,0,0,0,1,1,0,16,16,0,0,0,218,28,246,0,0,0,0,0,0,0,0,0,0,0,0,0,0,0,0,0,0,0,0,0,0,0,0,0,0,0,0,0,0,0,0,0,0,0,0,0,0,0
20170430,149949,32010,21053,53063,32484,24295,56779,109842,8502,5659,14161,1628,1580,3208,113,64,177,1348,1245,2593,6,0,6,0,0,0,0,0,0,291,195,486,0,0,0,4823,3322,8145,3602,3013,6615,0,0,0,52,83,135,166,129,295,4,9,13,0,0,0,2389,1738,4127,0,0,0,0,0,0,0,0,0,0,0,0,0,0,0,9,9,18,0,9,9,0,0,0,61,58,119,0,0,0,0,0,0,0,0,0,0,0,0,0,0,0,0,0,0,0,0,0,0,0,0,0,0,0,0,0,0,0,0,0,0,0,0,0,0,0
20170501,133937,25391,22381,47772,30190,25420,55610,103382,7027,5602,12629,0,5,5,66,160,226,17,17,34,0,0,0,3,0,3,0,0,0,249,261,510,0,4,4,4288,3218,7506,1796,3760,5556,0,0,0,24,79,103,165,155,320,4,3,7,0,0,0,1908,1479,3387,0,0,0,0,0,0,0,0,0,0,0,0,0,0,0,7,10,17,0,2,2,0,0,0,21,225,246,0,0,0,0,0,0,0,0,0,0,0,0,0,0,0,0,0,0,0,0,0,0,0,0,0,0,0,0,0,0,0,0,0,0,0,0,0,0,0
20170502,135133,25149,24644,49793,28916,24447,53363,103156,6382,6570,12952,23,2930,2953,0,4,4,56,52,108,5,0,5,0,0,0,0,0,0,273,187,460,3,0,3,4317,3408,7725,1607,2001,3608,0,0,0,6,9,15,170,163,333,4,2,6,0,0,0,1571,1660,3231,0,0,0,0,0,0,0,0,0,0,0,0,0,0,0,249,150,399,1,5,6,0,0,0,111,58,169,0,0,0,0,0,0,0,0,0,0,0,0,0,0,0,0,0,0,0,0,0,0,0,0,0,0,0,0,0,0,0,0,0,0,0,0,0,0,0
20170503,134747,24164,24980,49144,27225,25081,52306,101450,6235,7343,13578,1505,1459,2964,36,105,141,57,99,156,0,5,5,0,0,0,0,0,0,150,153,303,8,0,8,4089,3825,7914,1618,1909,3527,0,0,0,13,20,33,147,177,324,3,3,6,0,0,0,1796,2089,3885,0,0,0,0,0,0,0,0,0,0,0,0,0,0,0,154,152,306,0,2,2,0,0,0,56,89,145,0,0,0,0,0,0,0,0,0,0,0,0,0,0,0,0,0,0,0,0,0,0,0,0,0,0,0,0,0,0,0,0,0,0,0,0,0,0,0
20170504,129818,22496,22726,45222,25632,25851,51483,96705,5941,6456,12397,2413,2376,4789,170,9,179,58,36,94,0,0,0,2,6,8,0,0,0,147,152,299,0,0,0,3921,3943,7864,1521,1907,3428,0,0,0,25,14,39,111,177,288,3,6,9,0,0,0,1628,1784,3412,0,0,0,0,0,0,0,0,0,0,0,0,0,0,0,108,131,239,0,0,0,0,0,0,45,23,68,0,0,0,0,0,0,0,0,0,0,0,0,0,0,0,0,0,0,0,0,0,0,0,0,0,0,0,0,0,0,0,0,0,0,0,0,0,0,0
20170505,129912,20707,21759,42466,24909,28658,53567,96033,6031,6228,12259,1477,1140,2617,7,7,14,913,1033,1946,0,0,0,0,0,0,0,0,0,144,169,313,0,0,0,3522,4731,8253,2247,2064,4311,0,0,0,142,25,167,149,147,296,9,7,16,0,0,0,1626,1649,3275,0,0,0,0,0,0,0,0,0,0,0,0,0,0,0,156,204,360,0,7,7,0,0,0,33,12,45,0,0,0,0,0,0,0,0,0,0,0,0,0,0,0,0,0,0,0,0,0,0,0,0,0,0,0,0,0,0,0,0,0,0,0,0,0,0,0
20170506,130254,20486,26214,46700,23497,29595,53092,99792,5703,6541,12244,3,3,6,80,86,166,22,40,62,1,6,7,10,0,10,0,0,0,266,202,468,0,3,3,3228,4558,7786,3894,1633,5527,0,0,0,18,14,32,167,165,332,1,1,2,0,0,0,1724,1983,3707,0,0,0,0,0,0,0,0,0,0,0,0,0,0,0,10,3,13,0,0,0,0,0,0,24,73,97,0,0,0,0,0,0,0,0,0,0,0,0,0,0,0,0,0,0,0,0,0,0,0,0,0,0,0,0,0,0,0,0,0,0,0,0,0,0,0
20170507,146085,21058,26172,47230,25444,31867,57311,104541,5982,8246,14228,4080,4327,8407,58,109,167,14,112,126,0,0,0,1,0,1,0,0,0,212,271,483,0,0,0,3492,4896,8388,1918,3393,5311,0,0,0,4,83,87,143,162,305,6,9,15,0,0,0,1784,2150,3934,0,0,0,0,0,0,0,0,0,0,0,0,0,0,0,11,6,17,0,0,0,0,0,0,20,55,75,0,0,0,0,0,0,0,0,0,0,0,0,0,0,0,0,0,0,0,0,0,0,0,0,0,0,0,0,0,0,0,0,0,0,0,0,0,0,0
20170508,122697,18764,22731,41495,23218,29750,52968,94463,4712,6036,10748,4,1,5,69,124,193,32,46,78,0,0,0,1,0,1,0,0,0,172,229,401,0,0,0,3222,4466,7688,1703,3575,5278,0,0,0,93,121,214,139,167,306,11,0,11,0,0,0,1399,1791,3190,0,0,0,0,0,0,0,0,0,0,0,0,0,0,0,14,1,15,0,0,0,0,0,0,84,22,106,0,0,0,0,0,0,0,0,0,0,0,0,0,0,0,0,0,0,0,0,0,0,0,0,0,0,0,0,0,0,0,0,0,0,0,0,0,0,0
20170509,118598,17863,21494,39357,22731,27779,50510,89867,5864,6574,12438,29,26,55,16,7,23,19,35,54,0,0,0,0,0,0,0,0,0,242,271,513,8,0,8,3715,4472,8187,1555,2060,3615,0,0,0,23,85,108,160,137,297,2,12,14,0,0,0,1442,1526,2968,0,0,0,0,0,0,0,0,0,0,0,0,0,0,0,229,136,365,0,0,0,0,0,0,46,40,86,0,0,0,0,0,0,0,0,0,0,0,0,0,0,0,0,0,0,0,0,0,0,0,0,0,0,0,0,0,0,0,0,0,0,0,0,0,0,0
20170510,129242,20827,21923,42750,24959,27688,52647,95397,5861,6768,12629,1454,1594,3048,120,34,154,1098,1047,2145,0,0,0,0,2,2,0,0,0,73,102,175,0,5,5,3727,4168,7895,1852,1738,3590,0,0,0,19,19,38,156,140,296,8,8,16,0,0,0,1659,1631,3290,0,0,0,0,0,0,0,0,0,0,0,0,0,0,0,121,214,335,0,17,17,0,0,0,78,132,210,0,0,0,0,0,0,0,0,0,0,0,0,0,0,0,0,0,0,0,0,0,0,0,0,0,0,0,0,0,0,0,0,0,0,0,0,0,0,0
20170511,119293,17269,20242,37511,24524,28181,52705,90216,6125,6688,12813,30,7,37,16,2,18,40,112,152,0,0,0,0,0,0,0,0,0,297,193,490,3,0,3,3654,4080,7734,1849,2024,3873,0,0,0,21,51,72,175,136,311,1,2,3,0,0,0,1750,1561,3311,0,0,0,0,0,0,0,0,0,0,0,0,0,0,0,104,74,178,0,13,13,0,0,0,29,40,69,0,0,0,0,0,0,0,0,0,0,0,0,0,0,0,0,0,0,0,0,0,0,0,0,0,0,0,0,0,0,0,0,0,0,0,0,0,0,0
20170512,145403,22627,22814,45441,30013,29072,59085,104526,7247,6646,13893,4416,3754,8170,7,5,12,33,36,69,0,2,2,0,0,0,0,0,0,192,205,397,0,0,0,4423,4174,8597,2878,2465,5343,0,0,0,75,13,88,177,157,334,4,5,9,0,0,0,1952,1636,3588,0,0,0,0,0,0,0,0,0,0,0,0,0,0,0,153,173,326,2,3,5,0,0,0,24,20,44,0,0,0,0,0,0,0,0,0,0,0,0,0,0,0,0,0,0,0,0,0,0,0,0,0,0,0,0,0,0,0,0,0,0,0,0,0,0,0
20170513,135995,22463,22726,45189,29770,28548,58318,103507,6451,6532,12983,3,0,3,148,118,266,16,78,94,1,3,4,0,10,10,0,0,0,237,196,433,0,0,0,4080,3956,8036,4077,2162,6239,0,0,0,99,17,116,171,155,326,8,0,8,0,0,0,1979,1922,3901,0,0,0,0,0,0,0,0,0,0,0,0,0,0,0,3,4,7,0,0,0,0,0,0,48,14,62,0,0,0,0,0,0,0,0,0,0,0,0,0,0,0,0,0,0,0,0,0,0,0,0,0,0,0,0,0,0,0,0,0,0,0,0,0,0,0
20170514,143737,21561,24541,46102,29488,30585,60073,106175,6935,7264,14199,1191,1705,2896,122,77,199,10,12,22,0,0,0,0,9,9,0,0,0,251,187,438,0,0,0,4341,4798,9139,2179,3743,5922,0,0,0,52,96,148,166,157,323,1,7,8,0,0,0,1996,2168,4164,0,0,0,0,0,0,0,0,0,0,0,0,0,0,0,6,4,10,0,0,0,0,0,0,15,70,85,0,0,0,0,0,0,0,0,0,0,0,0,0,0,0,0,0,0,0,0,0,0,0,0,0,0,0,0,0,0,0,0,0,0,0,0,0,0,0
20170515,135967,21449,24994,46443,27026,31097,58123,104566,5762,6371,12133,3,183,186,77,140,217,766,873,1639,14,2,16,0,0,0,0,0,0,171,251,422,1,0,1,3895,4370,8265,1953,2578,4531,0,0,0,9,75,84,163,161,324,8,2,10,0,0,0,1459,1982,3441,0,0,0,0,0,0,0,0,0,0,0,0,0,0,0,4,5,9,0,3,3,0,0,0,84,36,120,0,0,0,0,0,0,0,0,0,0,0,0,0,0,0,0,0,0,0,0,0,0,0,0,0,0,0,0,0,0,0,0,0,0,0,0,0,0,0
20170516,131648,20586,23940,44526,26619,28806,55425,99951,6844,7501,14345,5,5,10,7,8,15,29,21,50,0,0,0,3,0,3,0,5,5,369,348,717,5,4,9,3998,4297,8295,1725,2207,3932,0,0,0,45,10,55,145,151,296,2,0,2,0,0,0,1516,1958,3474,0,0,0,0,0,0,0,0,0,0,0,0,0,0,0,187,236,423,1,3,4,0,0,0,14,48,62,0,0,0,0,0,0,0,0,0,0,0,0,0,0,0,0,0,0,0,0,0,0,0,0,0,0,0,0,0,0,0,0,0,0,0,0,0,0,0
20170517,140990,20426,22965,43391,26987,29882,56869,100260,7116,7366,14482,4378,4300,8678,41,28,69,68,49,117,0,0,0,0,0,0,0,0,0,129,120,249,0,3,3,4146,4439,8585,1896,1870,3766,0,0,0,10,42,52,165,157,322,2,0,2,0,0,0,1944,2029,3973,0,0,0,0,0,0,0,0,0,0,0,0,0,0,0,128,160,288,0,18,18,0,0,0,30,96,126,0,0,0,0,0,0,0,0,0,0,0,0,0,0,0,0,0,0,0,0,0,0,0,0,0,0,0,0,0,0,0,0,0,0,0,0,0,0,0
20170518,144400,22451,24430,46881,28500,31064,59564,106445,7449,6976,14425,2515,2704,5219,4,4,8,33,39,72,0,0,0,0,0,0,0,0,0,221,182,403,3,91,94,4207,4353,8560,2084,2262,4346,0,0,0,28,23,51,162,156,318,2,14,16,0,0,0,2007,1997,4004,0,0,0,0,0,0,0,0,0,0,0,0,0,0,0,131,106,237,1,0,1,0,0,0,102,99,201,0,0,0,0,0,0,0,0,0,0,0,0,0,0,0,0,0,0,0,0,0,0,0,0,0,0,0,0,0,0,0,0,0,0,0,0,0,0,0
20170519,153081,25431,26320,51751,32779,30857,63636,115387,7987,7513,15500,1548,1302,2850,2,10,12,44,42,86,0,0,0,1,0,1,0,0,0,247,193,440,5,5,10,4573,4581,9154,2542,2116,4658,0,0,0,30,17,47,165,166,331,2,7,9,0,0,0,2109,1842,3951,0,0,0,0,0,0,0,0,0,0,0,0,0,0,0,163,342,505,0,9,9,0,0,0,95,36,131,0,0,0,0,0,0,0,0,0,0,0,0,0,0,0,0,0,0,0,0,0,0,0,0,0,0,0,0,0,0,0,0,0,0,0,0,0,0,0
20170520,148569,25206,25671,50877,30357,29402,59759,110636,7538,7209,14747,52,0,52,189,102,291,1301,1306,2607,21,0,21,1,0,1,0,0,0,294,217,511,4,4,8,4469,4192,8661,3760,2472,6232,0,0,0,104,26,130,166,152,318,10,8,18,0,0,0,2220,1959,4179,0,0,0,0,0,0,0,0,0,0,0,0,0,0,0,1,0,1,3,0,3,0,0,0,40,113,153,0,0,0,0,0,0,0,0,0,0,0,0,0,0,0,0,0,0,0,0,0,0,0,0,0,0,0,0,0,0,0,0,0,0,0,0,0,0,0
20170521,160488,25450,25364,50814,32742,31516,64258,115072,8067,7943,16010,3950,4423,8373,48,64,112,33,26,59,20,13,33,0,0,0,0,0,0,213,198,411,0,1,1,4604,4761,9365,2429,3738,6167,0,0,0,33,102,135,161,158,319,15,12,27,0,0,0,2212,2058,4270,0,0,0,0,0,0,0,0,0,0,0,0,0,0,0,1,1,2,0,34,34,0,0,0,15,83,98,0,0,0,0,0,0,0,0,0,0,0,0,0,0,0,0,0,0,0,0,0,0,0,0,0,0,0,0,0,0,0,0,0,0,0,0,0,0,0
20170522,139248,23815,24457,48272,30110,30031,60141,108413,6237,6538,12775,4,4,8,170,91,261,45,68,113,0,6,6,0,9,9,0,0,0,147,236,383,0,1,1,3983,4258,8241,2671,2068,4739,0,0,0,48,18,66,171,144,315,11,5,16,0,0,0,1790,1937,3727,0,0,0,0,0,0,0,0,0,0,0,0,0,0,0,6,11,17,0,0,0,0,0,0,108,50,158,0,0,0,0,0,0,0,0,0,0,0,0,0,0,0,0,0,0,0,0,0,0,0,0,0,0,0,0,0,0,0,0,0,0,0,0,0,0,0
20170523,131486,20387,24436,44823,26777,27409,54186,99009,7569,7313,14882,0,1,1,3,5,8,90,89,179,0,22,22,0,1,1,0,0,0,303,361,664,4,3,7,4128,4273,8401,1853,2106,3959,0,0,0,18,45,63,174,160,334,6,2,8,0,0,0,1757,1473,3230,0,0,0,0,0,0,0,0,0,0,0,0,0,0,0,349,216,565,0,10,10,0,0,0,100,43,143,0,0,0,0,0,0,0,0,0,0,0,0,0,0,0,0,0,0,0,0,0,0,0,0,0,0,0,0,0,0,0,0,0,0,0,0,0,0,0
20170524,139940,21853,25410,47263,28290,28990,57280,104543,7200,7488,14688,1574,1559,3133,79,26,105,87,70,157,0,0,0,0,0,0,0,0,0,0,0,0,2,6,8,4109,4449,8558,2243,1978,4221,0,0,0,11,29,40,162,162,324,1,6,7,0,0,0,1975,1785,3760,0,0,0,0,0,0,0,0,0,0,0,0,0,0,0,95,220,315,0,4,4,0,0,0,21,56,77,0,0,0,0,0,0,0,0,0,0,0,0,0,0,0,0,0,0,0,0,0,0,0,0,0,0,0,0,0,0,0,0,0,0,0,0,0,0,0
20170525,165366,27313,29253,56566,31709,32889,64598,121164,8139,7848,15987,2826,2498,5324,1,8,9,1902,2043,3945,0,0,0,0,0,0,0,0,0,299,308,607,5,0,5,4058,4431,8489,2476,2073,4549,0,0,0,33,19,52,185,147,332,2,6,8,0,0,0,2085,1847,3932,0,0,0,0,0,0,0,0,0,0,0,0,0,0,0,155,649,804,3,0,3,0,0,0,21,135,156,0,0,0,0,0,0,0,0,0,0,0,0,0,0,0,0,0,0,0,0,0,0,0,0,0,0,0,0,0,0,0,0,0,0,0,0,0,0,0
20170526,170896,26874,32983,59857,32737,36889,69626,129483,8497,8699,17196,1687,1538,3225,9,9,18,39,102,141,0,0,0,0,8,8,0,0,0,271,303,574,0,5,5,4754,5012,9766,2338,2656,4994,0,0,0,23,39,62,162,179,341,5,4,9,0,0,0,2132,2214,4346,0,0,0,0,0,0,0,0,0,0,0,0,0,0,0,139,499,638,1,6,7,0,0,0,5,78,83,0,0,0,0,0,0,0,0,0,0,0,0,0,0,0,0,0,0,0,0,0,0,0,0,0,0,0,0,0,0,0,0,0,0,0,0,0,0,0
20170527,167312,29025,33809,62834,31930,34711,66641,129475,8323,8833,17156,4,15,19,93,235,328,26,26,52,0,0,0,0,0,0,0,0,0,311,335,646,0,2,2,4377,4692,9069,2961,2454,5415,0,0,0,19,40,59,176,159,335,5,7,12,0,0,0,2272,2319,4591,0,0,0,0,0,0,0,0,0,0,0,0,0,0,0,0,0,0,0,1,1,0,0,0,30,122,152,0,0,0,0,0,0,0,0,0,0,0,0,0,0,0,0,0,0,0,0,0,0,0,0,0,0,0,0,0,0,0,0,0,0,0,0,0,0,0
20170528,160992,28113,27444,55557,33542,30216,63758,119315,8294,7857,16151,1488,1824,3312,98,88,186,37,34,71,32,0,32,0,0,0,0,0,0,283,306,589,0,2,2,4393,4332,8725,4770,2722,7492,0,0,0,36,39,75,166,162,328,12,5,17,0,0,0,2359,2219,4578,0,0,0,0,0,0,0,0,0,0,0,0,0,0,0,0,0,0,0,0,0,0,0,0,79,40,119,0,0,0,0,0,0,0,0,0,0,0,0,0,0,0,0,0,0,0,0,0,0,0,0,0,0,0,0,0,0,0,0,0,0,0,0,0,0,0
20170529,140961,29771,22062,51833,31006,25515,56521,108354,7347,5538,12885,0,2,2,627,102,729,32,39,71,0,0,0,0,0,0,0,0,0,278,210,488,0,0,0,4050,3612,7662,3614,3259,6873,0,0,0,35,20,55,168,153,321,1,1,2,0,0,0,2055,1305,3360,0,0,0,0,0,0,0,0,0,0,0,0,0,0,0,3,2,5,2,6,8,0,0,0,108,38,146,0,0,0,0,0,0,0,0,0,0,0,0,0,0,0,0,0,0,0,0,0,0,0,0,0,0,0,0,0,0,0,0,0,0,0,0,0,0,0
20170530,152328,32733,23831,56564,33644,24038,57682,114246,9012,7251,16263,15,0,15,6,0,6,1753,1134,2887,0,0,0,0,0,0,0,0,0,480,443,923,0,0,0,4726,3705,8431,2058,2999,5057,0,0,0,37,39,76,165,166,331,2,9,11,0,0,0,2013,1482,3495,0,0,0,0,0,0,0,0,0,0,0,0,0,0,0,404,0,404,0,0,0,0,0,0,90,93,183,0,0,0,0,0,0,0,0,0,0,0,0,0,0,0,0,0,0,0,0,0,0,0,0,0,0,0,0,0,0,0,0,0,0,0,0,0,0,0
20170531,154693,30432,24412,54844,34279,25710,59989,114833,8315,7431,15746,1748,1441,3189,12,54,66,34,61,95,2779,11,2790,0,0,0,0,0,0,119,116,235,4,0,4,4639,3671,8310,1859,2014,3873,0,0,0,24,11,35,172,159,331,4,5,9,0,0,0,2254,1920,4174,0,0,0,0,0,0,0,0,0,0,0,0,0,0,0,638,276,914,0,9,9,0,0,0,33,47,80,0,0,0,0,0,0,0,0,0,0,0,0,0,0,0,0,0,0,0,0,0,0,0,0,0,0,0,0,0,0,0,0,0,0,0,0,0,0,0
20170601,144967,27481,22400,49881,29014,27482,56496,106377,7470,7023,14493,2501,2767,5268,1,2,3,60,2051,2111,0,0,0,14,0,14,0,0,0,289,246,535,5,0,5,4373,3828,8201,1587,1647,3234,0,0,0,0,0,0,171,148,319,5,2,7,0,0,0,1817,1797,3614,0,0,0,0,0,0,0,0,0,0,0,0,0,0,0,721,2,723,2,2,4,0,0,0,54,5,59,0,0,0,0,0,0,0,0,0,0,0,0,0,0,0,0,0,0,0,0,0,0,0,0,0,0,0,0,0,0,0,0,0,0,0,0,0,0,0
20170602,132457,22448,21841,44289,25150,26875,52025,96314,7963,6859,14822,1445,3785,5230,8,21,29,54,46,100,0,0,0,2,2,4,0,0,0,192,116,308,0,0,0,4197,4375,8572,1365,1114,2479,0,0,0,18,11,29,170,172,342,3,6,9,0,0,0,1957,1775,3732,0,0,0,0,0,0,0,0,0,0,0,0,0,0,0,0,425,425,1,0,1,0,0,0,37,24,61,0,0,0,0,0,0,0,0,0,0,0,0,0,0,0,0,0,0,0,0,0,0,0,0,0,0,0,0,0,0,0,0,0,0,0,0,0,0,0
20170603,147784,29121,24812,53933,32660,28715,61375,115308,7521,6964,14485,3,1,4,129,117,246,32,47,79,1,0,1,7,0,7,0,0,0,248,213,461,4,0,4,3907,4128,8035,2785,2149,4934,0,0,0,67,10,77,161,156,317,0,1,1,0,0,0,1913,1878,3791,0,0,0,0,0,0,0,0,0,0,0,0,0,0,0,0,1,1,1,4,5,0,0,0,9,19,28,0,0,0,0,0,0,0,0,0,0,0,0,0,0,0,0,0,0,0,0,0,0,0,0,0,0,0,0,0,0,0,0,0,0,0,0,0,0,0
20170604,157884,26084,26810,52894,29000,32328,61328,114222,7700,8224,15924,3773,3856,7629,113,89,202,23,27,50,0,0,0,0,2,2,0,0,0,252,276,528,0,7,7,4312,5063,9375,1733,3274,5007,0,0,0,11,90,101,165,180,345,4,2,6,0,0,0,2080,2325,4405,0,0,0,0,0,0,0,0,0,0,0,0,0,0,0,6,6,12,0,0,0,0,0,0,26,43,69,0,0,0,0,0,0,0,0,0,0,0,0,0,0,0,0,0,0,0,0,0,0,0,0,0,0,0,0,0,0,0,0,0,0,0,0,0,0,0
20170605,139086,24792,24703,49495,26664,29960,56624,106119,6139,6579,12718,5,1,6,227,99,326,2047,1979,4026,0,0,0,3,4,7,0,0,0,237,195,432,0,2,2,3616,4069,7685,1615,2336,3951,0,0,0,21,20,41,164,150,314,7,8,15,0,0,0,1383,1971,3354,0,0,0,0,0,0,0,0,0,0,0,0,0,0,0,1,1,2,0,4,4,0,0,0,56,28,84,0,0,0,0,0,0,0,0,0,0,0,0,0,0,0,0,0,0,0,0,0,0,0,0,0,0,0,0,0,0,0,0,0,0,0,0,0,0,0
20170606,128688,22132,24367,46499,25305,26762,52067,98566,7108,6843,13951,31,13,44,2,12,14,54,57,111,6,6,12,1,1,2,0,0,0,329,240,569,0,0,0,3657,4102,7759,1654,1858,3512,0,0,0,24,24,48,156,151,307,12,5,17,0,0,0,1487,1643,3130,0,0,0,0,0,0,0,0,0,0,0,0,0,0,0,391,170,561,2,7,9,0,0,0,49,27,76,0,0,0,0,0,0,0,0,0,0,0,0,0,0,0,0,0,0,0,0,0,0,0,0,0,0,0,0,0,0,0,0,0,0,0,0,0,0,0
20170607,132965,22540,23250,45790,26057,27134,53191,98981,7192,6874,14066,1213,1352,2565,32,27,59,44,58,102,0,0,0,0,5,5,0,0,0,99,87,186,8,0,8,3939,4173,8112,1752,1653,3405,0,0,0,15,14,29,162,157,319,3,3,6,0,0,0,1810,1895,3705,0,0,0,0,0,0,0,0,0,0,0,0,0,0,0,643,658,1301,3,2,5,0,0,0,19,92,111,0,0,0,0,0,0,0,0,0,0,0,0,0,0,0,0,0,0,0,0,0,0,0,0,0,0,0,0,0,0,0,0,0,0,0,0,0,0,0
20170608,140604,24283,23051,47334,26640,27993,54633,101967,7545,6902,14447,2784,2800,5584,10,4,14,89,50,139,0,0,0,0,14,14,0,0,0,315,246,561,0,0,0,4238,4232,8470,1998,2324,4322,0,0,0,8,19,27,181,140,321,1,2,3,0,0,0,2030,1734,3764,0,0,0,0,0,0,0,0,0,0,0,0,0,0,0,167,704,871,1,2,3,0,0,0,39,58,97,0,0,0,0,0,0,0,0,0,0,0,0,0,0,0,0,0,0,0,0,0,0,0,0,0,0,0,0,0,0,0,0,0,0,0,0,0,0,0
20170609,150629,26297,24770,51067,31811,28931,60742,111809,8154,6997,15151,1399,1313,2712,3,8,11,1949,17,1966,0,6,6,1,1,2,0,160,160,225,188,413,0,3,3,4621,4258,8879,2184,2304,4488,0,0,0,23,8,31,162,148,310,0,0,0,0,0,0,2218,1994,4212,0,0,0,0,0,0,0,0,0,0,0,0,0,0,0,111,288,399,0,11,11,0,0,0,42,24,66,0,0,0,0,0,0,0,0,0,0,0,0,0,0,0,0,0,0,0,0,0,0,0,0,0,0,0,0,0,0,0,0,0,0,0,0,0,0,0
20170610,144329,26053,25011,51064,28881,28361,57242,108306,7463,7188,14651,31,1835,1866,121,675,796,31,34,65,2,0,2,0,0,0,0,0,0,300,208,508,0,0,0,4068,4028,8096,3144,2133,5277,0,0,0,53,24,77,168,169,337,0,1,1,0,0,0,2090,2130,4220,0,0,0,0,0,0,0,0,0,0,0,0,0,0,0,4,8,12,4,6,10,0,0,0,66,39,105,0,0,0,0,0,0,0,0,0,0,0,0,0,0,0,0,0,0,0,0,0,0,0,0,0,0,0,0,0,0,0,0,0,0,0,0,0,0,0
20170611,158928,24735,26251,50986,31359,32107,63466,114452,7535,7985,15520,4160,4062,8222,65,64,129,9,14,23,0,0,0,0,0,0,0,0,0,286,283,569,1,0,1,4683,4920,9603,2342,2993,5335,0,0,0,16,73,89,160,151,311,1,1,2,0,0,0,2206,2259,4465,0,0,0,0,0,0,0,0,0,0,0,0,0,0,0,3,0,3,1,9,10,0,0,0,69,125,194,0,0,0,0,0,0,0,0,0,0,0,0,0,0,0,0,0,0,0,0,0,0,0,0,0,0,0,0,0,0,0,0,0,0,0,0,0,0,0
20170612,140072,24400,25838,50238,28720,30605,59325,109563,5972,6596,12568,5,6,11,77,226,303,38,35,73,3,3,6,3,1,4,0,0,0,244,265,509,2,0,2,3872,4124,7996,2563,2326,4889,0,0,0,18,23,41,158,163,321,5,15,20,0,0,0,1669,1935,3604,0,0,0,0,0,0,0,0,0,0,0,0,0,0,0,2,2,4,0,10,10,0,0,0,77,71,148,0,0,0,0,0,0,0,0,0,0,0,0,0,0,0,0,0,0,0,0,0,0,0,0,0,0,0,0,0,0,0,0,0,0,0,0,0,0,0
20170613,131020,20859,25417,46276,25819,27549,53368,99644,6569,7574,14143,1,2,3,12,6,18,25,15,40,0,0,0,3,0,3,0,0,0,251,266,517,0,4,4,4124,4116,8240,1783,2056,3839,0,0,0,26,12,38,123,167,290,9,2,11,0,0,0,1711,2001,3712,0,0,0,0,0,0,0,0,0,0,0,0,0,0,0,242,249,491,0,1,1,0,0,0,6,20,26,0,0,0,0,0,0,0,0,0,0,0,0,0,0,0,0,0,0,0,0,0,0,0,0,0,0,0,0,0,0,0,0,0,0,0,0,0,0,0
20170614,134689,21449,24768,46217,24594,28919,53513,99730,7039,7902,14941,1366,1348,2714,74,35,109,90,57,147,0,0,0,2,0,2,0,0,0,105,99,204,0,2,2,4151,4304,8455,1747,2044,3791,0,0,0,0,0,0,107,161,268,7,9,16,0,0,0,1881,2028,3909,0,0,0,0,0,0,0,0,0,0,0,0,0,0,0,84,161,245,1,18,19,0,0,0,42,95,137,0,0,0,0,0,0,0,0,0,0,0,0,0,0,0,0,0,0,0,0,0,0,0,0,0,0,0,0,0,0,0,0,0,0,0,0,0,0,0
20170615,151109,23562,25807,49369,28308,31491,59799,109168,7252,7754,15006,4531,4416,8947,13,5,18,55,47,102,2,2,4,2,0,2,0,0,0,245,234,479,1,1,2,4171,4525,8696,1547,2779,4326,0,0,0,9,11,20,143,157,300,1,1,2,0,0,0,1748,1947,3695,0,0,0,0,0,0,0,0,0,0,0,0,0,0,0,113,153,266,1,5,6,0,0,0,41,29,70,0,0,0,0,0,0,0,0,0,0,0,0,0,0,0,0,0,0,0,0,0,0,0,0,0,0,0,0,0,0,0,0,0,0,0,0,0,0,0
20170616,155705,25480,27167,52647,29293,31865,61158,113805,8050,7672,15722,1483,4552,6035,12,12,24,50,37,87,0,0,0,2,0,2,0,0,0,262,249,511,0,0,0,4552,4725,9277,2020,3165,5185,0,0,0,8,14,22,155,156,311,4,13,17,0,0,0,2032,2051,4083,0,0,0,0,0,0,0,0,0,0,0,0,0,0,0,156,398,554,1,9,10,0,0,0,13,47,60,0,0,0,0,0,0,0,0,0,0,0,0,0,0,0,0,0,0,0,0,0,0,0,0,0,0,0,0,0,0,0,0,0,0,0,0,0,0,0
20170617,147604,25236,26887,52123,29039,31226,60265,112388,7301,7635,14936,10,11,21,72,331,403,48,86,134,0,0,0,0,4,4,0,0,0,271,227,498,0,0,0,4252,4369,8621,3266,2993,6259,0,0,0,42,11,53,157,165,322,6,1,7,0,0,0,1841,1995,3836,0,0,0,0,0,0,0,0,0,0,0,0,0,0,0,0,4,4,0,3,3,0,0,0,57,58,115,0,0,0,0,0,0,0,0,0,0,0,0,0,0,0,0,0,0,0,0,0,0,0,0,0,0,0,0,0,0,0,0,0,0,0,0,0,0,0
20170618,163109,24649,27466,52115,32773,32646,65419,117534,8329,8337,16666,4055,4201,8256,152,301,453,63,26,89,0,0,0,0,0,0,0,0,0,258,267,525,5,0,5,4474,4828,9302,2347,3326,5673,0,0,0,5,47,52,0,154,154,0,0,0,0,0,0,2111,2249,4360,0,0,0,0,0,0,0,0,0,0,0,0,0,0,0,0,0,0,0,0,0,0,0,0,14,26,40,0,0,0,0,0,0,0,0,0,0,0,0,0,0,0,0,0,0,0,0,0,0,0,0,0,0,0,0,0,0,0,0,0,0,0,0,0,0,0
20170619,154375,27657,26854,54511,30406,31386,61792,116303,6917,6728,13645,3228,2271,5499,178,115,293,52,24,76,0,0,0,0,2,2,0,0,0,199,224,423,7,7,14,4070,4320,8390,2908,2581,5489,0,0,0,13,7,20,302,162,464,0,0,0,0,0,0,1692,1944,3636,0,0,0,0,0,0,0,0,0,0,0,0,0,0,0,6,2,8,0,1,1,0,0,0,70,42,112,0,0,0,0,0,0,0,0,0,0,0,0,0,0,0,0,0,0,0,0,0,0,0,0,0,0,0,0,0,0,0,0,0,0,0,0,0,0,0
20170620,144650,24273,25917,50190,28236,28680,56916,107106,7593,7758,15351,1702,1928,3630,4,6,10,65,49,114,0,0,0,0,7,7,13,0,13,411,350,761,1,9,10,4178,4459,8637,2957,1495,4452,0,0,0,25,10,35,156,158,314,3,2,5,0,0,0,1662,1678,3340,0,0,0,0,0,0,0,0,0,0,0,0,0,0,0,254,463,717,3,2,5,0,0,0,97,46,143,0,0,0,0,0,0,0,0,0,0,0,0,0,0,0,0,0,0,0,0,0,0,0,0,0,0,0,0,0,0,0,0,0,0,0,0,0,0,0
20170621,142718,24243,24762,49005,29699,28156,57855,106860,7174,7417,14591,1462,1449,2911,28,75,103,64,67,131,0,0,0,0,4,4,0,0,0,131,115,246,0,0,0,4262,4425,8687,2460,1947,4407,0,0,0,5,8,13,144,153,297,1,0,1,0,0,0,1780,1999,3779,0,0,0,0,0,0,0,0,0,0,0,0,0,0,0,322,251,573,1,9,10,0,0,0,25,80,105,0,0,0,0,0,0,0,0,0,0,0,0,0,0,0,0,0,0,0,0,0,0,0,0,0,0,0,0,0,0,0,0,0,0,0,0,0,0,0
20170622,151337,25290,25765,51055,29471,31444,60915,111970,7377,7452,14829,2585,2707,5292,11,1,12,69,94,163,0,0,0,0,0,0,0,0,0,295,243,538,2,2,4,4266,4581,8847,2541,2211,4752,0,0,0,14,14,28,141,166,307,2,5,7,0,0,0,1880,1918,3798,0,0,0,0,0,0,0,0,0,0,0,0,0,0,0,213,482,695,1,25,26,0,0,0,30,39,69,0,0,0,0,0,0,0,0,0,0,0,0,0,0,0,0,0,0,0,0,0,0,0,0,0,0,0,0,0,0,0,0,0,0,0,0,0,0,0
20170623,163263,27391,27294,54685,31832,32655,64487,119172,8248,7603,15851,3844,4269,8113,4,25,29,41,33,74,0,0,0,0,0,0,3,0,3,281,193,474,0,5,5,4550,4846,9396,2454,2349,4803,0,0,0,16,10,26,166,169,335,3,5,8,0,0,0,2099,1956,4055,0,0,0,0,0,0,0,0,0,0,0,0,0,0,0,210,617,827,0,13,13,0,0,0,61,18,79,0,0,0,0,0,0,0,0,0,0,0,0,0,0,0,0,0,0,0,0,0,0,0,0,0,0,0,0,0,0,0,0,0,0,0,0,0,0,0
20170624,160803,29027,30356,59383,32559,32343,64902,124285,8003,7755,15758,0,1,1,121,314,435,34,33,67,0,0,0,0,14,14,0,8,8,292,259,551,2,3,5,4273,4522,8795,3484,2558,6042,0,0,0,113,23,136,163,166,329,7,4,11,0,0,0,2139,2113,4252,0,0,0,0,0,0,0,0,0,0,0,0,0,0,0,0,1,1,0,22,22,0,0,0,22,69,91,0,0,0,0,0,0,0,0,0,0,0,0,0,0,0,0,0,0,0,0,0,0,0,0,0,0,0,0,0,0,0,0,0,0,0,0,0,0,0
20170625,174348,28244,30031,58275,31880,33587,65467,123742,7887,8435,16322,5958,6576,12534,86,475,561,12,10,22,0,0,0,0,8,8,0,0,0,280,328,608,0,1,1,4524,4977,9501,2165,3638,5803,0,0,0,18,121,139,168,160,328,6,8,14,0,0,0,2215,2471,4686,0,0,0,0,0,0,0,0,0,0,0,0,0,0,0,0,0,0,0,0,0,0,0,0,25,54,79,0,0,0,0,0,0,0,0,0,0,0,0,0,0,0,0,0,0,0,0,0,0,0,0,0,0,0,0,0,0,0,0,0,0,0,0,0,0,0
20170626,147898,25835,28221,54056,28871,33051,61922,115978,6500,7217,13717,1,8,9,82,216,298,42,90,132,7,0,7,0,0,0,0,0,0,183,300,483,0,0,0,3969,4383,8352,2135,2505,4640,0,0,0,10,9,19,158,168,326,10,3,13,0,0,0,1783,2017,3800,0,0,0,0,0,0,0,0,0,0,0,0,0,0,0,3,4,7,1,10,11,0,0,0,82,24,106,0,0,0,0,0,0,0,0,0,0,0,0,0,0,0,0,0,0,0,0,0,0,0,0,0,0,0,0,0,0,0,0,0,0,0,0,0,0,0
20170627,154405,24088,27095,51183,28548,30451,58999,110182,7121,7839,14960,5681,5016,10697,4,6,10,68,19,87,0,2,2,1,0,1,0,3,3,391,386,777,4,0,4,4233,4497,8730,2075,2171,4246,0,0,0,7,13,20,126,157,283,1,4,5,0,0,0,1814,1990,3804,0,0,0,0,0,0,0,0,0,0,0,0,0,0,0,326,201,527,1,11,12,0,0,0,38,17,55,0,0,0,0,0,0,0,0,0,0,0,0,0,0,0,0,0,0,0,0,0,0,0,0,0,0,0,0,0,0,0,0,0,0,0,0,0,0,0
20170628,145899,24321,25736,50057,29603,29596,59199,109256,7194,7796,14990,1606,1637,3243,82,58,140,77,39,116,0,0,0,0,0,0,0,0,0,149,89,238,0,0,0,4251,4513,8764,2215,1971,4186,0,0,0,6,22,28,173,159,332,2,0,2,0,0,0,1948,2175,4123,0,0,0,0,0,0,0,0,0,0,0,0,0,0,0,137,202,339,1,15,16,0,0,0,53,73,126,0,0,0,0,0,0,0,0,0,0,0,0,0,0,0,0,0,0,0,0,0,0,0,0,0,0,0,0,0,0,0,0,0,0,0,0,0,0,0
20170629,145844,23494,26790,50284,29446,30948,60394,110678,7442,7917,15359,3,11,14,16,19,35,63,198,261,0,0,0,0,0,0,0,0,0,301,273,574,2,5,7,4303,4535,8838,2485,2421,4906,0,0,0,48,17,65,161,153,314,1,10,11,0,0,0,1983,1927,3910,0,0,0,0,0,0,0,0,0,0,0,0,0,0,0,584,166,750,2,18,20,0,0,0,25,77,102,0,0,0,0,0,0,0,0,0,0,0,0,0,0,0,0,0,0,0,0,0,0,0,0,0,0,0,0,0,0,0,0,0,0,0,0,0,0,0
20170630,175522,26977,29511,56488,33215,34258,67473,123961,8004,8270,16274,7631,7348,14979,18,21,39,39,46,85,5,2,7,11,0,11,0,0,0,216,300,516,0,0,0,4618,4916,9534,2324,2264,4588,0,0,0,44,60,104,163,168,331,13,6,19,0,0,0,2147,2309,4456,0,0,0,0,0,0,0,0,0,0,0,0,0,0,0,257,224,481,1,14,15,0,0,0,40,82,122,0,0,0,0,0,0,0,0,0,0,0,0,0,0,0,0,0,0,0,0,0,0,0,0,0,0,0,0,0,0,0,0,0,0,0,0,0,0,0
20170701,156948,25903,31490,57393,29508,33496,63004,120397,7654,8393,16047,2,0,2,25,11,36,21,168,189,0,0,0,4,0,4,0,0,0,308,314,622,0,0,0,4377,4587,8964,0,0,0,3175,2025,5200,45,46,91,161,161,322,3,4,7,0,0,0,2251,2336,4587,0,0,0,0,0,0,0,0,0,0,0,0,0,0,0,144,141,285,0,30,30,0,0,0,112,53,165,0,0,0,0,0,0,0,0,0,0,0,0,0,0,0,0,0,0,0,0,0,0,0,0,0,0,0,0,0,0,0,0,0,0,0,0,0,0,0
20170702,168749,25003,30506,55509,30992,34092,65084,120593,7158,8904,16062,6308,4387,10695,185,295,480,15,23,38,0,0,0,0,0,0,0,0,0,289,337,626,0,0,0,4425,4938,9363,0,0,0,1923,3437,5360,75,65,140,159,160,319,0,8,8,0,0,0,2328,2533,4861,0,0,0,0,0,0,0,0,0,0,0,0,0,0,0,1,2,3,0,2,2,0,0,0,86,113,199,0,0,0,0,0,0,0,0,0,0,0,0,0,0,0,0,0,0,0,0,0,0,0,0,0,0,0,0,0,0,0,0,0,0,0,0,0,0,0
20170703,146445,23763,27896,51659,29482,32611,62093,113752,6427,7564,13991,0,3,3,121,319,440,47,253,300,0,3,3,0,0,0,524,0,524,254,326,580,0,0,0,3714,4249,7963,0,0,0,1787,2362,4149,18,92,110,155,158,313,7,2,9,0,0,0,1970,2205,4175,0,0,0,0,0,0,0,0,0,0,0,0,0,0,0,4,5,9,0,1,1,0,0,0,40,83,123,0,0,0,0,0,0,0,0,0,0,0,0,0,0,0,0,0,0,0,0,0,0,0,0,0,0,0,0,0,0,0,0,0,0,0,0,0,0,0
20170704,139838,21211,27851,49062,26052,30178,56230,105292,7122,8502,15624,2,4,6,13,9,22,57,690,747,0,0,0,0,0,0,0,0,0,368,447,815,0,0,0,3931,4408,8339,0,0,0,1750,2249,3999,39,22,61,250,240,490,0,4,4,0,0,0,1797,1961,3758,0,0,0,0,0,0,0,0,0,0,0,0,0,0,0,258,305,563,0,0,0,0,0,0,49,69,118,0,0,0,0,0,0,0,0,0,0,0,0,0,0,0,0,0,0,0,0,0,0,0,0,0,0,0,0,0,0,0,0,0,0,0,0,0,0,0
20170705,151641,24741,26579,51320,28393,30076,58469,109789,7533,8193,15726,3829,3645,7474,52,29,81,75,47,122,0,0,0,0,0,0,0,0,0,136,87,223,0,0,0,4173,4430,8603,0,0,0,2022,2231,4253,16,109,125,174,155,329,2,0,2,0,0,0,1987,2193,4180,0,0,0,0,0,0,0,0,0,0,0,0,0,0,0,218,395,613,0,0,0,0,0,0,72,49,121,0,0,0,0,0,0,0,0,0,0,0,0,0,0,0,0,0,0,0,0,0,0,0,0,0,0,0,0,0,0,0,0,0,0,0,0,0,0,0
20170706,73518,14345,9221,23566,21326,11844,33170,56736,5183,2942,8125,4,489,493,4,2,6,10,14,24,0,5,5,0,0,0,0,0,0,0,0,0,0,0,0,3008,1628,4636,0,0,0,646,1141,1787,0,0,0,0,0,0,0,5,5,0,0,0,1131,522,1653,0,0,0,0,0,0,0,0,0,0,0,0,0,0,0,8,7,15,7,0,7,0,0,0,17,9,26,0,0,0,0,0,0,0,0,0,0,0,0,0,0,0,0,0,0,0,0,0,0,0,0,0,0,0,0,0,0,0,0,0,0,0,0,0,0,0
20170707,152520,25506,26344,51850,29511,31857,61368,113218,8093,8125,16218,1343,1400,2743,8,8,16,31,61,92,14,3,17,0,0,0,0,0,0,291,198,489,0,0,0,4820,4464,9284,0,0,0,2624,2523,5147,32,20,52,170,169,339,4,0,4,0,0,0,2212,2063,4275,0,0,0,0,0,0,0,0,0,0,0,0,0,0,0,258,205,463,0,26,26,0,0,0,75,62,137,0,0,0,0,0,0,0,0,0,0,0,0,0,0,0,0,0,0,0,0,0,0,0,0,0,0,0,0,0,0,0,0,0,0,0,0,0,0,0
20170708,153403,26458,27520,53978,32312,30492,62804,116782,7656,7837,15493,4,5,9,16,10,26,30,160,190,0,0,0,0,0,0,0,0,0,291,275,566,0,0,0,4540,4631,9171,0,0,0,3226,2424,5650,23,35,58,227,328,555,1,3,4,0,0,0,2147,2208,4355,0,0,0,0,0,0,0,0,0,0,0,0,0,0,0,235,201,436,0,14,14,0,0,0,47,47,94,0,0,0,0,0,0,0,0,0,0,0,0,0,0,0,0,0,0,0,0,0,0,0,0,0,0,0,0,0,0,0,0,0,0,0,0,0,0,0
20170709,166134,27222,27533,54755,32440,32247,64687,119442,7974,8434,16408,4226,4335,8561,180,191,371,30,51,81,5,6,11,1,0,1,0,0,0,253,336,589,0,0,0,4720,4835,9555,0,0,0,2518,3243,5761,28,37,65,160,151,311,0,11,11,0,0,0,2443,2388,4831,0,0,0,0,0,0,0,0,0,0,0,0,0,0,0,0,0,0,0,0,0,0,0,0,52,84,136,0,0,0,0,0,0,0,0,0,0,0,0,0,0,0,0,0,0,0,0,0,0,0,0,0,0,0,0,0,0,0,0,0,0,0,0,0,0,0
20170710,155167,24402,25828,50230,29984,31510,61494,111724,6713,7093,13806,5303,5189,10492,65,67,132,42,143,185,0,0,0,0,0,0,0,0,0,227,339,566,0,0,0,4188,4225,8413,0,0,0,2524,2596,5120,30,25,55,178,163,341,16,1,17,0,0,0,2060,2097,4157,0,0,0,0,0,0,0,0,0,0,0,0,0,0,0,3,3,6,0,7,7,0,0,0,41,105,146,0,0,0,0,0,0,0,0,0,0,0,0,0,0,0,0,0,0,0,0,0,0,0,0,0,0,0,0,0,0,0,0,0,0,0,0,0,0,0
20170711,138171,23353,24235,47588,27853,27750,55603,103191,7483,7726,15209,1,3,4,1,6,7,22,305,327,1,1,2,0,1,1,0,0,0,385,379,764,0,0,0,4233,4205,8438,0,0,0,2519,2655,5174,21,30,51,164,157,321,1,2,3,0,0,0,1962,1885,3847,0,0,0,0,0,0,0,0,0,0,0,0,0,0,0,309,385,694,0,25,25,0,0,0,83,30,113,0,0,0,0,0,0,0,0,0,0,0,0,0,0,0,0,0,0,0,0,0,0,0,0,0,0,0,0,0,0,0,0,0,0,0,0,0,0,0
20170712,141463,24745,24702,49447,28365,27525,55890,105337,7513,7289,14802,1462,1072,2534,46,131,177,57,336,393,0,0,0,3,2,5,0,0,0,89,72,161,0,0,0,4270,4368,8638,0,0,0,2114,2064,4178,50,20,70,177,134,311,2,21,23,0,0,0,2064,2073,4137,0,0,0,0,0,0,0,0,0,0,0,0,0,0,0,239,329,568,0,17,17,0,0,0,52,60,112,0,0,0,0,0,0,0,0,0,0,0,0,0,0,0,0,0,0,0,0,0,0,0,0,0,0,0,0,0,0,0,0,0,0,0,0,0,0,0
20170713,144296,22223,23940,46163,28926,29093,58019,104182,7790,7097,14887,2711,2707,5418,127,152,279,48,55,103,0,2,2,0,0,0,0,0,0,274,249,523,0,0,0,4443,4336,8779,0,0,0,2786,2941,5727,9,25,34,177,134,311,10,3,13,0,0,0,2040,1893,3933,0,0,0,0,0,0,0,0,0,0,0,0,0,0,0,6,5,11,0,10,10,0,0,0,54,30,84,0,0,0,0,0,0,0,0,0,0,0,0,0,0,0,0,0,0,0,0,0,0,0,0,0,0,0,0,0,0,0,0,0,0,0,0,0,0,0
20170714,152100,25879,24650,50529,31751,31076,62827,113356,8519,7728,16247,1357,1050,2407,10,5,15,68,308,376,0,12,12,0,1,1,0,0,0,178,169,347,3,0,3,4771,4527,9298,0,0,0,2820,2455,5275,20,17,37,170,127,297,2,13,15,0,0,0,1787,1793,3580,0,0,0,0,0,0,0,0,0,0,0,0,0,0,0,359,211,570,0,7,7,88,95,183,34,40,74,0,0,0,0,0,0,0,0,0,0,0,0,0,0,0,0,0,0,0,0,0,0,0,0,0,0,0,0,0,0,0,0,0,0,0,0,0,0,0
20170715,156067,27194,26186,53380,32903,30266,63169,116549,8758,7173,15931,2336,3,2339,10,6,16,26,99,125,1,1,2,6,0,6,0,0,0,331,264,595,6,0,6,4537,4299,8836,0,0,0,3561,2423,5984,52,172,224,173,123,296,15,2,17,0,0,0,2317,2151,4468,0,0,0,0,0,0,0,0,0,0,0,0,0,0,0,208,238,446,0,9,9,0,0,0,60,158,218,0,0,0,0,0,0,0,0,0,0,0,0,0,0,0,0,0,0,0,0,0,0,0,0,0,0,0,0,0,0,0,0,0,0,0,0,0,0,0
20170716,166022,28910,26639,55549,32164,32236,64400,119949,8113,8131,16244,3761,4140,7901,160,187,347,17,41,58,0,0,0,6,5,11,0,0,0,336,324,660,58,3,61,4748,4804,9552,0,0,0,2299,3641,5940,37,47,84,173,160,333,6,0,6,0,0,0,2401,2324,4725,0,0,0,0,0,0,0,0,0,0,0,0,0,0,0,2,2,4,0,1,1,0,0,0,32,114,146,0,0,0,0,0,0,0,0,0,0,0,0,0,0,0,0,0,0,0,0,0,0,0,0,0,0,0,0,0,0,0,0,0,0,0,0,0,0,0
20170717,144450,25593,24971,50564,30856,31383,62239,112803,6825,6637,13462,2,0,2,132,144,276,32,47,79,9,9,18,0,3,3,0,0,0,319,285,604,0,0,0,3887,4292,8179,0,0,0,2033,2284,4317,30,21,51,175,146,321,1,9,10,0,0,0,2135,2073,4208,0,0,0,0,0,0,0,0,0,0,0,0,0,0,0,4,8,12,0,14,14,0,0,0,46,45,91,0,0,0,0,0,0,0,0,0,0,0,0,0,0,0,0,0,0,0,0,0,0,0,0,0,0,0,0,0,0,0,0,0,0,0,0,0,0,0
20170718,136013,23333,24478,47811,27381,28508,55889,103700,7209,7156,14365,1,0,1,21,12,33,45,89,134,2,2,4,1,7,8,0,0,0,381,352,733,0,0,0,3917,4425,8342,0,0,0,2132,2160,4292,13,39,52,178,141,319,1,4,5,0,0,0,1669,1632,3301,0,0,0,0,0,0,0,0,0,0,0,0,0,0,0,245,250,495,2,6,8,89,87,176,25,20,45,0,0,0,0,0,0,0,0,0,0,0,0,0,0,0,0,0,0,0,0,0,0,0,0,0,0,0,0,0,0,0,0,0,0,0,0,0,0,0
20170719,143110,24950,23899,48849,28529,28246,56775,105624,8497,7983,16480,1427,927,2354,99,51,150,29,246,275,2,0,2,0,1,1,0,0,0,135,71,206,0,0,0,4221,4344,8565,0,0,0,2122,1997,4119,22,35,57,176,142,318,14,5,19,0,0,0,2184,2122,4306,0,0,0,0,0,0,0,0,0,0,0,0,0,0,0,254,270,524,0,5,5,0,0,0,75,30,105,0,0,0,0,0,0,0,0,0,0,0,0,0,0,0,0,0,0,0,0,0,0,0,0,0,0,0,0,0,0,0,0,0,0,0,0,0,0,0
20170720,147555,25179,25154,50333,28204,28889,57093,107426,7761,7244,15005,2532,2769,5301,189,167,356,48,34,82,0,2,2,0,8,8,0,0,0,294,264,558,0,0,0,4348,4234,8582,0,0,0,2618,2666,5284,50,34,84,173,138,311,3,2,5,0,0,0,2322,2129,4451,0,0,0,0,0,0,0,0,0,0,0,0,0,0,0,10,13,23,0,11,11,0,0,0,25,41,66,0,0,0,0,0,0,0,0,0,0,0,0,0,0,0,0,0,0,0,0,0,0,0,0,0,0,0,0,0,0,0,0,0,0,0,0,0,0,0
20170721,153381,26819,24815,51634,33240,29829,63069,114703,8750,7562,16312,1047,1583,2630,18,10,28,48,176,224,0,0,0,0,8,8,0,0,0,248,170,418,23,0,23,4715,4466,9181,0,0,0,2601,2151,4752,149,25,174,168,155,323,3,4,7,0,0,0,1950,1851,3801,0,0,0,0,0,0,0,0,0,0,0,0,0,0,0,205,329,534,1,20,21,94,89,183,22,37,59,0,0,0,0,0,0,0,0,0,0,0,0,0,0,0,0,0,0,0,0,0,0,0,0,0,0,0,0,0,0,0,0,0,0,0,0,0,0,0
20170722,151176,28615,25325,53940,32150,28454,60604,114544,8313,7288,15601,6,14,20,19,12,31,22,79,101,0,0,0,0,0,0,0,0,0,329,259,588,0,4,4,4529,4123,8652,0,0,0,4065,2107,6172,89,37,126,175,133,308,0,1,1,0,0,0,2338,2095,4433,0,0,0,0,0,0,0,0,0,0,0,0,0,0,0,200,243,443,0,0,0,0,0,0,126,26,152,0,0,0,0,0,0,0,0,0,0,0,0,0,0,0,0,0,0,0,0,0,0,0,0,0,0,0,0,0,0,0,0,0,0,0,0,0,0,0
20170723,162165,27777,25636,53413,32730,30469,63199,116612,8230,7828,16058,4277,4014,8291,180,169,349,27,121,148,0,0,0,0,6,6,0,0,0,312,313,625,0,2,2,4816,4614,9430,0,0,0,2132,3561,5693,32,73,105,0,147,147,2,0,2,0,0,0,2262,2283,4545,0,0,0,0,0,0,0,0,0,0,0,0,0,0,0,4,1,5,0,0,0,0,0,0,82,65,147,0,0,0,0,0,0,0,0,0,0,0,0,0,0,0,0,0,0,0,0,0,0,0,0,0,0,0,0,0,0,0,0,0,0,0,0,0,0,0
20170724,145300,27422,24999,52421,31487,29345,60832,113253,7269,6768,14037,2,1,3,109,158,267,56,42,98,0,0,0,0,8,8,0,0,0,303,299,602,0,8,8,4026,3966,7992,0,0,0,2198,2278,4476,23,31,54,171,0,171,4,6,10,0,0,0,2133,2101,4234,0,0,0,0,0,0,0,0,0,0,0,0,0,0,0,2,10,12,1,8,9,0,0,0,33,33,66,0,0,0,0,0,0,0,0,0,0,0,0,0,0,0,0,0,0,0,0,0,0,0,0,0,0,0,0,0,0,0,0,0,0,0,0,0,0,0
20170725,138347,24619,24272,48891,27479,27537,55016,103907,8047,7551,15598,2,20,22,13,4,17,72,157,229,0,0,0,0,0,0,0,0,0,450,360,810,23,1,24,4228,4130,8358,0,0,0,2095,2368,4463,59,32,91,167,166,333,1,10,11,0,0,0,1927,1667,3594,0,0,0,0,0,0,0,0,0,0,0,0,0,0,0,372,255,627,0,3,3,97,94,191,20,49,69,0,0,0,0,0,0,0,0,0,0,0,0,0,0,0,0,0,0,0,0,0,0,0,0,0,0,0,0,0,0,0,0,0,0,0,0,0,0,0
20170726,142063,25138,23420,48558,29107,27250,56357,104915,8273,7198,15471,1489,1004,2493,287,78,365,55,310,365,0,0,0,0,0,0,1,0,1,85,82,167,0,12,12,4381,4159,8540,0,0,0,2334,2063,4397,11,17,28,178,157,335,9,7,16,0,0,0,2162,2119,4281,0,0,0,0,0,0,0,0,0,0,0,0,0,0,0,199,395,594,0,9,9,0,0,0,35,39,74,0,0,0,0,0,0,0,0,0,0,0,0,0,0,0,0,0,0,0,0,0,0,0,0,0,0,0,0,0,0,0,0,0,0,0,0,0,0,0
20170727,148484,26293,23376,49669,30168,28283,58451,108120,8025,7145,15170,2363,2629,4992,227,206,433,60,59,119,0,0,0,0,0,0,0,0,0,309,237,546,5,0,5,4535,4360,8895,0,0,0,2813,2698,5511,12,31,43,171,142,313,11,11,22,0,0,0,2196,2034,4230,0,0,0,0,0,0,0,0,0,0,0,0,0,0,0,3,4,7,0,0,0,0,0,0,38,40,78,0,0,0,0,0,0,0,0,0,0,0,0,0,0,0,0,0,0,0,0,0,0,0,0,0,0,0,0,0,0,0,0,0,0,0,0,0,0,0
20170728,153915,27167,25033,52200,32641,29817,62458,114658,9007,7490,16497,1132,1126,2258,19,10,29,69,64,133,0,0,0,0,0,0,0,0,0,203,218,421,13,0,13,4852,4503,9355,0,0,0,2823,2587,5410,28,32,60,175,123,298,2,1,3,0,0,0,1975,1868,3843,0,0,0,0,0,0,0,0,0,0,0,0,0,0,0,303,312,615,3,0,3,99,96,195,50,74,124,0,0,0,0,0,0,0,0,0,0,0,0,0,0,0,0,0,0,0,0,0,0,0,0,0,0,0,0,0,0,0,0,0,0,0,0,0,0,0
20170729,113259,19720,22101,41821,22832,24116,46948,88769,4042,5798,9840,0,1,1,14,13,27,11,18,29,0,0,0,0,0,0,0,0,0,318,230,548,0,0,0,2779,3398,6177,0,0,0,2456,1956,4412,0,0,0,0,174,174,0,0,0,0,0,0,1404,1878,3282,0,0,0,0,0,0,0,0,0,0,0,0,0,0,0,0,0,0,0,0,0,0,0,0,0,0,0,0,0,0,0,0,0,0,0,0,0,0,0,0,0,0,0,0,0,0,0,0,0,0,0,0,0,0,0,0,0,0,0,0,0,0,0,0,0,0
20170730,147427,33987,27076,61063,32516,26099,58615,119678,4618,3600,8218,2635,2378,5013,3,0,3,0,1,1,0,0,0,0,0,0,0,0,0,309,270,579,0,0,0,5367,4024,9391,0,0,0,0,0,0,0,0,0,0,0,0,0,0,0,0,0,0,2697,1847,4544,0,0,0,0,0,0,0,0,0,0,0,0,0,0,0,0,0,0,0,0,0,0,0,0,0,0,0,0,0,0,0,0,0,0,0,0,0,0,0,0,0,0,0,0,0,0,0,0,0,0,0,0,0,0,0,0,0,0,0,0,0,0,0,0,0,0
20170731,152434,28780,24153,52933,32016,29704,61720,114653,10365,8541,18906,1033,860,1893,0,17,17,44,33,77,0,0,0,0,0,0,0,0,0,304,293,597,0,1,1,4381,3939,8320,0,0,0,1703,1575,3278,0,0,0,172,0,172,0,0,0,0,0,0,2329,2187,4516,0,0,0,0,0,0,0,0,0,0,0,0,0,0,0,2,2,4,0,0,0,0,0,0,0,0,0,0,0,0,0,0,0,0,0,0,0,0,0,0,0,0,0,0,0,0,0,0,0,0,0,0,0,0,0,0,0,0,0,0,0,0,0,0,0,0
20170801,146053,25767,25467,51234,31241,28433,59674,110908,8680,8103,16783,9,18,27,19,10,29,53,258,311,0,0,0,0,8,8,0,0,0,478,320,798,8,0,8,4627,4040,8667,0,0,0,2234,2287,4521,0,0,0,170,159,329,1,8,9,9,0,9,1765,1663,3428,0,0,0,0,0,0,0,0,0,0,0,0,0,0,0,3,11,14,0,4,4,101,99,200,0,0,0,0,0,0,0,0,0,0,0,0,0,0,0,0,0,0,0,0,0,0,0,0,0,0,0,0,0,0,0,0,0,0,0,0,0,0,0,0,0,0
20170802,141066,25010,23484,48494,29181,26587,55768,104262,7787,7541,15328,496,1665,2161,275,47,322,68,75,143,0,0,0,3,16,19,0,0,0,125,94,219,0,1,1,4535,4002,8537,0,0,0,2126,2122,4248,41,39,80,167,144,311,8,5,13,0,0,0,2195,1999,4194,0,0,0,0,0,0,0,0,0,0,0,0,0,0,0,594,400,994,0,34,34,0,0,0,87,113,200,0,0,0,0,0,0,0,0,0,0,0,0,0,0,0,0,0,0,0,0,0,0,0,0,0,0,0,0,0,0,0,0,0,0,0,0,0,0,0
20170803,145330,24215,23213,47428,27411,28418,55829,103257,7414,6996,14410,2383,2669,5052,256,204,460,3561,154,3715,0,0,0,2,11,13,0,0,0,324,262,586,0,0,0,4585,4120,8705,0,0,0,2252,2112,4364,35,14,49,173,148,321,3,3,6,0,0,0,2222,1951,4173,0,0,0,0,0,0,0,0,0,0,0,0,0,0,0,10,10,20,0,82,82,0,0,0,46,71,117,0,0,0,0,0,0,0,0,0,0,0,0,0,0,0,0,0,0,0,0,0,0,0,0,0,0,0,0,0,0,0,0,0,0,0,0,0,0,0
20170804,154961,26102,24560,50662,31921,29422,61343,112005,8441,7717,16158,1713,5097,6810,14,9,23,35,47,82,0,0,0,0,0,0,0,0,0,285,247,532,0,96,96,4763,4325,9088,0,0,0,2859,2167,5026,19,23,42,180,104,284,5,5,10,0,0,0,1910,1852,3762,0,0,0,0,0,0,0,0,0,0,0,0,0,0,0,436,241,677,0,51,51,97,95,192,63,60,123,0,0,0,0,0,0,0,0,0,0,0,0,0,0,0,0,0,0,0,0,0,0,0,0,0,0,0,0,0,0,0,0,0,0,0,0,0,0,0
20170805,148777,27163,25627,52790,31089,28419,59508,112298,8078,7434,15512,4,0,4,18,11,29,51,108,159,0,0,0,0,0,0,0,0,0,334,279,613,0,0,0,4515,4130,8645,0,0,0,3692,2314,6006,50,25,75,171,139,310,5,2,7,0,9,9,2292,2091,4383,0,0,0,0,0,0,0,0,0,0,0,0,0,0,0,275,330,605,0,8,8,0,0,0,71,43,114,0,0,0,0,0,0,0,0,0,0,0,0,0,0,0,0,0,0,0,0,0,0,0,0,0,0,0,0,0,0,0,0,0,0,0,0,0,0,0
20170806,160152,26904,25838,52742,31537,29710,61247,113989,7982,8150,16132,4260,3993,8253,201,142,343,50,52,102,0,0,0,1,1,2,0,0,0,317,326,643,0,0,0,4746,4586,9332,0,0,0,2414,3767,6181,21,41,62,179,134,313,1,16,17,0,0,0,2367,2313,4680,0,0,0,0,0,0,0,0,0,0,0,0,0,0,0,4,4,8,0,25,25,0,0,0,35,35,70,0,0,0,0,0,0,0,0,0,0,0,0,0,0,0,0,0,0,0,0,0,0,0,0,0,0,0,0,0,0,0,0,0,0,0,0,0,0,0
20170807,132994,23714,23092,46806,27903,27084,54987,101793,6385,6442,12827,5,8,13,233,168,401,30,79,109,0,0,0,0,0,0,0,0,0,296,319,615,0,0,0,4087,3810,7897,0,0,0,2389,2440,4829,16,24,40,173,171,344,8,15,23,0,0,0,2035,1999,4034,0,0,0,0,0,0,0,0,0,0,0,0,0,0,0,2,2,4,0,6,6,0,0,0,24,35,59,0,0,0,0,0,0,0,0,0,0,0,0,0,0,0,0,0,0,0,0,0,0,0,0,0,0,0,0,0,0,0,0,0,0,0,0,0,0,0
20170808,139838,24018,25026,49044,27692,28554,56246,105290,8302,8182,16484,2,0,2,2,3,5,112,73,185,0,0,0,0,0,0,0,0,0,417,405,822,0,2,2,4296,3981,8277,0,0,0,2275,2243,4518,0,0,0,156,138,294,6,4,10,0,0,0,1921,1782,3703,0,0,0,0,0,0,0,0,0,0,0,0,0,0,0,2,3,5,0,6,6,81,97,178,31,26,57,0,0,0,0,0,0,0,0,0,0,0,0,0,0,0,0,0,0,0,0,0,0,0,0,0,0,0,0,0,0,0,0,0,0,0,0,0,0,0
20170809,143904,23426,24646,48072,28241,28282,56523,104595,7555,8243,15798,1710,1658,3368,465,60,525,54,45,99,0,0,0,0,10,10,0,0,0,59,106,165,7,0,7,4540,4403,8943,0,0,0,2233,2445,4678,0,0,0,181,139,320,9,2,11,0,0,0,2156,2178,4334,0,0,0,0,0,0,0,0,0,0,0,0,0,0,0,493,443,936,0,0,0,0,0,0,37,78,115,0,0,0,0,0,0,0,0,0,0,0,0,0,0,0,0,0,0,0,0,0,0,0,0,0,0,0,0,0,0,0,0,0,0,0,0,0,0,0
20170810,151321,24773,25713,50486,29498,30489,59987,110473,7879,7963,15842,2238,2686,4924,151,253,404,52,39,91,0,0,0,1,0,1,0,0,0,324,284,608,3,0,3,4580,4491,9071,0,0,0,2627,2781,5408,0,0,0,174,144,318,4,1,5,0,0,0,2014,2080,4094,0,0,0,0,0,0,0,0,0,0,0,0,0,0,0,4,4,8,0,0,0,0,0,0,38,33,71,0,0,0,0,0,0,0,0,0,0,0,0,0,0,0,0,0,0,0,0,0,0,0,0,0,0,0,0,0,0,0,0,0,0,0,0,0,0,0
20170811,156461,25639,26693,52332,31824,32134,63958,116290,8034,8486,16520,1764,1584,3348,7,10,17,42,95,137,0,0,0,0,0,0,0,0,0,290,229,519,0,5,5,4910,4552,9462,0,0,0,2581,2420,5001,0,20,20,167,158,325,3,8,11,0,0,0,1792,1931,3723,0,0,0,0,0,0,0,0,0,0,0,0,0,0,0,379,334,713,1,0,1,102,81,183,147,39,186,0,0,0,0,0,0,0,0,0,0,0,0,0,0,0,0,0,0,0,0,0,0,0,0,0,0,0,0,0,0,0,0,0,0,0,0,0,0,0
20170812,155478,26077,28048,54125,31404,30999,62403,116528,8417,8229,16646,0,1,1,20,8,28,29,33,62,0,0,0,1,7,8,0,0,0,306,293,599,0,4,4,4579,4377,8956,0,0,0,3923,2657,6580,82,39,121,171,157,328,6,0,6,0,0,0,2383,2410,4793,0,0,0,0,0,0,0,0,0,0,0,0,0,0,0,324,343,667,0,0,0,0,0,0,87,64,151,0,0,0,0,0,0,0,0,0,0,0,0,0,0,0,0,0,0,0,0,0,0,0,0,0,0,0,0,0,0,0,0,0,0,0,0,0,0,0
20170813,169281,28229,28378,56607,31589,32379,63968,120575,8265,8517,16782,4261,4655,8916,340,276,616,25,64,89,0,0,0,5,7,12,0,0,0,317,337,654,0,0,0,4686,4797,9483,0,0,0,2682,4069,6751,45,54,99,173,168,341,1,1,2,0,0,0,2397,2334,4731,0,0,0,0,0,0,0,0,0,0,0,0,0,0,0,3,1,4,0,4,4,0,0,0,56,166,222,0,0,0,0,0,0,0,0,0,0,0,0,0,0,0,0,0,0,0,0,0,0,0,0,0,0,0,0,0,0,0,0,0,0,0,0,0,0,0
20170814,151350,27079,27301,54380,31147,31947,63094,117474,6893,7437,14330,4,2,6,298,153,451,44,35,79,0,0,0,2,1,3,0,0,0,240,333,573,0,0,0,4002,4286,8288,0,0,0,2624,2692,5316,33,31,64,174,178,352,9,16,25,0,0,0,1921,2290,4211,0,0,0,0,0,0,0,0,0,0,0,0,0,0,0,13,4,17,0,18,18,0,0,0,74,69,143,0,0,0,0,0,0,0,0,0,0,0,0,0,0,0,0,0,0,0,0,0,0,0,0,0,0,0,0,0,0,0,0,0,0,0,0,0,0,0
20170815,146500,24706,27728,52434,28237,30467,58704,111138,8287,8647,16934,0,3,3,12,15,27,117,43,160,4,4,8,0,0,0,0,0,0,343,440,783,8,9,17,4072,4491,8563,0,0,0,2271,2441,4712,26,24,50,167,176,343,5,1,6,0,0,0,1709,1760,3469,0,0,0,0,0,0,0,0,0,0,0,0,0,0,0,14,7,21,0,0,0,80,102,182,37,47,84,0,0,0,0,0,0,0,0,0,0,0,0,0,0,0,0,0,0,0,0,0,0,0,0,0,0,0,0,0,0,0,0,0,0,0,0,0,0,0
20170816,152725,25617,26413,52030,29308,30583,59891,111921,7869,8559,16428,1739,1653,3392,219,62,281,67,117,184,0,0,0,0,7,7,0,0,0,103,96,199,0,0,0,4345,4691,9036,0,0,0,2717,2543,5260,28,21,49,184,166,350,0,4,4,0,0,0,2191,2235,4426,0,0,0,0,0,0,0,0,0,0,0,0,0,0,0,477,573,1050,0,2,2,0,0,0,55,81,136,0,0,0,0,0,0,0,0,0,0,0,0,0,0,0,0,0,0,0,0,0,0,0,0,0,0,0,0,0,0,0,0,0,0,0,0,0,0,0
20170817,160121,25695,26650,52345,29621,31978,61599,113944,7710,8194,15904,2473,2904,5377,254,245,499,3875,41,3916,0,0,0,5,9,14,0,0,0,333,268,601,0,3,3,4329,4745,9074,0,0,0,2890,2766,5656,30,22,52,180,175,355,4,6,10,0,0,0,2336,2255,4591,0,0,0,0,0,0,0,0,0,0,0,0,0,0,0,4,5,9,2,0,2,0,0,0,65,49,114,0,0,0,0,0,0,0,0,0,0,0,0,0,0,0,0,0,0,0,0,0,0,0,0,0,0,0,0,0,0,0,0,0,0,0,0,0,0,0
20170818,165845,27591,27842,55433,32045,33267,65312,120745,8513,8367,16880,1786,5384,7170,18,19,37,52,73,125,1,0,1,0,19,19,0,0,0,281,215,496,0,0,0,4394,4889,9283,0,0,0,3335,2553,5888,22,12,34,166,181,347,4,1,5,0,0,0,1992,1879,3871,0,0,0,0,0,0,0,0,0,0,0,0,0,0,0,317,333,650,0,8,8,97,80,177,51,58,109,0,0,0,0,0,0,0,0,0,0,0,0,0,0,0,0,0,0,0,0,0,0,0,0,0,0,0,0,0,0,0,0,0,0,0,0,0,0,0
20170819,156495,27694,28595,56289,31117,31388,62505,118794,8442,7935,16377,0,0,0,16,13,29,20,17,37,0,0,0,0,0,0,0,0,0,332,251,583,8,0,8,4118,4589,8707,0,0,0,3624,2306,5930,64,31,95,171,170,341,1,2,3,0,0,0,2332,2276,4608,0,0,0,0,0,0,0,0,0,0,0,0,0,0,0,352,463,815,0,5,5,0,0,0,99,64,163,0,0,0,0,0,0,0,0,0,0,0,0,0,0,0,0,0,0,0,0,0,0,0,0,0,0,0,0,0,0,0,0,0,0,0,0,0,0,0
20170820,170706,29215,28210,57425,32687,32649,65336,122761,8565,8439,17004,4438,4264,8702,336,172,508,18,52,70,4,5,9,0,0,0,0,0,0,319,297,616,0,0,0,4632,4987,9619,0,0,0,2276,3737,6013,49,97,146,170,171,341,4,0,4,0,0,0,2417,2317,4734,0,0,0,0,0,0,0,0,0,0,0,0,0,0,0,11,10,21,0,10,10,0,0,0,44,104,148,0,0,0,0,0,0,0,0,0,0,0,0,0,0,0,0,0,0,0,0,0,0,0,0,0,0,0,0,0,0,0,0,0,0,0,0,0,0,0
20170821,148859,27059,25899,52958,30076,32271,62347,115305,7218,7478,14696,22,12,34,208,254,462,20,29,49,4,0,4,0,7,7,0,0,0,290,298,588,1,8,9,4084,4380,8464,0,0,0,2319,2194,4513,35,36,71,170,174,344,4,5,9,0,0,0,2035,2145,4180,0,0,0,0,0,0,0,0,0,0,0,0,0,0,0,4,3,7,0,0,0,0,0,0,77,40,117,0,0,0,0,0,0,0,0,0,0,0,0,0,0,0,0,0,0,0,0,0,0,0,0,0,0,0,0,0,0,0,0,0,0,0,0,0,0,0
20170822,138481,24686,24845,49531,27892,29582,57474,107005,7960,7079,15039,0,1,1,14,16,30,37,8,45,0,0,0,0,0,0,0,0,0,348,374,722,0,0,0,3937,4483,8420,0,0,0,1498,1555,3053,0,0,0,158,177,335,1,4,5,0,0,0,1817,1814,3631,0,0,0,0,0,0,0,0,0,0,0,0,0,0,0,2,13,15,0,0,0,84,96,180,0,0,0,0,0,0,0,0,0,0,0,0,0,0,0,0,0,0,0,0,0,0,0,0,0,0,0,0,0,0,0,0,0,0,0,0,0,0,0,0,0,0
20170823,128606,21164,21196,42360,28446,28267,56713,99073,5992,6325,12317,1671,1689,3360,101,93,194,51,108,159,12,0,12,0,0,0,0,0,0,0,0,0,0,0,0,4312,4707,9019,0,0,0,1444,1378,2822,0,0,0,0,156,156,9,5,14,0,0,0,760,683,1443,0,0,0,0,0,0,0,0,0,0,0,0,0,0,0,24,13,37,0,0,0,0,0,0,0,0,0,0,0,0,0,0,0,0,0,0,0,0,0,0,0,0,0,0,0,0,0,0,0,0,0,0,0,0,0,0,0,0,0,0,0,0,0,0,0,0
20170824,155029,28017,25877,53894,29530,31464,60994,114888,7791,7984,15775,2442,2844,5286,217,321,538,59,98,157,0,1,1,0,3,3,0,0,0,332,293,625,3,2,5,4350,4621,8971,0,0,0,2211,1454,3665,75,26,101,336,177,513,7,2,9,0,0,0,2158,2122,4280,0,0,0,0,0,0,0,0,0,0,0,0,0,0,0,12,12,24,0,40,40,0,0,0,69,79,148,0,0,0,0,0,0,0,0,0,0,0,0,0,0,0,0,0,0,0,0,0,0,0,0,0,0,0,0,0,0,0,0,0,0,0,0,0,0,0
20170825,158425,28229,26049,54278,32777,32018,64795,119073,9054,7831,16885,1785,1549,3334,12,9,21,54,41,95,3,0,3,0,0,0,0,0,0,263,259,522,0,3,3,4697,4783,9480,0,0,0,2074,1728,3802,32,21,53,167,176,343,0,2,2,0,0,0,1910,1814,3724,0,0,0,0,0,0,0,0,0,0,0,0,0,0,0,428,406,834,2,0,2,99,84,183,37,29,66,0,0,0,0,0,0,0,0,0,0,0,0,0,0,0,0,0,0,0,0,0,0,0,0,0,0,0,0,0,0,0,0,0,0,0,0,0,0,0
20170826,150608,30056,25023,55079,32505,28589,61094,116173,8193,6632,14825,11,22,33,6,1,7,38,33,71,0,0,0,0,0,0,0,0,0,334,214,548,1,0,1,4507,4395,8902,0,0,0,2847,1474,4321,67,21,88,163,167,330,3,13,16,0,0,0,2378,2213,4591,0,0,0,0,0,0,0,0,0,0,0,0,0,0,0,237,328,565,0,13,13,0,0,0,83,41,124,0,0,0,0,0,0,0,0,0,0,0,0,0,0,0,0,0,0,0,0,0,0,0,0,0,0,0,0,0,0,0,0,0,0,0,0,0,0,0
20170827,150360,25678,23781,49459,30555,29647,60202,109661,7430,6428,13858,4372,4013,8385,296,161,457,37,44,81,8,20,28,0,0,0,0,0,0,177,265,442,1,0,1,4790,4904,9694,0,0,0,1514,2684,4198,17,60,77,0,167,167,8,14,22,0,0,0,1635,1546,3181,0,0,0,0,0,0,0,0,0,0,0,0,0,0,0,2,1,3,0,11,11,0,0,0,42,52,94,0,0,0,0,0,0,0,0,0,0,0,0,0,0,0,0,0,0,0,0,0,0,0,0,0,0,0,0,0,0,0,0,0,0,0,0,0,0,0
20170828,146550,30031,25856,55887,30578,29568,60146,116033,6866,6938,13804,0,6,6,101,126,227,19,27,46,0,0,0,0,0,0,0,0,0,313,260,573,0,0,0,4101,4185,8286,0,0,0,1739,1464,3203,15,21,36,161,0,161,17,0,17,0,0,0,1902,2067,3969,0,0,0,0,0,0,0,0,0,0,0,0,0,0,0,12,9,21,1,23,24,0,0,0,46,98,144,0,0,0,0,0,0,0,0,0,0,0,0,0,0,0,0,0,0,0,0,0,0,0,0,0,0,0,0,0,0,0,0,0,0,0,0,0,0,0
20170829,136757,25387,25120,50507,27896,26166,54062,104569,7433,7571,15004,9,9,18,16,14,30,80,62,142,2,0,2,0,0,0,0,0,0,464,327,791,1,1,2,3954,4243,8197,0,0,0,1531,1431,2962,59,24,83,164,162,326,0,0,0,0,0,0,1927,1992,3919,0,0,0,0,0,0,0,0,0,0,0,0,0,0,0,255,381,636,0,4,4,0,0,0,47,25,72,0,0,0,0,0,0,0,0,0,0,0,0,0,0,0,0,0,0,0,0,0,0,0,0,0,0,0,0,0,0,0,0,0,0,0,0,0,0,0
20170830,126760,21598,23636,45234,25043,24743,49786,95020,6639,7029,13668,1595,1323,2918,37,43,80,61,70,131,0,4,4,0,0,0,0,0,0,72,87,159,3,1,4,3719,4262,7981,0,0,0,1432,1351,2783,17,26,43,165,149,314,1,5,6,0,0,0,1757,1807,3564,0,0,0,0,0,0,0,0,0,0,0,0,0,0,0,14,12,26,0,4,4,0,0,0,28,27,55,0,0,0,0,0,0,0,0,0,0,0,0,0,0,0,0,0,0,0,0,0,0,0,0,0,0,0,0,0,0,0,0,0,0,0,0,0,0,0
20170831,131127,23376,24624,48000,24643,25770,50413,98413,6490,6617,13107,2294,2634,4928,11,15,26,68,47,115,0,0,0,0,0,0,0,0,0,232,246,478,10,1,11,3618,4289,7907,0,0,0,1078,926,2004,25,19,44,145,142,287,3,0,3,0,0,0,1938,1804,3742,0,0,0,0,0,0,0,0,0,0,0,0,0,0,0,9,6,15,0,1,1,0,0,0,17,29,46,0,0,0,0,0,0,0,0,0,0,0,0,0,0,0,0,0,0,0,0,0,0,0,0,0,0,0,0,0,0,0,0,0,0,0,0,0,0,0
20170901,135947,25164,23794,48958,28712,27050,55762,104720,7383,6227,13610,1339,1253,2592,15,11,26,62,80,142,0,0,0,2,3,5,0,0,0,270,143,413,6,0,6,4208,4178,8386,0,0,0,1245,788,2033,0,19,19,162,161,323,7,10,17,0,0,0,1976,1604,3580,0,0,0,0,0,0,0,0,0,0,0,0,0,0,0,12,12,24,0,3,3,0,0,0,29,19,48,0,0,0,0,0,0,0,0,0,0,0,0,0,0,0,0,0,0,0,0,0,0,0,0,0,0,0,0,0,0,0,0,0,0,0,0,0,0,0
20170902,122096,23233,21916,45149,26183,24319,50502,95651,6540,5746,12286,0,5,5,16,10,26,97,33,130,0,0,0,0,0,0,0,0,0,293,188,481,0,0,0,3938,3716,7654,0,0,0,1077,585,1662,0,5,5,140,158,298,1,1,2,0,0,0,1993,1794,3787,0,0,0,0,0,0,0,0,0,0,0,0,0,0,0,3,5,8,0,19,19,0,0,0,59,23,82,0,0,0,0,0,0,0,0,0,0,0,0,0,0,0,0,0,0,0,0,0,0,0,0,0,0,0,0,0,0,0,0,0,0,0,0,0,0,0
20170903,134964,22081,24052,46133,26806,26842,53648,99781,6778,6474,13252,3988,2808,6796,271,151,422,19,92,111,0,0,0,0,0,0,0,0,0,211,285,496,0,0,0,4253,4363,8616,0,0,0,597,746,1343,38,33,71,127,163,290,0,2,2,0,0,0,1742,1991,3733,0,0,0,0,0,0,0,0,0,0,0,0,0,0,0,1,0,1,0,0,0,0,0,0,32,18,50,0,0,0,0,0,0,0,0,0,0,0,0,0,0,0,0,0,0,0,0,0,0,0,0,0,0,0,0,0,0,0,0,0,0,0,0,0,0,0
20170904,120721,22322,22700,45022,24649,27752,52401,97423,4999,5349,10348,3,0,3,162,106,268,49,39,88,0,0,0,0,0,0,0,0,0,144,143,287,0,0,0,3657,3865,7522,0,0,0,592,721,1313,8,28,36,124,170,294,0,3,3,0,0,0,1446,1662,3108,0,0,0,0,0,0,0,0,0,0,0,0,0,0,0,2,0,2,1,0,1,0,0,0,19,6,25,0,0,0,0,0,0,0,0,0,0,0,0,0,0,0,0,0,0,0,0,0,0,0,0,0,0,0,0,0,0,0,0,0,0,0,0,0,0,0
20170905,115950,20060,21631,41691,22623,25415,48038,89729,6142,6135,12277,15,6,21,6,13,19,43,40,83,0,2,2,4,0,4,0,0,0,365,320,685,1,1,2,3541,4076,7617,0,0,0,665,761,1426,29,25,54,119,154,273,3,1,4,0,0,0,1407,1417,2824,0,0,0,0,0,0,0,0,0,0,0,0,0,0,0,624,248,872,3,3,6,0,0,0,9,43,52,0,0,0,0,0,0,0,0,0,0,0,0,0,0,0,0,0,0,0,0,0,0,0,0,0,0,0,0,0,0,0,0,0,0,0,0,0,0,0
20170906,124696,20191,22397,42588,24006,27950,51956,94544,6384,6767,13151,681,1611,2292,27,31,58,89,113,202,6,6,12,0,0,0,0,0,0,80,71,151,2,1,3,3793,4427,8220,0,0,0,598,1289,1887,27,36,63,138,121,259,3,1,4,0,0,0,1778,1990,3768,0,0,0,0,0,0,0,0,0,0,0,0,0,0,0,13,10,23,0,8,8,0,0,0,37,14,51,0,0,0,0,0,0,0,0,0,0,0,0,0,0,0,0,0,0,0,0,0,0,0,0,0,0,0,0,0,0,0,0,0,0,0,0,0,0,0
20170907,125817,22096,22281,44377,25331,27992,53323,97700,6003,6370,12373,1,1,2,289,157,446,57,49,106,0,0,0,1,0,1,0,0,0,289,207,496,4,9,13,3938,4206,8144,0,0,0,947,1884,2831,17,32,49,139,144,283,3,2,5,0,0,0,1647,1655,3302,0,0,0,0,0,0,0,0,0,0,0,0,0,0,0,9,4,13,0,0,0,0,0,0,43,10,53,0,0,0,0,0,0,0,0,0,0,0,0,0,0,0,0,0,0,0,0,0,0,0,0,0,0,0,0,0,0,0,0,0,0,0,0,0,0,0
20170908,136526,24475,22632,47107,27270,27480,54750,101857,7246,6331,13577,1711,1562,3273,4,7,11,26,147,173,1,1,2,2,8,10,0,0,0,202,115,317,8,6,14,4519,4343,8862,0,0,0,1508,1825,3333,47,37,84,154,132,286,1,3,4,0,0,0,2033,1828,3861,0,0,0,0,0,0,0,0,0,0,0,0,0,0,0,473,188,661,0,37,37,0,0,0,115,49,164,0,0,0,0,0,0,0,0,0,0,0,0,0,0,0,0,0,0,0,0,0,0,0,0,0,0,0,0,0,0,0,0,0,0,0,0,0,0,0
20170909,129924,23427,22051,45478,28521,26175,54696,100174,6920,5970,12890,2,0,2,10,29,39,39,35,74,0,0,0,0,0,0,6,0,6,293,180,473,6,7,13,4200,3829,8029,0,0,0,2254,1511,3765,46,52,98,165,133,298,6,6,12,0,0,0,1927,1667,3594,0,0,0,0,0,0,0,0,0,0,0,0,0,0,0,205,199,404,0,1,1,0,0,0,29,23,52,0,0,0,0,0,0,0,0,0,0,0,0,0,0,0,0,0,0,0,0,0,0,0,0,0,0,0,0,0,0,0,0,0,0,0,0,0,0,0
20170910,150825,25354,24319,49673,30671,29119,59790,109463,7469,7492,14961,3856,3570,7426,155,115,270,31,35,66,0,0,0,0,0,0,0,0,0,199,230,429,0,2,2,4552,4642,9194,0,0,0,1566,2596,4162,17,80,97,124,129,253,0,5,5,0,0,0,2248,2100,4348,0,0,0,0,0,0,0,0,0,0,0,0,0,0,0,6,5,11,1,0,1,0,0,0,41,96,137,0,0,0,0,0,0,0,0,0,0,0,0,0,0,0,0,0,0,0,0,0,0,0,0,0,0,0,0,0,0,0,0,0,0,0,0,0,0,0
20170911,130270,23114,22406,45520,27416,28611,56027,101547,5725,5827,11552,1,1,2,609,99,708,16,12,28,0,0,0,1,0,1,0,0,0,225,215,440,1,8,9,3924,4018,7942,0,0,0,1892,2239,4131,21,30,51,125,138,263,0,0,0,0,0,0,1592,1908,3500,0,0,0,0,0,0,0,0,0,0,0,0,0,0,0,17,7,24,0,0,0,0,0,0,37,35,72,0,0,0,0,0,0,0,0,0,0,0,0,0,0,0,0,0,0,0,0,0,0,0,0,0,0,0,0,0,0,0,0,0,0,0,0,0,0,0
20170912,137973,21224,23528,44752,25845,27436,53281,98033,6718,7041,13759,3525,829,4354,172,15,187,1928,1920,3848,0,0,0,0,0,0,0,0,0,227,216,443,0,0,0,4193,4233,8426,0,0,0,2005,2111,4116,6,10,16,125,130,255,12,17,29,0,0,0,1514,1865,3379,0,0,0,0,0,0,0,0,0,0,0,0,0,0,0,757,298,1055,0,0,0,0,0,0,29,44,73,0,0,0,0,0,0,0,0,0,0,0,0,0,0,0,0,0,0,0,0,0,0,0,0,0,0,0,0,0,0,0,0,0,0,0,0,0,0,0
20170913,104593,18923,21144,40067,18884,21148,40032,80099,5950,6054,12004,0,0,0,6,5,11,26,34,60,0,0,0,0,0,0,0,0,0,99,63,162,0,0,0,2765,3236,6001,0,0,0,1355,1571,2926,0,0,0,0,137,137,10,4,14,0,0,0,1593,1585,3178,0,0,0,0,0,0,0,0,0,0,0,0,0,0,0,0,0,0,1,0,1,0,0,0,0,0,0,0,0,0,0,0,0,0,0,0,0,0,0,0,0,0,0,0,0,0,0,0,0,0,0,0,0,0,0,0,0,0,0,0,0,0,0,0,0,0
20170914,114532,19840,19440,39280,26340,24124,50464,89744,6653,4802,11455,1,2,3,16,4,20,45,100,145,0,0,0,0,0,0,0,0,0,213,147,360,0,2,2,4306,3387,7693,0,0,0,1076,983,2059,0,0,0,162,0,162,1,1,2,0,0,0,1606,1272,2878,0,0,0,0,0,0,0,0,0,0,0,0,0,0,0,4,2,6,0,3,3,0,0,0,0,0,0,0,0,0,0,0,0,0,0,0,0,0,0,0,0,0,0,0,0,0,0,0,0,0,0,0,0,0,0,0,0,0,0,0,0,0,0,0,0,0
20170915,142940,25456,24842,50298,31543,29940,61483,111781,7373,5908,13281,159,280,439,13,6,19,47,109,156,1,1,2,1,0,1,0,0,0,184,118,302,0,0,0,4643,4339,8982,0,0,0,1905,1707,3612,0,30,30,160,143,303,2,0,2,0,0,0,2083,1833,3916,0,0,0,0,0,0,0,0,0,0,0,0,0,0,0,2,0,2,1,36,37,0,0,0,44,31,75,0,0,0,0,0,0,0,0,0,0,0,0,0,0,0,0,0,0,0,0,0,0,0,0,0,0,0,0,0,0,0,0,0,0,0,0,0,0,0
20170916,142277,26519,23664,50183,31634,27053,58687,108870,7370,5770,13140,774,1260,2034,4,5,9,59,33,92,1,2,3,0,9,9,0,0,0,239,161,400,0,0,0,4287,4011,8298,0,0,0,2808,2018,4826,40,49,89,164,118,282,1,3,4,0,0,0,1971,1809,3780,0,0,0,0,0,0,0,0,0,0,0,0,0,0,0,217,94,311,0,7,7,0,0,0,114,9,123,0,0,0,0,0,0,0,0,0,0,0,0,0,0,0,0,0,0,0,0,0,0,0,0,0,0,0,0,0,0,0,0,0,0,0,0,0,0,0
20170917,136694,22772,22416,45188,29001,26486,55487,100675,6987,5599,12586,1390,3300,4690,323,94,417,44,67,111,2,2,4,0,0,0,0,0,0,188,172,360,2,2,4,4476,4117,8593,0,0,0,2018,2797,4815,29,29,58,174,107,281,1,11,12,0,0,0,2233,1755,3988,0,0,0,0,0,0,0,0,0,0,0,0,0,0,0,6,8,14,0,3,3,0,0,0,27,56,83,0,0,0,0,0,0,0,0,0,0,0,0,0,0,0,0,0,0,0,0,0,0,0,0,0,0,0,0,0,0,0,0,0,0,0,0,0,0,0
20170918,134546,24062,23443,47505,28094,30107,58201,105706,6344,5733,12077,11,2,13,173,102,275,18,39,57,0,1,1,0,0,0,0,0,0,197,186,383,5,6,11,3733,4450,8183,0,0,0,1870,1933,3803,18,37,55,130,134,264,10,4,14,0,0,0,1822,1792,3614,0,0,0,0,0,0,0,0,0,0,0,0,0,0,0,0,1,1,0,11,11,0,0,0,21,57,78,0,0,0,0,0,0,0,0,0,0,0,0,0,0,0,0,0,0,0,0,0,0,0,0,0,0,0,0,0,0,0,0,0,0,0,0,0,0,0
20170919,127036,22495,21615,44110,27043,25676,52719,96829,6383,6097,12480,7,3,10,27,19,46,53,56,109,0,0,0,0,0,0,0,0,0,366,328,694,3,7,10,4072,4401,8473,0,0,0,1867,1966,3833,19,27,46,143,136,279,9,2,11,0,0,0,1569,1527,3096,0,0,0,0,0,0,0,0,0,0,0,0,0,0,0,751,330,1081,0,0,0,0,0,0,31,8,39,0,0,0,0,0,0,0,0,0,0,0,0,0,0,0,0,0,0,0,0,0,0,0,0,0,0,0,0,0,0,0,0,0,0,0,0,0,0,0
20170920,129494,22511,22361,44872,26302,27115,53417,98289,6373,7395,13768,649,25,674,133,24,157,41,67,108,0,0,0,0,0,0,0,0,0,0,0,0,8,4,12,4055,4410,8465,0,0,0,2061,2086,4147,19,26,45,0,136,136,5,7,12,0,0,0,1740,1861,3601,0,0,0,0,0,0,0,0,0,0,0,0,0,0,0,19,8,27,2,0,2,0,0,0,31,20,51,0,0,0,0,0,0,0,0,0,0,0,0,0,0,0,0,0,0,0,0,0,0,0,0,0,0,0,0,0,0,0,0,0,0,0,0,0,0,0
20170921,130473,20987,23201,44188,26144,29265,55409,99597,6195,7126,13321,2,0,2,122,177,299,23,46,69,0,0,0,0,1,1,0,0,0,274,204,478,0,0,0,4343,4212,8555,0,0,0,1781,2698,4479,36,15,51,162,0,162,0,14,14,0,0,0,1716,1642,3358,0,0,0,0,0,0,0,0,0,0,0,0,0,0,0,8,9,17,0,16,16,0,0,0,39,15,54,0,0,0,0,0,0,0,0,0,0,0,0,0,0,0,0,0,0,0,0,0,0,0,0,0,0,0,0,0,0,0,0,0,0,0,0,0,0,0
20170922,151618,27963,25599,53562,31249,29820,61069,114631,7565,7509,15074,38,1703,1741,6,10,16,79,56,135,0,0,0,0,9,9,0,0,0,234,218,452,0,0,0,4563,4391,8954,0,0,0,2488,2565,5053,158,72,230,165,142,307,6,1,7,0,0,0,2121,1906,4027,0,0,0,0,0,0,0,0,0,0,0,0,0,0,0,288,511,799,3,0,3,0,0,0,133,47,180,0,0,0,0,0,0,0,0,0,0,0,0,0,0,0,0,0,0,0,0,0,0,0,0,0,0,0,0,0,0,0,0,0,0,0,0,0,0,0
20170923,135796,22112,23465,45577,29459,28113,57572,103149,7063,6723,13786,1,11,12,7,7,14,23,57,80,0,0,0,2,0,2,0,0,0,266,212,478,0,0,0,4408,3879,8287,0,0,0,3349,2286,5635,44,30,74,163,134,297,6,6,12,0,0,0,1907,1644,3551,0,0,0,0,0,0,0,0,0,0,0,0,0,0,0,334,5,339,0,1,1,0,0,0,52,27,79,0,0,0,0,0,0,0,0,0,0,0,0,0,0,0,0,0,0,0,0,0,0,0,0,0,0,0,0,0,0,0,0,0,0,0,0,0,0,0
20170924,157554,26050,27348,53398,30543,29186,59729,113127,7473,7731,15204,4471,4061,8532,130,165,295,31,36,67,0,0,0,0,0,0,0,0,0,248,215,463,0,0,0,4582,4455,9037,0,0,0,2684,3306,5990,9,197,206,158,133,291,4,15,19,0,0,0,2199,1948,4147,0,0,0,0,0,0,0,0,0,0,0,0,0,0,0,1,2,3,0,0,0,0,0,0,48,125,173,0,0,0,0,0,0,0,0,0,0,0,0,0,0,0,0,0,0,0,0,0,0,0,0,0,0,0,0,0,0,0,0,0,0,0,0,0,0,0
20170925,140254,25975,23758,49733,31993,28215,60208,109941,6450,5856,12306,1,0,1,147,105,252,48,28,76,0,0,0,0,0,0,0,0,0,229,177,406,0,0,0,4170,3880,8050,0,0,0,2852,2195,5047,21,67,88,158,139,297,15,0,15,0,0,0,2020,1647,3667,0,0,0,0,0,0,0,0,0,0,0,0,0,0,0,4,8,12,0,7,7,0,0,0,29,60,89,0,0,0,0,0,0,0,0,0,0,0,0,0,0,0,0,0,0,0,0,0,0,0,0,0,0,0,0,0,0,0,0,0,0,0,0,0,0,0
20170926,132160,24518,21244,45762,29765,24519,54284,100046,8353,5807,14160,4,9,13,25,14,39,34,63,97,0,0,0,0,0,0,0,0,0,308,259,567,2,3,5,4499,3820,8319,0,0,0,2323,2241,4564,16,29,45,165,126,291,0,9,9,0,0,0,2001,1271,3272,0,0,0,0,0,0,0,0,0,0,0,0,0,0,0,353,351,704,0,0,0,0,0,0,18,11,29,0,0,0,0,0,0,0,0,0,0,0,0,0,0,0,0,0,0,0,0,0,0,0,0,0,0,0,0,0,0,0,0,0,0,0,0,0,0,0
20170927,139106,26312,20431,46743,31421,23308,54729,101472,8295,5529,13824,3995,2955,6950,82,21,103,54,34,88,0,0,0,0,0,0,0,0,0,163,70,233,1,1,2,4536,3697,8233,0,0,0,2536,1679,4215,34,40,74,168,109,277,10,6,16,0,0,0,2306,1199,3505,0,0,0,0,0,0,0,0,0,0,0,0,0,0,0,6,5,11,0,17,17,0,0,0,42,44,86,0,0,0,0,0,0,0,0,0,0,0,0,0,0,0,0,0,0,0,0,0,0,0,0,0,0,0,0,0,0,0,0,0,0,0,0,0,0,0
20170928,134864,26440,20837,47277,31910,24586,56496,103773,8045,4859,12904,3,1,4,194,144,338,38,63,101,0,0,0,2,10,12,0,0,0,311,195,506,2,2,4,4622,3544,8166,0,0,0,3509,1943,5452,28,43,71,165,76,241,1,7,8,0,0,0,2081,1149,3230,0,0,0,0,0,0,0,0,0,0,0,0,0,0,0,1,2,3,0,8,8,0,0,0,37,6,43,0,0,0,0,0,0,0,0,0,0,0,0,0,0,0,0,0,0,0,0,0,0,0,0,0,0,0,0,0,0,0,0,0,0,0,0,0,0,0
20170929,145817,27397,22882,50279,33127,26085,59212,109491,8886,5449,14335,175,1819,1994,19,1,20,33,55,88,4,0,4,0,0,0,0,0,0,256,225,481,0,0,0,4826,3839,8665,0,0,0,3716,2056,5772,40,46,86,166,106,272,7,6,13,0,0,0,2599,1344,3943,0,0,0,0,0,0,0,0,0,0,0,0,0,0,0,456,157,613,0,0,0,0,0,0,27,13,40,0,0,0,0,0,0,0,0,0,0,0,0,0,0,0,0,0,0,0,0,0,0,0,0,0,0,0,0,0,0,0,0,0,0,0,0,0,0,0
20170930,154932,29432,24548,53980,34366,27240,61606,115586,8183,5419,13602,2958,2958,5916,7,3,10,56,68,124,0,0,0,0,0,0,0,0,0,319,212,531,6,0,6,4518,3701,8219,0,0,0,4072,1722,5794,47,23,70,175,67,242,5,2,7,0,0,0,2388,1332,3720,0,0,0,0,0,0,0,0,0,0,0,0,0,0,0,749,207,956,0,15,15,0,0,0,117,17,134,0,0,0,0,0,0,0,0,0,0,0,0,0,0,0,0,0,0,0,0,0,0,0,0,0,0,0,0,0,0,0,0,0,0,0,0,0,0,0
20171001,149352,30044,22871,52915,33108,24424,57532,110447,8833,5531,14364,2020,1240,3260,755,130,885,35,39,74,0,0,0,0,0,0,0,0,0,292,188,480,8,1,9,4575,3508,8083,0,0,0,6036,1082,7118,137,31,168,175,84,259,3,7,10,0,0,0,2552,1383,3935,0,0,0,0,0,0,0,0,0,0,0,0,0,0,0,7,5,12,0,5,5,0,0,0,229,14,243,0,0,0,0,0,0,0,0,0,0,0,0,0,0,0,0,0,0,0,0,0,0,0,0,0,0,0,0,0,0,0,0,0,0,0,0,0,0,0
20171002,137027,26659,23385,50044,30357,23810,54167,104211,7048,4940,11988,2,0,2,764,77,841,34,28,62,0,0,0,0,2,2,0,0,0,257,221,478,0,0,0,3872,3124,6996,0,0,0,5546,2153,7699,112,44,156,171,136,307,6,2,8,0,0,0,2313,1781,4094,0,0,0,0,0,0,0,0,0,0,0,0,0,0,0,6,8,14,0,0,0,0,0,0,130,39,169,0,0,0,0,0,0,0,0,0,0,0,0,0,0,0,0,0,0,0,0,0,0,0,0,0,0,0,0,0,0,0,0,0,0,0,0,0,0,0
20171003,153140,25861,28924,54785,28658,29184,57842,112627,7502,6552,14054,2967,2934,5901,4,7,11,26,47,73,0,2,2,0,0,0,0,0,0,411,281,692,1,5,6,3910,3957,7867,0,0,0,3521,3618,7139,39,66,105,159,141,300,0,7,7,0,0,0,1915,1583,3498,0,0,0,0,0,0,0,0,0,0,0,0,0,0,0,311,301,612,5,15,20,0,0,0,63,163,226,0,0,0,0,0,0,0,0,0,0,0,0,0,0,0,0,0,0,0,0,0,0,0,0,0,0,0,0,0,0,0,0,0,0,0,0,0,0,0
20171004,151623,25093,31162,56255,28021,31395,59416,115671,6497,7790,14287,1164,1542,2706,217,53,270,53,45,98,0,0,0,0,0,0,0,0,0,140,110,250,0,0,0,3880,4547,8427,0,0,0,2413,3605,6018,0,0,0,151,167,318,8,11,19,0,0,0,1625,1931,3556,0,0,0,0,0,0,0,0,0,0,0,0,0,0,0,3,0,3,0,0,0,0,0,0,0,0,0,0,0,0,0,0,0,0,0,0,0,0,0,0,0,0,0,0,0,0,0,0,0,0,0,0,0,0,0,0,0,0,0,0,0,0,0,0,0,0
20171005,146979,22315,32136,54451,22717,35197,57914,112365,5206,8471,13677,13,4,17,125,553,678,36,43,79,0,0,0,0,0,0,0,0,0,243,324,567,0,4,4,3310,4719,8029,0,0,0,3045,3751,6796,0,44,44,178,170,348,12,1,13,0,0,0,1637,2392,4029,0,0,0,0,0,0,0,0,0,0,0,0,0,0,0,0,0,0,0,2,2,0,0,0,141,190,331,0,0,0,0,0,0,0,0,0,0,0,0,0,0,0,0,0,0,0,0,0,0,0,0,0,0,0,0,0,0,0,0,0,0,0,0,0,0,0
20171006,158854,20705,35682,56387,23248,39425,62673,119060,5237,9234,14471,1551,2044,3595,33,26,59,67,78,145,0,0,0,0,0,0,0,0,0,98,311,409,6,8,14,3743,5136,8879,0,0,0,2275,4633,6908,0,162,162,108,179,287,0,1,1,0,0,0,1239,2364,3603,0,0,0,0,0,0,0,0,0,0,0,0,0,0,0,329,768,1097,0,4,4,0,0,0,53,107,160,0,0,0,0,0,0,0,0,0,0,0,0,0,0,0,0,0,0,0,0,0,0,0,0,0,0,0,0,0,0,0,0,0,0,0,0,0,0,0
20171007,162409,23408,36884,60292,24456,37986,62442,122734,5347,9207,14554,2913,2987,5900,7,7,14,48,37,85,0,0,0,5,0,5,0,0,0,240,334,574,0,3,3,3473,4748,8221,0,0,0,1342,4165,5507,18,116,134,129,183,312,0,0,0,0,0,0,1207,2416,3623,0,0,0,0,0,0,0,0,0,0,0,0,0,0,0,2,581,583,0,5,5,0,0,0,31,124,155,0,0,0,0,0,0,0,0,0,0,0,0,0,0,0,0,0,0,0,0,0,0,0,0,0,0,0,0,0,0,0,0,0,0,0,0,0,0,0
20171008,153074,21782,32958,54740,24504,35318,59822,114562,5653,9289,14942,1935,2365,4300,0,3,3,2,54,56,0,0,0,0,8,8,0,0,0,211,309,520,0,0,0,3382,5079,8461,0,0,0,1099,4029,5128,10,93,103,97,174,271,1,2,3,0,0,0,1657,2880,4537,0,0,0,0,0,0,0,0,0,0,0,0,0,0,0,4,3,7,0,0,0,0,0,0,24,149,173,0,0,0,0,0,0,0,0,0,0,0,0,0,0,0,0,0,0,0,0,0,0,0,0,0,0,0,0,0,0,0,0,0,0,0,0,0,0,0
20171009,154546,27697,30059,57756,29488,33415,62903,120659,6475,7617,14092,16,30,46,6,228,234,24,20,44,0,0,0,0,0,0,0,0,0,257,298,555,0,0,0,3560,4464,8024,0,0,0,1813,4526,6339,96,103,199,104,172,276,1,0,1,0,0,0,1770,2163,3933,0,0,0,0,0,0,0,0,0,0,0,0,0,0,0,2,2,4,1,11,12,0,0,0,20,108,128,0,0,0,0,0,0,0,0,0,0,0,0,0,0,0,0,0,0,0,0,0,0,0,0,0,0,0,0,0,0,0,0,0,0,0,0,0,0,0
20171010,180083,35235,28622,63857,35124,30823,65947,129804,8472,8233,16705,3015,2915,5930,11,24,35,3336,3343,6679,0,0,0,0,0,0,0,0,0,476,340,816,2,2,4,4404,4560,8964,0,0,0,2435,2397,4832,132,27,159,118,167,285,7,5,12,0,0,0,2033,2063,4096,0,0,0,0,0,0,0,0,0,0,0,0,0,0,0,790,932,1722,0,1,1,0,0,0,35,4,39,0,0,0,0,0,0,0,0,0,0,0,0,0,0,0,0,0,0,0,0,0,0,0,0,0,0,0,0,0,0,0,0,0,0,0,0,0,0,0
20171011,147788,27286,25522,52808,30252,28546,58798,111606,7605,8200,15805,1766,1219,2985,26,71,97,67,75,142,14,0,14,0,0,0,0,0,0,128,153,281,6,6,12,4037,4239,8276,0,0,0,1841,2256,4097,35,21,56,128,157,285,1,8,9,0,0,0,1852,2216,4068,0,0,0,0,0,0,0,0,0,0,0,0,0,0,0,0,1,1,0,0,0,0,0,0,27,27,54,0,0,0,0,0,0,0,0,0,0,0,0,0,0,0,0,0,0,0,0,0,0,0,0,0,0,0,0,0,0,0,0,0,0,0,0,0,0,0
20171012,138409,25556,24801,50357,28722,28517,57239,107596,6456,7412,13868,1,0,1,22,10,32,42,43,85,0,2,2,0,0,0,0,0,0,245,269,514,11,0,11,3825,4040,7865,0,0,0,1848,2700,4548,0,0,0,126,150,276,5,6,11,0,0,0,1570,2009,3579,0,0,0,0,0,0,0,0,0,0,0,0,0,0,0,3,2,5,1,15,16,0,0,0,0,0,0,0,0,0,0,0,0,0,0,0,0,0,0,0,0,0,0,0,0,0,0,0,0,0,0,0,0,0,0,0,0,0,0,0,0,0,0,0,0,0
20171013,147165,27266,24931,52197,29854,30105,59959,112156,7086,7491,14577,1280,1838,3118,21,9,30,36,50,86,1,0,1,2,2,4,0,0,0,237,161,398,1,0,1,4250,4441,8691,0,0,0,1532,2529,4061,0,0,0,149,145,294,5,1,6,0,0,0,1694,2041,3735,0,0,0,0,0,0,0,0,0,0,0,0,0,0,0,0,0,0,1,6,7,0,0,0,0,0,0,0,0,0,0,0,0,0,0,0,0,0,0,0,0,0,0,0,0,0,0,0,0,0,0,0,0,0,0,0,0,0,0,0,0,0,0,0,0,0
20171014,154006,28362,23372,51734,32459,30154,62613,114347,8270,6719,14989,2905,2954,5859,17,3,20,20,40,60,0,0,0,0,0,0,0,0,0,278,184,462,0,0,0,4247,4359,8606,0,0,0,2910,2419,5329,0,0,0,161,156,317,9,9,18,0,0,0,1895,2103,3998,0,0,0,0,0,0,0,0,0,0,0,0,0,0,0,0,1,1,0,0,0,0,0,0,0,0,0,0,0,0,0,0,0,0,0,0,0,0,0,0,0,0,0,0,0,0,0,0,0,0,0,0,0,0,0,0,0,0,0,0,0,0,0,0,0,0
20171015,154681,29076,24993,54069,32664,29723,62387,116456,7659,7590,15249,1894,1141,3035,8,5,13,23,137,160,0,0,0,7,0,7,0,0,0,248,253,501,0,0,0,4707,4801,9508,0,0,0,2302,3600,5902,0,0,0,134,136,270,1,2,3,0,0,0,1809,1767,3576,0,0,0,0,0,0,0,0,0,0,0,0,0,0,0,1,0,1,0,0,0,0,0,0,0,0,0,0,0,0,0,0,0,0,0,0,0,0,0,0,0,0,0,0,0,0,0,0,0,0,0,0,0,0,0,0,0,0,0,0,0,0,0,0,0,0
20171016,156153,30267,25671,55938,34439,32067,66506,122444,6735,6682,13417,715,712,1427,6,8,14,24,72,96,0,0,0,0,0,0,0,0,0,274,281,555,8,0,8,3970,4251,8221,0,0,0,2384,2596,4980,34,117,151,126,138,264,0,5,5,0,0,0,2206,2204,4410,0,0,0,0,0,0,0,0,0,0,0,0,0,0,0,5,3,8,3,0,3,0,0,0,53,97,150,0,0,0,0,0,0,0,0,0,0,0,0,0,0,0,0,0,0,0,0,0,0,0,0,0,0,0,0,0,0,0,0,0,0,0,0,0,0,0
20171017,139482,26307,22717,49024,29989,27520,57509,106533,7652,6737,14389,7,5,12,3,3,6,62,47,109,0,0,0,0,0,0,0,0,0,420,191,611,0,2,2,4446,4366,8812,0,0,0,2717,2470,5187,16,20,36,123,135,258,9,7,16,0,0,0,1587,1878,3465,0,0,0,0,0,0,0,0,0,0,0,0,0,0,0,2,1,3,0,4,4,0,0,0,19,20,39,0,0,0,0,0,0,0,0,0,0,0,0,0,0,0,0,0,0,0,0,0,0,0,0,0,0,0,0,0,0,0,0,0,0,0,0,0,0,0
20171018,149189,26895,23558,50453,31129,29022,60151,110604,7672,7104,14776,4087,722,4809,134,60,194,36,45,81,0,13,13,0,7,7,0,0,0,136,106,242,5,3,8,4542,4470,9012,0,0,0,2855,2345,5200,19,13,32,116,105,221,8,17,25,0,0,0,1959,1940,3899,0,0,0,0,0,0,0,0,0,0,0,0,0,0,0,0,1,1,0,6,6,0,0,0,18,41,59,0,0,0,0,0,0,0,0,0,0,0,0,0,0,0,0,0,0,0,0,0,0,0,0,0,0,0,0,0,0,0,0,0,0,0,0,0,0,0
20171019,150362,26269,25045,51314,31830,30529,62359,113673,7132,6880,14012,19,26,45,15,10,25,45,1837,1882,4,0,4,0,0,0,0,0,0,277,237,514,0,5,5,4568,4571,9139,0,0,0,3328,3401,6729,128,19,147,148,119,267,9,2,11,0,0,0,2020,1823,3843,0,0,0,0,0,0,0,0,0,0,0,0,0,0,0,0,1,1,0,3,3,0,0,0,34,28,62,0,0,0,0,0,0,0,0,0,0,0,0,0,0,0,0,0,0,0,0,0,0,0,0,0,0,0,0,0,0,0,0,0,0,0,0,0,0,0
20171020,159785,28700,26398,55098,34171,32401,66572,121670,8465,7807,16272,234,598,832,3,7,10,60,74,134,1,2,3,0,0,0,0,0,0,128,108,236,0,6,6,4788,4828,9616,0,0,0,3203,3175,6378,16,26,42,162,133,295,10,9,19,0,0,0,2152,2010,4162,0,0,0,0,0,0,0,0,0,0,0,0,0,0,0,0,7,7,1,3,4,0,0,0,82,17,99,0,0,0,0,0,0,0,0,0,0,0,0,0,0,0,0,0,0,0,0,0,0,0,0,0,0,0,0,0,0,0,0,0,0,0,0,0,0,0
20171021,155274,27320,25257,52577,33394,30858,64252,116829,7181,6619,13800,2120,2129,4249,13,7,20,24,42,66,0,0,0,0,0,0,0,0,0,291,209,500,6,0,6,4447,4431,8878,0,0,0,3862,2625,6487,19,8,27,162,131,293,3,9,12,0,0,0,2130,1931,4061,0,0,0,0,0,0,0,0,0,0,0,0,0,0,0,4,0,4,0,0,0,0,0,0,36,6,42,0,0,0,0,0,0,0,0,0,0,0,0,0,0,0,0,0,0,0,0,0,0,0,0,0,0,0,0,0,0,0,0,0,0,0,0,0,0,0
20171022,152254,25889,25775,51664,32690,30611,63301,114965,7697,6770,14467,671,683,1354,746,159,905,19,21,40,0,0,0,0,2,2,0,0,0,292,264,556,0,0,0,4858,4296,9154,0,0,0,2226,3577,5803,17,86,103,144,148,292,0,5,5,0,0,0,2269,2234,4503,0,0,0,0,0,0,0,0,0,0,0,0,0,0,0,0,1,1,1,3,4,0,0,0,56,44,100,0,0,0,0,0,0,0,0,0,0,0,0,0,0,0,0,0,0,0,0,0,0,0,0,0,0,0,0,0,0,0,0,0,0,0,0,0,0,0
20171023,149683,25364,26175,51539,32203,33430,65633,117172,6137,6576,12713,23,10,33,176,102,278,44,44,88,0,4,4,0,0,0,0,0,0,259,238,497,0,4,4,4222,4841,9063,0,0,0,2910,2575,5485,30,76,106,127,159,286,4,6,10,0,0,0,1901,1868,3769,0,0,0,0,0,0,0,0,0,0,0,0,0,0,0,2,1,3,2,27,29,0,0,0,88,55,143,0,0,0,0,0,0,0,0,0,0,0,0,0,0,0,0,0,0,0,0,0,0,0,0,0,0,0,0,0,0,0,0,0,0,0,0,0,0,0
20171024,144543,24142,24777,48919,30041,28148,58189,107108,7627,7184,14811,0,0,0,24,8,32,1809,2463,4272,3,0,3,0,0,0,0,0,0,284,275,559,0,0,0,4558,4540,9098,0,0,0,2375,2486,4861,57,36,93,117,138,255,15,1,16,0,0,0,1671,1656,3327,0,0,0,0,0,0,0,0,0,0,0,0,0,0,0,2,1,3,0,10,10,0,0,0,31,64,95,0,0,0,0,0,0,0,0,0,0,0,0,0,0,0,0,0,0,0,0,0,0,0,0,0,0,0,0,0,0,0,0,0,0,0,0,0,0,0
20171025,144178,25434,23892,49326,30652,28389,59041,108367,7795,7244,15039,698,1214,1912,126,161,287,37,84,121,0,3,3,0,8,8,0,0,0,133,87,220,0,0,0,4662,4440,9102,0,0,0,2700,2202,4902,15,48,63,149,108,257,2,3,5,0,0,0,2030,1819,3849,0,0,0,0,0,0,0,0,0,0,0,0,0,0,0,2,3,5,1,0,1,0,0,0,8,29,37,0,0,0,0,0,0,0,0,0,0,0,0,0,0,0,0,0,0,0,0,0,0,0,0,0,0,0,0,0,0,0,0,0,0,0,0,0,0,0
20171026,145193,26382,24791,51173,30625,30603,61228,112401,7048,6344,13392,1,7,8,91,126,217,89,96,185,0,0,0,1,2,3,0,0,0,282,230,512,1,3,4,4682,4530,9212,0,0,0,2753,2445,5198,24,23,47,156,126,282,3,0,3,0,0,0,1895,1769,3664,0,0,0,0,0,0,0,0,0,0,0,0,0,0,0,3,4,7,2,0,2,0,0,0,34,22,56,0,0,0,0,0,0,0,0,0,0,0,0,0,0,0,0,0,0,0,0,0,0,0,0,0,0,0,0,0,0,0,0,0,0,0,0,0,0,0
20171027,159116,27636,26486,54122,35554,31089,66643,120765,8487,7071,15558,1433,1180,2613,10,26,36,36,64,100,0,0,0,3,0,3,0,0,0,243,233,476,0,0,0,4880,4806,9686,0,0,0,2605,2076,4681,33,16,49,178,117,295,1,2,3,0,0,0,2134,1824,3958,0,0,0,0,0,0,0,0,0,0,0,0,0,0,0,546,267,813,0,6,6,0,0,0,56,18,74,0,0,0,0,0,0,0,0,0,0,0,0,0,0,0,0,0,0,0,0,0,0,0,0,0,0,0,0,0,0,0,0,0,0,0,0,0,0,0
20171028,148099,26674,24318,50992,30740,28965,59705,110697,6893,6312,13205,0,2,2,10,9,19,2475,1958,4433,0,0,0,0,0,0,0,0,0,141,171,312,5,2,7,4536,4417,8953,0,0,0,3945,2355,6300,31,17,48,165,126,291,0,1,1,0,0,0,1898,1777,3675,0,0,0,0,0,0,0,0,0,0,0,0,0,0,0,5,2,7,0,6,6,0,0,0,106,37,143,0,0,0,0,0,0,0,0,0,0,0,0,0,0,0,0,0,0,0,0,0,0,0,0,0,0,0,0,0,0,0,0,0,0,0,0,0,0,0
20171029,153880,24877,25951,50828,32781,32610,65391,116219,7975,7969,15944,170,120,290,20,4,24,29,61,90,0,0,0,0,1,1,0,0,0,196,309,505,1,0,1,4969,4946,9915,0,0,0,2331,4101,6432,15,29,44,148,153,301,3,3,6,0,0,0,2061,1896,3957,0,0,0,0,0,0,0,0,0,0,0,0,0,0,0,2,4,6,0,21,21,0,0,0,25,99,124,0,0,0,0,0,0,0,0,0,0,0,0,0,0,0,0,0,0,0,0,0,0,0,0,0,0,0,0,0,0,0,0,0,0,0,0,0,0,0
20171030,137275,24253,24632,48885,30188,28919,59107,107992,5601,5889,11490,1,0,1,2,4,6,52,29,81,0,0,0,0,1,1,0,0,0,254,257,511,8,9,17,3988,4216,8204,0,0,0,2230,2658,4888,40,91,131,94,147,241,2,3,5,0,0,0,1688,1990,3678,0,0,0,0,0,0,0,0,0,0,0,0,0,0,0,4,8,12,0,0,0,0,0,0,9,8,17,0,0,0,0,0,0,0,0,0,0,0,0,0,0,0,0,0,0,0,0,0,0,0,0,0,0,0,0,0,0,0,0,0,0,0,0,0,0,0
20171031,134870,23328,22616,45944,29208,26802,56010,101954,6930,6754,13684,675,263,938,10,8,18,42,70,112,0,1,1,0,3,3,0,0,0,294,270,564,0,2,2,4621,4605,9226,0,0,0,2468,2517,4985,8,10,18,115,137,252,3,1,4,0,0,0,1531,1525,3056,0,0,0,0,0,0,0,0,0,0,0,0,0,0,0,1,1,2,1,1,2,0,0,0,33,16,49,0,0,0,0,0,0,0,0,0,0,0,0,0,0,0,0,0,0,0,0,0,0,0,0,0,0,0,0,0,0,0,0,0,0,0,0,0,0,0
20171101,133444,24343,22213,46556,26995,26598,53593,100149,7204,7085,14289,6,4,10,187,257,444,80,87,167,1,1,2,0,8,8,0,0,0,0,0,0,1,0,1,4320,4331,8651,0,0,0,2714,2541,5255,90,55,145,103,139,242,0,4,4,0,0,0,1905,1747,3652,0,0,0,0,0,0,0,0,0,0,0,0,0,0,0,249,138,387,0,19,19,0,0,0,11,8,19,0,0,0,0,0,0,0,0,0,0,0,0,0,0,0,0,0,0,0,0,0,0,0,0,0,0,0,0,0,0,0,0,0,0,0,0,0,0,0
20171102,139434,24690,22069,46759,30917,28294,59211,105970,7002,6356,13358,3,2,5,114,131,245,1849,32,1881,0,0,0,0,0,0,0,0,0,274,224,498,5,4,9,4743,4366,9109,0,0,0,2354,2363,4717,37,97,134,114,51,165,3,10,13,0,0,0,1702,1522,3224,0,0,0,0,0,0,0,0,0,0,0,0,0,0,0,5,6,11,1,32,33,0,0,0,41,21,62,0,0,0,0,0,0,0,0,0,0,0,0,0,0,0,0,0,0,0,0,0,0,0,0,0,0,0,0,0,0,0,0,0,0,0,0,0,0,0
20171103,154174,26950,24761,51711,33693,29721,63414,115125,7726,6849,14575,406,4083,4489,4,555,559,93,71,164,0,0,0,0,0,0,0,0,0,264,177,441,0,0,0,4876,4497,9373,0,0,0,2678,2355,5033,6,37,43,155,187,342,13,0,13,0,0,0,1908,1661,3569,0,0,0,0,0,0,0,0,0,0,0,0,0,0,0,229,163,392,1,0,1,0,0,0,24,31,55,0,0,0,0,0,0,0,0,0,0,0,0,0,0,0,0,0,0,0,0,0,0,0,0,0,0,0,0,0,0,0,0,0,0,0,0,0,0,0
20171104,142771,24258,24133,48391,28457,30395,58852,107243,7198,6988,14186,1338,4,1342,10,11,21,66,61,127,1,0,1,0,0,0,0,0,0,286,223,509,1,2,3,4198,4558,8756,0,0,0,3665,2721,6386,6,22,28,155,71,226,0,1,1,0,0,0,2001,1905,3906,0,0,0,0,0,0,0,0,0,0,0,0,0,0,0,1,0,1,0,15,15,0,0,0,7,13,20,0,0,0,0,0,0,0,0,0,0,0,0,0,0,0,0,0,0,0,0,0,0,0,0,0,0,0,0,0,0,0,0,0,0,0,0,0,0,0
20171105,160176,24951,27610,52561,32926,32849,65775,118336,7315,7581,14896,1509,930,2439,9,4,13,2720,1369,4089,2,2,4,0,0,0,0,0,0,118,124,242,3,4,7,4649,5044,9693,0,0,0,2517,3796,6313,101,4,105,143,144,287,0,2,2,0,0,0,1872,1842,3714,0,0,0,0,0,0,0,0,0,0,0,0,0,0,0,1,3,4,0,0,0,0,0,0,24,8,32,0,0,0,0,0,0,0,0,0,0,0,0,0,0,0,0,0,0,0,0,0,0,0,0,0,0,0,0,0,0,0,0,0,0,0,0,0,0,0
20171106,151563,24870,26265,51135,29769,31203,60972,112107,5675,6328,12003,3074,5673,8747,184,108,292,35,23,58,0,0,0,0,0,0,0,0,0,257,228,485,30,0,30,4184,4409,8593,0,0,0,2491,2620,5111,40,43,83,179,140,319,1,2,3,0,0,0,1715,1948,3663,0,0,0,0,0,0,0,0,0,0,0,0,0,0,0,5,1,6,0,0,0,0,0,0,39,24,63,0,0,0,0,0,0,0,0,0,0,0,0,0,0,0,0,0,0,0,0,0,0,0,0,0,0,0,0,0,0,0,0,0,0,0,0,0,0,0
20171107,139502,22347,24568,46915,28012,29397,57409,104324,7044,7265,14309,1667,1044,2711,14,17,31,34,25,59,0,0,0,0,0,0,0,0,0,228,163,391,0,0,0,4565,4697,9262,0,0,0,2298,2295,4593,27,88,115,89,130,219,4,7,11,0,0,0,1394,1584,2978,0,0,0,0,0,0,0,0,0,0,0,0,0,0,0,249,185,434,3,10,13,0,0,0,26,26,52,0,0,0,0,0,0,0,0,0,0,0,0,0,0,0,0,0,0,0,0,0,0,0,0,0,0,0,0,0,0,0,0,0,0,0,0,0,0,0
20171108,140776,23192,24151,47343,27362,28445,55807,103150,7643,7195,14838,2,2857,2859,636,566,1202,50,61,111,0,0,0,1,0,1,0,0,0,149,107,256,0,0,0,4384,4431,8815,0,0,0,2796,2239,5035,35,13,48,115,100,215,7,3,10,0,0,0,2025,1834,3859,0,0,0,0,0,0,0,0,0,0,0,0,0,0,0,134,135,269,0,3,3,0,0,0,97,8,105,0,0,0,0,0,0,0,0,0,0,0,0,0,0,0,0,0,0,0,0,0,0,0,0,0,0,0,0,0,0,0,0,0,0,0,0,0,0,0
20171109,150352,25251,24858,50109,31565,30191,61756,111865,7016,6951,13967,2871,2766,5637,3,7,10,41,57,98,0,0,0,2,6,8,0,0,0,300,239,539,0,0,0,4643,4672,9315,0,0,0,2540,2854,5394,25,16,41,87,98,185,5,3,8,0,0,0,1710,1502,3212,0,0,0,0,0,0,0,0,0,0,0,0,0,0,0,3,2,5,0,6,6,0,0,0,15,47,62,0,0,0,0,0,0,0,0,0,0,0,0,0,0,0,0,0,0,0,0,0,0,0,0,0,0,0,0,0,0,0,0,0,0,0,0,0,0,0
20171110,158719,28020,25673,53693,32861,30782,63643,117336,7832,6854,14686,4416,1265,5681,6,4,10,70,74,144,4,4,8,2,6,8,0,0,0,185,147,332,2,10,12,4986,4799,9785,0,0,0,2989,2846,5835,14,29,43,149,95,244,10,6,16,0,0,0,2013,1771,3784,0,0,0,0,0,0,0,0,0,0,0,0,0,0,0,276,377,653,1,13,14,0,0,0,39,89,128,0,0,0,0,0,0,0,0,0,0,0,0,0,0,0,0,0,0,0,0,0,0,0,0,0,0,0,0,0,0,0,0,0,0,0,0,0,0,0
20171111,155657,26868,25594,52462,31878,29847,61725,114187,7723,7237,14960,2865,2377,5242,4,3,7,37,44,81,0,0,0,0,0,0,0,0,0,322,155,477,0,0,0,4607,4417,9024,0,0,0,4187,2726,6913,17,11,28,171,123,294,7,8,15,0,0,0,2231,2095,4326,0,0,0,0,0,0,0,0,0,0,0,0,0,0,0,0,1,1,0,0,0,0,0,0,53,49,102,0,0,0,0,0,0,0,0,0,0,0,0,0,0,0,0,0,0,0,0,0,0,0,0,0,0,0,0,0,0,0,0,0,0,0,0,0,0,0
20171112,169505,28498,28659,57157,34362,32224,66586,123743,7571,7354,14925,4525,949,5474,120,4120,4240,24,27,51,0,0,0,0,0,0,0,0,0,295,269,564,0,0,0,4956,4968,9924,0,0,0,2386,3755,6141,24,42,66,104,142,246,3,3,6,0,0,0,2000,2021,4021,0,0,0,0,0,0,0,0,0,0,0,0,0,0,0,1,2,3,0,12,12,0,0,0,46,43,89,0,0,0,0,0,0,0,0,0,0,0,0,0,0,0,0,0,0,0,0,0,0,0,0,0,0,0,0,0,0,0,0,0,0,0,0,0,0,0
20171113,144969,24798,25993,50791,30268,31919,62187,112978,6376,6393,12769,1,0,1,59,60,119,24,54,78,0,0,0,1,0,1,0,0,0,274,289,563,0,16,16,4346,4448,8794,0,0,0,2663,2602,5265,49,38,87,104,159,263,7,11,18,0,0,0,1902,2061,3963,0,0,0,0,0,0,0,0,0,0,0,0,0,0,0,4,7,11,0,20,20,0,0,0,12,11,23,0,0,0,0,0,0,0,0,0,0,0,0,0,0,0,0,0,0,0,0,0,0,0,0,0,0,0,0,0,0,0,0,0,0,0,0,0,0,0
20171114,144933,24198,26835,51033,29111,29843,58954,109987,7367,7614,14981,896,375,1271,8,19,27,26,26,52,1,1,2,0,0,0,0,0,0,229,219,448,0,0,0,4701,4760,9461,0,0,0,2165,2572,4737,28,31,59,160,92,252,13,6,19,0,0,0,1446,1700,3146,0,0,0,0,0,0,0,0,0,0,0,0,0,0,0,178,185,363,0,7,7,0,0,0,71,50,121,0,0,0,0,0,0,0,0,0,0,0,0,0,0,0,0,0,0,0,0,0,0,0,0,0,0,0,0,0,0,0,0,0,0,0,0,0,0,0
20171115,153086,25978,26977,52955,29140,30099,59239,112194,7484,7526,15010,2347,1425,3772,530,121,651,36,19,55,2749,1,2750,7,0,7,0,0,0,109,124,233,1,0,1,4419,4566,8985,0,0,0,2507,2488,4995,29,61,90,89,119,208,2,6,8,0,0,0,1882,2006,3888,0,0,0,0,0,0,0,0,0,0,0,0,0,0,0,64,56,120,0,0,0,0,0,0,14,105,119,0,0,0,0,0,0,0,0,0,0,0,0,0,0,0,0,0,0,0,0,0,0,0,0,0,0,0,0,0,0,0,0,0,0,0,0,0,0,0
20171116,151780,25169,25770,50939,30880,33046,63926,114865,7333,7355,14688,13,2733,2746,171,91,262,77,55,132,0,0,0,0,7,7,0,0,0,306,236,542,20,0,20,4694,4738,9432,0,0,0,2253,2870,5123,43,27,70,137,84,221,11,4,15,0,0,0,1845,1773,3618,0,0,0,0,0,0,0,0,0,0,0,0,0,0,0,5,5,10,1,5,6,0,0,0,9,14,23,0,0,0,0,0,0,0,0,0,0,0,0,0,0,0,0,0,0,0,0,0,0,0,0,0,0,0,0,0,0,0,0,0,0,0,0,0,0,0
20171117,161509,27996,27980,55976,34113,32535,66648,122624,8165,7128,15293,508,2011,2519,6,9,15,65,38,103,4,0,4,0,0,0,0,0,0,274,220,494,0,0,0,5107,4957,10064,0,0,0,2723,2994,5717,23,50,73,158,111,269,5,11,16,0,0,0,1933,1887,3820,0,0,0,0,0,0,0,0,0,0,0,0,0,0,0,153,256,409,2,4,6,0,0,0,53,30,83,0,0,0,0,0,0,0,0,0,0,0,0,0,0,0,0,0,0,0,0,0,0,0,0,0,0,0,0,0,0,0,0,0,0,0,0,0,0,0
20171118,157241,27798,26797,54595,34773,31386,66159,120754,8132,7097,15229,5,7,12,8,9,17,20,50,70,0,0,0,0,0,0,0,0,0,290,191,481,5,0,5,4648,4585,9233,0,0,0,4203,2616,6819,0,0,0,158,97,255,11,5,16,0,0,0,2202,2136,4338,0,0,0,0,0,0,0,0,0,0,0,0,0,0,0,2,1,3,0,9,9,0,0,0,0,0,0,0,0,0,0,0,0,0,0,0,0,0,0,0,0,0,0,0,0,0,0,0,0,0,0,0,0,0,0,0,0,0,0,0,0,0,0,0,0,0
20171119,166774,28935,28465,57400,34241,32568,66809,124209,7988,8005,15993,3378,1646,5024,12,4,16,18,34,52,0,0,0,0,0,0,0,0,0,260,299,559,2,2,4,4971,4919,9890,0,0,0,2817,3880,6697,41,33,74,139,141,280,0,0,0,0,0,0,2016,1940,3956,0,0,0,0,0,0,0,0,0,0,0,0,0,0,0,4,4,8,0,0,0,0,0,0,9,3,12,0,0,0,0,0,0,0,0,0,0,0,0,0,0,0,0,0,0,0,0,0,0,0,0,0,0,0,0,0,0,0,0,0,0,0,0,0,0,0
20171120,149663,27092,26661,53753,32399,31593,63992,117745,6516,6569,13085,0,1,1,4,4,8,20,20,40,0,0,0,0,0,0,0,0,0,268,318,586,0,0,0,4215,4424,8639,0,0,0,2690,2502,5192,16,33,49,110,125,235,1,2,3,0,0,0,1977,2054,4031,0,0,0,0,0,0,0,0,0,0,0,0,0,0,0,9,9,18,0,0,0,0,0,0,20,11,31,0,0,0,0,0,0,0,0,0,0,0,0,0,0,0,0,0,0,0,0,0,0,0,0,0,0,0,0,0,0,0,0,0,0,0,0,0,0,0
20171121,146219,26302,23989,50291,30895,29359,60254,110545,7682,7453,15135,947,404,1351,3,9,12,100,65,165,0,0,0,0,7,7,0,0,0,244,328,572,1,0,1,4640,4639,9279,0,0,0,2641,2322,4963,13,9,22,85,126,211,0,8,8,0,0,0,1770,1723,3493,0,0,0,0,0,0,0,0,0,0,0,0,0,0,0,202,183,385,3,6,9,0,0,0,37,24,61,0,0,0,0,0,0,0,0,0,0,0,0,0,0,0,0,0,0,0,0,0,0,0,0,0,0,0,0,0,0,0,0,0,0,0,0,0,0,0
20171122,144097,25810,25232,51042,28339,28581,56920,107962,7688,7380,15068,661,666,1327,434,147,581,90,46,136,0,0,0,0,0,0,0,0,0,151,85,236,8,2,10,4539,4473,9012,0,0,0,2818,2528,5346,24,14,38,89,99,188,5,0,5,0,0,0,1941,1869,3810,0,0,0,0,0,0,0,0,0,0,0,0,0,0,0,138,161,299,0,17,17,0,0,0,18,44,62,0,0,0,0,0,0,0,0,0,0,0,0,0,0,0,0,0,0,0,0,0,0,0,0,0,0,0,0,0,0,0,0,0,0,0,0,0,0,0
20171123,150287,26834,25406,52240,32803,30818,63621,115861,7577,6914,14491,8,1,9,5,9,14,44,57,101,0,0,0,0,0,0,0,0,0,307,225,532,2,0,2,4809,4644,9453,0,0,0,3010,2746,5756,32,31,63,135,66,201,0,0,0,0,0,0,1904,1786,3690,0,0,0,0,0,0,0,0,0,0,0,0,0,0,0,4,11,15,0,4,4,0,0,0,26,69,95,0,0,0,0,0,0,0,0,0,0,0,0,0,0,0,0,0,0,0,0,0,0,0,0,0,0,0,0,0,0,0,0,0,0,0,0,0,0,0
20171124,159218,28474,26470,54944,35182,31226,66408,121352,7963,7226,15189,620,1311,1931,6,4,10,58,58,116,0,0,0,0,7,7,0,0,0,259,154,413,0,9,9,4753,4791,9544,0,0,0,3058,3310,6368,27,33,60,171,129,300,1,23,24,0,0,0,1947,1908,3855,0,0,0,0,0,0,0,0,0,0,0,0,0,0,0,6,6,12,0,0,0,0,0,0,10,18,28,0,0,0,0,0,0,0,0,0,0,0,0,0,0,0,0,0,0,0,0,0,0,0,0,0,0,0,0,0,0,0,0,0,0,0,0,0,0,0
20171125,152520,27678,26870,54548,29156,31229,60385,114933,8195,7264,15459,15,18,33,17,25,42,20,19,39,1,1,2,0,0,0,0,0,0,308,206,514,0,6,6,4489,4565,9054,0,0,0,4019,3595,7614,51,20,71,180,139,319,23,4,27,0,0,0,2260,1994,4254,0,0,0,0,0,0,0,0,0,0,0,0,0,0,0,9,11,20,0,21,21,0,0,0,103,9,112,0,0,0,0,0,0,0,0,0,0,0,0,0,0,0,0,0,0,0,0,0,0,0,0,0,0,0,0,0,0,0,0,0,0,0,0,0,0,0
20171126,164690,28491,28763,57254,32756,34932,67688,124942,8019,7767,15786,1153,1161,2314,175,104,279,47,26,73,0,0,0,0,0,0,0,0,0,296,273,569,0,2,2,4920,5074,9994,0,0,0,2763,3432,6195,28,15,43,156,172,328,5,1,6,0,0,0,2024,2002,4026,0,0,0,0,0,0,0,0,0,0,0,0,0,0,0,9,0,9,0,22,22,0,0,0,8,94,102,0,0,0,0,0,0,0,0,0,0,0,0,0,0,0,0,0,0,0,0,0,0,0,0,0,0,0,0,0,0,0,0,0,0,0,0,0,0,0
20171127,147105,26755,26696,53451,31451,31436,62887,116338,5972,6090,12062,5,1,6,12,1,13,67,30,97,0,0,0,0,0,0,0,0,0,195,275,470,1,1,2,4146,4509,8655,0,0,0,2591,2598,5189,14,14,28,142,167,309,1,3,4,0,0,0,1900,1963,3863,0,0,0,0,0,0,0,0,0,0,0,0,0,0,0,5,5,10,0,6,6,0,0,0,15,38,53,0,0,0,0,0,0,0,0,0,0,0,0,0,0,0,0,0,0,0,0,0,0,0,0,0,0,0,0,0,0,0,0,0,0,0,0,0,0,0
20171128,141513,23636,24612,48248,29284,29106,58390,106638,7333,7268,14601,834,367,1201,5,4,9,62,100,162,0,0,0,0,0,0,0,0,0,269,286,555,0,5,5,4533,4796,9329,0,0,0,2412,2590,5002,39,38,77,112,135,247,1,1,2,0,0,0,1629,1641,3270,0,0,0,0,0,0,0,0,0,0,0,0,0,0,0,196,151,347,0,0,0,0,0,0,58,10,68,0,0,0,0,0,0,0,0,0,0,0,0,0,0,0,0,0,0,0,0,0,0,0,0,0,0,0,0,0,0,0,0,0,0,0,0,0,0,0
20171129,135686,24376,23688,48064,28007,26386,54393,102457,7117,7535,14652,0,2,2,220,162,382,61,39,100,4,4,8,0,12,12,0,0,0,67,152,219,4,7,11,4220,4462,8682,0,0,0,2601,2125,4726,46,36,82,138,139,277,0,0,0,0,0,0,1874,1815,3689,0,0,0,0,0,0,0,0,0,0,0,0,0,0,0,173,161,334,0,17,17,0,0,0,13,23,36,0,0,0,0,0,0,0,0,0,0,0,0,0,0,0,0,0,0,0,0,0,0,0,0,0,0,0,0,0,0,0,0,0,0,0,0,0,0,0
20171130,143498,26558,24244,50802,30511,29034,59545,110347,7110,6548,13658,13,7,20,23,7,30,104,125,229,0,0,0,0,0,0,0,0,0,288,239,527,2,2,4,4555,4672,9227,0,0,0,2725,2883,5608,0,0,0,122,104,226,3,4,7,0,0,0,1891,1708,3599,0,0,0,0,0,0,0,0,0,0,0,0,0,0,0,3,6,9,2,5,7,0,0,0,0,0,0,0,0,0,0,0,0,0,0,0,0,0,0,0,0,0,0,0,0,0,0,0,0,0,0,0,0,0,0,0,0,0,0,0,0,0,0,0,0,0
20171201,147403,26174,25232,51406,32470,28905,61375,112781,7455,6729,14184,485,1030,1515,5,1,6,55,110,165,0,0,0,0,0,0,0,0,0,178,167,345,1,0,1,4741,4790,9531,0,0,0,2410,2452,4862,0,0,0,164,133,297,2,1,3,0,0,0,1975,1736,3711,0,0,0,0,0,0,0,0,0,0,0,0,0,0,0,1,1,2,0,0,0,0,0,0,0,0,0,0,0,0,0,0,0,0,0,0,0,0,0,0,0,0,0,0,0,0,0,0,0,0,0,0,0,0,0,0,0,0,0,0,0,0,0,0,0,0
20171202,143499,27053,24161,51214,30858,27862,58720,109934,7264,6522,13786,13,3,16,0,1,1,30,31,61,0,0,0,3,3,6,0,0,0,296,248,544,1,0,1,4692,4113,8805,0,0,0,3583,2212,5795,0,0,0,169,80,249,7,11,18,0,0,0,2408,1810,4218,0,0,0,0,0,0,0,0,0,0,0,0,0,0,0,1,5,6,0,27,27,0,0,0,32,0,32,0,0,0,0,0,0,0,0,0,0,0,0,0,0,0,0,0,0,0,0,0,0,0,0,0,0,0,0,0,0,0,0,0,0,0,0,0,0,0
20171203,151267,26580,25965,52545,31751,30651,62402,114947,7387,7044,14431,927,761,1688,1,5,6,18,41,59,0,0,0,0,0,0,0,0,0,215,279,494,1,0,1,4708,4799,9507,0,0,0,2390,3458,5848,67,64,131,121,138,259,4,1,5,0,0,0,1943,1857,3800,0,0,0,0,0,0,0,0,0,0,0,0,0,0,0,2,0,2,0,26,26,0,0,0,14,49,63,0,0,0,0,0,0,0,0,0,0,0,0,0,0,0,0,0,0,0,0,0,0,0,0,0,0,0,0,0,0,0,0,0,0,0,0,0,0,0
20171204,137682,24197,25524,49721,27471,29747,57218,106939,5316,5714,11030,863,853,1716,39,37,76,110,54,164,0,0,0,1,0,1,0,0,0,173,244,417,0,6,6,4171,4482,8653,0,0,0,1954,2329,4283,22,25,47,133,152,285,2,4,6,0,0,0,1850,2159,4009,0,0,0,0,0,0,0,0,0,0,0,0,0,0,0,3,4,7,0,11,11,0,0,0,21,11,32,0,0,0,0,0,0,0,0,0,0,0,0,0,0,0,0,0,0,0,0,0,0,0,0,0,0,0,0,0,0,0,0,0,0,0,0,0,0,0
20171205,134807,22899,24504,47403,27446,27663,55109,102512,6739,6910,13649,619,747,1366,3,1,4,43,113,156,1,0,1,0,0,0,0,0,0,382,266,648,0,0,0,4332,4435,8767,0,0,0,1999,2285,4284,12,14,26,120,139,259,1,3,4,0,0,0,1543,1546,3089,0,0,0,0,0,0,0,0,0,0,0,0,0,0,0,2,1,3,0,2,2,0,0,0,23,14,37,0,0,0,0,0,0,0,0,0,0,0,0,0,0,0,0,0,0,0,0,0,0,0,0,0,0,0,0,0,0,0,0,0,0,0,0,0,0,0
20171206,131803,23063,24491,47554,26343,26970,53313,100867,6408,6681,13089,5,7,12,234,115,349,40,113,153,0,0,0,0,8,8,0,0,0,97,58,155,1,1,2,4282,4384,8666,0,0,0,2312,1873,4185,30,23,53,101,115,216,13,7,20,0,0,0,1703,1823,3526,0,0,0,0,0,0,0,0,0,0,0,0,0,0,0,278,180,458,0,0,0,0,0,0,30,14,44,0,0,0,0,0,0,0,0,0,0,0,0,0,0,0,0,0,0,0,0,0,0,0,0,0,0,0,0,0,0,0,0,0,0,0,0,0,0,0
20171207,137317,23775,24451,48226,28262,29188,57450,105676,6563,6599,13162,5,3,8,6,5,11,54,33,87,0,0,0,0,0,0,0,0,0,268,221,489,0,0,0,4484,4486,8970,0,0,0,2307,2594,4901,26,27,53,133,83,216,14,3,17,0,0,0,1717,1698,3415,0,0,0,0,0,0,0,0,0,0,0,0,0,0,0,107,152,259,1,0,1,0,0,0,10,42,52,0,0,0,0,0,0,0,0,0,0,0,0,0,0,0,0,0,0,0,0,0,0,0,0,0,0,0,0,0,0,0,0,0,0,0,0,0,0,0
20171208,150425,27215,25798,53013,30897,30224,61121,114134,7701,6924,14625,891,1186,2077,12,1,13,40,78,118,1,0,1,0,0,0,0,0,0,259,162,421,2,0,2,4703,4648,9351,0,0,0,2636,2611,5247,13,25,38,130,121,251,4,11,15,0,0,0,2104,1948,4052,0,0,0,0,0,0,0,0,0,0,0,0,0,0,0,11,14,25,3,0,3,0,0,0,41,11,52,0,0,0,0,0,0,0,0,0,0,0,0,0,0,0,0,0,0,0,0,0,0,0,0,0,0,0,0,0,0,0,0,0,0,0,0,0,0,0
20171209,148006,26821,25967,52788,31830,28941,60771,113559,7062,6778,13840,21,6,27,3,1,4,34,56,90,0,9,9,0,0,0,0,0,0,290,208,498,4,0,4,4480,4185,8665,0,0,0,4029,2287,6316,24,47,71,165,123,288,13,11,24,0,0,0,2249,2216,4465,0,0,0,0,0,0,0,0,0,0,0,0,0,0,0,4,5,9,0,0,0,0,0,0,108,29,137,0,0,0,0,0,0,0,0,0,0,0,0,0,0,0,0,0,0,0,0,0,0,0,0,0,0,0,0,0,0,0,0,0,0,0,0,0,0,0
20171210,157697,28487,26939,55426,32350,30950,63300,118726,7930,7417,15347,1273,1328,2601,3,7,10,17,148,165,11,2,13,1,0,1,0,0,0,267,246,513,0,5,5,4618,4787,9405,0,0,0,2334,3783,6117,43,32,75,145,154,299,14,7,21,0,0,0,2096,2079,4175,0,0,0,0,0,0,0,0,0,0,0,0,0,0,0,8,6,14,0,15,15,0,0,0,71,124,195,0,0,0,0,0,0,0,0,0,0,0,0,0,0,0,0,0,0,0,0,0,0,0,0,0,0,0,0,0,0,0,0,0,0,0,0,0,0,0
20171211,141757,25452,26622,52074,29857,29855,59712,111786,5936,5787,11723,0,1,1,12,17,29,75,36,111,0,0,0,0,0,0,0,0,0,241,233,474,0,0,0,3938,4437,8375,0,0,0,2096,2335,4431,13,26,39,129,151,280,3,11,14,0,0,0,2105,2309,4414,0,0,0,0,0,0,0,0,0,0,0,0,0,0,0,2,3,5,1,9,10,0,0,0,8,57,65,0,0,0,0,0,0,0,0,0,0,0,0,0,0,0,0,0,0,0,0,0,0,0,0,0,0,0,0,0,0,0,0,0,0,0,0,0,0,0
20171212,139118,24667,24926,49593,28992,26761,55753,105346,6976,7141,14117,1161,1056,2217,16,4,20,40,95,135,0,0,0,0,8,8,0,0,0,325,250,575,0,6,6,4444,4405,8849,0,0,0,2017,1950,3967,35,32,67,110,107,217,12,3,15,0,0,0,1698,1828,3526,0,0,0,0,0,0,0,0,0,0,0,0,0,0,0,7,4,11,0,2,2,0,0,0,29,11,40,0,0,0,0,0,0,0,0,0,0,0,0,0,0,0,0,0,0,0,0,0,0,0,0,0,0,0,0,0,0,0,0,0,0,0,0,0,0,0
20171213,133367,23631,25067,48698,27119,26142,53261,101959,6874,6917,13791,1,2,3,466,18,484,46,50,96,0,0,0,2,1,3,0,0,0,111,78,189,2,0,2,4407,4378,8785,0,0,0,1900,2077,3977,19,11,30,77,132,209,2,10,12,0,0,0,1881,1845,3726,0,0,0,0,0,0,0,0,0,0,0,0,0,0,0,3,2,5,0,21,21,0,0,0,61,14,75,0,0,0,0,0,0,0,0,0,0,0,0,0,0,0,0,0,0,0,0,0,0,0,0,0,0,0,0,0,0,0,0,0,0,0,0,0,0,0
20171214,143859,25700,24760,50460,30542,29973,60515,110975,6871,6707,13578,1,2,3,7,10,17,56,86,142,1,0,1,0,2,2,0,0,0,295,244,539,5,7,12,4426,4445,8871,0,0,0,2614,2691,5305,43,25,68,132,117,249,10,5,15,0,0,0,2055,1909,3964,0,0,0,0,0,0,0,0,0,0,0,0,0,0,0,12,13,25,9,11,20,0,0,0,13,60,73,0,0,0,0,0,0,0,0,0,0,0,0,0,0,0,0,0,0,0,0,0,0,0,0,0,0,0,0,0,0,0,0,0,0,0,0,0,0,0
20171215,158643,28595,27289,55884,32710,30816,63526,119410,7757,6855,14612,1186,1652,2838,9,6,15,86,137,223,0,1,1,0,9,9,0,0,0,286,222,508,0,0,0,4934,4882,9816,0,0,0,3064,3012,6076,13,15,28,168,105,273,6,16,22,0,0,0,2532,2232,4764,0,0,0,0,0,0,0,0,0,0,0,0,0,0,0,5,3,8,4,0,4,0,0,0,9,27,36,0,0,0,0,0,0,0,0,0,0,0,0,0,0,0,0,0,0,0,0,0,0,0,0,0,0,0,0,0,0,0,0,0,0,0,0,0,0,0
20171216,150571,27658,26188,53846,31929,28105,60034,113880,8179,7087,15266,4,6,10,3,1,4,123,130,253,0,0,0,0,0,0,0,0,0,311,210,521,0,4,4,4635,4223,8858,0,0,0,4071,2445,6516,47,75,122,178,101,279,8,4,12,0,0,0,2539,2201,4740,0,0,0,0,0,0,0,0,0,0,0,0,0,0,0,0,1,1,6,0,6,0,0,0,69,30,99,0,0,0,0,0,0,0,0,0,0,0,0,0,0,0,0,0,0,0,0,0,0,0,0,0,0,0,0,0,0,0,0,0,0,0,0,0,0,0
20171217,159911,29079,26552,55631,33007,29838,62845,118476,8418,7551,15969,1521,1927,3448,2,1,3,41,97,138,0,0,0,0,0,0,0,0,0,320,267,587,0,0,0,4585,5114,9699,0,0,0,2522,3879,6401,51,6,57,170,141,311,2,0,2,0,0,0,2568,2195,4763,0,0,0,0,0,0,0,0,0,0,0,0,0,0,0,4,6,10,0,0,0,0,0,0,33,14,47,0,0,0,0,0,0,0,0,0,0,0,0,0,0,0,0,0,0,0,0,0,0,0,0,0,0,0,0,0,0,0,0,0,0,0,0,0,0,0
20171218,145348,27927,26541,54468,31235,28702,59937,114405,6892,5596,12488,3,3,6,0,0,0,43,42,85,0,0,0,0,3,3,0,14,14,293,226,519,1,7,8,4002,4403,8405,0,0,0,1994,2248,4242,14,62,76,163,131,294,7,3,10,0,0,0,2419,2217,4636,0,0,0,0,0,0,0,0,0,0,0,0,0,0,0,6,8,14,0,0,0,0,0,0,27,116,143,0,0,0,0,0,0,0,0,0,0,0,0,0,0,0,0,0,0,0,0,0,0,0,0,0,0,0,0,0,0,0,0,0,0,0,0,0,0,0
20171219,140930,26164,23669,49833,29095,26847,55942,105775,7934,6486,14420,1535,1546,3081,2,5,7,80,74,154,0,0,0,5,0,5,0,0,0,381,372,753,1,1,2,4222,4479,8701,0,0,0,1996,1858,3854,11,22,33,166,102,268,5,4,9,0,0,0,2050,1760,3810,0,0,0,0,0,0,0,0,0,0,0,0,0,0,0,4,6,10,0,0,0,0,0,0,30,18,48,0,0,0,0,0,0,0,0,0,0,0,0,0,0,0,0,0,0,0,0,0,0,0,0,0,0,0,0,0,0,0,0,0,0,0,0,0,0,0
20171220,141762,27708,24208,51916,29099,26208,55307,107223,8345,7368,15713,8,2,10,197,74,271,52,321,373,0,0,0,0,0,0,0,0,0,154,120,274,0,0,0,4111,4308,8419,0,0,0,2388,2271,4659,15,31,46,171,122,293,3,2,5,0,0,0,2418,1959,4377,0,0,0,0,0,0,0,0,0,0,0,0,0,0,0,13,11,24,0,7,7,0,0,0,33,35,68,0,0,0,0,0,0,0,0,0,0,0,0,0,0,0,0,0,0,0,0,0,0,0,0,0,0,0,0,0,0,0,0,0,0,0,0,0,0,0
20171221,145050,28096,24596,52692,31038,28276,59314,112006,7654,6450,14104,2,1,3,13,7,20,34,132,166,3,0,3,0,0,0,0,0,0,328,284,612,0,1,1,4549,4370,8919,0,0,0,2307,2278,4585,61,44,105,159,124,283,0,0,0,0,0,0,2425,1746,4171,0,0,0,0,0,0,0,0,0,0,0,0,0,0,0,7,6,13,0,5,5,0,0,0,19,35,54,0,0,0,0,0,0,0,0,0,0,0,0,0,0,0,0,0,0,0,0,0,0,0,0,0,0,0,0,0,0,0,0,0,0,0,0,0,0,0
20171222,156274,29091,26213,55304,33105,28522,61627,116931,8809,6703,15512,1863,1297,3160,0,3,3,54,96,150,0,0,0,0,0,0,0,0,0,244,232,476,0,1,1,4946,4705,9651,0,0,0,2563,2273,4836,46,12,58,181,58,239,2,4,6,0,0,0,2597,2170,4767,0,0,0,2,2,4,0,0,0,0,0,0,0,0,0,243,135,378,2,12,14,0,0,0,51,37,88,0,0,0,0,0,0,0,0,0,0,0,0,0,0,0,0,0,0,0,0,0,0,0,0,0,0,0,0,0,0,0,0,0,0,0,0,0,0,0
20171223,154194,29787,26282,56069,31954,28671,60625,116694,8351,7526,15877,2,0,2,7,0,7,31,140,171,2,2,4,0,2,2,0,0,0,311,230,541,3,4,7,4714,4154,8868,0,0,0,4203,2544,6747,36,50,86,186,121,307,5,4,9,0,0,0,2201,2447,4648,0,0,0,0,0,0,0,0,0,0,0,0,0,0,0,0,1,1,1,45,46,0,0,0,101,76,177,0,0,0,0,0,0,0,0,0,0,0,0,0,0,0,0,0,0,0,0,0,0,0,0,0,0,0,0,0,0,0,0,0,0,0,0,0,0,0
20171224,150401,29035,23838,52873,32607,25918,58525,111398,8071,6623,14694,1523,1354,2877,1,5,6,32,282,314,0,0,0,0,0,0,0,0,0,283,276,559,0,0,0,4844,4258,9102,0,0,0,3092,3474,6566,58,27,85,167,138,305,5,9,14,0,0,0,2351,1960,4311,0,0,0,0,0,0,0,0,0,0,0,0,0,0,0,7,3,10,0,0,0,0,0,0,64,96,160,0,0,0,0,0,0,0,0,0,0,0,0,0,0,0,0,0,0,0,0,0,0,0,0,0,0,0,0,0,0,0,0,0,0,0,0,0,0,0
20171225,135903,26006,25530,51536,28896,25438,54334,105870,6577,5462,12039,0,0,0,4,1,5,28,110,138,0,1,1,0,5,5,0,0,0,252,287,539,0,0,0,4023,3613,7636,0,0,0,2318,2367,4685,27,17,44,175,134,309,3,16,19,0,0,0,2249,2274,4523,0,0,0,0,0,0,0,0,0,0,0,0,0,0,0,2,3,5,3,6,9,0,0,0,17,59,76,0,0,0,0,0,0,0,0,0,0,0,0,0,0,0,0,0,0,0,0,0,0,0,0,0,0,0,0,0,0,0,0,0,0,0,0,0,0,0
20171226,145915,26464,26983,53447,28923,26826,55749,109196,7996,7511,15507,1238,488,1726,7,1,8,30,99,129,5,3,8,0,0,0,0,0,0,425,329,754,9,1,10,4739,4065,8804,0,0,0,2084,2373,4457,35,26,61,163,164,327,17,9,26,0,0,0,2074,2480,4554,0,0,0,0,0,0,0,0,0,0,0,0,0,0,0,191,91,282,4,1,5,0,0,0,12,49,61,0,0,0,0,0,0,0,0,0,0,0,0,0,0,0,0,0,0,0,0,0,0,0,0,0,0,0,0,0,0,0,0,0,0,0,0,0,0,0
20171227,143844,27275,27407,54682,28405,26094,54499,109181,7911,7779,15690,3,2,5,52,304,356,54,121,175,3,0,3,0,0,0,0,0,0,156,161,317,2,0,2,4645,4252,8897,0,0,0,2169,1968,4137,52,26,78,155,160,315,13,4,17,0,0,0,2296,2147,4443,0,0,0,0,0,0,0,0,0,0,0,0,0,0,0,80,64,144,3,59,62,0,0,0,18,4,22,0,0,0,0,0,0,0,0,0,0,0,0,0,0,0,0,0,0,0,0,0,0,0,0,0,0,0,0,0,0,0,0,0,0,0,0,0,0,0
20171228,149254,27414,27796,55210,29406,29671,59077,114287,7477,7332,14809,0,0,0,58,57,115,43,246,289,0,2,2,0,3,3,0,0,0,284,304,588,0,7,7,4771,4495,9266,0,0,0,2382,2446,4828,76,57,133,150,156,306,14,11,25,0,0,0,2315,2225,4540,0,0,0,0,0,0,0,0,0,0,0,0,0,0,0,10,17,27,0,8,8,0,0,0,17,4,21,0,0,0,0,0,0,0,0,0,0,0,0,0,0,0,0,0,0,0,0,0,0,0,0,0,0,0,0,0,0,0,0,0,0,0,0,0,0,0
20171229,162552,27299,29895,57194,31193,31509,62702,119896,8119,8188,16307,2098,3072,5170,6,3,9,38,53,91,7,5,12,0,0,0,0,0,0,227,213,440,1,1,2,5003,4894,9897,0,0,0,2674,2640,5314,28,40,68,166,165,331,8,10,18,0,0,0,2286,2406,4692,0,0,0,0,0,0,0,0,0,0,0,0,0,0,0,134,71,205,0,0,0,0,0,0,61,39,100,0,0,0,0,0,0,0,0,0,0,0,0,0,0,0,0,0,0,0,0,0,0,0,0,0,0,0,0,0,0,0,0,0,0,0,0,0,0,0
20171230,158064,27661,30690,58351,29828,31189,61017,119368,7272,8223,15495,2,9,11,4,9,13,23,83,106,0,0,0,443,442,885,0,0,0,246,293,539,0,0,0,4557,4312,8869,0,0,0,4380,2794,7174,26,95,121,158,167,325,2,1,3,0,0,0,2199,2534,4733,0,0,0,0,0,0,0,0,0,0,0,0,0,0,0,104,75,179,0,0,0,0,0,0,187,56,243,0,0,0,0,0,0,0,0,0,0,0,0,0,0,0,0,0,0,0,0,0,0,0,0,0,0,0,0,0,0,0,0,0,0,0,0,0,0,0
20171231,133360,22098,26008,48106,25105,24769,49874,97980,6072,6209,12281,2463,1769,4232,2,4,6,16,111,127,0,7,7,0,0,0,0,0,0,207,233,440,0,0,0,4195,3543,7738,0,0,0,3253,2784,6037,29,97,126,160,168,328,2,13,15,0,0,0,1829,2091,3920,0,0,0,0,0,0,0,0,0,0,0,0,0,0,0,0,0,0,1,0,1,0,0,0,47,75,122,0,0,0,0,0,0,0,0,0,0,0,0,0,0,0,0,0,0,0,0,0,0,0,0,0,0,0,0,0,0,0,0,0,0,0,0,0,0,0
