20180101,144739,27809,28202,56011,28281,27181,55462,111473,6812,5671,12483,0,1259,1259,17,1,18,5,8,13,0,0,0,0,0,0,0,0,0,214,278,492,5,0,5,4218,3815,8033,0,0,0,2326,3594,5920,94,23,117,152,178,330,6,2,8,0,0,0,2336,2147,4483,0,0,0,0,0,0,0,0,0,0,0,0,0,0,0,0,0,0,0,2,2,0,0,0,18,85,103,0,0,0,0,0,0,0,0,0,0,0,0,0,0,0,0,0,0,0,0,0,0,0,0,0,0,0,0,0,0,0,0,0,0,0,0,0,0,0
20180102,152676,26890,29718,56608,28745,29921,58666,115274,7321,7388,14709,1760,615,2375,0,0,0,2294,49,2343,0,0,0,1,0,1,0,0,0,318,333,651,0,9,9,4576,4732,9308,0,0,0,1482,1977,3459,39,41,80,141,167,308,0,0,0,0,0,0,1943,1987,3930,0,0,0,0,0,0,0,0,0,0,0,0,0,0,0,111,83,194,0,12,12,0,0,0,10,13,23,0,0,0,0,0,0,0,0,0,0,0,0,0,0,0,0,0,0,0,0,0,0,0,0,0,0,0,0,0,0,0,0,0,0,0,0,0,0,0
20180103,132510,24583,26742,51325,23852,27802,51654,102979,6581,7026,13607,2,1,3,12,22,34,18,54,72,0,0,0,0,7,7,0,0,0,70,134,204,0,0,0,4057,4436,8493,0,0,0,1230,1812,3042,20,17,37,106,170,276,0,0,0,0,0,0,1675,1925,3600,0,0,0,0,0,0,0,0,0,0,0,0,0,0,0,47,83,130,0,0,0,0,0,0,15,11,26,0,0,0,0,0,0,0,0,0,0,0,0,0,0,0,0,0,0,0,0,0,0,0,0,0,0,0,0,0,0,0,0,0,0,0,0,0,0,0
20180104,124727,21870,24823,46693,22503,27125,49628,96321,4610,5984,10594,2,2267,2269,38,66,104,81,110,191,0,0,0,0,0,0,0,0,0,219,234,453,1,3,4,3747,4556,8303,0,0,0,1288,1811,3099,12,28,40,134,149,283,0,0,0,0,0,0,1163,1819,2982,0,0,0,0,0,0,0,0,0,0,0,0,0,0,0,1,1,2,0,0,0,0,0,0,13,69,82,0,0,0,0,0,0,0,0,0,0,0,0,0,0,0,0,0,0,0,0,0,0,0,0,0,0,0,0,0,0,0,0,0,0,0,0,0,0,0
20180105,122641,21760,23629,45389,21578,25542,47120,92509,5857,6413,12270,690,1045,1735,13,4,17,27,33,60,0,0,0,0,0,0,0,0,0,80,178,258,0,5,5,3849,4465,8314,0,0,0,1461,1763,3224,24,36,60,95,150,245,2,3,5,0,0,0,1670,1927,3597,0,0,0,0,0,0,0,0,0,0,0,0,0,0,0,110,207,317,0,5,5,0,0,0,6,14,20,0,0,0,0,0,0,0,0,0,0,0,0,0,0,0,0,0,0,0,0,0,0,0,0,0,0,0,0,0,0,0,0,0,0,0,0,0,0,0
20180106,124719,20791,23825,44616,21412,25956,47368,91984,4698,6386,11084,1487,3526,5013,10,25,35,22,38,60,0,0,0,0,0,0,0,0,0,224,200,424,1,0,1,3300,4298,7598,0,0,0,2454,1976,4430,96,21,117,149,118,267,3,12,15,0,0,0,1667,1959,3626,0,0,0,0,0,0,0,0,0,0,0,0,0,0,0,3,4,7,0,0,0,0,0,0,44,14,58,0,0,0,0,0,0,0,0,0,0,0,0,0,0,0,0,0,0,0,0,0,0,0,0,0,0,0,0,0,0,0,0,0,0,0,0,0,0,0
20180107,130882,21479,25998,47477,23012,28417,51429,98906,5286,7009,12295,1108,1677,2785,69,91,160,10,28,38,0,0,0,2,0,2,0,0,0,217,287,504,0,0,0,3180,4851,8031,0,0,0,1691,2101,3792,21,18,39,142,153,295,13,7,20,0,0,0,1791,2142,3933,0,0,0,0,0,0,0,0,0,0,0,0,0,0,0,4,4,8,0,2,2,0,0,0,12,60,72,0,0,0,0,0,0,0,0,0,0,0,0,0,0,0,0,0,0,0,0,0,0,0,0,0,0,0,0,0,0,0,0,0,0,0,0,0,0,0
20180108,120671,19835,25525,45360,21530,29212,50742,96102,4012,5644,9656,1,2,3,19,7,26,30,16,46,0,0,0,0,0,0,0,0,0,178,237,415,0,0,0,2780,4378,7158,0,0,0,1488,1608,3096,9,13,22,117,144,261,3,6,9,0,0,0,1770,2078,3848,0,0,0,0,0,0,0,0,0,0,0,0,0,0,0,3,6,9,0,12,12,0,0,0,6,2,8,0,0,0,0,0,0,0,0,0,0,0,0,0,0,0,0,0,0,0,0,0,0,0,0,0,0,0,0,0,0,0,0,0,0,0,0,0,0,0
20180109,114580,18469,21583,40052,19598,24552,44150,84202,5343,6086,11429,2831,1814,4645,5,3,8,23,80,103,0,0,0,0,2,2,0,0,0,271,274,545,13,7,20,2931,4351,7282,0,0,0,1262,1529,2791,17,7,24,112,121,233,2,2,4,0,0,0,1452,1595,3047,0,0,0,0,0,0,0,0,0,0,0,0,0,0,0,136,89,225,0,0,0,0,0,0,7,13,20,0,0,0,0,0,0,0,0,0,0,0,0,0,0,0,0,0,0,0,0,0,0,0,0,0,0,0,0,0,0,0,0,0,0,0,0,0,0,0
20180110,112255,19282,21814,41096,20542,23183,43725,84821,5743,6110,11853,596,335,931,158,18,176,44,37,81,0,0,0,0,0,0,0,0,0,108,88,196,0,0,0,3454,3524,6978,0,0,0,1568,1485,3053,22,19,41,72,140,212,1,3,4,0,0,0,1690,1701,3391,0,0,0,0,0,0,0,0,0,0,0,0,0,0,0,79,396,475,1,0,1,0,0,0,35,7,42,0,0,0,0,0,0,0,0,0,0,0,0,0,0,0,0,0,0,0,0,0,0,0,0,0,0,0,0,0,0,0,0,0,0,0,0,0,0,0
20180111,114579,20394,21774,42168,21851,24611,46462,88630,5253,5663,10916,0,4,4,3,0,3,47,49,96,0,0,0,0,0,0,0,0,0,226,200,426,10,5,15,3594,3694,7288,0,0,0,1776,1793,3569,13,33,46,111,82,193,3,11,14,0,0,0,1740,1568,3308,0,0,0,0,0,0,0,0,0,0,0,0,0,0,0,4,3,7,0,10,10,0,0,0,8,46,54,0,0,0,0,0,0,0,0,0,0,0,0,0,0,0,0,0,0,0,0,0,0,0,0,0,0,0,0,0,0,0,0,0,0,0,0,0,0,0
20180112,135133,23957,23005,46962,25463,25467,50930,97892,6363,6138,12501,3259,4558,7817,12,11,23,42,35,77,1,1,2,0,0,0,0,0,0,149,190,339,5,3,8,4080,3974,8054,0,0,0,2107,2020,4127,12,43,55,124,110,234,11,2,13,0,0,0,2090,1872,3962,0,0,0,0,0,0,0,0,0,0,0,0,0,0,0,3,1,4,0,0,0,0,0,0,17,8,25,0,0,0,0,0,0,0,0,0,0,0,0,0,0,0,0,0,0,0,0,0,0,0,0,0,0,0,0,0,0,0,0,0,0,0,0,0,0,0
20180113,124527,21598,23239,44837,23838,26545,50383,95220,5625,6816,12441,1,0,1,5,15,20,30,55,85,1,0,1,0,0,0,0,0,0,293,242,535,0,0,0,3790,3639,7429,0,0,0,3166,1589,4755,94,53,147,128,120,248,1,11,12,0,0,0,1831,1754,3585,0,0,0,0,0,0,0,0,0,0,0,0,0,0,0,1,4,5,0,2,2,0,0,0,26,15,41,0,0,0,0,0,0,0,0,0,0,0,0,0,0,0,0,0,0,0,0,0,0,0,0,0,0,0,0,0,0,0,0,0,0,0,0,0,0,0
20180114,136300,21700,26440,48140,26011,28202,54213,102353,6163,7252,13415,1136,792,1928,108,329,437,28,17,45,0,0,0,0,2,2,0,0,0,173,280,453,0,0,0,3851,4545,8396,0,0,0,1569,3440,5009,38,29,67,103,144,247,12,1,13,0,0,0,1788,2061,3849,0,0,0,0,0,0,0,0,0,0,0,0,0,0,0,3,2,5,0,21,21,0,0,0,17,43,60,0,0,0,0,0,0,0,0,0,0,0,0,0,0,0,0,0,0,0,0,0,0,0,0,0,0,0,0,0,0,0,0,0,0,0,0,0,0,0
20180115,129249,21948,25500,47448,24041,29373,53414,100862,4864,5929,10793,952,6,958,62,47,109,52,80,132,2,1,3,0,0,0,0,0,0,171,283,454,0,0,0,3513,4132,7645,0,0,0,1640,2435,4075,26,55,81,84,136,220,0,2,2,0,0,0,1709,2098,3807,0,0,0,0,0,0,0,0,0,0,0,0,0,0,0,5,1,6,0,81,81,0,0,0,5,16,21,0,0,0,0,0,0,0,0,0,0,0,0,0,0,0,0,0,0,0,0,0,0,0,0,0,0,0,0,0,0,0,0,0,0,0,0,0,0,0
20180116,126411,19984,23948,43932,22844,25757,48601,92533,5881,6985,12866,3257,1412,4669,16,9,25,40,44,84,0,1,1,0,0,0,0,0,0,379,396,775,2,3,5,3941,4448,8389,0,0,0,1864,1761,3625,19,24,43,70,106,176,0,9,9,0,0,0,1132,1696,2828,0,0,0,0,0,0,0,0,0,0,0,0,0,0,0,142,208,350,3,14,17,0,0,0,13,3,16,0,0,0,0,0,0,0,0,0,0,0,0,0,0,0,0,0,0,0,0,0,0,0,0,0,0,0,0,0,0,0,0,0,0,0,0,0,0,0
20180117,120675,20099,23800,43899,22318,25566,47884,91783,6201,6991,13192,1,1,2,101,48,149,42,34,76,0,0,0,0,0,0,0,0,0,69,67,136,0,0,0,3914,4220,8134,0,0,0,1560,1753,3313,28,59,87,66,101,167,18,10,28,0,0,0,1568,1800,3368,0,0,0,0,0,0,0,0,0,0,0,0,0,0,0,55,84,139,0,9,9,0,0,0,48,44,92,0,0,0,0,0,0,0,0,0,0,0,0,0,0,0,0,0,0,0,0,0,0,0,0,0,0,0,0,0,0,0,0,0,0,0,0,0,0,0
20180118,128528,21905,24041,45946,25275,27914,53189,99135,6009,6683,12692,19,22,41,35,650,685,30,42,72,1,0,1,0,0,0,0,0,0,235,242,477,22,0,22,4133,4200,8333,0,0,0,1760,1627,3387,27,21,48,117,96,213,2,3,5,0,0,0,1690,1684,3374,0,0,0,0,0,0,0,0,0,0,0,0,0,0,0,1,0,1,2,10,12,0,0,0,14,16,30,0,0,0,0,0,0,0,0,0,0,0,0,0,0,0,0,0,0,0,0,0,0,0,0,0,0,0,0,0,0,0,0,0,0,0,0,0,0,0
20180119,141069,23729,25615,49344,27376,29366,56742,106086,6775,7176,13951,546,1820,2366,15,11,26,42,53,95,0,0,0,0,0,0,0,0,0,206,212,418,4,4,8,4589,4771,9360,0,0,0,2135,2108,4243,45,24,69,93,115,208,3,3,6,0,0,0,2070,1872,3942,0,0,0,0,0,0,0,0,0,0,0,0,0,0,0,88,100,188,0,1,1,0,0,0,47,55,102,0,0,0,0,0,0,0,0,0,0,0,0,0,0,0,0,0,0,0,0,0,0,0,0,0,0,0,0,0,0,0,0,0,0,0,0,0,0,0
20180120,142630,23471,26798,50269,27459,30320,57779,108048,6943,7767,14710,6,0,6,11,13,24,28,16,44,0,0,0,0,9,9,0,0,0,241,222,463,4,3,7,4315,4312,8627,0,0,0,3279,2329,5608,22,78,100,147,114,261,8,1,9,0,0,0,2101,2152,4253,0,0,0,0,0,0,0,0,0,0,0,0,0,0,0,84,241,325,0,31,31,0,0,0,78,27,105,0,0,0,0,0,0,0,0,0,0,0,0,0,0,0,0,0,0,0,0,0,0,0,0,0,0,0,0,0,0,0,0,0,0,0,0,0,0,0
20180121,150634,24288,28334,52622,29279,31268,60547,113169,7277,7691,14968,1686,1182,2868,54,288,342,28,14,42,3,4,7,1,1,2,0,0,0,203,285,488,3,0,3,4752,4825,9577,0,0,0,2242,3222,5464,24,18,42,131,159,290,7,21,28,0,0,0,1220,2046,3266,0,0,0,0,0,0,0,0,0,0,0,0,0,0,0,2,6,8,0,1,1,0,0,0,42,27,69,0,0,0,0,0,0,0,0,0,0,0,0,0,0,0,0,0,0,0,0,0,0,0,0,0,0,0,0,0,0,0,0,0,0,0,0,0,0,0
20180122,133614,21958,26750,48708,25321,30712,56033,104741,5162,6039,11201,21,23,44,99,683,782,88,76,164,0,0,0,0,0,0,0,0,0,124,264,388,1,0,1,3453,4335,7788,0,0,0,1894,2220,4114,37,42,79,118,152,270,10,0,10,0,0,0,1757,2188,3945,0,0,0,0,0,0,0,0,0,0,0,0,0,0,0,3,2,5,1,20,21,0,0,0,24,37,61,0,0,0,0,0,0,0,0,0,0,0,0,0,0,0,0,0,0,0,0,0,0,0,0,0,0,0,0,0,0,0,0,0,0,0,0,0,0,0
20180123,137952,20754,25733,46487,26312,28405,54717,101204,6914,7403,14317,2234,2647,4881,4,8,12,27,33,60,0,0,0,0,0,0,0,0,0,302,405,707,1,0,1,4772,4778,9550,0,0,0,1855,1896,3751,67,70,137,64,118,182,4,2,6,0,0,0,1411,1689,3100,0,0,0,0,0,0,0,0,0,0,0,0,0,0,0,2,2,4,0,2,2,0,0,0,7,31,38,0,0,0,0,0,0,0,0,0,0,0,0,0,0,0,0,0,0,0,0,0,0,0,0,0,0,0,0,0,0,0,0,0,0,0,0,0,0,0
20180124,138067,23960,26818,50778,26427,28869,55296,106074,6774,7818,14592,1,5,6,147,139,286,25,37,62,0,0,0,0,0,0,0,0,0,149,74,223,8,1,9,4296,4706,9002,0,0,0,1782,1988,3770,24,44,68,117,135,252,3,3,6,0,0,0,1692,1983,3675,0,0,0,0,0,0,0,0,0,0,0,0,0,0,0,7,8,15,4,1,5,0,0,0,6,16,22,0,0,0,0,0,0,0,0,0,0,0,0,0,0,0,0,0,0,0,0,0,0,0,0,0,0,0,0,0,0,0,0,0,0,0,0,0,0,0
20180125,147424,23396,29247,52643,27537,34019,61556,114199,6156,8160,14316,8,0,8,13,10,23,32,22,54,1,1,2,8,0,8,0,0,0,271,259,530,0,4,4,4522,4793,9315,0,0,0,2157,2388,4545,16,29,45,108,142,250,3,6,9,0,0,0,1726,2283,4009,0,0,0,0,0,0,0,0,0,0,0,0,0,0,0,5,4,9,0,13,13,0,0,0,54,31,85,0,0,0,0,0,0,0,0,0,0,0,0,0,0,0,0,0,0,0,0,0,0,0,0,0,0,0,0,0,0,0,0,0,0,0,0,0,0,0
20180126,160867,25957,30324,56281,31851,33180,65031,121312,7866,8541,16407,1544,1343,2887,6,4,10,17,63,80,0,0,0,2,2,4,0,0,0,270,293,563,6,0,6,4859,5011,9870,0,0,0,2186,2564,4750,23,18,41,131,139,270,6,6,12,0,0,0,2154,2367,4521,0,0,0,23,0,23,0,0,0,0,0,0,0,0,0,4,7,11,0,26,26,0,0,0,32,42,74,0,0,0,0,0,0,0,0,0,0,0,0,0,0,0,0,0,0,0,0,0,0,0,0,0,0,0,0,0,0,0,0,0,0,0,0,0,0,0
20180127,154511,27066,29234,56300,30587,31330,61917,118217,7523,8076,15599,1,1,2,8,11,19,22,10,32,0,0,0,0,0,0,0,0,0,301,243,544,0,1,1,4574,4287,8861,0,0,0,3686,2802,6488,19,49,68,144,148,292,7,4,11,0,0,0,2163,2098,4261,0,0,0,0,25,25,0,0,0,0,0,0,0,0,0,5,0,5,0,0,0,0,0,0,32,54,86,0,0,0,0,0,0,0,0,0,0,0,0,0,0,0,0,0,0,0,0,0,0,0,0,0,0,0,0,0,0,0,0,0,0,0,0,0,0,0
20180128,159720,25343,29897,55240,31049,32015,63064,118304,7934,7873,15807,1339,1802,3141,124,463,587,23,32,55,0,0,0,0,8,8,0,0,0,249,289,538,1,0,1,5030,4950,9980,0,0,0,2899,3426,6325,33,49,82,158,136,294,5,4,9,0,0,0,2137,2380,4517,0,0,0,0,0,0,0,0,0,0,0,0,0,0,0,0,1,1,0,0,0,0,0,0,15,56,71,0,0,0,0,0,0,0,0,0,0,0,0,0,0,0,0,0,0,0,0,0,0,0,0,0,0,0,0,0,0,0,0,0,0,0,0,0,0,0
20180129,148773,25285,28021,53306,32288,32028,64316,117622,6295,6342,12637,2,4,6,3,0,3,36,22,58,10,10,20,0,0,0,0,0,0,178,243,421,6,1,7,4393,4507,8900,0,0,0,2290,2112,4402,15,17,32,131,180,311,5,2,7,0,0,0,1980,2292,4272,0,0,0,0,0,0,0,0,0,0,0,0,0,0,0,3,8,11,1,30,31,0,0,0,15,18,33,0,0,0,0,0,0,0,0,0,0,0,0,0,0,0,0,0,0,0,0,0,0,0,0,0,0,0,0,0,0,0,0,0,0,0,0,0,0,0
20180130,143971,24676,25937,50613,30069,27445,57514,108127,7747,7199,14946,1660,1406,3066,1,6,7,38,60,98,0,0,0,0,0,0,0,0,0,439,373,812,4,2,6,4753,4339,9092,0,0,0,2054,1743,3797,51,18,69,126,137,263,2,0,2,0,0,0,1892,1723,3615,0,0,0,9,0,9,0,0,0,0,0,0,0,0,0,2,4,6,0,25,25,0,0,0,12,19,31,0,0,0,0,0,0,0,0,0,0,0,0,0,0,0,0,0,0,0,0,0,0,0,0,0,0,0,0,0,0,0,0,0,0,0,0,0,0,0
20180131,141479,25823,25923,51746,29385,26879,56264,108010,8075,7465,15540,0,11,11,169,36,205,82,57,139,0,0,0,0,7,7,0,0,0,93,56,149,9,2,11,4642,4372,9014,0,0,0,2127,1853,3980,33,4,37,144,116,260,2,2,4,0,0,0,2189,1847,4036,0,0,0,0,0,0,0,0,0,0,0,0,0,0,0,15,14,29,1,16,17,0,0,0,16,14,30,0,0,0,0,0,0,0,0,0,0,0,0,0,0,0,0,0,0,0,0,0,0,0,0,0,0,0,0,0,0,0,0,0,0,0,0,0,0,0
20180201,148388,26805,26942,53747,32319,29461,61780,115527,7404,7033,14437,5,2,7,17,4,21,50,60,110,0,0,0,0,0,0,0,0,0,232,265,497,5,6,11,4794,4296,9090,0,0,0,2059,2267,4326,19,18,37,153,113,266,1,0,1,0,0,0,1933,2033,3966,0,0,0,0,0,0,0,0,0,0,0,0,0,0,0,7,10,17,3,19,22,0,0,0,19,34,53,0,0,0,0,0,0,0,0,0,0,0,0,0,0,0,0,0,0,0,0,0,0,0,0,0,0,0,0,0,0,0,0,0,0,0,0,0,0,0
20180202,152245,25925,26070,51995,32768,29295,62063,114058,8282,7321,15603,1439,1530,2969,2,7,9,42,16,58,0,0,0,0,0,0,0,0,0,236,269,505,1,0,1,5066,4616,9682,0,0,0,2168,2448,4616,18,62,80,163,105,268,2,4,6,0,0,0,2336,1955,4291,0,0,0,0,0,0,0,0,0,0,0,0,0,0,0,9,9,18,0,0,0,0,0,0,43,38,81,0,0,0,0,0,0,0,0,0,0,0,0,0,0,0,0,0,0,0,0,0,0,0,0,0,0,0,0,0,0,0,0,0,0,0,0,0,0,0
20180203,153984,26372,28003,54375,32031,29442,61473,115848,8013,7641,15654,1501,8,1509,5,9,14,21,23,44,0,0,0,1,0,1,0,0,0,245,235,480,1,1,2,4665,4289,8954,0,0,0,3797,2873,6670,16,43,59,149,108,257,3,0,3,0,0,0,2441,1999,4440,0,0,0,0,0,0,0,0,0,0,0,0,0,0,0,1,1,2,0,0,0,0,0,0,32,15,47,0,0,0,0,0,0,0,0,0,0,0,0,0,0,0,0,0,0,0,0,0,0,0,0,0,0,0,0,0,0,0,0,0,0,0,0,0,0,0
20180204,159167,27255,28326,55581,33485,29513,62998,118579,8253,7683,15936,1637,1925,3562,12,1,13,27,64,91,0,0,0,0,0,0,0,0,0,255,251,506,0,6,6,5046,4451,9497,0,0,0,2874,3187,6061,24,18,42,168,150,318,2,6,8,0,0,0,2375,2066,4441,0,0,0,0,0,0,0,0,0,0,0,0,0,0,0,1,1,2,1,0,1,0,0,0,47,57,104,0,0,0,0,0,0,0,0,0,0,0,0,0,0,0,0,0,0,0,0,0,0,0,0,0,0,0,0,0,0,0,0,0,0,0,0,0,0,0
20180205,144810,27221,25547,52768,33240,27369,60609,113377,7328,5581,12909,1,2,3,2,6,8,33,40,73,0,9,9,0,8,8,0,0,0,247,254,501,0,0,0,4460,4062,8522,0,0,0,2456,2121,4577,45,42,87,159,152,311,7,1,8,0,0,0,2347,2001,4348,0,0,0,0,0,0,0,0,0,0,0,0,0,0,0,1,3,4,0,9,9,0,0,0,31,25,56,0,0,0,0,0,0,0,0,0,0,0,0,0,0,0,0,0,0,0,0,0,0,0,0,0,0,0,0,0,0,0,0,0,0,0,0,0,0,0
20180206,139252,24962,24028,48990,31686,25529,57215,106205,8289,6451,14740,0,2,2,2,8,10,60,38,98,13,5,18,0,9,9,0,0,0,459,337,796,7,2,9,4884,4045,8929,0,0,0,2234,2042,4276,73,73,146,151,110,261,4,6,10,0,0,0,2288,1336,3624,0,0,0,0,0,0,0,0,0,0,0,0,0,0,0,1,4,5,1,26,27,0,0,0,14,73,87,0,0,0,0,0,0,0,0,0,0,0,0,0,0,0,0,0,0,0,0,0,0,0,0,0,0,0,0,0,0,0,0,0,0,0,0,0,0,0
20180207,146923,27966,25606,53572,32329,26661,58990,112562,8559,6870,15429,3,0,3,96,41,137,62,55,117,0,0,0,0,16,16,0,0,0,151,31,182,2,1,3,4633,4154,8787,0,0,0,2619,1769,4388,39,56,95,0,164,164,7,7,14,0,0,0,2447,1513,3960,0,0,0,0,0,0,0,0,0,0,0,0,0,0,0,204,758,962,1,34,35,0,0,0,20,49,69,0,0,0,0,0,0,0,0,0,0,0,0,0,0,0,0,0,0,0,0,0,0,0,0,0,0,0,0,0,0,0,0,0,0,0,0,0,0,0
20180208,149197,28969,24851,53820,33587,28869,62456,116276,7936,6068,14004,24,7,31,147,308,455,55,47,102,0,0,0,0,0,0,0,0,0,325,203,528,4,2,6,4817,3894,8711,0,0,0,2821,1819,4640,56,76,132,92,98,190,3,1,4,0,0,0,2336,1632,3968,0,0,0,0,0,0,0,0,0,0,0,0,0,0,0,8,11,19,0,64,64,0,0,0,20,47,67,0,0,0,0,0,0,0,0,0,0,0,0,0,0,0,0,0,0,0,0,0,0,0,0,0,0,0,0,0,0,0,0,0,0,0,0,0,0,0
20180209,160606,28846,28050,56896,37200,29832,67032,123928,9357,7014,16371,707,931,1638,19,23,42,65,41,106,1,1,2,0,8,8,0,0,0,253,214,467,0,4,4,5233,4415,9648,0,0,0,2807,1887,4694,8,44,52,59,33,92,3,11,14,0,0,0,1714,1318,3032,0,0,0,0,0,0,0,0,0,0,0,0,0,0,0,185,252,437,1,10,11,0,0,0,31,29,60,0,0,0,0,0,0,0,0,0,0,0,0,0,0,0,0,0,0,0,0,0,0,0,0,0,0,0,0,0,0,0,0,0,0,0,0,0,0,0
20180210,166961,30890,29788,60678,38057,31506,69563,130241,9373,7710,17083,1,3,4,18,8,26,40,23,63,0,0,0,0,0,0,0,0,0,331,237,568,1,3,4,4802,4182,8984,0,0,0,3004,1824,4828,15,67,82,58,66,124,9,3,12,0,0,0,2428,1596,4024,0,0,0,0,0,0,0,0,0,0,0,0,0,0,0,234,583,817,10,0,10,0,0,0,21,70,91,0,0,0,0,0,0,0,0,0,0,0,0,0,0,0,0,0,0,0,0,0,0,0,0,0,0,0,0,0,0,0,0,0,0,0,0,0,0,0
20180211,157814,30768,25178,55946,36749,27788,64537,120483,9266,6478,15744,928,1777,2705,12,9,21,64,23,87,0,1,1,0,0,0,0,0,0,319,247,566,3,0,3,4926,3793,8719,0,0,0,3026,2089,5115,23,85,108,84,50,134,0,0,0,0,0,0,2441,1619,4060,0,0,0,0,0,0,0,0,0,0,0,0,0,0,0,5,3,8,0,2,2,0,0,0,30,28,58,0,0,0,0,0,0,0,0,0,0,0,0,0,0,0,0,0,0,0,0,0,0,0,0,0,0,0,0,0,0,0,0,0,0,0,0,0,0,0
20180212,148374,29227,24443,53670,35485,27318,62803,116473,7921,5579,13500,4,17,21,496,324,820,67,65,132,0,0,0,1,1,2,0,0,0,319,234,553,8,1,9,4093,3632,7725,0,0,0,3002,1993,4995,25,72,97,87,64,151,4,2,6,0,0,0,2407,1381,3788,0,0,0,0,0,0,0,0,0,0,0,0,0,0,0,25,4,29,0,7,7,0,0,0,21,45,66,0,0,0,0,0,0,0,0,0,0,0,0,0,0,0,0,0,0,0,0,0,0,0,0,0,0,0,0,0,0,0,0,0,0,0,0,0,0,0
20180213,167273,31034,28838,59872,36965,31224,68189,128061,9539,7439,16978,1722,1380,3102,99,29,128,86,56,142,1,0,1,0,9,9,0,0,0,435,317,752,0,0,0,4272,4042,8314,0,0,0,2981,1828,4809,28,68,96,100,48,148,3,9,12,0,0,0,2370,1548,3918,0,0,0,0,0,0,0,0,0,0,0,0,0,0,0,215,512,727,2,9,11,0,0,0,22,43,65,0,0,0,0,0,0,0,0,0,0,0,0,0,0,0,0,0,0,0,0,0,0,0,0,0,0,0,0,0,0,0,0,0,0,0,0,0,0,0
20180214,157185,29339,29461,58800,33188,31108,64296,123096,9260,7577,16837,16,14,30,6,6,12,67,56,123,0,0,0,6,0,6,0,0,0,150,121,271,10,6,16,4014,4394,8408,0,0,0,2165,1342,3507,14,56,70,92,48,140,8,8,16,0,0,0,2102,1852,3954,0,0,0,0,0,0,0,0,0,0,0,0,0,0,0,167,450,617,0,39,39,0,0,0,3,40,43,0,0,0,0,0,0,0,0,0,0,0,0,0,0,0,0,0,0,0,0,0,0,0,0,0,0,0,0,0,0,0,0,0,0,0,0,0,0,0
20180215,144162,27233,29176,56409,28561,29413,57974,114383,7458,7531,14989,96,8,104,6,10,16,28,22,50,0,0,0,0,0,0,0,0,0,316,214,530,0,5,5,3705,4171,7876,0,0,0,1078,611,1689,6,72,78,101,18,119,5,4,9,0,0,0,2156,2127,4283,0,0,0,0,0,0,0,0,0,0,0,0,0,0,0,5,4,9,0,0,0,0,0,0,5,17,22,0,0,0,0,0,0,0,0,0,0,0,0,0,0,0,0,0,0,0,0,0,0,0,0,0,0,0,0,0,0,0,0,0,0,0,0,0,0,0
20180216,148503,25371,29833,55204,28152,30396,58548,113752,7796,7831,15627,1366,1490,2856,5,0,5,16,28,44,0,0,0,0,0,0,0,0,0,201,121,322,0,0,0,3328,4270,7598,0,0,0,2211,1398,3609,4,102,106,56,51,107,3,2,5,0,0,0,1972,2463,4435,0,0,0,0,0,0,0,0,0,0,0,0,0,0,0,0,0,0,0,0,0,0,0,0,11,26,37,0,0,0,0,0,0,0,0,0,0,0,0,0,0,0,0,0,0,0,0,0,0,0,0,0,0,0,0,0,0,0,0,0,0,0,0,0,0,0
20180217,148876,26846,27016,53862,30303,29869,60172,114034,8338,7790,16128,0,0,0,7,12,19,10,48,58,0,0,0,0,0,0,0,0,0,297,235,532,0,0,0,3842,3943,7785,0,0,0,3216,1971,5187,25,80,105,66,43,109,4,6,10,0,0,0,2075,1969,4044,0,0,0,0,0,0,0,0,0,0,0,0,0,0,0,376,292,668,0,14,14,0,0,0,135,48,183,0,0,0,0,0,0,0,0,0,0,0,0,0,0,0,0,0,0,0,0,0,0,0,0,0,0,0,0,0,0,0,0,0,0,0,0,0,0,0
20180218,167816,30041,29026,59067,32940,33073,66013,125080,8696,8038,16734,1926,1780,3706,177,391,568,19,25,44,0,0,0,0,0,0,0,0,0,268,329,597,1,2,3,4538,4724,9262,0,0,0,3348,3211,6559,31,52,83,78,72,150,2,4,6,0,0,0,2550,2289,4839,0,0,0,0,0,0,0,0,0,0,0,0,0,0,0,0,0,0,0,47,47,0,0,0,44,94,138,0,0,0,0,0,0,0,0,0,0,0,0,0,0,0,0,0,0,0,0,0,0,0,0,0,0,0,0,0,0,0,0,0,0,0,0,0,0,0
20180219,176017,34009,30082,64091,38209,34276,72485,136576,8393,7912,16305,0,80,80,434,302,736,39,19,58,0,0,0,0,0,0,0,0,0,302,346,648,0,0,0,4534,4332,8866,0,0,0,3037,3831,6868,99,94,193,94,105,199,6,1,7,0,0,0,2732,2512,5244,0,0,0,0,0,0,0,0,0,0,0,0,0,0,0,1,22,23,0,65,65,0,0,0,105,44,149,0,0,0,0,0,0,0,0,0,0,0,0,0,0,0,0,0,0,0,0,0,0,0,0,0,0,0,0,0,0,0,0,0,0,0,0,0,0,0
20180220,190850,36994,31552,68546,39658,35446,75104,143650,10826,9574,20400,1793,699,2492,9,0,9,7,76,83,0,0,0,0,0,0,0,0,0,481,447,928,0,2,2,4839,4479,9318,0,0,0,2865,4032,6897,157,33,190,82,115,197,0,3,3,0,0,0,2870,2566,5436,0,0,0,0,0,0,0,0,0,0,0,0,0,0,0,747,330,1077,0,12,12,0,0,0,110,46,156,0,0,0,0,0,0,0,0,0,0,0,0,0,0,0,0,0,0,0,0,0,0,0,0,0,0,0,0,0,0,0,0,0,0,0,0,0,0,0
20180221,171870,31791,30682,62473,33351,35815,69166,131639,9168,9896,19064,5,10,15,283,231,514,42,43,85,0,0,0,0,0,0,0,0,0,106,154,260,6,3,9,4503,4071,8574,0,0,0,2360,4389,6749,48,53,101,83,80,163,4,8,12,0,0,0,2097,2438,4535,0,0,0,0,0,0,0,0,0,0,0,0,0,0,0,5,4,9,2,44,46,0,0,0,81,14,95,0,0,0,0,0,0,0,0,0,0,0,0,0,0,0,0,0,0,0,0,0,0,0,0,0,0,0,0,0,0,0,0,0,0,0,0,0,0,0
20180222,163472,29792,29096,58888,31779,35561,67340,126228,7612,9557,17169,2,1,3,11,15,26,33,55,88,0,0,0,4,0,4,0,0,0,286,336,622,4,4,8,3994,4218,8212,0,0,0,2439,3759,6198,34,29,63,92,132,224,10,3,13,0,0,0,1926,2543,4469,0,0,0,0,0,0,0,0,0,0,0,0,0,0,0,10,6,16,0,0,0,0,0,0,72,57,129,0,0,0,0,0,0,0,0,0,0,0,0,0,0,0,0,0,0,0,0,0,0,0,0,0,0,0,0,0,0,0,0,0,0,0,0,0,0,0
20180223,171063,28409,29744,58153,31095,38103,69198,127351,8183,9695,17878,798,2984,3782,7,6,13,26,39,65,0,0,0,0,8,8,0,0,0,191,225,416,5,2,7,4341,4794,9135,0,0,0,2100,3659,5759,104,11,115,141,89,230,5,10,15,0,0,0,2351,2740,5091,0,0,0,0,0,0,0,0,0,0,0,0,0,0,0,753,354,1107,0,9,9,0,0,0,49,33,82,0,0,0,0,0,0,0,0,0,0,0,0,0,0,0,0,0,0,0,0,0,0,0,0,0,0,0,0,0,0,0,0,0,0,0,0,0,0,0
20180224,169347,29136,30662,59798,31333,38672,70005,129803,8132,9950,18082,0,21,21,6,10,16,30,35,65,0,0,0,0,3,3,0,0,0,244,334,578,0,2,2,3976,4681,8657,0,0,0,2342,3243,5585,41,70,111,100,111,211,1,1,2,0,0,0,2239,2753,4992,0,0,0,0,0,0,0,0,0,0,0,0,0,0,0,747,336,1083,0,25,25,0,0,0,68,43,111,0,0,0,0,0,0,0,0,0,0,0,0,0,0,0,0,0,0,0,0,0,0,0,0,0,0,0,0,0,0,0,0,0,0,0,0,0,0,0
20180225,174287,29954,30141,60095,32968,38551,71519,131614,8085,9411,17496,1432,1453,2885,767,268,1035,26,20,46,4,0,4,0,13,13,0,0,0,292,333,625,0,0,0,4493,5078,9571,0,0,0,2576,3131,5707,29,39,68,118,155,273,9,10,19,0,0,0,2114,2662,4776,0,0,0,0,0,0,0,0,0,0,0,0,0,0,0,1,1,2,0,57,57,0,0,0,76,20,96,0,0,0,0,0,0,0,0,0,0,0,0,0,0,0,0,0,0,0,0,0,0,0,0,0,0,0,0,0,0,0,0,0,0,0,0,0,0,0
20180226,147243,26876,27333,54209,27608,33891,61499,115708,5955,7882,13837,2,5,7,1,4,5,35,47,82,0,0,0,0,0,0,0,0,0,251,337,588,0,0,0,3690,4328,8018,0,0,0,1701,2572,4273,28,32,60,59,120,179,4,7,11,0,0,0,1826,2515,4341,0,0,0,0,0,0,0,0,0,0,0,0,0,0,0,5,7,12,0,27,27,0,0,0,58,37,95,0,0,0,0,0,0,0,0,0,0,0,0,0,0,0,0,0,0,0,0,0,0,0,0,0,0,0,0,0,0,0,0,0,0,0,0,0,0,0
20180227,149083,25203,26662,51865,25087,32091,57178,109043,6981,8878,15859,2632,2324,4956,706,76,782,43,66,109,0,0,0,0,24,24,0,0,0,335,432,767,5,7,12,3523,4791,8314,0,0,0,1651,2516,4167,179,61,240,74,132,206,10,1,11,0,0,0,1479,2414,3893,0,0,0,0,0,0,0,0,0,0,0,0,0,0,0,413,171,584,0,31,31,0,0,0,66,19,85,0,0,0,0,0,0,0,0,0,0,0,0,0,0,0,0,0,0,0,0,0,0,0,0,0,0,0,0,0,0,0,0,0,0,0,0,0,0,0
20180228,151045,27898,28793,56691,26501,32535,59036,115727,7649,8878,16527,6,40,46,27,54,81,46,51,97,0,0,0,1,15,16,0,0,0,73,154,227,0,1,1,4035,4776,8811,0,0,0,2099,2626,4725,106,21,127,85,116,201,5,7,12,0,0,0,1670,2424,4094,0,0,0,0,0,0,0,0,0,0,0,0,0,0,0,171,112,283,1,30,31,0,0,0,34,5,39,0,0,0,0,0,0,0,0,0,0,0,0,0,0,0,0,0,0,0,0,0,0,0,0,0,0,0,0,0,0,0,0,0,0,0,0,0,0,0
20180301,138640,27781,23910,51691,26703,29662,56365,108056,6249,7633,13882,2,2,4,144,160,304,88,65,153,0,0,0,17,9,26,0,0,0,268,308,576,0,0,0,3848,4158,8006,0,0,0,1618,1715,3333,44,100,144,93,94,187,0,2,2,0,0,0,1791,2091,3882,0,0,0,0,0,0,0,0,0,0,0,0,0,0,0,7,5,12,0,26,26,0,0,0,40,7,47,0,0,0,0,0,0,0,0,0,0,0,0,0,0,0,0,0,0,0,0,0,0,0,0,0,0,0,0,0,0,0,0,0,0,0,0,0,0,0
20180302,139478,26523,21980,48503,26760,28625,55385,103888,7353,7471,14824,2931,1570,4501,21,12,33,52,61,113,0,0,0,0,7,7,0,0,0,218,197,415,3,8,11,3975,4265,8240,0,0,0,1329,1796,3125,17,17,34,116,71,187,3,6,9,0,0,0,1893,2044,3937,0,0,0,0,0,0,0,0,0,0,0,0,0,0,0,62,59,121,0,7,7,0,0,0,18,8,26,0,0,0,0,0,0,0,0,0,0,0,0,0,0,0,0,0,0,0,0,0,0,0,0,0,0,0,0,0,0,0,0,0,0,0,0,0,0,0
20180303,148500,27317,23763,51080,28211,29850,58061,109141,7649,7916,15565,1531,3539,5070,5,11,16,48,43,91,1,5,6,0,0,0,0,4,4,265,225,490,1,1,2,4000,4337,8337,0,0,0,2228,2261,4489,120,43,163,115,63,178,2,2,4,0,0,0,1974,2285,4259,0,0,0,0,0,0,0,0,0,0,0,0,0,0,0,395,159,554,3,67,70,0,0,0,15,46,61,0,0,0,0,0,0,0,0,0,0,0,0,0,0,0,0,0,0,0,0,0,0,0,0,0,0,0,0,0,0,0,0,0,0,0,0,0,0,0
20180304,156128,29296,27751,57047,29622,32742,62364,119411,7451,8225,15676,1133,1226,2359,267,78,345,21,51,72,0,0,0,0,0,0,0,0,0,234,271,505,3,4,7,3970,5061,9031,0,0,0,2111,1811,3922,21,48,69,126,92,218,3,14,17,0,0,0,2199,2194,4393,0,0,0,0,0,0,0,0,0,0,0,0,0,0,0,0,1,1,0,5,5,0,0,0,20,77,97,0,0,0,0,0,0,0,0,0,0,0,0,0,0,0,0,0,0,0,0,0,0,0,0,0,0,0,0,0,0,0,0,0,0,0,0,0,0,0
20180305,141693,26668,25990,52658,26919,32186,59105,111763,6236,7186,13422,1,0,1,144,51,195,31,33,64,2,2,4,0,0,0,0,0,0,236,290,526,0,0,0,3682,4554,8236,0,0,0,1327,1378,2705,53,25,78,101,120,221,21,11,32,0,0,0,2036,2312,4348,0,0,0,0,0,0,0,0,0,0,0,0,0,0,0,21,1,22,0,36,36,0,0,0,18,22,40,0,0,0,0,0,0,0,0,0,0,0,0,0,0,0,0,0,0,0,0,0,0,0,0,0,0,0,0,0,0,0,0,0,0,0,0,0,0,0
20180306,138757,25874,24116,49990,26522,28289,54811,104801,7269,7661,14930,1216,775,1991,6,11,17,26,43,69,0,0,0,0,0,0,0,0,0,382,342,724,2,12,14,3872,4497,8369,0,0,0,1408,2019,3427,16,3,19,101,80,181,5,2,7,0,0,0,1672,1885,3557,0,0,0,0,0,0,0,0,0,0,0,0,0,0,0,324,122,446,0,24,24,0,0,0,39,142,181,0,0,0,0,0,0,0,0,0,0,0,0,0,0,0,0,0,0,0,0,0,0,0,0,0,0,0,0,0,0,0,0,0,0,0,0,0,0,0
20180307,133771,24790,23443,48233,25768,27091,52859,101092,7365,7584,14949,1455,2,1457,4,8,12,62,83,145,0,0,0,1,12,13,0,0,0,57,58,115,0,0,0,4197,4227,8424,0,0,0,1715,1956,3671,33,41,74,57,98,155,3,4,7,0,0,0,1681,1659,3340,0,0,0,0,0,0,0,0,0,0,0,0,0,0,0,167,89,256,0,20,20,0,0,0,23,18,41,0,0,0,0,0,0,0,0,0,0,0,0,0,0,0,0,0,0,0,0,0,0,0,0,0,0,0,0,0,0,0,0,0,0,0,0,0,0,0
20180308,142426,25828,23951,49779,27177,29276,56453,106232,6935,7018,13953,2117,2273,4390,12,7,19,37,78,115,1,0,1,1,0,1,0,0,0,250,253,503,0,0,0,4407,4296,8703,0,0,0,1956,2144,4100,61,49,110,110,68,178,7,6,13,0,0,0,2085,1933,4018,0,0,0,0,0,0,0,0,0,0,0,0,0,0,0,3,4,7,1,49,50,0,0,0,20,13,33,0,0,0,0,0,0,0,0,0,0,0,0,0,0,0,0,0,0,0,0,0,0,0,0,0,0,0,0,0,0,0,0,0,0,0,0,0,0,0
20180309,151143,29684,25306,54990,31071,29956,61027,116017,8044,7716,15760,695,735,1430,6,3,9,53,67,120,4,4,8,8,0,8,0,0,0,239,192,431,6,3,9,4790,4400,9190,0,0,0,1997,1740,3737,30,59,89,125,69,194,0,4,4,0,0,0,2215,1869,4084,0,0,0,0,0,0,0,0,0,0,0,0,0,0,0,6,9,15,2,13,15,0,0,0,14,9,23,0,0,0,0,0,0,0,0,0,0,0,0,0,0,0,0,0,0,0,0,0,0,0,0,0,0,0,0,0,0,0,0,0,0,0,0,0,0,0
20180310,146258,26952,24941,51893,29134,29917,59051,110944,7645,7514,15159,7,3,10,2,12,14,28,45,73,0,0,0,1,12,13,0,0,0,258,172,430,11,1,12,4464,4312,8776,0,0,0,3451,2300,5751,12,34,46,120,96,216,4,7,11,0,0,0,2132,2117,4249,0,0,0,0,0,0,0,0,0,0,0,0,0,0,0,353,97,450,1,0,1,0,0,0,83,20,103,0,0,0,0,0,0,0,0,0,0,0,0,0,0,0,0,0,0,0,0,0,0,0,0,0,0,0,0,0,0,0,0,0,0,0,0,0,0,0
20180311,155318,27409,27642,55051,31218,31634,62852,117903,8151,7650,15801,709,811,1520,146,102,248,17,17,34,0,0,0,0,0,0,0,0,0,236,226,462,0,0,0,4297,4826,9123,0,0,0,2454,2676,5130,23,9,32,96,121,217,4,3,7,0,0,0,2267,2359,4626,0,0,0,0,0,0,0,0,0,0,0,0,0,0,0,12,2,14,0,0,0,0,0,0,131,70,201,0,0,0,0,0,0,0,0,0,0,0,0,0,0,0,0,0,0,0,0,0,0,0,0,0,0,0,0,0,0,0,0,0,0,0,0,0,0,0
20180312,142840,25911,27496,53407,27928,31179,59107,112514,6432,6618,13050,2,1,3,56,84,140,86,26,112,0,0,0,0,0,0,0,0,0,276,270,546,8,0,8,3803,4371,8174,0,0,0,1649,1786,3435,61,43,104,90,125,215,3,0,3,0,0,0,2278,2114,4392,0,0,0,0,0,0,0,0,0,0,0,0,0,0,0,4,5,9,3,30,33,0,0,0,82,20,102,0,0,0,0,0,0,0,0,0,0,0,0,0,0,0,0,0,0,0,0,0,0,0,0,0,0,0,0,0,0,0,0,0,0,0,0,0,0,0
20180313,144334,24155,24632,48787,27233,27559,54792,103579,7919,7161,15080,3006,2673,5679,5,3,8,2797,28,2825,2,0,2,0,8,8,0,0,0,430,351,781,3,3,6,3971,4507,8478,0,0,0,1782,1717,3499,41,24,65,95,115,210,0,2,2,0,0,0,1720,1850,3570,0,0,0,0,0,0,0,0,0,0,0,0,0,0,0,223,169,392,1,70,71,0,0,0,8,71,79,0,0,0,0,0,0,0,0,0,0,0,0,0,0,0,0,0,0,0,0,0,0,0,0,0,0,0,0,0,0,0,0,0,0,0,0,0,0,0
20180314,135972,25271,24061,49332,27198,27168,54366,103698,7531,7440,14971,3,628,631,8,15,23,93,62,155,7,6,13,0,0,0,0,0,0,75,68,143,0,0,0,4132,4420,8552,0,0,0,1684,1692,3376,47,38,85,73,108,181,3,1,4,0,0,0,1909,1942,3851,0,0,0,0,0,0,0,0,0,0,0,0,0,0,0,101,110,211,0,11,11,0,0,0,31,36,67,0,0,0,0,0,0,0,0,0,0,0,0,0,0,0,0,0,0,0,0,0,0,0,0,0,0,0,0,0,0,0,0,0,0,0,0,0,0,0
20180315,147882,26945,25763,52708,29554,30415,59969,112677,7681,7154,14835,6,2117,2123,94,129,223,81,52,133,0,0,0,1,0,1,0,0,0,303,184,487,0,0,0,4499,4650,9149,0,0,0,1763,1827,3590,49,18,67,120,64,184,5,7,12,0,0,0,2109,2112,4221,0,0,0,0,0,0,0,0,0,0,0,0,0,0,0,7,5,12,0,15,15,0,0,0,75,78,153,0,0,0,0,0,0,0,0,0,0,0,0,0,0,0,0,0,0,0,0,0,0,0,0,0,0,0,0,0,0,0,0,0,0,0,0,0,0,0
20180316,157921,30234,26844,57078,32586,30223,62809,119887,9162,7808,16970,568,1292,1860,11,5,16,73,39,112,0,0,0,0,9,9,0,0,0,268,181,449,0,0,0,4904,4439,9343,0,0,0,2091,1676,3767,43,19,62,131,116,247,1,0,1,0,0,0,2485,2170,4655,0,0,0,0,0,0,0,0,0,0,0,0,0,0,0,216,234,450,0,0,0,0,0,0,60,33,93,0,0,0,0,0,0,0,0,0,0,0,0,0,0,0,0,0,0,0,0,0,0,0,0,0,0,0,0,0,0,0,0,0,0,0,0,0,0,0
20180317,150717,28363,26178,54541,31303,28770,60073,114614,8448,7523,15971,0,1,1,6,12,18,41,63,104,0,0,0,1,2,3,0,0,0,258,195,453,0,10,10,4708,4355,9063,0,0,0,3251,1875,5126,74,4,78,143,135,278,1,1,2,0,0,0,2459,2104,4563,0,0,0,0,0,0,0,0,0,0,0,0,0,0,0,172,103,275,0,34,34,0,0,0,36,88,124,0,0,0,0,0,0,0,0,0,0,0,0,0,0,0,0,0,0,0,0,0,0,0,0,0,0,0,0,0,0,0,0,0,0,0,0,0,0,0
20180318,165488,28214,29002,57216,32601,31959,64560,121776,7834,8119,15953,3394,3334,6728,213,106,319,35,12,47,0,0,0,0,0,0,0,0,0,313,255,568,0,2,2,4610,5011,9621,0,0,0,1965,3276,5241,53,11,64,139,136,275,1,2,3,0,0,0,2397,2407,4804,0,0,0,0,0,0,0,0,0,0,0,0,0,0,0,11,5,16,0,10,10,0,0,0,22,39,61,0,0,0,0,0,0,0,0,0,0,0,0,0,0,0,0,0,0,0,0,0,0,0,0,0,0,0,0,0,0,0,0,0,0,0,0,0,0,0
20180319,147513,25795,27748,53543,29125,31894,61019,114562,6180,7244,13424,184,189,373,88,77,165,1413,43,1456,0,0,0,0,0,0,0,0,0,238,236,474,11,0,11,3849,4436,8285,0,0,0,1832,2064,3896,29,18,47,133,124,257,7,11,18,0,0,0,2167,2337,4504,0,0,0,0,0,0,0,0,0,0,0,0,0,0,0,3,1,4,0,0,0,0,0,0,16,21,37,0,0,0,0,0,0,0,0,0,0,0,0,0,0,0,0,0,0,0,0,0,0,0,0,0,0,0,0,0,0,0,0,0,0,0,0,0,0,0
20180320,151905,25121,26496,51617,28419,30097,58516,110133,8094,8117,16211,3405,4368,7773,15,10,25,33,38,71,73,73,146,0,0,0,0,0,0,392,328,720,10,1,11,4308,4611,8919,0,0,0,1587,1918,3505,6,15,21,73,115,188,8,2,10,0,0,0,1771,1846,3617,0,0,0,0,0,0,0,0,0,0,0,0,0,0,0,355,128,483,1,31,32,0,0,0,14,26,40,0,0,0,0,0,0,0,0,0,0,0,0,0,0,0,0,0,0,0,0,0,0,0,0,0,0,0,0,0,0,0,0,0,0,0,0,0,0,0
20180321,141725,25203,25470,50673,28749,29048,57797,108470,7666,7813,15479,1,7,8,0,17,17,41,75,116,0,0,0,2,0,2,0,0,0,73,88,161,1,10,11,4421,4458,8879,0,0,0,2099,2032,4131,14,11,25,93,104,197,2,6,8,0,0,0,2065,1808,3873,0,0,0,0,0,0,0,0,0,0,0,0,0,0,0,106,198,304,0,10,10,0,0,0,17,17,34,0,0,0,0,0,0,0,0,0,0,0,0,0,0,0,0,0,0,0,0,0,0,0,0,0,0,0,0,0,0,0,0,0,0,0,0,0,0,0
20180322,147491,26980,26369,53349,29842,30656,60498,113847,7647,6949,14596,8,1,9,119,209,328,82,51,133,0,4,4,0,0,0,0,0,0,316,198,514,2,0,2,4388,4594,8982,0,0,0,2142,2339,4481,68,51,119,106,58,164,10,10,20,0,0,0,2365,1890,4255,0,0,0,0,0,0,0,0,0,0,0,0,0,0,0,4,5,9,0,0,0,0,0,0,17,11,28,0,0,0,0,0,0,0,0,0,0,0,0,0,0,0,0,0,0,0,0,0,0,0,0,0,0,0,0,0,0,0,0,0,0,0,0,0,0,0
20180323,161933,29028,27740,56768,34139,31453,65592,122360,7999,4944,12943,2981,3092,6073,15,12,27,64,42,106,4,88,92,9,0,9,0,0,0,240,179,419,0,9,9,4732,4549,9281,0,0,0,2519,2696,5215,26,46,72,139,120,259,2,3,5,0,0,0,2531,2068,4599,0,0,0,0,0,0,0,0,0,0,0,0,0,0,0,113,172,285,0,7,7,0,0,0,137,35,172,0,0,0,0,0,0,0,0,0,0,0,0,0,0,0,0,0,0,0,0,0,0,0,0,0,0,0,0,0,0,0,0,0,0,0,0,0,0,0
20180324,154483,27988,26490,54478,31528,29257,60785,115263,8557,7409,15966,2,0,2,15,10,25,25,40,65,0,0,0,0,6,6,0,0,0,322,222,544,0,0,0,4622,4412,9034,0,0,0,3794,4395,8189,31,40,71,158,89,247,9,10,19,0,0,0,2548,2066,4614,0,0,0,0,0,0,0,0,0,0,0,0,0,0,0,150,157,307,1,15,16,0,0,0,41,74,115,0,0,0,0,0,0,0,0,0,0,0,0,0,0,0,0,0,0,0,0,0,0,0,0,0,0,0,0,0,0,0,0,0,0,0,0,0,0,0
20180325,163797,28417,28545,56962,32891,32961,65852,122814,8298,8227,16525,1014,1255,2269,184,208,392,30,40,70,0,0,0,0,0,0,0,0,0,324,259,583,0,0,0,4766,5075,9841,0,0,0,2797,3613,6410,48,39,87,147,103,250,4,7,11,0,0,0,2226,2102,4328,0,0,0,0,0,0,0,0,0,0,0,0,0,0,0,1,1,2,1,0,1,0,0,0,48,166,214,0,0,0,0,0,0,0,0,0,0,0,0,0,0,0,0,0,0,0,0,0,0,0,0,0,0,0,0,0,0,0,0,0,0,0,0,0,0,0
20180326,154202,26475,28190,54665,30886,32791,63677,118342,6900,6768,13668,22,3684,3706,266,56,322,52,63,115,0,0,0,0,19,19,0,0,0,312,233,545,0,12,12,4115,4572,8687,0,0,0,2379,2111,4490,15,14,29,108,57,165,14,15,29,0,0,0,2016,1939,3955,0,0,0,0,0,0,0,0,0,0,0,0,0,0,0,5,8,13,0,5,5,0,0,0,28,72,100,0,0,0,0,0,0,0,0,0,0,0,0,0,0,0,0,0,0,0,0,0,0,0,0,0,0,0,0,0,0,0,0,0,0,0,0,0,0,0
20180327,153551,26706,27548,54254,29653,30853,60506,114760,8318,7982,16300,1272,1075,2347,11,4,15,102,42,144,0,0,0,0,0,0,0,0,0,421,402,823,6,0,6,4200,4651,8851,0,0,0,3684,1891,5575,47,20,67,155,125,280,13,0,13,0,0,0,2274,1572,3846,0,0,0,0,0,0,0,0,0,0,0,0,0,0,0,221,223,444,0,0,0,0,0,0,18,62,80,0,0,0,0,0,0,0,0,0,0,0,0,0,0,0,0,0,0,0,0,0,0,0,0,0,0,0,0,0,0,0,0,0,0,0,0,0,0,0
20180328,150422,24698,27194,51892,28105,30428,58533,110425,8430,7861,16291,2503,2501,5004,163,23,186,74,22,96,2,0,2,0,0,0,0,0,0,99,84,183,2,2,4,3960,4766,8726,0,0,0,2570,1903,4473,47,10,57,175,96,271,0,2,2,0,0,0,2365,1916,4281,0,0,0,0,0,0,0,0,0,0,0,0,0,0,0,208,135,343,2,34,36,0,0,0,12,30,42,0,0,0,0,0,0,0,0,0,0,0,0,0,0,0,0,0,0,0,0,0,0,0,0,0,0,0,0,0,0,0,0,0,0,0,0,0,0,0
20180329,152154,26497,28653,55150,30620,32193,62813,117963,8029,7188,15217,2,2,4,201,116,317,149,113,262,0,0,0,0,7,7,0,0,0,310,280,590,2,1,3,4210,4549,8759,0,0,0,2247,2215,4462,58,24,82,175,53,228,4,6,10,0,0,0,2376,1766,4142,0,0,0,0,0,0,0,0,0,0,0,0,0,0,0,6,6,12,0,18,18,0,0,0,68,10,78,0,0,0,0,0,0,0,0,0,0,0,0,0,0,0,0,0,0,0,0,0,0,0,0,0,0,0,0,0,0,0,0,0,0,0,0,0,0,0
20180330,170842,29210,30535,59745,34492,35286,69778,129523,9009,8704,17713,1768,1842,3610,4,16,20,33,90,123,0,0,0,0,0,0,0,0,0,201,244,445,4,2,6,4269,4929,9198,0,0,0,2986,1970,4956,74,58,132,172,123,295,1,3,4,0,0,0,2330,2008,4338,0,0,0,0,0,0,0,0,0,0,0,0,0,0,0,222,202,424,0,38,38,0,0,0,14,3,17,0,0,0,0,0,0,0,0,0,0,0,0,0,0,0,0,0,0,0,0,0,0,0,0,0,0,0,0,0,0,0,0,0,0,0,0,0,0,0
20180331,169620,27571,33555,61126,31705,36393,68098,129224,8625,9176,17801,0,7,7,7,1,8,42,1000,1042,1,0,1,0,0,0,0,0,0,296,262,558,0,0,0,4256,4720,8976,0,0,0,4141,2172,6313,41,36,77,174,126,300,6,4,10,0,0,0,2472,2247,4719,0,0,0,0,0,0,0,0,0,0,0,0,0,0,0,224,212,436,0,11,11,0,0,0,117,20,137,0,0,0,0,0,0,0,0,0,0,0,0,0,0,0,0,0,0,0,0,0,0,0,0,0,0,0,0,0,0,0,0,0,0,0,0,0,0,0
20180401,177582,26668,33238,59906,30776,37395,68171,128077,8179,9522,17701,4947,4833,9780,118,227,345,25,39,64,0,0,0,0,0,0,0,0,0,305,289,594,0,1,1,3978,5002,8980,0,0,0,2689,4326,7015,30,98,128,170,167,337,7,5,12,0,0,0,2137,2236,4373,0,0,0,0,0,0,0,0,0,0,0,0,0,0,0,2,1,3,0,14,14,0,0,0,14,144,158,0,0,0,0,0,0,0,0,0,0,0,0,0,0,0,0,0,0,0,0,0,0,0,0,0,0,0,0,0,0,0,0,0,0,0,0,0,0,0
20180402,154486,23539,32535,56074,26823,34563,61386,117460,6963,7911,14874,1275,2079,3354,97,224,321,63,79,142,0,0,0,0,0,0,0,0,0,311,252,563,0,1,1,3160,4430,7590,0,0,0,2434,2454,4888,11,52,63,161,167,328,5,4,9,0,0,0,2318,2458,4776,0,0,0,0,0,0,0,0,0,0,0,0,0,0,0,14,13,27,6,17,23,0,0,0,22,45,67,0,0,0,0,0,0,0,0,0,0,0,0,0,0,0,0,0,0,0,0,0,0,0,0,0,0,0,0,0,0,0,0,0,0,0,0,0,0,0
20180403,155694,23228,32978,56206,26908,36555,63463,119669,8042,9493,17535,1,2,3,17,7,24,196,82,278,0,0,0,0,0,0,0,0,0,401,444,845,1,0,1,3587,4778,8365,0,0,0,1606,1488,3094,23,127,150,161,172,333,0,1,1,0,0,0,2187,2380,4567,0,0,0,0,0,0,0,0,0,0,0,0,0,0,0,195,492,687,0,22,22,0,0,0,22,98,120,0,0,0,0,0,0,0,0,0,0,0,0,0,0,0,0,0,0,0,0,0,0,0,0,0,0,0,0,0,0,0,0,0,0,0,0,0,0,0
20180404,167151,24855,35272,60127,27712,36310,64022,124149,8260,9611,17871,859,1816,2675,71,77,148,926,1523,2449,0,0,0,0,6,6,6,0,6,98,101,199,1,2,3,3692,4937,8629,0,0,0,2333,2196,4529,16,329,345,142,178,320,10,9,19,0,0,0,2136,2669,4805,0,0,0,0,0,0,0,0,0,0,0,0,0,0,0,132,767,899,2,7,9,0,0,0,16,74,90,0,0,0,0,0,0,0,0,0,0,0,0,0,0,0,0,0,0,0,0,0,0,0,0,0,0,0,0,0,0,0,0,0,0,0,0,0,0,0
20180405,156300,26887,31944,58831,29366,31607,60973,119804,7193,8514,15707,2,0,2,325,449,774,18,39,57,0,1,1,0,0,0,0,0,0,266,298,564,16,0,16,4480,4738,9218,0,0,0,3035,2533,5568,39,162,201,133,163,296,1,0,1,0,0,0,1668,2334,4002,0,0,0,0,0,0,0,0,0,0,0,0,0,0,0,12,12,24,0,0,0,0,0,0,29,36,65,0,0,0,0,0,0,0,0,0,0,0,0,0,0,0,0,0,0,0,0,0,0,0,0,0,0,0,0,0,0,0,0,0,0,0,0,0,0,0
20180406,160034,27599,28502,56101,33165,30887,64052,120153,8308,8386,16694,1835,1926,3761,1,4,5,751,736,1487,0,0,0,0,0,0,0,0,0,243,204,447,0,0,0,4597,4341,8938,0,0,0,1629,2466,4095,0,0,0,152,164,316,3,2,5,0,0,0,1965,2143,4108,0,0,0,0,0,0,0,0,0,0,0,0,0,0,0,5,1,6,0,19,19,0,0,0,0,0,0,0,0,0,0,0,0,0,0,0,0,0,0,0,0,0,0,0,0,0,0,0,0,0,0,0,0,0,0,0,0,0,0,0,0,0,0,0,0,0
20180407,173755,33493,26884,60377,36022,30861,66883,127260,9907,8431,18338,2510,1868,4378,4,1,5,28,69,97,0,0,0,0,0,0,0,0,0,324,281,605,0,16,16,5005,4102,9107,0,0,0,3170,5374,8544,175,60,235,72,177,249,1,2,3,0,0,0,2482,2287,4769,0,0,0,0,0,0,0,0,0,0,0,0,0,0,0,11,11,22,0,3,3,0,0,0,97,27,124,0,0,0,0,0,0,0,0,0,0,0,0,0,0,0,0,0,0,0,0,0,0,0,0,0,0,0,0,0,0,0,0,0,0,0,0,0,0,0
20180408,197218,36576,29085,65661,43157,34837,77994,143655,9690,8423,18113,5874,5291,11165,757,210,967,1474,627,2101,1,0,1,0,0,0,0,0,0,322,280,602,0,0,0,5241,4618,9859,0,0,0,2670,2429,5099,335,38,373,170,175,345,3,1,4,0,0,0,2624,2207,4831,0,0,0,0,0,0,0,0,0,0,0,0,0,0,0,1,0,1,0,7,7,0,0,0,82,13,95,0,0,0,0,0,0,0,0,0,0,0,0,0,0,0,0,0,0,0,0,0,0,0,0,0,0,0,0,0,0,0,0,0,0,0,0,0,0,0
20180409,170926,33842,28105,61947,38718,31767,70485,132432,7888,7416,15304,2264,0,2264,357,284,641,52,148,200,6,1,7,0,0,0,0,0,0,325,271,596,0,9,9,4656,4298,8954,0,0,0,2894,2524,5418,36,25,61,83,178,261,1,0,1,0,0,0,2326,2335,4661,0,0,0,0,0,0,0,0,0,0,0,0,0,0,0,2,0,2,0,0,0,0,0,0,97,18,115,0,0,0,0,0,0,0,0,0,0,0,0,0,0,0,0,0,0,0,0,0,0,0,0,0,0,0,0,0,0,0,0,0,0,0,0,0,0,0
20180410,157104,29519,24235,53754,34602,29779,64381,118135,8532,8166,16698,430,3,433,31,2,33,39,2277,2316,3,6,9,0,0,0,0,0,0,468,452,920,5,16,21,4627,3960,8587,0,0,0,2358,2467,4825,23,136,159,83,138,221,0,0,0,0,0,0,1801,2085,3886,0,0,0,0,0,0,0,0,0,0,0,0,0,0,0,566,238,804,1,2,3,0,0,0,42,12,54,0,0,0,0,0,0,0,0,0,0,0,0,0,0,0,0,0,0,0,0,0,0,0,0,0,0,0,0,0,0,0,0,0,0,0,0,0,0,0
20180411,152749,27507,22405,49912,28642,27371,56013,105925,8219,7813,16032,5117,4788,9905,498,31,529,667,1311,1978,0,8,8,0,0,0,0,0,0,65,96,161,4,2,6,4648,4143,8791,0,0,0,2037,2391,4428,41,35,76,111,80,191,6,9,15,0,0,0,1844,2139,3983,0,0,0,0,0,0,0,0,0,0,0,0,0,0,0,405,266,671,0,6,6,0,0,0,36,8,44,0,0,0,0,0,0,0,0,0,0,0,0,0,0,0,0,0,0,0,0,0,0,0,0,0,0,0,0,0,0,0,0,0,0,0,0,0,0,0
20180412,149138,26959,23978,50937,30364,29877,60241,111178,7148,7335,14483,1928,1717,3645,144,179,323,100,98,198,1,0,1,0,0,0,0,0,0,265,292,557,1,1,2,4883,4644,9527,0,0,0,2466,2551,5017,33,46,79,59,61,120,5,17,22,0,0,0,1865,2072,3937,0,0,0,0,0,0,0,0,0,0,0,0,0,0,0,0,2,2,1,12,13,0,0,0,14,20,34,0,0,0,0,0,0,0,0,0,0,0,0,0,0,0,0,0,0,0,0,0,0,0,0,0,0,0,0,0,0,0,0,0,0,0,0,0,0,0
20180413,155212,28732,24344,53076,31930,30786,62716,115792,8425,8011,16436,1247,1541,2788,5,0,5,36,95,131,7,0,7,1,1,2,0,0,0,205,228,433,10,0,10,4674,4413,9087,0,0,0,2642,2470,5112,20,21,41,295,199,494,15,0,15,0,0,0,2251,2154,4405,0,0,0,0,0,0,0,0,0,0,0,0,0,0,0,309,131,440,0,0,0,0,0,0,9,5,14,0,0,0,0,0,0,0,0,0,0,0,0,0,0,0,0,0,0,0,0,0,0,0,0,0,0,0,0,0,0,0,0,0,0,0,0,0,0,0
20180414,152251,26992,24053,51045,30970,30222,61192,112237,8239,7834,16073,1,0,1,14,24,38,836,888,1724,0,0,0,0,0,0,0,0,0,332,276,608,0,0,0,4746,4354,9100,0,0,0,4097,2749,6846,15,16,31,289,118,407,8,10,18,0,0,0,2341,2184,4525,0,0,0,0,0,0,0,0,0,0,0,0,0,0,0,219,347,566,0,0,0,0,0,0,69,8,77,0,0,0,0,0,0,0,0,0,0,0,0,0,0,0,0,0,0,0,0,0,0,0,0,0,0,0,0,0,0,0,0,0,0,0,0,0,0,0
20180415,165964,28037,28345,56382,33934,34367,68301,124683,8375,7939,16314,1662,1134,2796,24,17,41,37,23,60,11,11,22,1,4,5,0,0,0,306,266,572,3,3,6,4773,4998,9771,0,0,0,2798,3957,6755,113,67,180,116,152,268,2,0,2,0,0,0,2222,2238,4460,0,0,0,0,0,0,0,0,0,0,0,0,0,0,0,1,0,1,0,0,0,0,0,0,15,13,28,0,0,0,0,0,0,0,0,0,0,0,0,0,0,0,0,0,0,0,0,0,0,0,0,0,0,0,0,0,0,0,0,0,0,0,0,0,0,0
20180416,150936,26663,27542,54205,30849,32652,63501,117706,6859,6688,13547,450,418,868,127,55,182,44,76,120,0,4,4,3,0,3,0,0,0,303,250,553,5,0,5,4409,4483,8892,0,0,0,2249,2141,4390,38,59,97,94,66,160,7,8,15,0,0,0,2108,2210,4318,0,0,0,0,0,0,0,0,0,0,0,0,0,0,0,2,0,2,0,6,6,0,0,0,32,36,68,0,0,0,0,0,0,0,0,0,0,0,0,0,0,0,0,0,0,0,0,0,0,0,0,0,0,0,0,0,0,0,0,0,0,0,0,0,0,0
20180417,157438,25250,24684,49934,29559,31136,60695,110629,8086,8174,16260,5395,5538,10933,4,4,8,44,49,93,1,0,1,0,0,0,0,0,0,424,347,771,2,0,2,4285,4496,8781,0,0,0,2013,2431,4444,31,47,78,199,256,455,2,16,18,0,0,0,1915,2113,4028,0,0,0,0,0,0,0,0,0,0,0,0,0,0,0,685,192,877,0,12,12,0,0,0,31,17,48,0,0,0,0,0,0,0,0,0,0,0,0,0,0,0,0,0,0,0,0,0,0,0,0,0,0,0,0,0,0,0,0,0,0,0,0,0,0,0
20180418,145260,23298,24855,48153,28385,30292,58677,106830,8103,8104,16207,657,875,1532,352,30,382,871,32,903,0,0,0,1,0,1,0,0,0,102,105,207,0,0,0,4309,4536,8845,0,0,0,1989,2662,4651,40,16,56,170,204,374,2,8,10,0,0,0,2155,2219,4374,0,0,0,0,0,0,0,0,0,0,0,0,0,0,0,283,554,837,0,0,0,0,0,0,18,33,51,0,0,0,0,0,0,0,0,0,0,0,0,0,0,0,0,0,0,0,0,0,0,0,0,0,0,0,0,0,0,0,0,0,0,0,0,0,0,0
20180419,149871,25570,25485,51055,29826,32801,62627,113682,7236,7567,14803,3,2,5,167,608,775,41,32,73,0,0,0,0,0,0,0,0,0,312,243,555,0,5,5,4853,5160,10013,0,0,0,2575,2904,5479,17,26,43,89,79,168,10,3,13,0,0,0,2061,2048,4109,0,0,0,0,0,0,0,0,0,0,0,0,0,0,0,7,9,16,0,14,14,0,0,0,52,66,118,0,0,0,0,0,0,0,0,0,0,0,0,0,0,0,0,0,0,0,0,0,0,0,0,0,0,0,0,0,0,0,0,0,0,0,0,0,0,0
20180420,166240,27332,26182,53514,35920,33924,69844,123358,8541,8747,17288,966,1921,2887,6,10,16,49,976,1025,1,0,1,0,0,0,0,0,0,249,208,457,5,9,14,4699,4691,9390,0,0,0,3099,3076,6175,18,30,48,145,115,260,1,3,4,0,0,0,2385,2230,4615,0,0,0,0,0,0,0,0,0,0,0,0,0,0,0,232,413,645,0,8,8,0,0,0,22,27,49,0,0,0,0,0,0,0,0,0,0,0,0,0,0,0,0,0,0,0,0,0,0,0,0,0,0,0,0,0,0,0,0,0,0,0,0,0,0,0
20180421,169199,26901,25276,52177,31919,32912,64831,117008,8286,8077,16363,6620,6594,13214,2,2,4,14,163,177,0,0,0,8,0,8,0,0,0,326,242,568,0,0,0,4721,4633,9354,0,0,0,4329,2860,7189,73,52,125,154,82,236,6,0,6,0,0,0,2170,2011,4181,0,0,0,0,0,0,0,0,0,0,0,0,0,0,0,269,234,503,0,30,30,0,0,0,72,161,233,0,0,0,0,0,0,0,0,0,0,0,0,0,0,0,0,0,0,0,0,0,0,0,0,0,0,0,0,0,0,0,0,0,0,0,0,0,0,0
20180422,170653,26987,27757,54744,34263,34759,69022,123766,8523,8166,16689,3200,3140,6340,523,256,779,23,21,44,0,0,0,0,3,3,0,0,0,315,270,585,10,11,21,4907,5126,10033,0,0,0,3164,4207,7371,36,35,71,128,156,284,0,3,3,0,0,0,2296,2220,4516,0,0,0,0,0,0,0,0,0,0,0,0,0,0,0,1,6,7,0,0,0,0,0,0,63,78,141,0,0,0,0,0,0,0,0,0,0,0,0,0,0,0,0,0,0,0,0,0,0,0,0,0,0,0,0,0,0,0,0,0,0,0,0,0,0,0
20180423,152416,25621,26443,52064,31894,32413,64307,116371,6813,6713,13526,2,0,2,476,91,567,986,846,1832,0,0,0,4,0,4,0,0,0,300,269,569,1,0,1,4453,4595,9048,0,0,0,2619,2626,5245,37,55,92,123,119,242,5,10,15,0,0,0,2484,2316,4800,0,0,0,0,0,0,0,0,0,0,0,0,0,0,0,1,1,2,0,2,2,0,0,0,79,19,98,0,0,0,0,0,0,0,0,0,0,0,0,0,0,0,0,0,0,0,0,0,0,0,0,0,0,0,0,0,0,0,0,0,0,0,0,0,0,0
20180424,150133,24304,23544,47848,29857,29102,58959,106807,8808,7445,16253,4000,3769,7769,6,8,14,33,48,81,0,0,0,1,0,1,0,0,0,457,378,835,1,1,2,4383,4261,8644,0,0,0,2309,2516,4825,27,24,51,101,147,248,10,8,18,96,86,182,1951,1736,3687,0,0,0,0,0,0,0,0,0,0,0,0,0,0,0,472,187,659,0,10,10,0,0,0,31,16,47,0,0,0,0,0,0,0,0,0,0,0,0,0,0,0,0,0,0,0,0,0,0,0,0,0,0,0,0,0,0,0,0,0,0,0,0,0,0,0
20180425,142895,25573,23152,48725,29473,28364,57837,106562,8416,7001,15417,4,20,24,283,21,304,807,182,989,0,0,0,1,9,10,0,0,0,95,61,156,0,1,1,4548,4329,8877,0,0,0,2541,2594,5135,44,41,85,171,126,297,6,7,13,0,0,0,2329,2121,4450,0,0,0,0,0,0,0,0,0,0,0,0,0,0,0,222,243,465,0,21,21,0,0,0,47,42,89,0,0,0,0,0,0,0,0,0,0,0,0,0,0,0,0,0,0,0,0,0,0,0,0,0,0,0,0,0,0,0,0,0,0,0,0,0,0,0
20180426,153141,27590,24981,52571,32615,30562,63177,115748,8677,6987,15664,4,25,29,282,175,457,449,34,483,0,1,1,0,8,8,0,0,0,312,292,604,9,0,9,5316,4718,10034,0,0,0,3106,2532,5638,42,34,76,141,57,198,6,6,12,0,0,0,2318,1809,4127,0,0,0,0,0,0,0,0,0,0,0,0,0,0,0,2,7,9,0,0,0,0,0,0,24,20,44,0,0,0,0,0,0,0,0,0,0,0,0,0,0,0,0,0,0,0,0,0,0,0,0,0,0,0,0,0,0,0,0,0,0,0,0,0,0,0
20180427,172361,30806,27899,58705,36197,32490,68687,127392,9316,7896,17212,2710,3733,6443,14,15,29,28,71,99,2,2,4,0,0,0,0,0,0,227,216,443,2,0,2,5070,4621,9691,0,0,0,2873,2320,5193,40,25,65,167,119,286,6,1,7,101,96,197,2431,2095,4526,0,0,0,0,0,0,0,0,0,0,0,0,0,0,0,278,435,713,0,2,2,0,0,0,20,37,57,0,0,0,0,0,0,0,0,0,0,0,0,0,0,0,0,0,0,0,0,0,0,0,0,0,0,0,0,0,0,0,0,0,0,0,0,0,0,0
20180428,173372,31779,27148,58927,34815,32426,67241,126168,9588,8069,17657,3767,4041,7808,7,6,13,42,91,133,0,0,0,0,0,0,0,0,0,330,254,584,0,1,1,5071,4205,9276,0,0,0,3831,2139,5970,59,11,70,173,124,297,3,4,7,0,0,0,2558,2266,4824,0,0,0,0,0,0,0,0,0,0,0,0,0,0,0,194,279,473,0,18,18,0,0,0,63,10,73,0,0,0,0,0,0,0,0,0,0,0,0,0,0,0,0,0,0,0,0,0,0,0,0,0,0,0,0,0,0,0,0,0,0,0,0,0,0,0
20180429,152151,27966,22531,50497,34959,26505,61464,111961,8889,6398,15287,1610,1262,2872,201,120,321,27,48,75,4,0,4,0,1,1,0,0,0,321,259,580,0,0,0,5164,3345,8509,0,0,0,5512,1847,7359,143,73,216,156,138,294,2,11,13,0,0,0,2322,1970,4292,0,0,0,0,0,0,0,0,0,0,0,0,0,0,0,2,1,3,0,0,0,0,0,0,305,59,364,0,0,0,0,0,0,0,0,0,0,0,0,0,0,0,0,0,0,0,0,0,0,0,0,0,0,0,0,0,0,0,0,0,0,0,0,0,0,0
20180430,137911,24482,23715,48197,31404,25381,56785,104982,7258,5286,12544,10,10,20,127,50,177,59,58,117,0,0,0,0,0,0,0,0,0,309,244,553,6,14,20,4487,3510,7997,0,0,0,3539,3154,6693,28,52,80,160,141,301,4,7,11,0,0,0,2323,1821,4144,0,0,0,0,0,0,0,0,0,0,0,0,0,0,0,9,6,15,4,0,4,0,0,0,102,151,253,0,0,0,0,0,0,0,0,0,0,0,0,0,0,0,0,0,0,0,0,0,0,0,0,0,0,0,0,0,0,0,0,0,0,0,0,0,0,0
20180501,161851,26680,29216,55896,30892,29562,60454,116350,8711,8146,16857,4033,3712,7745,8,12,20,23,36,59,0,0,0,4,25,29,0,0,0,451,372,823,8,0,8,4393,3973,8366,0,0,0,1787,4479,6266,22,135,157,155,167,322,19,5,24,103,101,204,1950,2001,3951,0,0,0,0,0,0,0,0,0,0,0,0,0,0,0,403,112,515,0,0,0,0,0,0,39,116,155,0,0,0,0,0,0,0,0,0,0,0,0,0,0,0,0,0,0,0,0,0,0,0,0,0,0,0,0,0,0,0,0,0,0,0,0,0,0,0
20180502,141140,23437,24988,48425,27026,25576,52602,101027,7311,7109,14420,4391,3910,8301,17,32,49,54,50,104,9,9,18,3,3,6,0,0,0,43,95,138,1,3,4,4161,4041,8202,0,0,0,1640,2195,3835,17,70,87,147,149,296,6,8,14,0,0,0,2095,2205,4300,0,0,0,0,0,0,0,0,0,0,0,0,0,0,0,103,172,275,0,26,26,0,0,0,16,22,38,0,0,0,0,0,0,0,0,0,0,0,0,0,0,0,0,0,0,0,0,0,0,0,0,0,0,0,0,0,0,0,0,0,0,0,0,0,0,0
20180503,133101,23408,22556,45964,26432,25411,51843,97807,6432,6752,13184,2768,2748,5516,21,12,33,72,108,180,2,0,2,0,0,0,0,0,0,296,292,588,12,1,13,4320,4420,8740,0,0,0,1407,1914,3321,18,8,26,94,90,184,3,8,11,0,0,0,1729,1681,3410,0,0,0,0,0,0,0,0,0,0,0,0,0,0,0,5,2,7,0,0,0,0,0,0,63,16,79,0,0,0,0,0,0,0,0,0,0,0,0,0,0,0,0,0,0,0,0,0,0,0,0,0,0,0,0,0,0,0,0,0,0,0,0,0,0,0
20180504,134101,24651,23120,47771,25889,26657,52546,100317,6736,7214,13950,850,1868,2718,17,9,26,15,47,62,0,0,0,0,0,0,0,0,0,123,153,276,4,1,5,3670,4507,8177,0,0,0,1716,1870,3586,27,32,59,140,145,285,6,5,11,101,103,204,2004,2048,4052,0,0,0,0,0,0,0,0,0,0,0,0,0,0,0,174,116,290,5,1,6,0,0,0,39,38,77,0,0,0,0,0,0,0,0,0,0,0,0,0,0,0,0,0,0,0,0,0,0,0,0,0,0,0,0,0,0,0,0,0,0,0,0,0,0,0
20180505,144434,24245,24651,48896,24632,29956,54588,103484,6705,7753,14458,3713,3818,7531,8,2,10,42,74,116,0,4,4,0,0,0,0,0,0,265,277,542,1,0,1,3094,4630,7724,0,0,0,3290,2260,5550,27,150,177,140,131,271,1,0,1,0,0,0,1970,2197,4167,0,0,0,0,0,0,0,0,0,0,0,0,0,0,0,148,207,355,0,3,3,0,0,0,13,27,40,0,0,0,0,0,0,0,0,0,0,0,0,0,0,0,0,0,0,0,0,0,0,0,0,0,0,0,0,0,0,0,0,0,0,0,0,0,0,0
20180506,151044,24249,27549,51798,27555,33435,60990,112788,7137,8518,15655,1757,351,2108,78,191,269,45,49,94,6,1,7,0,0,0,4,0,4,296,286,582,1,13,14,3673,5157,8830,0,0,0,2164,3707,5871,30,65,95,138,153,291,3,0,3,0,0,0,2195,2190,4385,0,0,0,0,0,0,0,0,0,0,0,0,0,0,0,2,3,5,0,0,0,0,0,0,12,31,43,0,0,0,0,0,0,0,0,0,0,0,0,0,0,0,0,0,0,0,0,0,0,0,0,0,0,0,0,0,0,0,0,0,0,0,0,0,0,0
20180507,133781,20921,26012,46933,22958,31947,54905,101838,5448,6482,11930,1743,1748,3491,100,98,198,38,14,52,2,7,9,0,0,0,0,0,0,266,252,518,0,9,9,3214,4659,7873,0,0,0,1582,1782,3364,22,16,38,132,141,273,3,6,9,0,0,0,1825,2281,4106,0,0,0,0,0,0,0,0,0,0,0,0,0,0,0,1,4,5,2,1,3,0,0,0,49,16,65,0,0,0,0,0,0,0,0,0,0,0,0,0,0,0,0,0,0,0,0,0,0,0,0,0,0,0,0,0,0,0,0,0,0,0,0,0,0,0
20180508,141609,20483,23839,44322,22774,29139,51913,96235,7265,8118,15383,6612,6105,12717,13,28,41,46,47,93,0,0,0,0,0,0,0,0,0,369,437,806,9,0,9,3561,4542,8103,0,0,0,1563,2034,3597,19,21,40,104,142,246,8,5,13,79,101,180,1809,1770,3579,0,0,0,0,0,0,0,0,0,0,0,0,0,0,0,411,131,542,0,5,5,0,0,0,7,13,20,0,0,0,0,0,0,0,0,0,0,0,0,0,0,0,0,0,0,0,0,0,0,0,0,0,0,0,0,0,0,0,0,0,0,0,0,0,0,0
20180509,125238,19840,22705,42545,22801,27578,50379,92924,6556,7603,14159,347,828,1175,124,10,134,27,33,60,0,13,13,0,0,0,0,0,0,79,105,184,5,0,5,3684,4336,8020,0,0,0,1766,2006,3772,67,137,204,155,148,303,9,1,10,0,0,0,1912,2002,3914,0,0,0,0,0,0,0,0,0,0,0,0,0,0,0,167,159,326,0,1,1,0,0,0,9,25,34,0,0,0,0,0,0,0,0,0,0,0,0,0,0,0,0,0,0,0,0,0,0,0,0,0,0,0,0,0,0,0,0,0,0,0,0,0,0,0
20180510,133490,22170,22798,44968,26377,29090,55467,100435,6920,7143,14063,9,3,12,4,8,12,40,92,132,4,0,4,0,0,0,0,0,0,282,257,539,0,1,1,4355,4607,8962,0,0,0,2953,2383,5336,24,57,81,157,96,253,3,3,6,0,0,0,1857,1658,3515,0,0,0,0,0,0,0,0,0,0,0,0,0,0,0,0,1,1,0,0,0,0,0,0,64,74,138,0,0,0,0,0,0,0,0,0,0,0,0,0,0,0,0,0,0,0,0,0,0,0,0,0,0,0,0,0,0,0,0,0,0,0,0,0,0,0
20180511,146835,24886,23745,48631,30771,29813,60584,109215,7746,7691,15437,841,1660,2501,20,36,56,47,21,68,10,0,10,0,0,0,0,0,0,206,227,433,0,2,2,4394,4551,8945,0,0,0,2473,2301,4774,31,23,54,164,162,326,0,13,13,0,0,0,2301,2093,4394,0,0,0,0,0,0,0,0,0,0,0,0,0,0,0,289,170,459,3,0,3,0,0,0,101,44,145,0,0,0,0,0,0,0,0,0,0,0,0,0,0,0,0,0,0,0,0,0,0,0,0,0,0,0,0,0,0,0,0,0,0,0,0,0,0,0
20180512,153005,22954,22787,45741,29860,28090,57950,103691,7568,7555,15123,6085,6969,13054,20,9,29,27,37,64,0,0,0,0,0,0,0,0,0,308,238,546,0,14,14,4503,4239,8742,0,0,0,3904,2443,6347,129,36,165,168,101,269,13,13,26,0,0,0,2370,2151,4521,0,0,0,0,0,0,0,0,0,0,0,0,0,0,0,115,242,357,0,2,2,0,0,0,38,17,55,0,0,0,0,0,0,0,0,0,0,0,0,0,0,0,0,0,0,0,0,0,0,0,0,0,0,0,0,0,0,0,0,0,0,0,0,0,0,0
20180513,152845,24293,25964,50257,31075,30366,61441,111698,8173,7670,15843,1703,1082,2785,191,160,351,39,15,54,0,0,0,0,1,1,0,0,0,300,276,576,0,0,0,4480,4858,9338,0,0,0,2672,4560,7232,33,53,86,152,164,316,7,2,9,0,0,0,2250,2222,4472,0,0,0,0,0,0,0,0,0,0,0,0,0,0,0,12,8,20,0,0,0,0,0,0,16,48,64,0,0,0,0,0,0,0,0,0,0,0,0,0,0,0,0,0,0,0,0,0,0,0,0,0,0,0,0,0,0,0,0,0,0,0,0,0,0,0
20180514,142220,23517,25809,49326,29012,31800,60812,110138,6274,6900,13174,7,3,10,59,367,426,86,55,141,0,0,0,0,1,1,0,0,0,267,276,543,0,0,0,4030,4469,8499,0,0,0,2078,2333,4411,19,149,168,169,142,311,6,7,13,0,0,0,2070,2266,4336,0,0,0,0,0,0,0,0,0,0,0,0,0,0,0,9,4,13,0,0,0,0,0,0,26,10,36,0,0,0,0,0,0,0,0,0,0,0,0,0,0,0,0,0,0,0,0,0,0,0,0,0,0,0,0,0,0,0,0,0,0,0,0,0,0,0
20180515,146620,21843,24503,46346,27539,29895,57434,103780,8262,8554,16816,4071,3410,7481,12,11,23,49,78,127,6,2,8,0,0,0,0,0,0,426,465,891,0,4,4,4180,4407,8587,0,0,0,2023,2149,4172,26,36,62,152,154,306,1,2,3,0,0,0,1816,1983,3799,0,0,0,0,0,0,0,0,0,0,0,0,0,0,0,265,228,493,0,5,5,0,0,0,52,11,63,0,0,0,0,0,0,0,0,0,0,0,0,0,0,0,0,0,0,0,0,0,0,0,0,0,0,0,0,0,0,0,0,0,0,0,0,0,0,0
20180516,137755,21767,23410,45177,26843,29004,55847,101024,7641,7989,15630,1032,966,1998,93,20,113,35,45,80,6,4,10,0,0,0,0,0,0,105,80,185,0,3,3,4371,4585,8956,0,0,0,1805,2268,4073,13,34,47,167,138,305,3,8,11,0,0,0,2321,2470,4791,0,0,0,0,0,0,0,0,0,0,0,0,0,0,0,122,310,432,1,0,1,0,0,0,82,14,96,0,0,0,0,0,0,0,0,0,0,0,0,0,0,0,0,0,0,0,0,0,0,0,0,0,0,0,0,0,0,0,0,0,0,0,0,0,0,0
20180517,153955,24578,23879,48457,29125,32185,61310,109767,7610,8097,15707,4203,4481,8684,89,330,419,80,58,138,2,1,3,0,0,0,0,0,0,295,255,550,1,4,5,4858,5081,9939,0,0,0,1917,2464,4381,17,48,65,174,117,291,6,0,6,0,0,0,2008,1908,3916,0,0,0,0,0,0,0,0,0,0,0,0,0,0,0,0,1,1,0,12,12,0,0,0,30,41,71,0,0,0,0,0,0,0,0,0,0,0,0,0,0,0,0,0,0,0,0,0,0,0,0,0,0,0,0,0,0,0,0,0,0,0,0,0,0,0
20180518,159692,27953,25986,53939,32833,32516,65349,119288,8416,8328,16744,1044,1776,2820,1,7,8,42,49,91,0,4,4,0,0,0,0,0,0,233,227,460,81,5,86,4707,4800,9507,0,0,0,2386,2348,4734,42,87,129,176,149,325,4,6,10,0,0,0,2324,2229,4553,0,0,0,0,0,0,0,0,0,0,0,0,0,0,0,460,409,869,2,10,12,0,0,0,45,7,52,0,0,0,0,0,0,0,0,0,0,0,0,0,0,0,0,0,0,0,0,0,0,0,0,0,0,0,0,0,0,0,0,0,0,0,0,0,0,0
20180519,164752,29536,24186,53722,32769,31298,64067,117789,9072,8196,17268,3415,4008,7423,9,12,21,28,32,60,0,0,0,0,0,0,0,0,0,321,292,613,0,0,0,4814,4459,9273,0,0,0,4323,2332,6655,30,61,91,178,134,312,5,7,12,0,0,0,2432,2112,4544,0,0,0,0,0,0,0,0,0,0,0,0,0,0,0,265,255,520,0,16,16,0,0,0,113,42,155,0,0,0,0,0,0,0,0,0,0,0,0,0,0,0,0,0,0,0,0,0,0,0,0,0,0,0,0,0,0,0,0,0,0,0,0,0,0,0
20180520,165579,28576,26954,55530,34044,32932,66976,122506,8764,8355,17119,1802,953,2755,281,151,432,42,41,83,2,2,4,2,0,2,0,0,0,296,309,605,0,0,0,4878,4984,9862,0,0,0,2677,4280,6957,40,71,111,177,147,324,5,1,6,0,0,0,2345,2305,4650,0,0,0,0,0,0,0,0,0,0,0,0,0,0,0,1,4,5,0,0,0,0,0,0,25,133,158,0,0,0,0,0,0,0,0,0,0,0,0,0,0,0,0,0,0,0,0,0,0,0,0,0,0,0,0,0,0,0,0,0,0,0,0,0,0,0
20180521,149853,26087,25659,51746,31368,32018,63386,115132,7378,7241,14619,1,203,204,206,155,361,33,64,97,0,0,0,0,0,0,0,0,0,260,283,543,0,0,0,4328,4604,8932,0,0,0,2229,2599,4828,41,39,80,165,180,345,2,4,6,0,0,0,2352,2292,4644,0,0,0,0,0,0,0,0,0,0,0,0,0,0,0,3,7,10,1,0,1,0,0,0,16,35,51,0,0,0,0,0,0,0,0,0,0,0,0,0,0,0,0,0,0,0,0,0,0,0,0,0,0,0,0,0,0,0,0,0,0,0,0,0,0,0
20180522,163524,24826,28465,53291,30051,31265,61316,114607,8775,8943,17718,5882,5251,11133,4,0,4,30,49,79,0,2,2,2,5,7,0,0,0,458,414,872,0,4,4,4284,4507,8791,0,0,0,2188,2077,4265,44,29,73,177,180,357,6,1,7,0,0,0,2190,2233,4423,0,0,0,0,0,0,0,0,0,0,0,0,0,0,0,584,530,1114,2,9,11,0,0,0,42,15,57,0,0,0,0,0,0,0,0,0,0,0,0,0,0,0,0,0,0,0,0,0,0,0,0,0,0,0,0,0,0,0,0,0,0,0,0,0,0,0
20180523,140894,21996,26200,48196,27424,29984,57408,105604,7853,8043,15896,1,0,1,88,30,118,32,103,135,2,0,2,0,2,2,0,0,0,103,99,202,15,0,15,4439,4413,8852,0,0,0,2288,2088,4376,25,7,32,160,169,329,5,3,8,0,0,0,2293,2551,4844,0,0,0,0,0,0,0,0,0,0,0,0,0,0,0,215,205,420,0,0,0,0,0,0,40,18,58,0,0,0,0,0,0,0,0,0,0,0,0,0,0,0,0,0,0,0,0,0,0,0,0,0,0,0,0,0,0,0,0,0,0,0,0,0,0,0
20180524,143233,23980,23449,47429,29551,30294,59845,107274,7643,7725,15368,10,4,14,185,327,512,22,39,61,0,0,0,3,5,8,0,0,0,322,270,592,0,0,0,4570,4671,9241,0,0,0,2929,2610,5539,30,50,80,167,151,318,0,5,5,0,0,0,2119,1938,4057,0,0,0,0,0,0,0,0,0,0,0,0,0,0,0,5,1,6,0,0,0,0,0,0,94,64,158,0,0,0,0,0,0,0,0,0,0,0,0,0,0,0,0,0,0,0,0,0,0,0,0,0,0,0,0,0,0,0,0,0,0,0,0,0,0,0
20180525,158239,27791,26438,54229,32497,30438,62935,117164,8698,8054,16752,937,1852,2789,13,5,18,42,87,129,0,0,0,0,0,0,0,0,0,260,197,457,0,0,0,4706,4793,9499,0,0,0,3809,1932,5741,42,95,137,162,152,314,7,0,7,0,0,0,2448,2247,4695,0,0,0,0,0,0,0,0,0,0,0,0,0,0,0,214,270,484,0,3,3,0,0,0,33,17,50,0,0,0,0,0,0,0,0,0,0,0,0,0,0,0,0,0,0,0,0,0,0,0,0,0,0,0,0,0,0,0,0,0,0,0,0,0,0,0
20180526,161744,27491,24543,52034,33641,30442,64083,116117,8686,7974,16660,3598,3851,7449,8,5,13,29,85,114,0,0,0,0,0,0,0,0,0,320,253,573,0,0,0,4612,4206,8818,0,0,0,3512,2475,5987,18,122,140,159,170,329,3,8,11,0,0,0,2321,2216,4537,0,0,0,0,0,0,0,0,0,0,0,0,0,0,0,492,284,776,0,8,8,0,0,0,117,95,212,0,0,0,0,0,0,0,0,0,0,0,0,0,0,0,0,0,0,0,0,0,0,0,0,0,0,0,0,0,0,0,0,0,0,0,0,0,0,0
20180527,164369,27188,26246,53434,33576,31180,64756,118190,8744,7701,16445,3904,2888,6792,167,762,929,24,12,36,0,0,0,0,7,7,0,0,0,282,291,573,0,0,0,4736,4702,9438,0,0,0,2291,4485,6776,40,41,81,166,180,346,4,12,16,0,0,0,2410,2179,4589,0,0,0,0,0,0,0,0,0,0,0,0,0,0,0,20,4,24,0,0,0,0,0,0,19,108,127,0,0,0,0,0,0,0,0,0,0,0,0,0,0,0,0,0,0,0,0,0,0,0,0,0,0,0,0,0,0,0,0,0,0,0,0,0,0,0
20180528,144376,24893,24911,49804,31108,30477,61585,111389,6860,6397,13257,6,17,23,212,262,474,68,58,126,17,7,24,1,1,2,0,0,0,290,284,574,0,42,42,4173,4335,8508,0,0,0,2350,2309,4659,67,34,101,169,163,332,10,4,14,0,0,0,2351,2397,4748,0,0,0,0,0,0,0,0,0,0,0,0,0,0,0,2,5,7,0,0,0,0,0,0,51,45,96,0,0,0,0,0,0,0,0,0,0,0,0,0,0,0,0,0,0,0,0,0,0,0,0,0,0,0,0,0,0,0,0,0,0,0,0,0,0,0
20180529,136372,23356,23898,47254,27839,27463,55302,102556,8372,7653,16025,14,1,15,13,17,30,43,39,82,0,0,0,0,0,0,0,0,0,450,363,813,5,0,5,4089,3928,8017,0,0,0,1991,2111,4102,31,22,53,154,146,300,1,0,1,0,0,0,2013,1795,3808,0,0,0,0,0,0,0,0,0,0,0,0,0,0,0,296,192,488,1,14,15,0,0,0,41,21,62,0,0,0,0,0,0,0,0,0,0,0,0,0,0,0,0,0,0,0,0,0,0,0,0,0,0,0,0,0,0,0,0,0,0,0,0,0,0,0
20180530,141245,22327,23090,45417,26599,26379,52978,98395,7419,7077,14496,4720,4996,9716,81,25,106,63,99,162,0,0,0,0,0,0,0,0,0,94,78,172,9,14,23,4180,4081,8261,0,0,0,2015,1973,3988,31,55,86,165,156,321,5,5,10,0,0,0,2216,2234,4450,0,0,0,0,0,0,0,0,0,0,0,0,0,0,0,360,678,1038,1,0,1,0,0,0,9,11,20,0,0,0,0,0,0,0,0,0,0,0,0,0,0,0,0,0,0,0,0,0,0,0,0,0,0,0,0,0,0,0,0,0,0,0,0,0,0,0
20180531,141674,22662,24205,46867,28116,27442,55558,102425,7481,6825,14306,2777,2769,5546,772,753,1525,46,75,121,2,0,2,0,0,0,0,0,0,318,286,604,8,9,17,4243,4518,8761,0,0,0,2070,2124,4194,25,18,43,161,145,306,9,0,9,0,0,0,2029,1746,3775,0,0,0,0,0,0,0,0,0,0,0,0,0,0,0,5,2,7,1,0,1,0,0,0,13,19,32,0,0,0,0,0,0,0,0,0,0,0,0,0,0,0,0,0,0,0,0,0,0,0,0,0,0,0,0,0,0,0,0,0,0,0,0,0,0,0
20180601,150348,25485,24408,49893,30609,29512,60121,110014,7895,7222,15117,3190,3285,6475,13,8,21,28,90,118,0,0,0,0,0,0,0,0,0,221,194,415,4,2,6,4223,4240,8463,0,0,0,2362,1946,4308,11,22,33,168,167,335,5,4,9,0,0,0,2221,2173,4394,0,0,0,0,0,0,0,0,0,0,0,0,0,0,0,290,252,542,3,19,22,0,0,0,28,48,76,0,0,0,0,0,0,0,0,0,0,0,0,0,0,0,0,0,0,0,0,0,0,0,0,0,0,0,0,0,0,0,0,0,0,0,0,0,0,0
20180602,141783,24710,23469,48179,28901,28600,57501,105680,7932,7569,15501,4,2,6,6,3,9,28,27,55,0,0,0,0,1,1,0,0,0,304,280,584,0,0,0,4337,3812,8149,0,0,0,3883,2578,6461,38,53,91,176,146,322,0,5,5,0,0,0,2102,2133,4235,0,0,0,0,0,0,0,0,0,0,0,0,0,0,0,271,231,502,0,0,0,0,0,0,164,18,182,0,0,0,0,0,0,0,0,0,0,0,0,0,0,0,0,0,0,0,0,0,0,0,0,0,0,0,0,0,0,0,0,0,0,0,0,0,0,0
20180603,157523,27106,26341,53447,31905,31574,63479,116926,7961,7806,15767,1782,956,2738,621,189,810,20,56,76,0,0,0,0,0,0,0,0,0,299,263,562,0,12,12,4386,4708,9094,0,0,0,2368,4197,6565,134,83,217,160,167,327,3,5,8,0,0,0,2225,2059,4284,0,0,0,0,0,0,0,0,0,0,0,0,0,0,0,6,4,10,0,0,0,0,0,0,23,104,127,0,0,0,0,0,0,0,0,0,0,0,0,0,0,0,0,0,0,0,0,0,0,0,0,0,0,0,0,0,0,0,0,0,0,0,0,0,0,0
20180604,139169,25696,24066,49762,28726,28570,57296,107058,6664,6985,13649,2,3,5,123,102,225,21,27,48,0,1,1,1,0,1,0,0,0,285,280,565,0,0,0,3914,4253,8167,0,0,0,2232,2509,4741,31,26,57,165,149,314,1,0,1,0,0,0,2012,2222,4234,0,0,0,0,0,0,0,0,0,0,0,0,0,0,0,8,6,14,1,0,1,0,0,0,35,53,88,0,0,0,0,0,0,0,0,0,0,0,0,0,0,0,0,0,0,0,0,0,0,0,0,0,0,0,0,0,0,0,0,0,0,0,0,0,0,0
20180605,127651,19318,21288,40606,19849,25914,45763,86369,5304,7584,12888,3847,3972,7819,13,11,24,1510,1521,3031,0,0,0,0,0,0,0,0,0,415,425,840,3,9,12,3669,4186,7855,0,0,0,1715,2339,4054,15,32,47,155,135,290,7,7,14,0,0,0,1377,1831,3208,0,0,0,0,0,0,0,0,0,0,0,0,0,0,0,725,346,1071,0,0,0,0,0,0,61,68,129,0,0,0,0,0,0,0,0,0,0,0,0,0,0,0,0,0,0,0,0,0,0,0,0,0,0,0,0,0,0,0,0,0,0,0,0,0,0,0
20180606,130132,20277,24508,44785,23497,26246,49743,94528,5616,7767,13383,905,1080,1985,672,29,701,27,91,118,4,0,4,0,0,0,0,0,0,69,80,149,0,1,1,4180,4391,8571,0,0,0,2127,2518,4645,25,27,52,168,147,315,4,7,11,0,0,0,2340,2282,4622,0,0,0,0,0,0,0,0,0,0,0,0,0,0,0,564,422,986,3,0,3,0,0,0,43,15,58,0,0,0,0,0,0,0,0,0,0,0,0,0,0,0,0,0,0,0,0,0,0,0,0,0,0,0,0,0,0,0,0,0,0,0,0,0,0,0
20180607,140985,24312,25101,49413,27385,29364,56749,106162,7555,7325,14880,51,10,61,231,849,1080,31,54,85,2,0,2,0,0,0,0,0,0,306,272,578,0,0,0,4425,4663,9088,0,0,0,2494,2203,4697,70,72,142,147,151,298,10,11,21,0,0,0,2030,1767,3797,0,0,0,0,0,0,0,0,0,0,0,0,0,0,0,2,8,10,0,9,9,0,0,0,13,62,75,0,0,0,0,0,0,0,0,0,0,0,0,0,0,0,0,0,0,0,0,0,0,0,0,0,0,0,0,0,0,0,0,0,0,0,0,0,0,0
20180608,157946,27510,26748,54258,31723,30912,62635,116893,8426,7610,16036,1109,1854,2963,4,3,7,38,30,68,0,0,0,0,0,0,0,0,0,241,227,468,0,2,2,4544,4838,9382,0,0,0,3191,2916,6107,60,242,302,179,153,332,13,3,16,0,0,0,2322,2429,4751,0,0,0,0,0,0,0,0,0,0,0,0,0,0,0,187,329,516,3,2,5,0,0,0,66,32,98,0,0,0,0,0,0,0,0,0,0,0,0,0,0,0,0,0,0,0,0,0,0,0,0,0,0,0,0,0,0,0,0,0,0,0,0,0,0,0
20180609,164109,28325,27299,55624,30827,30718,61545,117169,8465,8232,16697,3924,4261,8185,2,3,5,40,34,74,6,0,6,0,0,0,0,0,0,300,267,567,0,0,0,4557,4322,8879,0,0,0,4046,2611,6657,30,47,77,169,166,335,7,10,17,0,0,0,2422,2137,4559,0,0,0,0,0,0,0,0,0,0,0,0,0,0,0,284,475,759,1,0,1,0,0,0,108,14,122,0,0,0,0,0,0,0,0,0,0,0,0,0,0,0,0,0,0,0,0,0,0,0,0,0,0,0,0,0,0,0,0,0,0,0,0,0,0,0
20180610,165939,27946,28887,56833,32513,33106,65619,122452,8113,8405,16518,2058,2206,4264,205,172,377,14,27,41,0,0,0,0,0,0,0,0,0,264,307,571,0,0,0,4653,4848,9501,0,0,0,2795,4148,6943,120,46,166,154,171,325,9,6,15,0,0,0,2239,2383,4622,0,0,0,0,0,0,0,0,0,0,0,0,0,0,0,3,2,5,0,0,0,0,0,0,39,100,139,0,0,0,0,0,0,0,0,0,0,0,0,0,0,0,0,0,0,0,0,0,0,0,0,0,0,0,0,0,0,0,0,0,0,0,0,0,0,0
20180611,147309,25936,27222,53158,30176,29647,59823,112981,7351,7401,14752,1,5,6,224,116,340,30,38,68,0,0,0,0,0,0,0,0,0,244,302,546,48,0,48,4106,4358,8464,0,0,0,2676,2082,4758,96,18,114,156,156,312,5,0,5,0,0,0,2262,2513,4775,0,0,0,0,0,0,0,0,0,0,0,0,0,0,0,5,3,8,0,19,19,0,0,0,70,43,113,0,0,0,0,0,0,0,0,0,0,0,0,0,0,0,0,0,0,0,0,0,0,0,0,0,0,0,0,0,0,0,0,0,0,0,0,0,0,0
20180612,159211,24366,26523,50889,28222,29819,58041,108930,8155,8399,16554,7131,6849,13980,8,2,10,32,65,97,0,6,6,0,0,0,0,0,0,424,459,883,0,8,8,4019,4274,8293,0,0,0,2299,2243,4542,13,29,42,137,155,292,1,0,1,0,0,0,2056,2180,4236,0,0,0,0,0,0,0,0,0,0,0,0,0,0,0,642,605,1247,0,3,3,0,0,0,36,51,87,0,0,0,0,0,0,0,0,0,0,0,0,0,0,0,0,0,0,0,0,0,0,0,0,0,0,0,0,0,0,0,0,0,0,0,0,0,0,0
20180613,150097,25253,27531,52784,29378,29377,58755,111539,8241,7995,16236,2132,1232,3364,90,25,115,61,37,98,0,1,1,0,0,0,0,0,0,95,103,198,30,0,30,4256,4407,8663,0,0,0,2401,1608,4009,16,28,44,174,174,348,2,11,13,0,0,0,2425,2449,4874,0,0,0,0,0,0,0,0,0,0,0,0,0,0,0,238,241,479,0,1,1,0,0,0,24,61,85,0,0,0,0,0,0,0,0,0,0,0,0,0,0,0,0,0,0,0,0,0,0,0,0,0,0,0,0,0,0,0,0,0,0,0,0,0,0,0
20180614,151939,27479,27079,54558,31230,30377,61607,116165,8196,8057,16253,3,2,5,10,18,28,52,83,135,210,211,421,0,0,0,0,0,0,301,250,551,1,0,1,4753,4656,9409,0,0,0,2711,1792,4503,6,11,17,161,163,324,18,9,27,0,0,0,2187,1811,3998,0,0,0,0,0,0,0,0,0,0,0,0,0,0,0,6,7,13,0,0,0,0,0,0,48,41,89,0,0,0,0,0,0,0,0,0,0,0,0,0,0,0,0,0,0,0,0,0,0,0,0,0,0,0,0,0,0,0,0,0,0,0,0,0,0,0
20180615,167487,29327,28556,57883,34204,33919,68123,126006,9139,7995,17134,1264,2138,3402,17,4,21,49,37,86,3,3,6,0,0,0,0,0,0,256,186,442,5,0,5,4782,4946,9728,0,0,0,2571,2563,5134,22,63,85,163,163,326,2,1,3,0,0,0,2644,2412,5056,0,0,0,0,0,0,0,0,0,0,0,0,0,0,0,3,1,4,0,0,0,0,0,0,26,23,49,0,0,0,0,0,0,0,0,0,0,0,0,0,0,0,0,0,0,0,0,0,0,0,0,0,0,0,0,0,0,0,0,0,0,0,0,0,0,0
20180616,170254,29141,28937,58078,32091,31750,63841,121919,9071,8596,17667,4005,4183,8188,18,6,24,76,123,199,0,0,0,0,0,0,0,0,0,298,264,562,0,0,0,4702,4355,9057,0,0,0,4067,2485,6552,13,47,60,162,108,270,5,12,17,0,0,0,2556,2085,4641,0,0,0,0,0,0,0,0,0,0,0,0,0,0,0,416,527,943,0,10,10,0,0,0,113,32,145,0,0,0,0,0,0,0,0,0,0,0,0,0,0,0,0,0,0,0,0,0,0,0,0,0,0,0,0,0,0,0,0,0,0,0,0,0,0,0
20180617,156679,26802,27384,54186,30612,30711,61323,115509,8448,7805,16253,2209,2433,4642,98,170,268,13,55,68,7,0,7,0,0,0,0,0,0,293,303,596,0,0,0,4247,4302,8549,0,0,0,2721,3031,5752,47,86,133,173,165,338,8,5,13,0,0,0,2325,2087,4412,0,0,0,0,0,0,0,0,0,0,0,0,0,0,0,6,4,10,0,3,3,0,0,0,27,99,126,0,0,0,0,0,0,0,0,0,0,0,0,0,0,0,0,0,0,0,0,0,0,0,0,0,0,0,0,0,0,0,0,0,0,0,0,0,0,0
20180618,159614,30177,29722,59899,32301,32243,64544,124443,7402,8057,15459,0,37,37,60,176,236,15,15,30,4,0,4,0,0,0,0,0,0,234,300,534,1,0,1,4318,4354,8672,0,0,0,1934,3153,5087,61,63,124,157,169,326,5,4,9,0,0,0,2312,2250,4562,0,0,0,0,0,0,0,0,0,0,0,0,0,0,0,3,6,9,0,2,2,0,0,0,48,31,79,0,0,0,0,0,0,0,0,0,0,0,0,0,0,0,0,0,0,0,0,0,0,0,0,0,0,0,0,0,0,0,0,0,0,0,0,0,0,0
20180619,162005,25631,29791,55422,30698,31787,62485,117907,8148,9707,17855,4192,4067,8259,4,11,15,40,24,64,1,0,1,0,0,0,0,0,0,384,424,808,4,0,4,4455,4506,8961,0,0,0,1637,1810,3447,56,34,90,153,160,313,3,2,5,0,0,0,1853,2376,4229,0,0,0,0,0,0,0,0,0,0,0,0,0,0,0,0,2,2,0,12,12,0,0,0,6,27,33,0,0,0,0,0,0,0,0,0,0,0,0,0,0,0,0,0,0,0,0,0,0,0,0,0,0,0,0,0,0,0,0,0,0,0,0,0,0,0
20180620,150121,24106,29949,54055,26611,30454,57065,111120,7364,8317,15681,2396,1527,3923,403,59,462,89,39,128,0,3,3,0,0,0,0,0,0,234,278,512,0,0,0,4213,4699,8912,0,0,0,2016,2179,4195,64,44,108,169,168,337,2,3,5,0,0,0,2098,2578,4676,0,0,0,0,0,0,0,0,0,0,0,0,0,0,0,5,6,11,0,13,13,0,0,0,14,21,35,0,0,0,0,0,0,0,0,0,0,0,0,0,0,0,0,0,0,0,0,0,0,0,0,0,0,0,0,0,0,0,0,0,0,0,0,0,0,0
20180621,148426,24753,27729,52482,27223,31391,58614,111096,7912,8621,16533,0,1,1,268,612,880,62,169,231,0,8,8,5,0,5,0,0,0,308,281,589,1,74,75,4337,4882,9219,0,0,0,1658,3315,4973,32,88,120,149,179,328,4,7,11,0,0,0,1972,2238,4210,0,0,0,0,0,0,0,0,0,0,0,0,0,0,0,1,3,4,0,10,10,0,0,0,97,36,133,0,0,0,0,0,0,0,0,0,0,0,0,0,0,0,0,0,0,0,0,0,0,0,0,0,0,0,0,0,0,0,0,0,0,0,0,0,0,0
20180622,158711,25955,28001,53956,30230,33275,63505,117461,8170,8281,16451,1575,2273,3848,17,3,20,65,49,114,0,5,5,0,0,0,0,0,0,424,418,842,1,0,1,4432,4869,9301,0,0,0,1950,1997,3947,43,48,91,170,162,332,2,1,3,0,0,0,2722,2825,5547,0,0,0,0,0,0,0,0,0,0,0,0,0,0,0,248,417,665,1,8,9,0,0,0,19,55,74,0,0,0,0,0,0,0,0,0,0,0,0,0,0,0,0,0,0,0,0,0,0,0,0,0,0,0,0,0,0,0,0,0,0,0,0,0,0,0
20180623,166589,27536,29222,56758,30360,32604,62964,119722,8621,8403,17024,4069,4059,8128,14,21,35,65,94,159,13,9,22,3,1,4,0,0,0,307,299,606,5,3,8,4556,4642,9198,0,0,0,3146,2184,5330,15,31,46,175,164,339,1,5,6,0,0,0,2288,2647,4935,0,0,0,0,0,0,0,0,0,0,0,0,0,0,0,156,762,918,0,0,0,0,0,0,72,37,109,0,0,0,0,0,0,0,0,0,0,0,0,0,0,0,0,0,0,0,0,0,0,0,0,0,0,0,0,0,0,0,0,0,0,0,0,0,0,0
20180624,172803,29758,30440,60198,33499,33858,67357,127555,8775,8486,17261,2351,2517,4868,286,447,733,19,26,45,0,1,1,1,0,1,0,0,0,294,308,602,0,0,0,4710,5040,9750,0,0,0,2288,3647,5935,22,75,97,170,170,340,2,6,8,0,0,0,2709,2736,5445,0,0,0,0,0,0,0,0,0,0,0,0,0,0,0,3,9,12,0,9,9,0,0,0,42,99,141,0,0,0,0,0,0,0,0,0,0,0,0,0,0,0,0,0,0,0,0,0,0,0,0,0,0,0,0,0,0,0,0,0,0,0,0,0,0,0
20180625,153423,27181,29406,56587,30046,31157,61203,117790,7359,7597,14956,3,3,6,416,120,536,69,44,113,5,0,5,0,0,0,0,0,0,280,308,588,0,0,0,4117,4498,8615,0,0,0,2692,2513,5205,82,50,132,150,158,308,2,0,2,0,0,0,2595,2491,5086,0,0,0,0,0,0,0,0,0,0,0,0,0,0,0,9,1,10,0,15,15,0,0,0,38,18,56,0,0,0,0,0,0,0,0,0,0,0,0,0,0,0,0,0,0,0,0,0,0,0,0,0,0,0,0,0,0,0,0,0,0,0,0,0,0,0
20180626,150244,25439,27735,53174,29686,30478,60164,113338,8677,8553,17230,11,13,24,220,52,272,97,108,205,0,0,0,0,4,4,0,0,0,402,367,769,0,0,0,4202,4374,8576,0,0,0,1838,1963,3801,37,50,87,129,179,308,9,10,19,0,0,0,2078,2383,4461,0,0,0,0,0,0,0,0,0,0,0,0,0,0,0,718,373,1091,0,5,5,0,0,0,18,36,54,0,0,0,0,0,0,0,0,0,0,0,0,0,0,0,0,0,0,0,0,0,0,0,0,0,0,0,0,0,0,0,0,0,0,0,0,0,0,0
20180627,148146,25660,27089,52749,29474,29459,58933,111682,7434,7930,15364,0,38,38,86,121,207,86,42,128,1,1,2,0,0,0,0,0,0,269,292,561,6,5,11,4467,4633,9100,0,0,0,2578,2224,4802,45,58,103,171,172,343,0,3,3,0,0,0,2549,2630,5179,0,0,0,0,0,0,0,0,0,0,0,0,0,0,0,329,211,540,0,0,0,0,0,0,55,28,83,0,0,0,0,0,0,0,0,0,0,0,0,0,0,0,0,0,0,0,0,0,0,0,0,0,0,0,0,0,0,0,0,0,0,0,0,0,0,0
20180628,156362,27584,28208,55792,30172,31978,62150,117942,8364,8583,16947,0,0,0,362,763,1125,82,38,120,0,0,0,0,9,9,0,0,0,287,319,606,2,4,6,4802,5044,9846,0,0,0,2410,2365,4775,15,35,50,139,180,319,2,4,6,0,0,0,2211,2315,4526,0,0,0,0,0,0,0,0,0,0,0,0,0,0,0,6,6,12,0,0,0,0,0,0,47,26,73,0,0,0,0,0,0,0,0,0,0,0,0,0,0,0,0,0,0,0,0,0,0,0,0,0,0,0,0,0,0,0,0,0,0,0,0,0,0,0
20180629,172139,26611,29893,56504,33623,35492,69115,125619,8573,9122,17695,2135,2705,4840,9,3,12,51,487,538,3,0,3,1,0,1,0,0,0,421,492,913,0,0,0,4571,5069,9640,0,0,0,2681,2813,5494,41,111,152,175,178,353,4,2,6,0,0,0,2927,2932,5859,0,0,0,0,0,0,0,0,0,0,0,0,0,0,0,255,704,959,0,7,7,0,0,0,32,16,48,0,0,0,0,0,0,0,0,0,0,0,0,0,0,0,0,0,0,0,0,0,0,0,0,0,0,0,0,0,0,0,0,0,0,0,0,0,0,0
20180630,182707,28828,33582,62410,33124,36018,69142,131552,8924,9902,18826,4121,4297,8418,1,5,6,14,25,39,3,3,6,0,0,0,0,0,0,296,330,626,1,1,2,4650,4841,9491,0,0,0,3460,3074,6534,54,84,138,156,169,325,2,5,7,0,0,0,2801,2871,5672,0,0,0,0,0,0,0,0,0,0,0,0,0,0,0,216,741,957,0,0,0,0,0,0,68,40,108,0,0,0,0,0,0,0,0,0,0,0,0,0,0,0,0,0,0,0,0,0,0,0,0,0,0,0,0,0,0,0,0,0,0,0,0,0,0,0
20180701,174473,28113,31418,59531,31917,36054,67971,127502,8299,9301,17600,2730,2571,5301,222,761,983,37,22,59,0,0,0,2,0,2,0,0,0,257,331,588,0,0,0,4492,5164,9656,0,0,0,2655,4160,6815,60,58,118,160,188,348,10,6,16,0,0,0,2589,2741,5330,0,0,0,0,0,0,0,0,0,0,0,0,0,0,0,5,3,8,0,5,5,0,0,0,21,121,142,0,0,0,0,0,0,0,0,0,0,0,0,0,0,0,0,0,0,0,0,0,0,0,0,0,0,0,0,0,0,0,0,0,0,0,0,0,0,0
20180702,156414,23524,31728,55252,29513,35375,64888,120140,6888,9280,16168,0,11,11,259,395,654,37,52,89,2,1,3,0,1,1,14,0,14,253,331,584,7,1,8,3733,4739,8472,0,0,0,2328,2997,5325,21,49,70,0,0,0,2,2,4,0,0,0,2210,2575,4785,0,0,0,0,0,0,0,0,0,0,0,0,0,0,0,2,2,4,0,6,6,0,0,0,31,45,76,0,0,0,0,0,0,0,0,0,0,0,0,0,0,0,0,0,0,0,0,0,0,0,0,0,0,0,0,0,0,0,0,0,0,0,0,0,0,0
20180703,158046,23387,28934,52321,26988,32121,59109,111430,7573,9785,17358,4292,4318,8610,2,4,6,59,172,231,5,0,5,0,8,8,0,0,0,379,395,774,10,0,10,3833,4736,8569,0,0,0,2307,2778,5085,12,42,54,152,185,337,0,2,2,0,0,0,2163,2462,4625,0,0,0,0,0,0,0,0,0,0,0,0,0,0,0,312,569,881,0,0,0,0,0,0,25,36,61,0,0,0,0,0,0,0,0,0,0,0,0,0,0,0,0,0,0,0,0,0,0,0,0,0,0,0,0,0,0,0,0,0,0,0,0,0,0,0
20180704,149901,23547,29737,53284,27061,31164,58225,111509,7777,8888,16665,5,6,11,150,165,315,43,1286,1329,0,0,0,1,0,1,0,8,8,233,326,559,76,1,77,4025,4604,8629,0,0,0,2079,2446,4525,39,96,135,164,184,348,12,9,21,0,0,0,2198,2738,4936,0,0,0,0,0,0,0,0,0,0,0,0,0,0,0,263,512,775,1,14,15,0,0,0,14,29,43,0,0,0,0,0,0,0,0,0,0,0,0,0,0,0,0,0,0,0,0,0,0,0,0,0,0,0,0,0,0,0,0,0,0,0,0,0,0,0
20180705,150871,24793,28634,53427,28347,31592,59939,113366,7746,8985,16731,1,0,1,242,409,651,71,277,348,0,2,2,0,2,2,0,0,0,218,300,518,0,4,4,4588,4958,9546,0,0,0,2460,2733,5193,30,48,78,0,0,0,2,4,6,0,0,0,1994,2339,4333,0,0,0,0,0,0,0,0,0,0,0,0,0,0,0,2,7,9,1,3,4,0,0,0,60,19,79,0,0,0,0,0,0,0,0,0,0,0,0,0,0,0,0,0,0,0,0,0,0,0,0,0,0,0,0,0,0,0,0,0,0,0,0,0,0,0
20180706,163872,26131,28524,54655,33533,33231,66764,121419,8430,8716,17146,2432,229,2661,21,2,23,78,137,215,0,4,4,0,3,3,0,0,0,368,439,807,0,2,2,4616,4816,9432,0,0,0,2668,2692,5360,45,61,106,181,175,356,3,1,4,0,0,0,2678,2745,5423,0,0,0,0,0,0,0,0,0,0,0,0,0,0,0,472,397,869,1,18,19,0,0,0,20,3,23,0,0,0,0,0,0,0,0,0,0,0,0,0,0,0,0,0,0,0,0,0,0,0,0,0,0,0,0,0,0,0,0,0,0,0,0,0,0,0
20180707,168452,27158,27376,54534,31815,32564,64379,118913,8823,9261,18084,4340,4663,9003,4,12,16,37,143,180,0,0,0,8,0,8,0,0,0,273,279,552,0,0,0,4770,4598,9368,0,0,0,3699,2587,6286,40,53,93,0,0,0,2,13,15,0,0,0,2554,2495,5049,0,0,0,0,0,0,0,0,0,0,0,0,0,0,0,244,545,789,0,11,11,0,0,0,50,35,85,0,0,0,0,0,0,0,0,0,0,0,0,0,0,0,0,0,0,0,0,0,0,0,0,0,0,0,0,0,0,0,0,0,0,0,0,0,0,0
20180708,171215,27281,30726,58007,33160,34134,67294,125301,8475,9108,17583,2084,1592,3676,253,255,508,1226,389,1615,0,0,0,0,0,0,0,0,0,254,297,551,0,0,0,4815,5046,9861,0,0,0,2580,3664,6244,49,37,86,176,189,365,8,1,9,0,0,0,2589,2733,5322,0,0,0,0,0,0,0,0,0,0,0,0,0,0,0,6,0,6,0,0,0,0,0,0,17,71,88,0,0,0,0,0,0,0,0,0,0,0,0,0,0,0,0,0,0,0,0,0,0,0,0,0,0,0,0,0,0,0,0,0,0,0,0,0,0,0
20180709,156213,26388,28800,55188,31690,32202,63892,119080,7761,8152,15913,1,0,1,732,411,1143,35,115,150,4,2,6,0,8,8,0,0,0,246,316,562,9,2,11,4117,4643,8760,0,0,0,2534,2303,4837,26,132,158,0,0,0,10,3,13,0,0,0,2656,2785,5441,0,0,0,0,0,0,0,0,0,0,0,0,0,0,0,3,2,5,0,8,8,0,0,0,42,75,117,0,0,0,0,0,0,0,0,0,0,0,0,0,0,0,0,0,0,0,0,0,0,0,0,0,0,0,0,0,0,0,0,0,0,0,0,0,0,0
20180710,110739,16527,22998,39525,17245,23095,40340,79865,7982,8493,16475,0,0,0,22,0,22,45,34,79,0,0,0,0,5,5,0,0,0,393,367,760,0,0,0,2425,3361,5786,0,0,0,1860,2071,3931,0,0,0,0,0,0,3,2,5,0,0,0,1668,2141,3809,0,0,0,0,0,0,0,0,0,0,0,0,0,0,0,2,0,2,0,0,0,0,0,0,0,0,0,0,0,0,0,0,0,0,0,0,0,0,0,0,0,0,0,0,0,0,0,0,0,0,0,0,0,0,0,0,0,0,0,0,0,0,0,0,0,0
20180711,124197,24603,21442,46045,27717,21203,48920,94965,8221,7544,15765,0,0,0,1,0,1,29,73,102,0,0,0,0,0,0,0,0,0,256,239,495,0,0,0,4234,3214,7448,0,0,0,0,0,0,0,0,0,182,181,363,2,2,4,0,0,0,2793,2256,5049,0,0,0,0,0,0,0,0,0,0,0,0,0,0,0,0,1,1,1,3,4,0,0,0,0,0,0,0,0,0,0,0,0,0,0,0,0,0,0,0,0,0,0,0,0,0,0,0,0,0,0,0,0,0,0,0,0,0,0,0,0,0,0,0,0,0
20180712,144347,23213,25107,48320,24808,28942,53750,102070,5120,7557,12677,5996,3708,9704,7,7,14,415,1715,2130,0,0,0,0,0,0,0,0,0,278,282,560,11,0,11,3953,4478,8431,0,0,0,2466,2400,4866,132,39,171,0,0,0,1,1,2,0,0,0,1538,2129,3667,0,0,0,0,0,0,0,0,0,0,0,0,0,0,0,2,3,5,0,22,22,0,0,0,10,7,17,0,0,0,0,0,0,0,0,0,0,0,0,0,0,0,0,0,0,0,0,0,0,0,0,0,0,0,0,0,0,0,0,0,0,0,0,0,0,0
20180713,116000,18578,21295,39873,20071,25292,45363,85236,4286,7033,11319,58,346,404,9,1,10,63,46,109,0,0,0,0,0,0,0,0,0,367,406,773,5,0,5,3466,4115,7581,0,0,0,2617,2035,4652,61,45,106,0,147,147,0,6,6,0,0,0,1786,2492,4278,0,0,0,0,0,0,0,0,0,0,0,0,0,0,0,694,573,1267,0,29,29,0,0,0,57,21,78,0,0,0,0,0,0,0,0,0,0,0,0,0,0,0,0,0,0,0,0,0,0,0,0,0,0,0,0,0,0,0,0,0,0,0,0,0,0,0
20180714,121627,18606,22731,41337,21591,27687,49278,90615,4785,7797,12582,1,0,1,1,7,8,51,203,254,1,1,2,10,0,10,0,0,0,304,246,550,7,0,7,3376,3987,7363,0,0,0,2823,1802,4625,55,165,220,0,0,0,4,1,5,0,0,0,1936,2494,4430,0,0,0,0,0,0,0,0,0,0,0,0,0,0,0,246,616,862,1,17,18,0,0,0,45,30,75,0,0,0,0,0,0,0,0,0,0,0,0,0,0,0,0,0,0,0,0,0,0,0,0,0,0,0,0,0,0,0,0,0,0,0,0,0,0,0
20180715,132655,18597,23674,42271,20184,29247,49431,91702,5101,7735,12836,4711,4403,9114,275,498,773,23,95,118,0,0,0,5,0,5,0,0,0,265,311,576,4,7,11,3342,4396,7738,0,0,0,2125,3278,5403,50,78,128,0,32,32,0,2,2,0,0,0,1610,2495,4105,0,0,0,0,0,0,0,0,0,0,0,0,0,0,0,1,1,2,0,17,17,0,0,0,18,75,93,0,0,0,0,0,0,0,0,0,0,0,0,0,0,0,0,0,0,0,0,0,0,0,0,0,0,0,0,0,0,0,0,0,0,0,0,0,0,0
20180716,158666,28658,28046,56704,30156,32799,62955,119659,7897,8073,15970,0,2,2,12,3,15,1113,1366,2479,0,0,0,0,0,0,0,0,0,316,303,619,0,0,0,4030,4658,8688,0,0,0,2654,2688,5342,72,82,154,0,0,0,3,7,10,0,0,0,2752,2855,5607,0,0,0,0,0,0,0,0,0,0,0,0,0,0,0,9,7,16,0,11,11,0,0,0,46,48,94,0,0,0,0,0,0,0,0,0,0,0,0,0,0,0,0,0,0,0,0,0,0,0,0,0,0,0,0,0,0,0,0,0,0,0,0,0,0,0
20180717,144644,25072,24359,49431,28690,29414,58104,107535,8662,8417,17079,5,4,9,13,13,26,30,90,120,0,0,0,0,0,0,0,0,0,411,443,854,3,6,9,4147,4502,8649,0,0,0,2519,2649,5168,32,23,55,178,169,347,0,1,1,0,0,0,2482,2210,4692,0,0,0,0,0,0,0,0,0,0,0,0,0,0,0,2,4,6,0,2,2,0,0,0,76,16,92,0,0,0,0,0,0,0,0,0,0,0,0,0,0,0,0,0,0,0,0,0,0,0,0,0,0,0,0,0,0,0,0,0,0,0,0,0,0,0
20180718,152505,26385,25944,52329,28888,27899,56787,109116,8174,7757,15931,2216,2232,4448,140,49,189,105,263,368,13,13,26,3,5,8,0,0,0,311,271,582,0,0,0,4331,4403,8734,0,0,0,3308,2594,5902,75,51,126,189,155,344,6,4,10,0,0,0,2584,2685,5269,0,0,0,0,0,0,0,0,0,0,0,0,0,0,0,757,599,1356,0,1,1,0,0,0,21,74,95,0,0,0,0,0,0,0,0,0,0,0,0,0,0,0,0,0,0,0,0,0,0,0,0,0,0,0,0,0,0,0,0,0,0,0,0,0,0,0
20180719,128560,22516,23626,46142,23391,27055,50446,96588,4665,7622,12287,2,1,3,265,407,672,18,19,37,0,1,1,0,5,5,0,0,0,310,262,572,4,7,11,4163,4414,8577,0,0,0,2827,3110,5937,40,49,89,0,0,0,4,1,5,0,0,0,1527,2093,3620,0,0,0,0,0,0,0,0,0,0,0,0,0,0,0,25,7,32,0,11,11,0,0,0,67,46,113,0,0,0,0,0,0,0,0,0,0,0,0,0,0,0,0,0,0,0,0,0,0,0,0,0,0,0,0,0,0,0,0,0,0,0,0,0,0,0
20180720,164698,27354,26125,53479,32779,30475,63254,116733,9345,8277,17622,2303,2367,4670,2,10,12,1294,452,1746,0,0,0,5,13,18,0,0,0,468,425,893,0,1,1,4746,4487,9233,0,0,0,4043,3087,7130,31,45,76,180,161,341,7,5,12,0,0,0,2954,2540,5494,0,0,0,0,0,0,0,0,0,0,0,0,0,0,0,363,270,633,1,14,15,0,0,0,57,12,69,0,0,0,0,0,0,0,0,0,0,0,0,0,0,0,0,0,0,0,0,0,0,0,0,0,0,0,0,0,0,0,0,0,0,0,0,0,0,0
20180721,158473,28551,25949,54500,33412,29415,62827,117327,9584,8655,18239,4,6,10,16,3,19,16,292,308,0,0,0,0,2,2,0,0,0,317,264,581,0,0,0,4505,3968,8473,0,0,0,4406,2649,7055,40,38,78,0,0,0,5,7,12,0,0,0,2903,2526,5429,0,0,0,0,0,0,0,0,0,0,0,0,0,0,0,350,516,866,0,7,7,0,0,0,36,31,67,0,0,0,0,0,0,0,0,0,0,0,0,0,0,0,0,0,0,0,0,0,0,0,0,0,0,0,0,0,0,0,0,0,0,0,0,0,0,0
20180722,172577,29324,27224,56548,33252,31860,65112,121660,9002,8622,17624,4537,5054,9591,589,282,871,28,8,36,0,0,0,0,0,0,0,0,0,323,301,624,0,0,0,4956,4709,9665,0,0,0,2688,3916,6604,31,37,68,180,184,364,8,4,12,0,0,0,2761,2629,5390,0,0,0,0,0,0,0,0,0,0,0,0,0,0,0,1,0,1,0,9,9,0,0,0,18,40,58,0,0,0,0,0,0,0,0,0,0,0,0,0,0,0,0,0,0,0,0,0,0,0,0,0,0,0,0,0,0,0,0,0,0,0,0,0,0,0
20180723,156199,28361,26945,55306,32177,30980,63157,118463,8800,7572,16372,1,1,2,252,432,684,56,316,372,0,5,5,0,2,2,0,0,0,304,304,608,1,5,6,4334,4385,8719,0,0,0,2536,3166,5702,21,22,43,0,0,0,1,3,4,0,0,0,2580,2569,5149,0,0,0,0,0,0,0,0,0,0,0,0,0,0,0,4,1,5,0,37,37,0,0,0,12,14,26,0,0,0,0,0,0,0,0,0,0,0,0,0,0,0,0,0,0,0,0,0,0,0,0,0,0,0,0,0,0,0,0,0,0,0,0,0,0,0
20180724,151891,25835,24071,49906,29460,28091,57551,107457,9054,7950,17004,2889,2868,5757,9,10,19,410,1394,1804,0,0,0,4,0,4,0,0,0,466,380,846,0,1,1,4305,4317,8622,0,0,0,2146,2270,4416,29,52,81,184,166,350,2,10,12,0,0,0,2470,2157,4627,0,0,0,0,0,0,0,0,0,0,0,0,0,0,0,539,271,810,0,45,45,0,0,0,17,19,36,0,0,0,0,0,0,0,0,0,0,0,0,0,0,0,0,0,0,0,0,0,0,0,0,0,0,0,0,0,0,0,0,0,0,0,0,0,0,0
20180725,155469,26098,25580,51678,28816,27794,56610,108288,8407,7831,16238,4931,4798,9729,154,74,228,25,93,118,0,2,2,0,3,3,0,0,0,318,290,608,2,4,6,4516,4468,8984,0,0,0,2828,2382,5210,76,45,121,188,127,315,8,6,14,0,0,0,2520,2401,4921,0,0,0,0,0,0,0,0,0,0,0,0,0,0,0,350,252,602,1,21,22,0,0,0,36,24,60,0,0,0,0,0,0,0,0,0,0,0,0,0,0,0,0,0,0,0,0,0,0,0,0,0,0,0,0,0,0,0,0,0,0,0,0,0,0,0
20180726,153823,28956,26414,55370,30635,28398,59033,114403,8633,7636,16269,4,9,13,759,268,1027,1401,219,1620,0,0,0,0,0,0,0,0,0,329,311,640,0,0,0,4964,4671,9635,0,0,0,2818,2744,5562,29,41,70,0,0,0,9,4,13,0,0,0,2322,2143,4465,0,0,0,0,0,0,0,0,0,0,0,0,0,0,0,3,3,6,0,2,2,0,0,0,67,31,98,0,0,0,0,0,0,0,0,0,0,0,0,0,0,0,0,0,0,0,0,0,0,0,0,0,0,0,0,0,0,0,0,0,0,0,0,0,0,0
20180727,163737,28622,26326,54948,33914,30310,64224,119172,9338,7906,17244,2670,1877,4547,1,19,20,56,36,92,0,1,1,0,0,0,0,0,0,443,453,896,0,3,3,4934,4553,9487,0,0,0,2959,2700,5659,49,48,97,183,173,356,6,8,14,0,0,0,2808,2621,5429,0,0,0,0,0,0,0,0,0,0,0,0,0,0,0,282,299,581,0,38,38,0,0,0,42,59,101,0,0,0,0,0,0,0,0,0,0,0,0,0,0,0,0,0,0,0,0,0,0,0,0,0,0,0,0,0,0,0,0,0,0,0,0,0,0,0
20180728,155565,29867,26421,56288,32085,28534,60619,116907,8226,7997,16223,25,27,52,11,9,20,91,124,215,0,0,0,0,0,0,0,0,0,326,296,622,1,3,4,4213,4019,8232,0,0,0,4506,2563,7069,62,54,116,11,0,11,0,12,12,0,0,0,2821,2651,5472,0,0,0,0,0,0,0,0,0,0,0,0,0,0,0,223,293,516,0,8,8,0,0,0,29,57,86,0,0,0,0,0,0,0,0,0,0,0,0,0,0,0,0,0,0,0,0,0,0,0,0,0,0,0,0,0,0,0,0,0,0,0,0,0,0,0
20180729,177114,29510,28017,57527,35926,32746,68672,126199,9575,8499,18074,4102,4177,8279,342,300,642,13,22,35,0,0,0,0,0,0,0,0,0,330,292,622,0,0,0,5379,4815,10194,0,0,0,3127,4139,7266,33,38,71,187,196,383,13,7,20,0,0,0,2725,2507,5232,0,0,0,0,0,0,0,0,0,0,0,0,0,0,0,0,1,1,0,0,0,0,0,0,19,77,96,0,0,0,0,0,0,0,0,0,0,0,0,0,0,0,0,0,0,0,0,0,0,0,0,0,0,0,0,0,0,0,0,0,0,0,0,0,0,0
20180730,155043,28202,27521,55723,32445,29419,61864,117587,8001,7980,15981,8,0,8,367,138,505,38,41,79,0,0,0,0,1,1,0,0,0,320,299,619,0,0,0,4579,4334,8913,0,0,0,2614,3383,5997,24,51,75,0,0,0,5,3,8,0,0,0,2776,2425,5201,0,0,0,0,0,0,0,0,0,0,0,0,0,0,0,15,13,28,1,16,17,0,0,0,19,5,24,0,0,0,0,0,0,0,0,0,0,0,0,0,0,0,0,0,0,0,0,0,0,0,0,0,0,0,0,0,0,0,0,0,0,0,0,0,0,0
20180731,151168,27684,25715,53399,30729,28033,58762,112161,9414,8588,18002,23,15,38,13,12,25,51,81,132,0,0,0,0,10,10,0,0,0,453,409,862,0,0,0,4756,4114,8870,0,0,0,2390,2356,4746,3,23,26,189,159,348,8,5,13,0,0,0,2591,2200,4791,0,0,0,0,0,0,0,0,0,0,0,0,0,0,0,357,720,1077,0,30,30,0,0,0,29,8,37,0,0,0,0,0,0,0,0,0,0,0,0,0,0,0,0,0,0,0,0,0,0,0,0,0,0,0,0,0,0,0,0,0,0,0,0,0,0,0
20180801,156960,26948,26511,53459,28929,28574,57503,110962,8303,8220,16523,4064,3826,7890,492,42,534,48,74,122,0,0,0,0,0,0,0,0,0,255,303,558,0,0,0,4775,4341,9116,0,0,0,2678,2559,5237,17,108,125,186,149,335,5,6,11,0,0,0,2500,2467,4967,0,0,0,0,0,0,0,0,0,0,0,0,0,0,0,214,276,490,0,12,12,0,0,0,27,51,78,0,0,0,0,0,0,0,0,0,0,0,0,0,0,0,0,0,0,0,0,0,0,0,0,0,0,0,0,0,0,0,0,0,0,0,0,0,0,0
20180802,147480,26379,24878,51257,29788,28812,58600,109857,8296,7914,16210,7,0,7,252,600,852,53,56,109,0,1,1,0,0,0,0,0,0,324,283,607,0,2,2,5096,4649,9745,0,0,0,3083,2456,5539,46,61,107,0,0,0,3,0,3,0,0,0,2248,2085,4333,0,0,0,0,0,0,0,0,0,0,0,0,0,0,0,5,2,7,0,32,32,0,0,0,52,17,69,0,0,0,0,0,0,0,0,0,0,0,0,0,0,0,0,0,0,0,0,0,0,0,0,0,0,0,0,0,0,0,0,0,0,0,0,0,0,0
20180803,158532,26349,25941,52290,31294,31133,62427,114717,9059,8317,17376,1665,1734,3399,4,17,21,44,57,101,0,0,0,0,0,0,0,0,0,405,361,766,3,0,3,4919,4772,9691,0,0,0,3271,2869,6140,49,53,102,178,171,349,1,6,7,0,0,0,2607,2325,4932,0,0,0,0,0,0,0,0,0,0,0,0,0,0,0,372,232,604,1,12,13,102,99,201,58,52,110,0,0,0,0,0,0,0,0,0,0,0,0,0,0,0,0,0,0,0,0,0,0,0,0,0,0,0,0,0,0,0,0,0,0,0,0,0,0,0
20180804,159224,27679,26691,54370,33516,30547,64063,118433,8836,8676,17512,5,5,10,22,4,26,21,10,31,0,0,0,0,10,10,0,0,0,325,271,596,11,0,11,4760,4388,9148,0,0,0,4364,2968,7332,54,32,86,0,0,0,6,0,6,0,0,0,2771,2551,5322,0,0,0,0,0,0,0,0,0,0,0,0,0,0,0,332,247,579,0,8,8,0,0,0,63,51,114,0,0,0,0,0,0,0,0,0,0,0,0,0,0,0,0,0,0,0,0,0,0,0,0,0,0,0,0,0,0,0,0,0,0,0,0,0,0,0
20180805,172031,28127,27848,55975,33250,32703,65953,121928,9244,8517,17761,3928,4320,8248,520,222,742,24,77,101,0,0,0,0,0,0,0,0,0,295,269,564,0,0,0,5042,4790,9832,0,0,0,2899,4347,7246,121,48,169,186,189,375,2,2,4,0,0,0,2537,2394,4931,0,0,0,0,0,0,0,0,0,0,0,0,0,0,0,10,10,20,0,0,0,0,0,0,15,95,110,0,0,0,0,0,0,0,0,0,0,0,0,0,0,0,0,0,0,0,0,0,0,0,0,0,0,0,0,0,0,0,0,0,0,0,0,0,0,0
20180806,153997,27061,27648,54709,31282,30548,61830,116539,7784,8133,15917,2,0,2,167,292,459,44,43,87,0,1,1,0,0,0,0,0,0,310,276,586,0,3,3,4476,4381,8857,0,0,0,3295,3186,6481,31,38,69,0,0,0,2,0,2,0,0,0,2460,2440,4900,0,0,0,0,0,0,0,0,0,0,0,0,0,0,0,3,5,8,0,6,6,0,0,0,51,29,80,0,0,0,0,0,0,0,0,0,0,0,0,0,0,0,0,0,0,0,0,0,0,0,0,0,0,0,0,0,0,0,0,0,0,0,0,0,0,0
20180807,145559,24362,24574,48936,29680,28099,57779,106715,9110,8147,17257,1,4,5,13,9,22,69,48,117,1,0,1,0,0,0,0,11,11,369,340,709,1,5,6,4626,4251,8877,0,0,0,2941,2808,5749,41,66,107,187,167,354,8,8,16,0,0,0,2465,2275,4740,0,0,0,0,0,0,0,0,0,0,0,0,0,0,0,282,295,577,0,17,17,103,102,205,50,24,74,0,0,0,0,0,0,0,0,0,0,0,0,0,0,0,0,0,0,0,0,0,0,0,0,0,0,0,0,0,0,0,0,0,0,0,0,0,0,0
20180808,148067,24623,25034,49657,27356,26571,53927,103584,8164,7987,16151,3868,3720,7588,252,189,441,23,24,47,0,3,3,0,7,7,0,0,0,268,263,531,1,0,1,4784,3988,8772,0,0,0,2791,2651,5442,41,65,106,180,156,336,3,3,6,0,0,0,2226,2253,4479,0,0,0,0,0,0,0,0,0,0,0,0,0,0,0,181,306,487,0,29,29,0,0,0,27,30,57,0,0,0,0,0,0,0,0,0,0,0,0,0,0,0,0,0,0,0,0,0,0,0,0,0,0,0,0,0,0,0,0,0,0,0,0,0,0,0
20180809,148758,24727,26417,51144,29677,30104,59781,110925,8228,7720,15948,0,4,4,293,285,578,56,56,112,3,0,3,0,9,9,10,0,10,291,264,555,2,1,3,5016,5201,10217,0,0,0,3252,2817,6069,35,71,106,0,0,0,2,11,13,0,0,0,2041,2116,4157,0,0,0,0,0,0,0,0,0,0,0,0,0,0,0,3,1,4,0,0,0,0,0,0,31,14,45,0,0,0,0,0,0,0,0,0,0,0,0,0,0,0,0,0,0,0,0,0,0,0,0,0,0,0,0,0,0,0,0,0,0,0,0,0,0,0
20180810,166789,27181,28650,55831,32185,33237,65422,121253,9261,8798,18059,1747,1756,3503,3,7,10,36,41,77,4,3,7,0,0,0,0,0,0,424,384,808,0,0,0,5053,4893,9946,0,0,0,3345,3264,6609,46,53,99,180,181,361,4,9,13,0,0,0,2555,2545,5100,0,0,0,0,0,0,0,0,0,0,0,0,0,0,0,265,364,629,1,27,28,102,103,205,56,26,82,0,0,0,0,0,0,0,0,0,0,0,0,0,0,0,0,0,0,0,0,0,0,0,0,0,0,0,0,0,0,0,0,0,0,0,0,0,0,0
20180811,160141,27756,27407,55163,31540,32731,64271,119434,8302,8994,17296,1,1,2,7,15,22,18,12,30,0,0,0,1,0,1,0,0,0,292,267,559,0,6,6,4874,4559,9433,0,0,0,4196,3223,7419,46,88,134,0,0,0,10,11,21,0,0,0,2501,2628,5129,0,0,0,0,0,0,0,0,0,0,0,0,0,0,0,269,305,574,0,0,0,0,0,0,73,8,81,0,0,0,0,0,0,0,0,0,0,0,0,0,0,0,0,0,0,0,0,0,0,0,0,0,0,0,0,0,0,0,0,0,0,0,0,0,0,0
20180812,172873,26909,29666,56575,31677,34296,65973,122548,9059,9612,18671,3668,3757,7425,544,519,1063,17,65,82,0,0,0,0,0,0,0,0,0,282,300,582,0,1,1,5025,4719,9744,0,0,0,2895,4363,7258,50,40,90,182,187,369,13,0,13,0,0,0,2464,2450,4914,0,0,0,0,0,0,0,0,0,0,0,0,0,0,0,5,2,7,2,2,4,0,0,0,15,87,102,0,0,0,0,0,0,0,0,0,0,0,0,0,0,0,0,0,0,0,0,0,0,0,0,0,0,0,0,0,0,0,0,0,0,0,0,0,0,0
20180813,167587,27947,29457,57404,32092,32057,64149,121553,7925,8158,16083,3922,3903,7825,230,220,450,14,30,44,0,0,0,0,0,0,0,0,0,277,271,548,0,0,0,4273,4401,8674,0,0,0,3606,3818,7424,60,59,119,0,0,0,3,4,7,0,0,0,2268,2515,4783,0,0,0,0,0,0,0,0,0,0,0,0,0,0,0,12,5,17,0,9,9,0,0,0,21,30,51,0,0,0,0,0,0,0,0,0,0,0,0,0,0,0,0,0,0,0,0,0,0,0,0,0,0,0,0,0,0,0,0,0,0,0,0,0,0,0
20180814,149292,25188,26445,51633,27682,31435,59117,110750,8550,9019,17569,1,0,1,10,4,14,15,18,33,0,0,0,0,15,15,0,0,0,327,367,694,0,2,2,4150,4676,8826,0,0,0,2247,2888,5135,75,58,133,180,184,364,5,8,13,0,0,0,2327,2371,4698,0,0,0,0,0,0,0,0,0,0,0,0,0,0,0,406,390,796,5,17,22,81,102,183,28,16,44,0,0,0,0,0,0,0,0,0,0,0,0,0,0,0,0,0,0,0,0,0,0,0,0,0,0,0,0,0,0,0,0,0,0,0,0,0,0,0
20180815,160770,25151,28675,53826,29047,31189,60236,114062,8330,9027,17357,3763,3884,7647,245,123,368,42,149,191,0,0,0,4,0,4,0,0,0,270,254,524,0,0,0,4614,4827,9441,0,0,0,2654,2809,5463,48,47,95,183,188,371,3,10,13,0,0,0,2239,2221,4460,0,0,0,0,0,0,0,0,0,0,0,0,0,0,0,405,326,731,0,0,0,0,0,0,25,18,43,0,0,0,0,0,0,0,0,0,0,0,0,0,0,0,0,0,0,0,0,0,0,0,0,0,0,0,0,0,0,0,0,0,0,0,0,0,0,0
20180816,157899,27893,28404,56297,29685,31930,61615,117912,8533,8919,17452,0,1,1,392,523,915,68,96,164,0,0,0,3,11,14,0,0,0,278,283,561,1,0,1,4934,5282,10216,0,0,0,2880,3278,6158,64,23,87,0,0,0,14,4,18,0,0,0,2147,2150,4297,0,0,0,0,0,0,0,0,0,0,0,0,0,0,0,2,2,4,0,1,1,0,0,0,66,32,98,0,0,0,0,0,0,0,0,0,0,0,0,0,0,0,0,0,0,0,0,0,0,0,0,0,0,0,0,0,0,0,0,0,0,0,0,0,0,0
20180817,166158,27884,27981,55865,32847,33807,66654,122519,8491,8292,16783,1728,1866,3594,6,7,13,37,25,62,1,0,1,0,0,0,0,0,0,358,345,703,0,0,0,4640,4816,9456,0,0,0,3461,2999,6460,26,49,75,178,165,343,8,4,12,0,0,0,2678,2627,5305,0,0,0,0,0,0,0,0,0,0,0,0,0,0,0,224,297,521,0,11,11,102,81,183,81,36,117,0,0,0,0,0,0,0,0,0,0,0,0,0,0,0,0,0,0,0,0,0,0,0,0,0,0,0,0,0,0,0,0,0,0,0,0,0,0,0
20180818,167971,29969,29272,59241,32990,33209,66199,125440,8880,9278,18158,3,21,24,5,14,19,12,86,98,2,2,4,0,7,7,0,0,0,236,264,500,1,8,9,4409,5141,9550,0,0,0,4929,3148,8077,66,63,129,0,0,0,3,2,5,0,0,0,2608,2598,5206,0,0,0,0,0,0,0,0,0,0,0,0,0,0,0,387,289,676,0,7,7,0,0,0,48,14,62,0,0,0,0,0,0,0,0,0,0,0,0,0,0,0,0,0,0,0,0,0,0,0,0,0,0,0,0,0,0,0,0,0,0,0,0,0,0,0
20180819,178683,29423,29690,59113,32983,34955,67938,127051,9521,9350,18871,4007,4089,8096,316,256,572,33,31,64,0,4,4,0,0,0,0,0,0,290,246,536,7,7,14,4865,5242,10107,0,0,0,3502,4329,7831,48,53,101,187,182,369,3,3,6,0,0,0,2421,2466,4887,0,0,0,0,0,0,0,0,0,0,0,0,0,0,0,5,2,7,0,6,6,0,0,0,56,105,161,0,0,0,0,0,0,0,0,0,0,0,0,0,0,0,0,0,0,0,0,0,0,0,0,0,0,0,0,0,0,0,0,0,0,0,0,0,0,0
20180820,160710,27947,28132,56079,32857,32296,65153,121232,8312,8491,16803,14,3,17,362,200,562,16,64,80,1,0,1,0,15,15,0,0,0,257,262,519,10,2,12,4297,4740,9037,0,0,0,3410,3687,7097,64,38,102,0,0,0,1,1,2,0,0,0,2508,2641,5149,0,0,0,0,0,0,0,0,0,0,0,0,0,0,0,12,5,17,2,0,2,0,0,0,51,12,63,0,0,0,0,0,0,0,0,0,0,0,0,0,0,0,0,0,0,0,0,0,0,0,0,0,0,0,0,0,0,0,0,0,0,0,0,0,0,0
20180821,151530,26206,26136,52342,30209,30197,60406,112748,8524,8414,16938,12,1,13,8,5,13,33,94,127,0,0,0,3,17,20,0,0,0,389,366,755,0,0,0,4226,4641,8867,0,0,0,2828,2663,5491,37,40,77,175,186,361,6,15,21,0,0,0,2443,2374,4817,0,0,0,0,0,0,0,0,0,0,0,0,0,0,0,777,242,1019,1,11,12,86,102,188,25,38,63,0,0,0,0,0,0,0,0,0,0,0,0,0,0,0,0,0,0,0,0,0,0,0,0,0,0,0,0,0,0,0,0,0,0,0,0,0,0,0
20180822,154839,25448,26838,52286,27840,28909,56749,109035,8358,7982,16340,3912,3888,7800,108,39,147,52,19,71,0,0,0,0,0,0,0,0,0,285,257,542,0,0,0,4589,4673,9262,0,0,0,3142,2733,5875,41,48,89,175,180,355,10,9,19,0,0,0,1850,2289,4139,0,0,0,0,0,0,0,0,0,0,0,0,0,0,0,771,244,1015,0,17,17,0,0,0,94,39,133,0,0,0,0,0,0,0,0,0,0,0,0,0,0,0,0,0,0,0,0,0,0,0,0,0,0,0,0,0,0,0,0,0,0,0,0,0,0,0
20180823,147730,27970,25993,53963,30438,27836,58274,112237,7663,6954,14617,2,0,2,368,322,690,63,12,75,0,0,0,2,0,2,0,0,0,0,0,0,10,0,10,4730,5017,9747,0,0,0,2906,2844,5750,52,26,78,0,0,0,11,7,18,0,0,0,2166,2270,4436,0,0,0,0,0,0,0,0,0,0,0,0,0,0,0,12,5,17,5,0,5,0,0,0,31,15,46,0,0,0,0,0,0,0,0,0,0,0,0,0,0,0,0,0,0,0,0,0,0,0,0,0,0,0,0,0,0,0,0,0,0,0,0,0,0,0
20180824,161454,28156,26865,55021,31381,31994,63375,118396,9374,8406,17780,1719,1495,3214,28,14,42,40,104,144,0,0,0,0,0,0,0,0,0,399,329,728,0,0,0,4675,5002,9677,0,0,0,2851,2755,5606,0,0,0,174,175,349,0,0,0,0,0,0,2878,2636,5514,0,0,0,0,0,0,0,0,0,0,0,0,0,0,0,3,1,4,0,0,0,0,0,0,0,0,0,0,0,0,0,0,0,0,0,0,0,0,0,0,0,0,0,0,0,0,0,0,0,0,0,0,0,0,0,0,0,0,0,0,0,0,0,0,0,0
20180825,158024,30066,27137,57203,31327,30170,61497,118700,8731,8285,17016,3,0,3,9,15,24,36,40,76,0,0,0,0,0,0,0,0,0,289,283,572,0,0,0,4570,4685,9255,0,0,0,3560,2449,6009,29,118,147,0,0,0,0,6,6,0,0,0,2577,2476,5053,0,0,0,0,0,0,0,0,0,0,0,0,0,0,0,586,514,1100,0,22,22,0,0,0,14,27,41,0,0,0,0,0,0,0,0,0,0,0,0,0,0,0,0,0,0,0,0,0,0,0,0,0,0,0,0,0,0,0,0,0,0,0,0,0,0,0
20180826,176522,30041,28540,58581,34070,34077,68147,126728,9413,9198,18611,3690,3808,7498,465,281,746,23,10,33,0,0,0,5,0,5,0,0,0,294,280,574,0,0,0,4857,5044,9901,0,0,0,2796,3785,6581,81,74,155,182,183,365,4,3,7,0,0,0,2594,2561,5155,0,0,0,0,0,0,0,0,0,0,0,0,0,0,0,0,7,7,0,0,0,0,0,0,105,51,156,0,0,0,0,0,0,0,0,0,0,0,0,0,0,0,0,0,0,0,0,0,0,0,0,0,0,0,0,0,0,0,0,0,0,0,0,0,0,0
20180827,156846,29155,27860,57015,31268,31774,63042,120057,8193,7972,16165,3,9,12,7,6,13,24,44,68,0,0,0,7,7,14,0,0,0,277,249,526,3,14,17,4196,4588,8784,0,0,0,2888,3123,6011,18,10,28,0,0,0,4,0,4,0,0,0,2591,2500,5091,0,0,0,0,0,0,0,0,0,0,0,0,0,0,0,7,3,10,0,0,0,0,0,0,19,27,46,0,0,0,0,0,0,0,0,0,0,0,0,0,0,0,0,0,0,0,0,0,0,0,0,0,0,0,0,0,0,0,0,0,0,0,0,0,0,0
20180828,148923,27182,24888,52070,29166,29316,58482,110552,8987,8004,16991,5,5,10,9,24,33,21,23,44,0,0,0,1,0,1,0,0,0,371,366,737,0,1,1,4397,4631,9028,0,0,0,2310,2583,4893,41,104,145,176,177,353,3,3,6,0,0,0,2546,2476,5022,0,0,0,0,0,0,0,0,0,0,0,0,0,0,0,288,786,1074,0,0,0,0,0,0,14,19,33,0,0,0,0,0,0,0,0,0,0,0,0,0,0,0,0,0,0,0,0,0,0,0,0,0,0,0,0,0,0,0,0,0,0,0,0,0,0,0
20180829,144822,26058,24251,50309,28200,26437,54637,104946,7725,7031,14756,2248,2177,4425,85,60,145,39,65,104,0,0,0,3,7,10,0,0,0,287,207,494,5,0,5,4380,4576,8956,0,0,0,2464,2180,4644,19,27,46,175,182,357,0,3,3,0,0,0,2472,2423,4895,0,0,0,0,0,0,0,0,0,0,0,0,0,0,0,229,772,1001,0,6,6,0,0,0,22,7,29,0,0,0,0,0,0,0,0,0,0,0,0,0,0,0,0,0,0,0,0,0,0,0,0,0,0,0,0,0,0,0,0,0,0,0,0,0,0,0
20180830,136374,26123,24449,50572,25660,27163,52823,103395,7436,7171,14607,2,2,4,279,243,522,40,35,75,0,0,0,0,0,0,0,0,0,244,232,476,6,2,8,4227,4793,9020,0,0,0,1995,2248,4243,20,8,28,0,0,0,11,17,28,0,0,0,2016,1852,3868,0,0,0,0,0,0,0,0,0,0,0,0,0,0,0,12,5,17,0,8,8,0,0,0,22,53,75,0,0,0,0,0,0,0,0,0,0,0,0,0,0,0,0,0,0,0,0,0,0,0,0,0,0,0,0,0,0,0,0,0,0,0,0,0,0,0
20180831,42204,5956,11633,17589,4567,11283,15850,33439,699,3248,3947,19,0,19,0,0,0,8,10,18,0,0,0,0,0,0,0,0,0,0,0,0,0,0,0,650,1541,2191,0,0,0,759,376,1135,0,38,38,0,0,0,0,3,3,0,0,0,392,999,1391,0,0,0,0,0,0,0,0,0,0,0,0,0,0,0,1,1,2,0,7,7,0,0,0,7,7,14,0,0,0,0,0,0,0,0,0,0,0,0,0,0,0,0,0,0,0,0,0,0,0,0,0,0,0,0,0,0,0,0,0,0,0,0,0,0,0
20180901,148193,26487,26239,52726,28898,30637,59535,112261,7805,8208,16013,9,0,9,7,15,22,42,53,95,0,0,0,3,2,5,0,0,0,272,248,520,0,4,4,4291,4317,8608,0,0,0,2961,2241,5202,55,47,102,0,0,0,5,2,7,0,0,0,2379,2482,4861,0,0,0,0,0,0,0,0,0,0,0,0,0,0,0,204,227,431,0,8,8,0,0,0,23,22,45,0,0,0,0,0,0,0,0,0,0,0,0,0,0,0,0,0,0,0,0,0,0,0,0,0,0,0,0,0,0,0,0,0,0,0,0,0,0,0
20180902,158374,26701,27133,53834,30361,31626,61987,115821,7434,7443,14877,3922,3324,7246,136,153,289,30,16,46,1,0,1,0,8,8,0,0,0,236,188,424,0,3,3,4454,4545,8999,0,0,0,2284,3049,5333,47,38,85,165,185,350,0,2,2,0,0,0,2388,2419,4807,0,0,0,0,0,0,0,0,0,0,0,0,0,0,0,1,2,3,0,6,6,0,0,0,36,38,74,0,0,0,0,0,0,0,0,0,0,0,0,0,0,0,0,0,0,0,0,0,0,0,0,0,0,0,0,0,0,0,0,0,0,0,0,0,0,0
20180903,135743,24012,26014,50026,25966,29541,55507,105533,6548,6558,13106,4,2,6,133,90,223,29,39,68,0,0,0,0,5,5,0,0,0,220,271,491,3,3,6,4014,4259,8273,0,0,0,1595,1801,3396,19,28,47,0,0,0,5,7,12,0,0,0,2011,2508,4519,0,0,0,0,0,0,0,0,0,0,0,0,0,0,0,12,7,19,1,9,10,0,0,0,12,17,29,0,0,0,0,0,0,0,0,0,0,0,0,0,0,0,0,0,0,0,0,0,0,0,0,0,0,0,0,0,0,0,0,0,0,0,0,0,0,0
20180904,120606,21330,21158,42488,23921,24598,48519,91007,6621,6232,12853,2,2,4,8,12,20,42,35,77,7,1,8,7,2,9,0,0,0,232,190,422,0,0,0,3733,4051,7784,0,0,0,1734,1757,3491,26,55,81,151,170,321,7,6,13,0,0,0,1913,2080,3993,0,0,0,0,0,0,0,0,0,0,0,0,0,0,0,244,250,494,0,11,11,0,0,0,13,5,18,0,0,0,0,0,0,0,0,0,0,0,0,0,0,0,0,0,0,0,0,0,0,0,0,0,0,0,0,0,0,0,0,0,0,0,0,0,0,0
20180905,135028,21873,23177,45050,24401,26523,50924,95974,7204,6857,14061,3187,3628,6815,31,18,49,40,45,85,0,0,0,0,3,3,0,0,0,262,213,475,2,0,2,4523,4404,8927,0,0,0,1700,1648,3348,27,20,47,180,151,331,1,3,4,0,0,0,2290,2268,4558,0,0,0,0,0,0,0,0,0,0,0,0,0,0,0,184,110,294,0,34,34,0,0,0,5,16,21,0,0,0,0,0,0,0,0,0,0,0,0,0,0,0,0,0,0,0,0,0,0,0,0,0,0,0,0,0,0,0,0,0,0,0,0,0,0,0
20180906,130201,24166,22839,47005,26610,25956,52566,99571,6581,6004,12585,6,3,9,589,169,758,28,50,78,0,0,0,0,1,1,0,0,0,237,197,434,4,2,6,4625,4489,9114,0,0,0,1691,1843,3534,14,26,40,0,0,0,3,6,9,0,0,0,2030,1767,3797,0,0,0,0,0,0,0,0,0,0,0,0,0,0,0,7,17,24,0,0,0,0,0,0,233,8,241,0,0,0,0,0,0,0,0,0,0,0,0,0,0,0,0,0,0,0,0,0,0,0,0,0,0,0,0,0,0,0,0,0,0,0,0,0,0,0
20180907,144938,25968,23396,49364,30477,27271,57748,107112,7478,6525,14003,1592,1734,3326,9,12,21,49,28,77,3,2,5,0,0,0,0,0,0,225,202,427,0,1,1,4781,4481,9262,0,0,0,2140,2116,4256,19,23,42,168,167,335,11,11,22,0,0,0,2730,2137,4867,0,0,0,0,0,0,0,0,0,0,0,0,0,0,0,768,326,1094,3,0,3,0,0,0,61,24,85,0,0,0,0,0,0,0,0,0,0,0,0,0,0,0,0,0,0,0,0,0,0,0,0,0,0,0,0,0,0,0,0,0,0,0,0,0,0,0
20180908,137366,25061,22475,47536,28899,26959,55858,103394,7755,6699,14454,1,5,6,7,14,21,26,31,57,0,0,0,0,7,7,0,0,0,252,232,484,0,5,5,4562,4281,8843,0,0,0,3265,1889,5154,19,53,72,0,0,0,10,2,12,0,0,0,2397,2253,4650,0,0,0,0,0,0,0,0,0,0,0,0,0,0,0,0,0,0,0,0,0,0,0,0,21,186,207,0,0,0,0,0,0,0,0,0,0,0,0,0,0,0,0,0,0,0,0,0,0,0,0,0,0,0,0,0,0,0,0,0,0,0,0,0,0,0
20180909,156459,27218,25545,52763,31785,30377,62162,114925,7333,7132,14465,3862,3253,7115,13,2,15,10,3,13,0,8,8,0,0,0,0,0,0,276,261,537,5,0,5,4694,4780,9474,0,0,0,1971,2744,4715,0,0,0,185,172,357,23,1,24,0,0,0,2432,2364,4796,0,0,0,0,0,0,0,0,0,0,0,0,0,0,0,4,5,9,1,0,1,0,0,0,0,0,0,0,0,0,0,0,0,0,0,0,0,0,0,0,0,0,0,0,0,0,0,0,0,0,0,0,0,0,0,0,0,0,0,0,0,0,0,0,0,0
20180910,138685,25289,25184,50473,28483,28613,57096,107569,6052,6589,12641,5,7,12,8,9,17,15,20,35,0,1,1,0,0,0,0,0,0,233,316,549,0,1,1,4336,4491,8827,0,0,0,1832,2251,4083,13,27,40,0,0,0,0,0,0,0,0,0,2373,2458,4831,0,0,0,0,0,0,0,0,0,0,0,0,0,0,0,5,9,14,0,0,0,0,0,0,32,33,65,0,0,0,0,0,0,0,0,0,0,0,0,0,0,0,0,0,0,0,0,0,0,0,0,0,0,0,0,0,0,0,0,0,0,0,0,0,0,0
20180911,128091,21774,22688,44462,25247,26899,52146,96608,6763,7130,13893,1,4,5,23,17,40,33,24,57,0,0,0,0,0,0,0,0,0,187,265,452,7,15,22,4099,4436,8535,0,0,0,1741,2114,3855,13,11,24,148,150,298,0,2,2,0,0,0,2163,2102,4265,0,0,0,0,0,0,0,0,0,0,0,0,0,0,0,6,8,14,2,0,2,0,0,0,10,9,19,0,0,0,0,0,0,0,0,0,0,0,0,0,0,0,0,0,0,0,0,0,0,0,0,0,0,0,0,0,0,0,0,0,0,0,0,0,0,0
20180912,139100,22359,24012,46371,25159,26543,51702,98073,7132,7287,14419,3264,3496,6760,82,82,164,43,37,80,0,0,0,0,0,0,0,0,0,254,257,511,7,0,7,4466,4499,8965,0,0,0,1829,2202,4031,20,54,74,160,158,318,6,8,14,0,0,0,2285,2347,4632,0,0,0,0,0,0,0,0,0,0,0,0,0,0,0,645,368,1013,0,10,10,0,0,0,14,15,29,0,0,0,0,0,0,0,0,0,0,0,0,0,0,0,0,0,0,0,0,0,0,0,0,0,0,0,0,0,0,0,0,0,0,0,0,0,0,0
20180913,138598,23594,24967,48561,27060,28380,55440,104001,6678,6841,13519,7,8,15,487,362,849,37,43,80,2,0,2,0,1,1,0,0,0,264,246,510,2,2,4,4875,4958,9833,0,0,0,3162,2452,5614,48,105,153,3,0,3,5,0,5,0,0,0,2033,1857,3890,0,0,0,0,0,0,0,0,0,0,0,0,0,0,0,4,3,7,0,0,0,0,0,0,33,79,112,0,0,0,0,0,0,0,0,0,0,0,0,0,0,0,0,0,0,0,0,0,0,0,0,0,0,0,0,0,0,0,0,0,0,0,0,0,0,0
20180914,151849,24997,25296,50293,31723,29856,61579,111872,7649,7310,14959,1477,1693,3170,16,23,39,19,31,50,0,0,0,0,0,0,0,0,0,240,233,473,0,2,2,4870,4570,9440,0,0,0,2709,3525,6234,16,12,28,155,180,335,1,0,1,0,0,0,2709,2456,5165,0,0,0,0,0,0,0,0,0,0,0,0,0,0,0,5,3,8,0,0,0,0,0,0,31,42,73,0,0,0,0,0,0,0,0,0,0,0,0,0,0,0,0,0,0,0,0,0,0,0,0,0,0,0,0,0,0,0,0,0,0,0,0,0,0,0
20180915,140789,26140,24906,51046,30360,27942,58302,109348,7860,7093,14953,25,0,25,18,12,30,18,17,35,0,0,0,0,0,0,0,0,0,264,209,473,0,0,0,4348,4030,8378,0,0,0,2276,765,3041,0,17,17,0,0,0,2,1,3,0,0,0,2528,1937,4465,0,0,0,0,0,0,0,0,0,0,0,0,0,0,0,10,6,16,0,0,0,0,0,0,0,5,5,0,0,0,0,0,0,0,0,0,0,0,0,0,0,0,0,0,0,0,0,0,0,0,0,0,0,0,0,0,0,0,0,0,0,0,0,0,0,0
20180916,128489,19804,17989,37793,29466,26226,55692,93485,5390,4134,9524,3763,3248,7011,11,5,16,4,11,15,0,0,0,0,0,0,0,0,0,156,169,325,0,0,0,5121,4850,9971,0,0,0,2398,3560,5958,0,0,0,0,0,0,2,0,2,0,0,0,1135,1043,2178,0,0,0,0,0,0,0,0,0,0,0,0,0,0,0,2,2,4,0,0,0,0,0,0,0,0,0,0,0,0,0,0,0,0,0,0,0,0,0,0,0,0,0,0,0,0,0,0,0,0,0,0,0,0,0,0,0,0,0,0,0,0,0,0,0,0
20180917,140541,24630,24788,49418,29677,29991,59668,109086,6523,6079,12602,29,1,30,395,173,568,51,101,152,0,0,0,0,10,10,0,0,0,124,161,285,0,1,1,4419,4487,8906,0,0,0,2381,2267,4648,32,250,282,0,0,0,2,1,3,0,0,0,1865,1918,3783,0,0,0,0,0,0,0,0,0,0,0,0,0,0,0,9,8,17,0,15,15,0,0,0,89,64,153,0,0,0,0,0,0,0,0,0,0,0,0,0,0,0,0,0,0,0,0,0,0,0,0,0,0,0,0,0,0,0,0,0,0,0,0,0,0,0
20180918,140836,24219,23793,48012,29921,28357,58278,106290,7859,6831,14690,2,3,5,11,10,21,65,87,152,5,5,10,0,0,0,0,0,0,219,225,444,4,3,7,4414,4314,8728,0,0,0,2321,2349,4670,34,40,74,186,169,355,5,6,11,0,0,0,2353,2300,4653,0,0,0,0,0,0,0,0,0,0,0,0,0,0,0,350,325,675,0,30,30,0,0,0,9,12,21,0,0,0,0,0,0,0,0,0,0,0,0,0,0,0,0,0,0,0,0,0,0,0,0,0,0,0,0,0,0,0,0,0,0,0,0,0,0,0
20180919,138337,22375,22296,44671,28276,25832,54108,98779,7551,6108,13659,3229,3487,6716,160,17,177,51,65,116,1,1,2,0,0,0,0,0,0,252,233,485,9,4,13,4251,4231,8482,0,0,0,2645,1958,4603,48,51,99,181,157,338,2,4,6,0,0,0,2390,2060,4450,0,0,0,0,0,0,0,0,0,0,0,0,0,0,0,128,220,348,0,28,28,0,0,0,32,4,36,0,0,0,0,0,0,0,0,0,0,0,0,0,0,0,0,0,0,0,0,0,0,0,0,0,0,0,0,0,0,0,0,0,0,0,0,0,0,0
20180920,138908,26388,23549,49937,29270,26522,55792,105729,7213,6368,13581,4,2,6,228,230,458,44,49,93,0,0,0,1,8,9,0,0,0,248,206,454,10,21,31,5149,4394,9543,0,0,0,3095,2005,5100,218,40,258,0,0,0,1,7,8,0,0,0,2039,1555,3594,0,0,0,0,0,0,0,0,0,0,0,0,0,0,0,4,2,6,1,1,2,0,0,0,18,18,36,0,0,0,0,0,0,0,0,0,0,0,0,0,0,0,0,0,0,0,0,0,0,0,0,0,0,0,0,0,0,0,0,0,0,0,0,0,0,0
20180921,160025,28914,26179,55093,33255,29541,62796,117889,8310,7074,15384,1462,1921,3383,9,10,19,72,49,121,0,0,0,0,0,0,0,0,0,251,210,461,4,4,8,5127,4665,9792,0,0,0,3432,3228,6660,37,68,105,172,127,299,7,9,16,0,0,0,3012,2172,5184,0,0,0,0,0,0,0,0,0,0,0,0,0,0,0,234,422,656,1,4,5,0,0,0,3,40,43,0,0,0,0,0,0,0,0,0,0,0,0,0,0,0,0,0,0,0,0,0,0,0,0,0,0,0,0,0,0,0,0,0,0,0,0,0,0,0
20180922,157933,31266,26268,57534,34368,28694,63062,120596,8350,6834,15184,6,5,11,6,14,20,26,80,106,0,0,0,0,0,0,0,0,0,314,268,582,0,0,0,4781,4043,8824,0,0,0,4625,2406,7031,47,88,135,0,0,0,8,11,19,0,0,0,2706,2088,4794,0,0,0,0,0,0,0,0,0,0,0,0,0,0,0,263,258,521,0,0,0,0,0,0,88,22,110,0,0,0,0,0,0,0,0,0,0,0,0,0,0,0,0,0,0,0,0,0,0,0,0,0,0,0,0,0,0,0,0,0,0,0,0,0,0,0
20180923,146423,23981,23917,47898,32215,25362,57577,105475,7057,5887,12944,3990,3970,7960,214,179,393,33,68,101,0,0,0,0,0,0,0,0,0,226,165,391,6,0,6,4650,3736,8386,0,0,0,3156,3110,6266,32,10,42,176,175,351,5,2,7,0,0,0,2275,1722,3997,0,0,0,0,0,0,0,0,0,0,0,0,0,0,0,0,0,0,0,0,0,0,0,0,28,76,104,0,0,0,0,0,0,0,0,0,0,0,0,0,0,0,0,0,0,0,0,0,0,0,0,0,0,0,0,0,0,0,0,0,0,0,0,0,0,0
20180924,136606,28446,22484,50930,31198,24640,55838,106768,7210,5578,12788,3,2,5,2,1,3,15,16,31,2,6,8,0,0,0,0,0,0,291,210,501,0,1,1,4337,4043,8380,0,0,0,1488,2498,3986,55,23,78,0,0,0,2,0,2,0,0,0,2414,1603,4017,4,0,4,0,0,0,0,0,0,0,0,0,0,0,0,4,3,7,0,0,0,0,0,0,5,22,27,0,0,0,0,0,0,0,0,0,0,0,0,0,0,0,0,0,0,0,0,0,0,0,0,0,0,0,0,0,0,0,0,0,0,0,0,0,0,0
20180925,153962,26640,29434,56074,30077,32112,62189,118263,7589,8593,16182,0,2,2,18,5,23,40,101,141,0,0,0,0,0,0,0,0,0,232,250,482,1,4,5,4465,4615,9080,0,0,0,1870,2972,4842,0,0,0,182,159,341,2,8,10,0,0,0,2114,2471,4585,0,0,0,0,0,0,0,0,0,0,0,0,0,0,0,0,0,0,6,0,6,0,0,0,0,0,0,0,0,0,0,0,0,0,0,0,0,0,0,0,0,0,0,0,0,0,0,0,0,0,0,0,0,0,0,0,0,0,0,0,0,0,0,0,0,0
20180926,141462,25162,24963,50125,26472,26454,52926,103051,6493,7266,13759,3843,1689,5532,472,36,508,43,77,120,0,0,0,15,0,15,0,0,0,234,270,504,1,0,1,4442,4429,8871,0,0,0,2019,2281,4300,59,16,75,174,130,304,10,2,12,32,32,64,2120,2188,4308,0,0,0,0,0,0,0,0,0,0,0,0,0,0,0,1,1,2,8,2,10,0,0,0,24,2,26,0,0,0,0,0,0,0,0,0,0,0,0,0,0,0,0,0,0,0,0,0,0,0,0,0,0,0,0,0,0,0,0,0,0,0,0,0,0,0
20180927,133827,26142,23156,49298,27130,24524,51654,100952,7097,6430,13527,550,777,1327,19,12,31,44,41,85,0,0,0,1,1,2,0,0,0,235,236,471,1,0,1,4419,3970,8389,0,0,0,2676,2352,5028,94,20,114,0,0,0,1,3,4,0,0,0,2024,1843,3867,0,0,0,0,0,0,0,0,0,0,0,0,0,0,0,5,9,14,0,1,1,0,0,0,6,8,14,0,0,0,0,0,0,0,0,0,0,0,0,0,0,0,0,0,0,0,0,0,0,0,0,0,0,0,0,0,0,0,0,0,0,0,0,0,0,0
20180928,132666,24131,22218,46349,29883,23704,53587,99936,7755,5684,13439,44,157,201,11,4,15,38,52,90,0,0,0,0,0,0,0,0,0,237,244,481,4,2,6,4542,3766,8308,0,0,0,3083,1908,4991,0,0,0,175,136,311,1,0,1,0,0,0,2727,2156,4883,0,0,0,0,0,0,0,0,0,0,0,0,0,0,0,2,1,3,0,1,1,0,0,0,0,0,0,0,0,0,0,0,0,0,0,0,0,0,0,0,0,0,0,0,0,0,0,0,0,0,0,0,0,0,0,0,0,0,0,0,0,0,0,0,0,0
20180929,136591,27771,21673,49444,31044,23418,54462,103906,8252,6244,14496,3,3,6,10,12,22,37,29,66,0,0,0,0,15,15,0,0,0,297,238,535,9,3,12,4539,3433,7972,0,0,0,3434,1440,4874,29,43,72,0,0,0,4,3,7,0,0,0,2571,1920,4491,0,0,0,0,0,0,0,0,0,0,0,0,0,0,0,3,2,5,0,0,0,0,0,0,103,9,112,0,0,0,0,0,0,0,0,0,0,0,0,0,0,0,0,0,0,0,0,0,0,0,0,0,0,0,0,0,0,0,0,0,0,0,0,0,0,0
20180930,142291,28292,21161,49453,34571,21593,56164,105617,8288,5474,13762,2065,1303,3368,632,171,803,21,54,75,0,0,0,0,0,0,0,0,0,275,240,515,0,7,7,4747,2726,7473,0,0,0,4269,1464,5733,34,70,104,187,160,347,1,0,1,0,0,0,2545,1871,4416,0,0,0,0,0,0,0,0,0,0,0,0,0,0,0,3,1,4,1,0,1,0,0,0,42,23,65,0,0,0,0,0,0,0,0,0,0,0,0,0,0,0,0,0,0,0,0,0,0,0,0,0,0,0,0,0,0,0,0,0,0,0,0,0,0,0
20181001,142686,27384,23785,51169,34193,23275,57468,108637,7613,5866,13479,1,16,17,645,85,730,14,21,35,0,0,0,0,8,8,0,0,0,247,238,485,5,0,5,3900,3636,7536,0,0,0,5796,1150,6946,121,38,159,0,0,0,3,12,15,0,0,0,2423,2009,4432,0,0,0,0,0,0,0,0,0,0,0,0,0,0,0,1,9,10,0,1,1,0,0,0,177,14,191,0,0,0,0,0,0,0,0,0,0,0,0,0,0,0,0,0,0,0,0,0,0,0,0,0,0,0,0,0,0,0,0,0,0,0,0,0,0,0
20181002,135645,26164,21735,47899,29931,21714,51645,99544,8681,6332,15013,6,5,11,20,2,22,21,44,65,0,0,0,3,2,5,0,0,0,282,337,619,6,6,12,4502,3250,7752,0,0,0,4945,1947,6892,45,41,86,167,139,306,2,2,4,0,0,0,2343,1899,4242,0,0,0,0,0,0,0,0,0,0,0,0,0,0,0,680,173,853,1,1,2,0,0,0,145,72,217,0,0,0,0,0,0,0,0,0,0,0,0,0,0,0,0,0,0,0,0,0,0,0,0,0,0,0,0,0,0,0,0,0,0,0,0,0,0,0
20181003,131612,23257,22382,45639,25964,23771,49735,95374,6842,6467,13309,889,1144,2033,211,28,239,64,57,121,0,0,0,5,0,5,0,0,0,239,241,480,7,7,14,4126,4050,8176,0,0,0,3892,3223,7115,13,75,88,169,135,304,11,2,13,0,0,0,1941,2158,4099,0,0,0,0,0,0,0,0,0,0,0,0,0,0,0,3,5,8,1,17,18,0,0,0,59,157,216,0,0,0,0,0,0,0,0,0,0,0,0,0,0,0,0,0,0,0,0,0,0,0,0,0,0,0,0,0,0,0,0,0,0,0,0,0,0,0
20181004,123476,20785,23963,44748,21715,25075,46790,91538,5690,6247,11937,2,2,4,5,1,6,30,65,95,0,0,0,0,0,0,0,0,0,215,240,455,4,1,5,4077,4516,8593,0,0,0,3321,4020,7341,23,56,79,0,0,0,1,7,8,0,0,0,1430,1845,3275,0,0,0,0,0,0,0,0,0,0,0,0,0,0,0,7,5,12,2,0,2,0,0,0,40,86,126,0,0,0,0,0,0,0,0,0,0,0,0,0,0,0,0,0,0,0,0,0,0,0,0,0,0,0,0,0,0,0,0,0,0,0,0,0,0,0
20181005,147540,21180,28143,49323,26044,36107,62151,111474,5988,8175,14163,0,0,0,19,39,58,48,109,157,0,1,1,0,0,0,0,0,0,213,324,537,0,15,15,4010,5271,9281,0,0,0,2178,4736,6914,26,49,75,164,157,321,5,7,12,0,0,0,1768,2691,4459,0,0,0,0,0,0,0,0,0,0,0,0,0,0,0,3,3,6,0,3,3,0,0,0,29,35,64,0,0,0,0,0,0,0,0,0,0,0,0,0,0,0,0,0,0,0,0,0,0,0,0,0,0,0,0,0,0,0,0,0,0,0,0,0,0,0
20181006,148660,23204,30259,53463,24582,34421,59003,112466,6605,9171,15776,0,0,0,28,16,44,33,83,116,1,0,1,0,0,0,0,0,0,230,278,508,0,6,6,3691,4963,8654,0,0,0,1271,4658,5929,38,60,98,0,0,0,8,1,9,0,0,0,1661,2614,4275,0,0,0,0,0,0,0,0,0,0,0,0,0,0,0,108,481,589,2,31,33,0,0,0,33,123,156,0,0,0,0,0,0,0,0,0,0,0,0,0,0,0,0,0,0,0,0,0,0,0,0,0,0,0,0,0,0,0,0,0,0,0,0,0,0,0
20181007,149551,22738,29539,52277,24243,35029,59272,111549,5866,8274,14140,1155,2038,3193,69,559,628,15,27,42,0,5,5,0,0,0,0,0,0,248,273,521,0,0,0,3405,5134,8539,0,0,0,1199,4911,6110,59,95,154,141,172,313,3,3,6,0,0,0,1883,2331,4214,0,0,0,0,0,0,0,0,0,0,0,0,0,0,0,2,4,6,0,20,20,0,0,0,38,73,111,0,0,0,0,0,0,0,0,0,0,0,0,0,0,0,0,0,0,0,0,0,0,0,0,0,0,0,0,0,0,0,0,0,0,0,0,0,0,0
20181008,135082,21258,28531,49789,21192,33314,54506,104295,5049,7773,12822,1,0,1,163,276,439,31,76,107,5,0,5,0,0,0,0,0,0,160,240,400,2,0,2,2815,4732,7547,0,0,0,1205,3714,4919,46,46,92,0,0,0,2,2,4,0,0,0,1764,2582,4346,0,0,0,0,0,0,0,0,0,0,0,0,0,0,0,0,1,1,0,1,1,0,0,0,10,91,101,0,0,0,0,0,0,0,0,0,0,0,0,0,0,0,0,0,0,0,0,0,0,0,0,0,0,0,0,0,0,0,0,0,0,0,0,0,0,0
20181009,138206,21433,28483,49916,21455,33526,54981,104897,5752,9180,14932,1,5,6,5,12,17,79,148,227,0,0,0,0,12,12,0,0,0,223,256,479,2,9,11,2878,4836,7714,0,0,0,1312,3543,4855,31,58,89,119,167,286,4,12,16,0,0,0,1552,2492,4044,0,0,0,0,0,0,0,0,0,0,0,0,0,0,0,211,349,560,4,1,5,0,0,0,19,37,56,0,0,0,0,0,0,0,0,0,0,0,0,0,0,0,0,0,0,0,0,0,0,0,0,0,0,0,0,0,0,0,0,0,0,0,0,0,0,0
20181010,156123,25457,29460,54917,25962,32417,58379,113296,6755,8729,15484,4039,3761,7800,122,160,282,36,50,86,0,0,0,0,10,10,0,0,0,204,217,421,1,1,2,3635,4818,8453,0,0,0,1697,2969,4666,11,45,56,136,160,296,13,2,15,0,0,0,1788,2414,4202,0,0,0,0,0,0,0,0,0,0,0,0,0,0,0,227,764,991,0,8,8,0,0,0,26,29,55,0,0,0,0,0,0,0,0,0,0,0,0,0,0,0,0,0,0,0,0,0,0,0,0,0,0,0,0,0,0,0,0,0,0,0,0,0,0,0
20181011,141423,24080,24725,48805,24909,28455,53364,102169,6211,7466,13677,4081,4074,8155,5,3,8,37,49,86,0,0,0,4,0,4,0,0,0,256,255,511,6,8,14,3723,4567,8290,0,0,0,1947,2693,4640,36,21,57,0,0,0,3,5,8,0,0,0,1664,2082,3746,0,0,0,0,0,0,0,0,0,0,0,0,0,0,0,4,4,8,2,0,2,0,0,0,41,7,48,0,0,0,0,0,0,0,0,0,0,0,0,0,0,0,0,0,0,0,0,0,0,0,0,0,0,0,0,0,0,0,0,0,0,0,0,0,0,0
20181012,149828,27170,25411,52581,29047,29994,59041,111622,7257,7334,14591,1581,1574,3155,5,6,11,25,38,63,0,0,0,0,0,0,0,0,0,279,333,612,1,4,5,4338,4584,8922,0,0,0,2341,2735,5076,87,32,119,178,178,356,9,8,17,0,0,0,2562,2633,5195,0,0,0,0,0,0,0,0,0,0,0,0,0,0,0,5,1,6,2,0,2,0,0,0,58,18,76,0,0,0,0,0,0,0,0,0,0,0,0,0,0,0,0,0,0,0,0,0,0,0,0,0,0,0,0,0,0,0,0,0,0,0,0,0,0,0
20181013,156535,31003,23853,54856,32899,30229,63128,117984,8653,7500,16153,6,9,15,4,9,13,28,43,71,1,0,1,0,0,0,0,0,0,249,268,517,5,1,6,4416,4603,9019,0,0,0,4002,2795,6797,31,71,102,0,0,0,2,3,5,0,0,0,2488,2349,4837,0,0,0,0,0,0,0,0,0,0,0,0,0,0,0,356,581,937,5,9,14,0,0,0,29,35,64,0,0,0,0,0,0,0,0,0,0,0,0,0,0,0,0,0,0,0,0,0,0,0,0,0,0,0,0,0,0,0,0,0,0,0,0,0,0,0
20181014,170723,31811,27660,59471,36548,31334,67882,127353,8644,7630,16274,1823,1699,3522,766,167,933,26,60,86,8,0,8,0,0,0,0,0,0,267,269,536,16,0,16,4755,4790,9545,0,0,0,3261,3786,7047,22,23,45,189,175,364,1,9,10,0,0,0,2521,2392,4913,0,0,0,0,0,0,0,0,0,0,0,0,0,0,0,2,1,3,0,4,4,0,0,0,12,52,64,0,0,0,0,0,0,0,0,0,0,0,0,0,0,0,0,0,0,0,0,0,0,0,0,0,0,0,0,0,0,0,0,0,0,0,0,0,0,0
20181015,151954,28942,26937,55879,31710,30138,61848,117727,7515,6816,14331,19,15,34,141,231,372,54,90,144,0,7,7,0,0,0,0,0,0,225,271,496,0,0,0,4332,4387,8719,0,0,0,2512,2586,5098,42,100,142,0,0,0,8,0,8,0,0,0,2395,2434,4829,0,0,0,0,0,0,0,0,0,0,0,0,0,0,0,2,1,3,0,8,8,0,0,0,25,11,36,0,0,0,0,0,0,0,0,0,0,0,0,0,0,0,0,0,0,0,0,0,0,0,0,0,0,0,0,0,0,0,0,0,0,0,0,0,0,0
20181016,144379,27079,24522,51601,31425,28883,60308,111909,5327,6497,11824,3,4,7,9,24,33,28,72,100,2,0,2,0,0,0,0,0,0,480,310,790,0,0,0,4378,4231,8609,0,0,0,2620,2439,5059,17,36,53,173,185,358,8,5,13,0,0,0,2778,2315,5093,0,0,0,0,0,0,0,0,0,0,0,0,0,0,0,250,249,499,0,3,3,0,0,0,14,13,27,0,0,0,0,0,0,0,0,0,0,0,0,0,0,0,0,0,0,0,0,0,0,0,0,0,0,0,0,0,0,0,0,0,0,0,0,0,0,0
20181017,154767,27491,26913,54404,30214,28501,58715,113119,8954,8606,17560,1604,1623,3227,158,20,178,57,51,108,0,0,0,0,0,0,0,0,0,194,252,446,0,0,0,4486,4671,9157,0,0,0,2444,2669,5113,12,13,25,167,171,338,4,7,11,0,0,0,2365,2497,4862,0,0,0,0,0,0,0,0,0,0,0,0,0,0,0,313,237,550,1,0,1,0,0,0,19,53,72,0,0,0,0,0,0,0,0,0,0,0,0,0,0,0,0,0,0,0,0,0,0,0,0,0,0,0,0,0,0,0,0,0,0,0,0,0,0,0
20181018,152626,26521,27024,53545,30769,31971,62740,116285,7300,7956,15256,3,3,6,482,299,781,50,60,110,0,0,0,0,8,8,0,0,0,260,204,464,3,7,10,4765,5122,9887,0,0,0,2817,2830,5647,29,27,56,0,0,0,5,3,8,0,0,0,2034,2008,4042,0,0,0,0,0,0,0,0,0,0,0,0,0,0,0,4,1,5,0,7,7,0,0,0,24,30,54,0,0,0,0,0,0,0,0,0,0,0,0,0,0,0,0,0,0,0,0,0,0,0,0,0,0,0,0,0,0,0,0,0,0,0,0,0,0,0
20181019,164147,28903,27215,56118,32761,32835,65596,121714,8341,7712,16053,1663,1871,3534,10,11,21,27,38,65,0,1,1,0,8,8,0,0,0,314,293,607,2,5,7,4933,5024,9957,0,0,0,3370,2692,6062,52,40,92,178,180,358,3,3,6,0,0,0,2904,2689,5593,0,0,0,0,0,0,0,0,0,0,0,0,0,0,0,8,3,11,4,1,5,0,0,0,31,22,53,0,0,0,0,0,0,0,0,0,0,0,0,0,0,0,0,0,0,0,0,0,0,0,0,0,0,0,0,0,0,0,0,0,0,0,0,0,0,0
20181020,162352,28909,27880,56789,32836,32533,65369,122158,8555,8388,16943,8,7,15,9,10,19,62,54,116,0,0,0,0,0,0,0,0,0,284,264,548,5,1,6,4757,4790,9547,0,0,0,4208,2701,6909,26,17,43,0,0,0,3,1,4,0,0,0,2465,2538,5003,0,0,0,0,0,0,0,0,0,0,0,0,0,0,0,619,316,935,1,1,2,0,0,0,35,69,104,0,0,0,0,0,0,0,0,0,0,0,0,0,0,0,0,0,0,0,0,0,0,0,0,0,0,0,0,0,0,0,0,0,0,0,0,0,0,0
20181021,175114,28331,30268,58599,34425,33575,68000,126599,8428,8501,16929,3759,3806,7565,331,98,429,8,16,24,0,0,0,0,13,13,0,0,0,243,238,481,0,7,7,4934,5017,9951,0,0,0,3008,4298,7306,23,41,64,186,172,358,0,4,4,130,160,290,2498,2507,5005,0,0,0,0,0,0,0,0,0,0,0,0,0,0,0,9,5,14,0,0,0,0,0,0,55,20,75,0,0,0,0,0,0,0,0,0,0,0,0,0,0,0,0,0,0,0,0,0,0,0,0,0,0,0,0,0,0,0,0,0,0,0,0,0,0,0
20181022,154569,27091,28527,55618,32240,31543,63783,119401,7640,7388,15028,4,0,4,80,87,167,30,23,53,0,0,0,2,1,3,0,0,0,219,238,457,2,5,7,4435,4590,9025,0,0,0,2583,2981,5564,51,36,87,0,0,0,5,1,6,0,0,0,2249,2461,4710,0,0,0,0,0,0,0,0,0,0,0,0,0,0,0,1,2,3,3,9,12,0,0,0,13,29,42,0,0,0,0,0,0,0,0,0,0,0,0,0,0,0,0,0,0,0,0,0,0,0,0,0,0,0,0,0,0,0,0,0,0,0,0,0,0,0
20181023,145831,25051,25199,50250,31044,29251,60295,110545,8059,7510,15569,6,3,9,7,12,19,20,53,73,0,0,0,0,0,0,0,0,0,185,340,525,0,3,3,4582,4461,9043,0,0,0,2426,2341,4767,44,34,78,131,185,316,3,5,8,0,0,0,2178,2158,4336,0,0,0,0,0,0,0,0,0,0,0,0,0,0,0,233,167,400,0,10,10,0,0,0,67,63,130,0,0,0,0,0,0,0,0,0,0,0,0,0,0,0,0,0,0,0,0,0,0,0,0,0,0,0,0,0,0,0,0,0,0,0,0,0,0,0
20181024,148598,24809,26411,51220,29415,28256,57671,108891,7487,7465,14952,1694,1573,3267,158,19,177,46,43,89,0,0,0,0,0,0,0,0,0,227,184,411,4,76,80,4587,4722,9309,0,0,0,3072,2799,5871,26,27,53,131,179,310,3,3,6,0,0,0,2202,2250,4452,0,0,0,0,0,0,0,0,0,0,0,0,0,0,0,196,502,698,2,1,3,0,0,0,16,13,29,0,0,0,0,0,0,0,0,0,0,0,0,0,0,0,0,0,0,0,0,0,0,0,0,0,0,0,0,0,0,0,0,0,0,0,0,0,0,0
20181025,153564,28080,25719,53799,31720,30982,62702,116501,7525,7359,14884,0,12,12,234,233,467,25,24,49,0,0,0,0,0,0,0,0,0,249,244,493,81,0,81,5092,5001,10093,0,0,0,3093,3477,6570,12,6,18,0,0,0,3,7,10,160,125,285,2058,1889,3947,0,0,0,0,0,0,0,0,0,0,0,0,0,0,0,18,8,26,2,0,2,0,0,0,57,69,126,0,0,0,0,0,0,0,0,0,0,0,0,0,0,0,0,0,0,0,0,0,0,0,0,0,0,0,0,0,0,0,0,0,0,0,0,0,0,0
20181026,165909,28826,27596,56422,34205,31800,66005,122427,8988,7846,16834,1750,1642,3392,17,10,27,43,45,88,0,0,0,0,0,0,0,0,0,345,332,677,0,2,2,5300,5042,10342,0,0,0,3112,2870,5982,14,0,14,156,173,329,3,3,6,0,0,0,2763,2521,5284,0,0,0,0,0,0,0,0,0,0,0,0,0,0,0,252,186,438,1,1,2,0,0,0,13,52,65,0,0,0,0,0,0,0,0,0,0,0,0,0,0,0,0,0,0,0,0,0,0,0,0,0,0,0,0,0,0,0,0,0,0,0,0,0,0,0
20181027,162463,29555,24806,54361,34051,30458,64509,118870,8408,7532,15940,2690,2674,5364,12,7,19,21,23,44,0,0,0,3,3,6,0,0,0,291,211,502,2,0,2,4868,4663,9531,0,0,0,4733,2609,7342,74,31,105,0,0,0,11,1,12,0,0,0,2422,2216,4638,0,0,0,0,0,0,0,0,0,0,0,0,0,0,0,0,1,1,1,6,7,0,0,0,57,23,80,0,0,0,0,0,0,0,0,0,0,0,0,0,0,0,0,0,0,0,0,0,0,0,0,0,0,0,0,0,0,0,0,0,0,0,0,0,0,0
20181028,164010,28340,29221,57561,33980,31712,65692,123253,8298,7642,15940,1683,844,2527,22,4,26,26,35,61,0,0,0,0,0,0,0,0,0,241,313,554,5,0,5,4966,4869,9835,0,0,0,2916,4162,7078,31,23,54,0,0,0,3,1,4,0,0,0,2277,2248,4525,0,0,0,0,0,0,0,0,0,0,0,0,0,0,0,4,3,7,4,0,4,0,0,0,41,96,137,0,0,0,0,0,0,0,0,0,0,0,0,0,0,0,0,0,0,0,0,0,0,0,0,0,0,0,0,0,0,0,0,0,0,0,0,0,0,0
20181029,146904,26016,27905,53921,30196,29706,59902,113823,6981,6561,13542,5,5,10,21,1,22,29,28,57,0,0,0,0,0,0,0,0,0,170,300,470,1,1,2,4553,4549,9102,0,0,0,2596,2357,4953,23,11,34,0,0,0,2,1,3,125,74,199,2294,2274,4568,0,0,0,0,0,0,0,0,0,0,0,0,0,0,0,7,0,7,3,0,3,0,0,0,78,31,109,0,0,0,0,0,0,0,0,0,0,0,0,0,0,0,0,0,0,0,0,0,0,0,0,0,0,0,0,0,0,0,0,0,0,0,0,0,0,0
20181030,138623,24293,24046,48339,28243,27284,55527,103866,7792,7106,14898,717,1071,1788,22,10,32,69,35,104,0,0,0,0,0,0,0,1,1,384,203,587,16,0,16,4461,4753,9214,0,0,0,2514,2345,4859,0,0,0,1,11,12,1,6,7,0,0,0,1630,1585,3215,0,0,0,0,0,0,0,0,0,0,0,0,0,0,0,10,14,24,0,0,0,0,0,0,0,0,0,0,0,0,0,0,0,0,0,0,0,0,0,0,0,0,0,0,0,0,0,0,0,0,0,0,0,0,0,0,0,0,0,0,0,0,0,0,0,0
20181031,137457,24756,24193,48949,28435,26202,54637,103586,7641,6680,14321,5,5,10,2,2,4,10,19,29,0,0,0,0,0,0,3,0,3,215,208,423,6,0,6,4441,4639,9080,0,0,0,2553,2907,5460,0,0,0,0,0,0,9,2,11,0,0,0,2325,2193,4518,0,0,0,0,0,0,0,0,0,0,0,0,0,0,0,2,2,4,0,2,2,0,0,0,0,0,0,0,0,0,0,0,0,0,0,0,0,0,0,0,0,0,0,0,0,0,0,0,0,0,0,0,0,0,0,0,0,0,0,0,0,0,0,0,0,0
20181101,142043,27790,24931,52721,30269,28544,58813,111534,8034,6752,14786,1975,287,2262,1,4,5,54,94,148,0,0,0,0,0,0,0,0,0,292,190,482,0,0,0,4673,4680,9353,0,0,0,0,0,0,0,0,0,0,0,0,4,4,8,0,0,0,1831,1627,3458,0,0,0,0,0,0,0,0,0,0,0,0,0,0,0,4,2,6,1,0,1,0,0,0,0,0,0,0,0,0,0,0,0,0,0,0,0,0,0,0,0,0,0,0,0,0,0,0,0,0,0,0,0,0,0,0,0,0,0,0,0,0,0,0,0,0
20181102,154456,28131,24988,53119,32529,29738,62267,115386,9112,7354,16466,289,2671,2960,5,19,24,46,40,86,3,2,5,0,8,8,0,0,0,426,294,720,0,0,0,4999,4722,9721,0,0,0,2080,2280,4360,0,0,0,0,0,0,2,6,8,74,78,152,2473,2075,4548,0,0,0,0,0,0,0,0,0,0,0,0,0,0,0,7,3,10,2,0,2,0,0,0,0,0,0,0,0,0,0,0,0,0,0,0,0,0,0,0,0,0,0,0,0,0,0,0,0,0,0,0,0,0,0,0,0,0,0,0,0,0,0,0,0,0
20181103,150069,27697,25061,52758,31678,29360,61038,113796,8279,7369,15648,0,0,0,17,34,51,35,70,105,7,8,15,1,0,1,0,0,0,253,263,516,0,7,7,4641,4324,8965,0,0,0,3778,2104,5882,42,52,94,0,0,0,0,8,8,0,0,0,2107,2003,4110,0,0,0,0,0,0,0,0,0,0,0,0,0,0,0,474,222,696,0,1,1,0,0,0,101,73,174,0,0,0,0,0,0,0,0,0,0,0,0,0,0,0,0,0,0,0,0,0,0,0,0,0,0,0,0,0,0,0,0,0,0,0,0,0,0,0
20181104,160217,27088,28908,55996,31209,32275,63484,119480,7977,8300,16277,1911,796,2707,126,100,226,30,25,55,0,0,0,0,0,0,0,0,0,242,278,520,5,20,25,4988,4928,9916,0,0,0,2372,3458,5830,35,50,85,0,0,0,12,5,17,0,0,0,2588,2435,5023,0,0,0,0,0,0,0,0,0,0,0,0,0,0,0,1,4,5,0,0,0,0,0,0,12,39,51,0,0,0,0,0,0,0,0,0,0,0,0,0,0,0,0,0,0,0,0,0,0,0,0,0,0,0,0,0,0,0,0,0,0,0,0,0,0,0
20181105,144790,25177,27246,52423,29438,29594,59032,111455,6602,7541,14143,0,1,1,168,92,260,43,57,100,0,0,0,1,1,2,0,0,0,212,267,479,4,4,8,4442,4462,8904,0,0,0,2324,2506,4830,28,25,53,0,0,0,3,2,5,0,0,0,2101,2405,4506,0,0,0,0,0,0,0,0,0,0,0,0,0,0,0,1,0,1,2,0,2,0,0,0,22,19,41,0,0,0,0,0,0,0,0,0,0,0,0,0,0,0,0,0,0,0,0,0,0,0,0,0,0,0,0,0,0,0,0,0,0,0,0,0,0,0
20181106,142376,23487,25297,48784,28178,28398,56576,105360,7368,7861,15229,2523,1151,3674,7,8,15,44,47,91,25,0,25,0,1,1,0,0,0,283,378,661,0,3,3,4437,4515,8952,0,0,0,2096,2370,4466,19,39,58,0,0,0,10,5,15,80,0,80,1589,1619,3208,0,0,0,0,0,0,0,0,0,0,0,0,0,0,0,305,212,517,0,0,0,0,0,0,14,7,21,0,0,0,0,0,0,0,0,0,0,0,0,0,0,0,0,0,0,0,0,0,0,0,0,0,0,0,0,0,0,0,0,0,0,0,0,0,0,0
20181107,141168,23148,26060,49208,27045,27688,54733,103941,7086,7298,14384,1581,1576,3157,471,36,507,48,23,71,0,19,19,0,0,0,0,0,0,154,200,354,0,18,18,4668,4531,9199,0,0,0,2434,2220,4654,48,24,72,0,0,0,3,0,3,0,0,0,2159,2273,4432,0,0,0,0,0,0,0,0,0,0,0,0,0,0,0,161,109,270,4,0,4,0,0,0,40,43,83,0,0,0,0,0,0,0,0,0,0,0,0,0,0,0,0,0,0,0,0,0,0,0,0,0,0,0,0,0,0,0,0,0,0,0,0,0,0,0
20181108,146494,24999,25541,50540,29751,29874,59625,110165,6754,7207,13961,1133,330,1463,158,139,297,65,1975,2040,0,1,1,0,0,0,0,0,0,186,175,361,1,0,1,4760,4683,9443,0,0,0,2743,2630,5373,30,42,72,0,0,0,4,3,7,0,0,0,1600,1626,3226,0,0,0,0,0,0,0,0,0,0,0,0,0,0,0,2,4,6,3,7,10,0,0,0,50,18,68,0,0,0,0,0,0,0,0,0,0,0,0,0,0,0,0,0,0,0,0,0,0,0,0,0,0,0,0,0,0,0,0,0,0,0,0,0,0,0
20181109,160411,28362,26755,55117,33457,31883,65340,120457,8126,7582,15708,417,1698,2115,20,31,51,55,58,113,2,2,4,0,0,0,0,0,0,335,288,623,0,3,3,4925,4899,9824,0,0,0,2943,3084,6027,40,37,77,0,0,0,4,17,21,0,0,0,2386,2350,4736,0,0,0,0,0,0,0,0,0,0,0,0,0,0,0,113,485,598,4,0,4,0,0,0,18,32,50,0,0,0,0,0,0,0,0,0,0,0,0,0,0,0,0,0,0,0,0,0,0,0,0,0,0,0,0,0,0,0,0,0,0,0,0,0,0,0
20181110,160169,27575,27089,54664,31670,30945,62615,117279,8288,7587,15875,2692,2697,5389,26,3,29,24,9,33,0,1,1,0,0,0,0,0,0,270,238,508,0,0,0,4639,4555,9194,0,0,0,4261,2652,6913,34,29,63,0,0,0,17,1,18,0,0,0,2179,2217,4396,0,0,0,0,0,0,0,0,0,0,0,0,0,0,0,210,140,350,0,1,1,0,0,0,81,39,120,0,0,0,0,0,0,0,0,0,0,0,0,0,0,0,0,0,0,0,0,0,0,0,0,0,0,0,0,0,0,0,0,0,0,0,0,0,0,0
20181111,165583,27130,29679,56809,34017,32192,66209,123018,8250,7555,15805,1580,2153,3733,125,77,202,45,41,86,5,5,10,0,0,0,0,0,0,235,250,485,0,0,0,5044,4938,9982,0,0,0,2859,4116,6975,19,13,32,0,0,0,0,2,2,0,0,0,2607,2565,5172,0,0,0,0,0,0,0,0,0,0,0,0,0,0,0,0,2,2,1,0,1,0,0,0,22,56,78,0,0,0,0,0,0,0,0,0,0,0,0,0,0,0,0,0,0,0,0,0,0,0,0,0,0,0,0,0,0,0,0,0,0,0,0,0,0,0
20181112,135665,22924,26676,49600,25238,29573,54811,104411,4959,7287,12246,0,2,2,143,119,262,31,63,94,0,0,0,0,0,0,0,0,0,218,295,513,0,6,6,4203,4556,8759,0,0,0,2389,2654,5043,26,33,59,0,0,0,4,0,4,0,0,0,1846,2390,4236,0,0,0,0,0,0,0,0,0,0,0,0,0,0,0,4,5,9,0,0,0,0,0,0,12,9,21,0,0,0,0,0,0,0,0,0,0,0,0,0,0,0,0,0,0,0,0,0,0,0,0,0,0,0,0,0,0,0,0,0,0,0,0,0,0,0
20181113,146575,24665,24988,49653,30085,29612,59697,109350,7925,8005,15930,1694,1109,2803,12,8,20,47,30,77,0,0,0,0,0,0,0,0,0,369,298,667,3,10,13,4585,4601,9186,0,0,0,2189,2362,4551,17,19,36,0,0,0,0,5,5,0,0,0,1735,1837,3572,0,0,0,0,0,0,0,0,0,0,0,0,0,0,0,153,170,323,2,0,2,0,0,0,29,11,40,0,0,0,0,0,0,0,0,0,0,0,0,0,0,0,0,0,0,0,0,0,0,0,0,0,0,0,0,0,0,0,0,0,0,0,0,0,0,0
20181114,143142,25373,25986,51359,28271,28852,57123,108482,7397,7040,14437,6,2,8,240,109,349,51,56,107,0,0,0,1,0,1,0,0,0,194,192,386,9,10,19,4658,4572,9230,0,0,0,2487,2379,4866,33,34,67,0,0,0,13,17,30,0,0,0,2339,2474,4813,0,0,0,0,0,0,0,0,0,0,0,0,0,0,0,115,97,212,0,1,1,0,0,0,109,25,134,0,0,0,0,0,0,0,0,0,0,0,0,0,0,0,0,0,0,0,0,0,0,0,0,0,0,0,0,0,0,0,0,0,0,0,0,0,0,0
20181115,149369,26767,26173,52940,30006,31234,61240,114180,6840,7651,14491,1091,315,1406,143,75,218,44,41,85,3,6,9,0,0,0,0,0,0,302,256,558,4,4,8,4816,4751,9567,0,0,0,2734,2606,5340,21,13,34,0,0,0,13,1,14,0,0,0,1578,1749,3327,0,0,0,0,0,0,0,0,0,0,0,0,0,0,0,8,6,14,1,6,7,0,0,0,12,99,111,0,0,0,0,0,0,0,0,0,0,0,0,0,0,0,0,0,0,0,0,0,0,0,0,0,0,0,0,0,0,0,0,0,0,0,0,0,0,0
20181116,164450,29932,27873,57805,34270,31494,65764,123569,9335,7901,17236,353,1312,1665,8,14,22,28,54,82,0,0,0,0,0,0,0,0,0,474,364,838,14,0,14,5119,4950,10069,0,0,0,3130,2836,5966,21,16,37,0,0,0,0,7,7,0,0,0,2388,2223,4611,0,0,0,0,0,0,0,0,0,0,0,0,0,0,0,155,125,280,2,6,8,0,0,0,23,23,46,0,0,0,0,0,0,0,0,0,0,0,0,0,0,0,0,0,0,0,0,0,0,0,0,0,0,0,0,0,0,0,0,0,0,0,0,0,0,0
20181117,161002,30773,26754,57527,34817,30706,65523,123050,8302,7778,16080,0,0,0,11,12,23,85,40,125,0,2,2,0,1,1,0,0,0,281,246,527,0,0,0,4776,4475,9251,0,0,0,4303,2773,7076,38,52,90,0,0,0,5,4,9,0,0,0,2355,2133,4488,0,0,0,0,0,0,0,0,0,0,0,0,0,0,0,95,130,225,0,3,3,0,0,0,42,10,52,0,0,0,0,0,0,0,0,0,0,0,0,0,0,0,0,0,0,0,0,0,0,0,0,0,0,0,0,0,0,0,0,0,0,0,0,0,0,0
20181118,175285,30319,29505,59824,35288,32260,67548,127372,8962,7862,16824,4268,3873,8141,245,183,428,99,56,155,0,0,0,0,0,0,0,0,0,272,298,570,4,3,7,5110,4878,9988,0,0,0,2686,4042,6728,29,29,58,0,0,0,7,0,7,0,0,0,2568,2341,4909,0,0,0,0,0,0,0,0,0,0,0,0,0,0,0,7,6,13,0,9,9,0,0,0,15,61,76,0,0,0,0,0,0,0,0,0,0,0,0,0,0,0,0,0,0,0,0,0,0,0,0,0,0,0,0,0,0,0,0,0,0,0,0,0,0,0
20181119,151950,28176,27886,56062,31417,29625,61042,117104,7976,7506,15482,6,1,7,13,11,24,39,56,95,4,0,4,0,2,2,0,0,0,205,295,500,4,3,7,4543,4601,9144,0,0,0,2439,2317,4756,25,24,49,0,0,0,5,6,11,0,0,0,2440,2265,4705,0,0,0,0,0,0,0,0,0,0,0,0,0,0,0,13,10,23,0,0,0,0,0,0,28,9,37,0,0,0,0,0,0,0,0,0,0,0,0,0,0,0,0,0,0,0,0,0,0,0,0,0,0,0,0,0,0,0,0,0,0,0,0,0,0,0
20181120,145460,26144,23776,49920,30666,27129,57795,107715,8429,6617,15046,3105,930,4035,18,15,33,37,35,72,6,2,8,0,12,12,0,0,0,375,304,679,1,3,4,4634,4135,8769,0,0,0,2883,2197,5080,92,15,107,0,0,0,0,1,1,0,0,0,1921,1585,3506,0,0,0,0,0,0,0,0,0,0,0,0,0,0,0,250,120,370,0,0,0,0,0,0,9,14,23,0,0,0,0,0,0,0,0,0,0,0,0,0,0,0,0,0,0,0,0,0,0,0,0,0,0,0,0,0,0,0,0,0,0,0,0,0,0,0
20181121,144217,27441,25034,52475,30760,25230,55990,108465,8303,5922,14225,17,2156,2173,127,19,146,59,49,108,0,1,1,0,0,0,0,0,0,209,189,398,1,5,6,4715,4203,8918,0,0,0,2798,1759,4557,46,18,64,0,0,0,3,8,11,0,0,0,2714,2122,4836,0,0,0,0,0,0,0,0,0,0,0,0,0,0,0,118,70,188,0,12,12,0,0,0,13,96,109,0,0,0,0,0,0,0,0,0,0,0,0,0,0,0,0,0,0,0,0,0,0,0,0,0,0,0,0,0,0,0,0,0,0,0,0,0,0,0
20181122,148357,30333,23839,54172,33566,26303,59869,114041,8649,5915,14564,951,296,1247,10,3,13,11,25,36,1,0,1,0,0,0,0,0,0,252,231,483,5,0,5,4938,4217,9155,0,0,0,3067,1989,5056,20,7,27,0,0,0,3,2,5,0,0,0,1902,1481,3383,0,0,0,0,0,0,0,0,0,0,0,0,0,0,0,208,98,306,1,0,1,0,0,0,25,9,34,0,0,0,0,0,0,0,0,0,0,0,0,0,0,0,0,0,0,0,0,0,0,0,0,0,0,0,0,0,0,0,0,0,0,0,0,0,0,0
20181123,159496,31050,24986,56036,36765,27857,64622,120658,9880,6303,16183,292,1368,1660,9,15,24,41,45,86,0,0,0,0,0,0,0,0,0,314,228,542,7,7,14,5112,4318,9430,0,0,0,4168,1736,5904,40,12,52,0,0,0,3,6,9,0,0,0,2631,2044,4675,0,0,0,0,0,0,0,0,0,0,0,0,0,0,0,112,44,156,0,6,6,0,0,0,94,3,97,0,0,0,0,0,0,0,0,0,0,0,0,0,0,0,0,0,0,0,0,0,0,0,0,0,0,0,0,0,0,0,0,0,0,0,0,0,0,0
20181124,150120,27610,25999,53609,29885,30717,60602,114211,7112,7869,14981,3,9,12,17,15,32,24,27,51,0,0,0,0,0,0,0,0,0,250,295,545,8,3,11,4457,4685,9142,0,0,0,3677,2777,6454,18,84,102,0,0,0,9,13,22,0,0,0,2239,2159,4398,0,0,0,0,0,0,0,0,0,0,0,0,0,0,0,2,1,3,0,11,11,0,0,0,79,66,145,0,0,0,0,0,0,0,0,0,0,0,0,0,0,0,0,0,0,0,0,0,0,0,0,0,0,0,0,0,0,0,0,0,0,0,0,0,0,0
20181125,166652,27351,31823,59174,30125,36069,66194,125368,7262,9398,16660,1237,837,2074,4,4,8,13,39,52,0,0,0,0,0,0,0,0,0,251,294,545,6,0,6,4414,5139,9553,0,0,0,1664,5452,7116,10,134,144,0,0,0,7,1,8,0,0,0,2349,2652,5001,0,0,0,0,0,0,0,0,0,0,0,0,0,0,0,0,0,0,0,28,28,0,0,0,17,72,89,0,0,0,0,0,0,0,0,0,0,0,0,0,0,0,0,0,0,0,0,0,0,0,0,0,0,0,0,0,0,0,0,0,0,0,0,0,0,0
20181126,158138,25435,31079,56514,27666,33767,61433,117947,6113,8263,14376,2825,2795,5620,3,3,6,46,75,121,0,0,0,0,0,0,0,0,0,230,284,514,0,1,1,4206,4723,8929,0,0,0,2183,3346,5529,25,80,105,0,0,0,4,4,8,0,0,0,2129,2665,4794,0,0,0,0,0,0,0,0,0,0,0,0,0,0,0,66,67,133,0,16,16,0,0,0,13,26,39,0,0,0,0,0,0,0,0,0,0,0,0,0,0,0,0,0,0,0,0,0,0,0,0,0,0,0,0,0,0,0,0,0,0,0,0,0,0,0
20181127,142249,23402,26797,50199,25780,31483,57263,107462,6583,8563,15146,641,1051,1692,25,16,41,153,87,240,0,6,6,15,0,15,0,0,0,272,279,551,10,15,25,3854,4863,8717,0,0,0,1904,2680,4584,45,15,60,0,0,0,6,4,10,0,0,0,1438,1857,3295,0,0,0,0,0,0,0,0,0,0,0,0,0,0,0,141,169,310,0,47,47,0,0,0,30,18,48,0,0,0,0,0,0,0,0,0,0,0,0,0,0,0,0,0,0,0,0,0,0,0,0,0,0,0,0,0,0,0,0,0,0,0,0,0,0,0
20181128,138548,23207,26268,49475,24841,29323,54164,103639,6684,7588,14272,14,13,27,161,25,186,62,26,88,0,0,0,1,10,11,0,0,0,199,254,453,9,11,20,4240,4750,8990,0,0,0,2264,2668,4932,42,21,63,0,0,0,2,4,6,0,0,0,2618,2874,5492,0,0,0,0,0,0,0,0,0,0,0,0,0,0,0,75,136,211,0,62,62,0,0,0,55,41,96,0,0,0,0,0,0,0,0,0,0,0,0,0,0,0,0,0,0,0,0,0,0,0,0,0,0,0,0,0,0,0,0,0,0,0,0,0,0,0
20181129,144900,26071,25653,51724,28980,30311,59291,111015,6974,7151,14125,1057,281,1338,18,8,26,76,119,195,0,0,0,0,0,0,0,0,0,230,154,384,5,3,8,4296,4673,8969,0,0,0,2321,2660,4981,26,52,78,0,0,0,7,3,10,0,0,0,1644,1707,3351,0,0,0,0,0,0,0,0,0,0,0,0,0,0,0,163,187,350,0,12,12,0,0,0,12,46,58,0,0,0,0,0,0,0,0,0,0,0,0,0,0,0,0,0,0,0,0,0,0,0,0,0,0,0,0,0,0,0,0,0,0,0,0,0,0,0
20181130,157872,28775,26860,55635,32451,30818,63269,118904,8150,7586,15736,397,1238,1635,7,9,16,100,38,138,3,1,4,0,0,0,0,0,0,349,348,697,1,3,4,4842,4788,9630,0,0,0,3151,2771,5922,26,23,49,0,0,0,4,9,13,0,0,0,2607,2384,4991,0,0,0,0,0,0,0,0,0,0,0,0,0,0,0,2,2,4,0,46,46,0,0,0,65,18,83,0,0,0,0,0,0,0,0,0,0,0,0,0,0,0,0,0,0,0,0,0,0,0,0,0,0,0,0,0,0,0,0,0,0,0,0,0,0,0
20181201,149743,27376,25405,52781,30420,30134,60554,113335,7895,7436,15331,3,4,7,8,6,14,69,66,135,0,0,0,3,2,5,0,0,0,262,229,491,3,2,5,4536,4533,9069,0,0,0,3993,2752,6745,45,44,89,0,0,0,10,14,24,0,0,0,2196,2217,4413,0,0,0,0,0,0,0,0,0,0,0,0,0,0,0,2,3,5,2,2,4,0,0,0,60,11,71,0,0,0,0,0,0,0,0,0,0,0,0,0,0,0,0,0,0,0,0,0,0,0,0,0,0,0,0,0,0,0,0,0,0,0,0,0,0,0
20181202,159788,26650,28720,55370,31613,32358,63971,119341,7925,7810,15735,1910,619,2529,8,7,15,25,23,48,0,0,0,0,16,16,0,0,0,256,263,519,0,5,5,4640,5083,9723,0,0,0,2637,3869,6506,39,88,127,0,0,0,12,2,14,0,0,0,2534,2577,5111,0,0,0,0,0,0,0,0,0,0,0,0,0,0,0,1,0,1,0,7,7,0,0,0,22,69,91,0,0,0,0,0,0,0,0,0,0,0,0,0,0,0,0,0,0,0,0,0,0,0,0,0,0,0,0,0,0,0,0,0,0,0,0,0,0,0
20181203,144527,26107,27354,53461,29346,30016,59362,112823,6714,6278,12992,8,14,22,15,6,21,91,57,148,0,0,0,0,0,0,0,0,0,208,248,456,0,10,10,4130,4568,8698,0,0,0,2226,2349,4575,47,31,78,0,0,0,1,2,3,0,0,0,2265,2389,4654,0,0,0,0,0,0,0,0,0,0,0,0,0,0,0,0,1,1,0,11,11,0,0,0,23,12,35,0,0,0,0,0,0,0,0,0,0,0,0,0,0,0,0,0,0,0,0,0,0,0,0,0,0,0,0,0,0,0,0,0,0,0,0,0,0,0
20181204,141321,23573,23173,46746,27281,28401,55682,102428,7332,7568,14900,3282,3486,6768,4,9,13,68,32,100,0,0,0,0,0,0,0,0,0,328,284,612,13,14,27,3837,4361,8198,0,0,0,2123,2229,4352,0,24,24,0,0,0,2,2,4,0,0,0,1511,1796,3307,0,0,0,0,0,0,0,0,0,0,0,0,0,0,0,360,156,516,0,63,63,0,0,0,3,6,9,0,0,0,0,0,0,0,0,0,0,0,0,0,0,0,0,0,0,0,0,0,0,0,0,0,0,0,0,0,0,0,0,0,0,0,0,0,0,0
20181205,135512,23548,24651,48199,27310,26132,53442,101641,6936,7150,14086,10,5,15,115,93,208,131,24,155,5,0,5,0,0,0,0,0,0,183,202,385,21,4,25,4141,4242,8383,0,0,0,2247,2355,4602,25,30,55,0,0,0,1,4,5,0,0,0,2639,2908,5547,0,0,0,0,0,0,0,0,0,0,0,0,0,0,0,141,149,290,3,31,34,0,0,0,59,17,76,0,0,0,0,0,0,0,0,0,0,0,0,0,0,0,0,0,0,0,0,0,0,0,0,0,0,0,0,0,0,0,0,0,0,0,0,0,0,0
20181206,139055,25298,24098,49396,28014,29143,57157,106553,7025,6803,13828,840,309,1149,94,178,272,72,39,111,4,6,10,0,0,0,0,0,0,193,174,367,1,1,2,4197,4401,8598,0,0,0,2461,2289,4750,38,35,73,0,0,0,3,6,9,0,0,0,1575,1636,3211,0,0,0,0,0,0,0,0,0,0,0,0,0,0,0,11,8,19,1,14,15,0,0,0,41,47,88,0,0,0,0,0,0,0,0,0,0,0,0,0,0,0,0,0,0,0,0,0,0,0,0,0,0,0,0,0,0,0,0,0,0,0,0,0,0,0
20181207,151893,27708,25742,53450,30175,30398,60573,114023,7757,7475,15232,365,1459,1824,15,12,27,83,113,196,0,0,0,0,0,0,0,0,0,343,309,652,4,0,4,4890,4669,9559,0,0,0,2859,2749,5608,0,0,0,0,0,0,8,3,11,0,0,0,2348,2398,4746,0,0,0,0,0,0,0,0,0,0,0,0,0,0,0,4,1,5,0,6,6,0,0,0,0,0,0,0,0,0,0,0,0,0,0,0,0,0,0,0,0,0,0,0,0,0,0,0,0,0,0,0,0,0,0,0,0,0,0,0,0,0,0,0,0,0
20181208,146835,27994,24657,52651,30246,29113,59359,112010,7430,7159,14589,5,0,5,17,2,19,33,38,71,1,1,2,0,0,0,0,0,0,218,231,449,0,0,0,4524,4227,8751,0,0,0,3825,2653,6478,0,0,0,0,0,0,2,0,2,0,0,0,2371,2065,4436,0,0,0,0,0,0,0,0,0,0,0,0,0,0,0,5,3,8,0,15,15,0,0,0,0,0,0,0,0,0,0,0,0,0,0,0,0,0,0,0,0,0,0,0,0,0,0,0,0,0,0,0,0,0,0,0,0,0,0,0,0,0,0,0,0,0
20181209,160890,28428,29336,57764,32651,31042,63693,121457,8139,7809,15948,1463,861,2324,7,0,7,37,83,120,0,0,0,0,0,0,0,0,0,218,255,473,1,0,1,4636,4771,9407,0,0,0,2451,3558,6009,45,49,94,0,0,0,0,0,0,0,0,0,2651,2325,4976,0,0,0,0,0,0,0,0,0,0,0,0,0,0,0,1,0,1,0,21,21,0,0,0,17,35,52,0,0,0,0,0,0,0,0,0,0,0,0,0,0,0,0,0,0,0,0,0,0,0,0,0,0,0,0,0,0,0,0,0,0,0,0,0,0,0
20181210,147476,26699,29977,56676,28702,29567,58269,114945,6660,6972,13632,6,0,6,7,30,37,40,63,103,0,0,0,0,0,0,0,0,0,177,257,434,0,4,4,4115,4657,8772,0,0,0,2138,2382,4520,55,60,115,0,0,0,0,1,1,0,0,0,2261,2560,4821,0,0,0,0,0,0,0,0,0,0,0,0,0,0,0,2,2,4,0,52,52,0,0,0,11,19,30,0,0,0,0,0,0,0,0,0,0,0,0,0,0,0,0,0,0,0,0,0,0,0,0,0,0,0,0,0,0,0,0,0,0,0,0,0,0,0
20181211,138440,24486,24731,49217,27944,27159,55103,104320,7311,7616,14927,790,948,1738,33,4,37,43,87,130,0,5,5,0,0,0,0,0,0,366,282,648,9,0,9,4267,4310,8577,0,0,0,1869,2094,3963,11,41,52,0,0,0,0,11,11,0,0,0,1563,1663,3226,0,0,0,0,0,0,0,0,0,0,0,0,0,0,0,323,406,729,0,31,31,0,0,0,25,12,37,0,0,0,0,0,0,0,0,0,0,0,0,0,0,0,0,0,0,0,0,0,0,0,0,0,0,0,0,0,0,0,0,0,0,0,0,0,0,0
20181212,142844,24077,25848,49925,27353,26273,53626,103551,6568,6879,13447,2766,2764,5530,428,33,461,50,47,97,0,0,0,0,0,0,0,0,0,208,221,429,0,0,0,4412,4392,8804,0,0,0,2102,2575,4677,30,26,56,0,0,0,21,7,28,0,0,0,2714,3018,5732,0,0,0,0,0,0,0,0,0,0,0,0,0,0,0,4,6,10,0,6,6,0,0,0,9,7,16,0,0,0,0,0,0,0,0,0,0,0,0,0,0,0,0,0,0,0,0,0,0,0,0,0,0,0,0,0,0,0,0,0,0,0,0,0,0,0
20181213,142499,25942,26271,52213,28203,28019,56222,108435,7374,7383,14757,948,309,1257,15,7,22,43,57,100,0,0,0,0,0,0,0,0,0,215,184,399,1,8,9,4504,4545,9049,0,0,0,2314,2567,4881,29,10,39,0,0,0,5,3,8,0,0,0,1733,1723,3456,0,0,0,0,0,0,0,0,0,0,0,0,0,0,0,4,1,5,0,12,12,0,0,0,41,29,70,0,0,0,0,0,0,0,0,0,0,0,0,0,0,0,0,0,0,0,0,0,0,0,0,0,0,0,0,0,0,0,0,0,0,0,0,0,0,0
20181214,159571,28618,27695,56313,31736,31045,62781,119094,8806,8130,16936,331,1570,1901,4,6,10,38,140,178,0,0,0,0,0,0,0,0,0,343,353,696,10,14,24,4805,4725,9530,0,0,0,3010,2943,5953,35,19,54,0,0,0,7,5,12,0,0,0,2510,2540,5050,0,0,0,0,0,0,0,0,0,0,0,0,0,0,0,3,2,5,0,37,37,0,0,0,45,46,91,0,0,0,0,0,0,0,0,0,0,0,0,0,0,0,0,0,0,0,0,0,0,0,0,0,0,0,0,0,0,0,0,0,0,0,0,0,0,0
20181215,156561,29413,26842,56255,31689,29058,60747,117002,8212,7661,15873,1870,0,1870,20,20,40,34,36,70,0,0,0,0,0,0,0,0,0,235,264,499,0,18,18,4608,4357,8965,0,0,0,4386,3020,7406,41,34,75,0,0,0,4,7,11,0,0,0,2333,2275,4608,0,0,0,0,0,0,0,0,0,0,0,0,0,0,0,5,5,10,0,40,40,0,0,0,53,21,74,0,0,0,0,0,0,0,0,0,0,0,0,0,0,0,0,0,0,0,0,0,0,0,0,0,0,0,0,0,0,0,0,0,0,0,0,0,0,0
20181216,164209,28874,28524,57398,32614,30342,62956,120354,8317,7839,16156,1491,1268,2759,470,163,633,11,1864,1875,20,0,20,0,0,0,0,0,0,260,278,538,5,0,5,4696,4881,9577,0,0,0,2790,4065,6855,48,61,109,0,0,0,0,0,0,0,0,0,2643,2543,5186,0,0,0,0,0,0,0,0,0,0,0,0,0,0,0,9,10,19,0,0,0,0,0,0,26,97,123,0,0,0,0,0,0,0,0,0,0,0,0,0,0,0,0,0,0,0,0,0,0,0,0,0,0,0,0,0,0,0,0,0,0,0,0,0,0,0
20181217,149240,29538,28088,57626,29687,28229,57916,115542,7265,6860,14125,1,2,3,9,6,15,36,111,147,0,19,19,0,0,0,0,0,0,271,273,544,5,0,5,4216,4504,8720,0,0,0,2460,2454,4914,84,29,113,0,0,0,3,5,8,0,0,0,2573,2466,5039,0,0,0,12,0,12,0,0,0,0,0,0,0,0,0,1,1,2,0,9,9,0,0,0,9,14,23,0,0,0,0,0,0,0,0,0,0,0,0,0,0,0,0,0,0,0,0,0,0,0,0,0,0,0,0,0,0,0,0,0,0,0,0,0,0,0
20181218,141841,27051,23415,50466,29438,26132,55570,106036,8075,7106,15181,896,1044,1940,8,12,20,43,273,316,0,0,0,4,0,4,0,0,0,445,294,739,1,1,2,4120,4120,8240,0,0,0,2536,2590,5126,44,47,91,0,0,0,1,2,3,0,0,0,2025,1591,3616,0,0,0,0,14,14,0,0,0,0,0,0,0,0,0,225,250,475,0,27,27,0,0,0,6,5,11,0,0,0,0,0,0,0,0,0,0,0,0,0,0,0,0,0,0,0,0,0,0,0,0,0,0,0,0,0,0,0,0,0,0,0,0,0,0,0
20181219,143026,28905,24634,53539,28987,24972,53959,107498,8029,6921,14950,2,2,4,326,20,346,25,138,163,2,2,4,0,0,0,0,0,0,215,214,429,3,5,8,4270,4234,8504,0,0,0,2694,2314,5008,26,31,57,0,0,0,11,6,17,0,0,0,3131,2514,5645,0,0,0,0,0,0,0,0,0,0,0,0,0,0,0,114,164,278,0,28,28,0,0,0,32,55,87,0,0,0,0,0,0,0,0,0,0,0,0,0,0,0,0,0,0,0,0,0,0,0,0,0,0,0,0,0,0,0,0,0,0,0,0,0,0,0
20181220,147796,30743,25049,55792,30676,26355,57031,112823,8186,6489,14675,1029,312,1341,127,107,234,40,202,242,2,0,2,0,0,0,0,0,0,270,224,494,0,0,0,4543,4359,8902,0,0,0,2761,2774,5535,25,38,63,0,0,0,2,10,12,0,0,0,1900,1456,3356,0,0,0,0,0,0,0,0,0,0,0,0,0,0,0,1,7,8,0,47,47,0,0,0,26,36,62,0,0,0,0,0,0,0,0,0,0,0,0,0,0,0,0,0,0,0,0,0,0,0,0,0,0,0,0,0,0,0,0,0,0,0,0,0,0,0
20181221,157035,30215,25595,55810,33834,28195,62029,117839,9794,6814,16608,344,1361,1705,12,6,18,27,128,155,0,1,1,0,0,0,0,0,0,417,282,699,6,3,9,4952,4568,9520,0,0,0,2927,2268,5195,22,32,54,0,0,0,4,2,6,0,0,0,2800,2192,4992,0,0,0,0,0,0,0,0,0,0,0,0,0,0,0,125,91,216,0,1,1,0,0,0,12,5,17,0,0,0,0,0,0,0,0,0,0,0,0,0,0,0,0,0,0,0,0,0,0,0,0,0,0,0,0,0,0,0,0,0,0,0,0,0,0,0
20181222,156341,32362,26389,58751,32925,27653,60578,119329,9128,6638,15766,5,12,17,3,2,5,50,180,230,0,0,0,1,0,1,0,0,0,329,219,548,2,5,7,4810,4270,9080,0,0,0,3920,2068,5988,25,84,109,0,0,0,6,3,9,0,0,0,2693,2079,4772,0,0,0,0,0,0,0,0,0,0,0,0,0,0,0,262,153,415,0,19,19,0,0,0,37,9,46,0,0,0,0,0,0,0,0,0,0,0,0,0,0,0,0,0,0,0,0,0,0,0,0,0,0,0,0,0,0,0,0,0,0,0,0,0,0,0
20181223,154552,30054,26244,56298,31145,27515,58660,114958,8667,6829,15496,1494,937,2431,7,14,21,38,214,252,0,0,0,0,8,8,0,0,0,331,265,596,6,4,10,4755,4287,9042,0,0,0,2812,3442,6254,59,42,101,0,0,0,6,2,8,0,0,0,2759,2603,5362,0,0,0,0,0,0,0,0,0,0,0,0,0,0,0,3,1,4,0,0,0,0,0,0,5,4,9,0,0,0,0,0,0,0,0,0,0,0,0,0,0,0,0,0,0,0,0,0,0,0,0,0,0,0,0,0,0,0,0,0,0,0,0,0,0,0
20181224,139082,27254,25931,53185,28969,25263,54232,107417,6730,5944,12674,1,0,1,9,12,21,51,108,159,0,0,0,0,8,8,0,0,0,306,256,562,0,0,0,3695,3982,7677,0,0,0,3257,2710,5967,0,0,0,0,0,0,2,2,4,0,0,0,2301,2266,4567,0,0,0,0,0,0,0,0,0,0,0,0,0,0,0,4,2,6,0,19,19,0,0,0,0,0,0,0,0,0,0,0,0,0,0,0,0,0,0,0,0,0,0,0,0,0,0,0,0,0,0,0,0,0,0,0,0,0,0,0,0,0,0,0,0,0
20181225,142611,26263,26771,53034,27095,25873,52968,106002,8366,7470,15836,873,1223,2096,13,6,19,29,96,125,11,0,11,0,0,0,0,0,0,369,392,761,18,3,21,4299,3802,8101,0,0,0,2703,2959,5662,71,40,111,0,0,0,1,8,9,0,0,0,1758,1752,3510,0,0,0,0,0,0,0,0,0,0,0,0,0,0,0,159,117,276,0,3,3,0,0,0,45,23,68,0,0,0,0,0,0,0,0,0,0,0,0,0,0,0,0,0,0,0,0,0,0,0,0,0,0,0,0,0,0,0,0,0,0,0,0,0,0,0
20181226,153934,27528,30654,58182,28700,28005,56705,114887,7897,8676,16573,3,19,22,251,221,472,72,156,228,0,0,0,0,0,0,0,0,0,278,307,585,0,0,0,4589,4575,9164,0,0,0,2773,2851,5624,23,57,80,0,0,0,10,3,13,0,0,0,2870,2970,5840,0,0,0,0,0,0,0,0,0,0,0,0,0,0,0,157,215,372,0,8,8,0,0,0,37,29,66,0,0,0,0,0,0,0,0,0,0,0,0,0,0,0,0,0,0,0,0,0,0,0,0,0,0,0,0,0,0,0,0,0,0,0,0,0,0,0
20181227,159842,28444,32209,60653,29786,31408,61194,121847,7953,8736,16689,1222,321,1543,21,22,43,46,74,120,0,0,0,0,0,0,0,0,0,273,286,559,6,5,11,4788,4599,9387,0,0,0,2824,3019,5843,0,0,0,0,0,0,0,9,9,0,0,0,1874,1898,3772,0,0,0,0,0,0,0,0,0,0,0,0,0,0,0,18,1,19,0,0,0,0,0,0,0,0,0,0,0,0,0,0,0,0,0,0,0,0,0,0,0,0,0,0,0,0,0,0,0,0,0,0,0,0,0,0,0,0,0,0,0,0,0,0,0,0
20181228,175022,28004,34759,62763,32559,36130,68689,131452,8969,9810,18779,377,1540,1917,4,3,7,29,167,196,0,0,0,2,0,2,0,0,0,392,434,826,3,2,5,4994,5173,10167,0,0,0,2646,3656,6302,0,0,0,0,0,0,13,3,16,0,0,0,2642,2697,5339,0,0,0,0,0,0,0,0,0,0,0,0,0,0,0,6,1,7,7,0,7,0,0,0,0,0,0,0,0,0,0,0,0,0,0,0,0,0,0,0,0,0,0,0,0,0,0,0,0,0,0,0,0,0,0,0,0,0,0,0,0,0,0,0,0,0
20181229,173844,30079,34943,65022,32262,35924,68186,133208,8430,10357,18787,1,0,1,13,20,33,11,26,37,0,0,0,0,0,0,0,0,0,249,329,578,0,0,0,4620,4804,9424,0,0,0,3020,3367,6387,40,237,277,0,0,0,0,0,0,0,0,0,2343,2688,5031,0,0,0,0,0,0,0,0,0,0,0,0,0,0,0,9,9,18,0,7,7,0,0,0,4,52,56,0,0,0,0,0,0,0,0,0,0,0,0,0,0,0,0,0,0,0,0,0,0,0,0,0,0,0,0,0,0,0,0,0,0,0,0,0,0,0
20181230,168334,28971,33073,62044,31040,31557,62597,124641,7538,8848,16386,1486,1850,3336,8,0,8,33,212,245,0,0,0,2,4,6,0,0,0,252,291,543,0,0,0,4865,4483,9348,0,0,0,5248,3164,8412,18,33,51,0,0,0,9,1,10,0,0,0,2367,2871,5238,0,0,0,0,0,0,0,0,0,0,0,0,0,0,0,1,1,2,0,0,0,0,0,0,87,21,108,0,0,0,0,0,0,0,0,0,0,0,0,0,0,0,0,0,0,0,0,0,0,0,0,0,0,0,0,0,0,0,0,0,0,0,0,0,0,0
20181231,152738,26237,30653,56890,28599,25643,54242,111132,6801,6852,13653,2932,2928,5860,6,5,11,6,563,569,428,0,428,0,0,0,0,0,0,251,271,522,0,1,1,4504,3673,8177,0,0,0,4522,3109,7631,172,9,181,0,0,0,1,5,6,0,0,0,2214,2293,4507,0,0,0,0,0,0,0,0,0,0,0,0,0,0,0,0,0,0,0,45,45,0,0,0,8,7,15,0,0,0,0,0,0,0,0,0,0,0,0,0,0,0,0,0,0,0,0,0,0,0,0,0,0,0,0,0,0,0,0,0,0,0,0,0,0,0
