20190101,169524,33441,31048,64489,32431,30077,62508,126997,10506,8324,18830,1721,1032,2753,4,0,4,11,8,19,0,0,0,0,0,0,0,0,0,426,334,760,1,0,1,4747,4200,8947,0,0,0,2837,4351,7188,56,109,165,0,0,0,3,4,7,0,0,0,2117,1697,3814,0,0,0,0,0,0,0,0,0,0,0,0,0,0,0,2,0,2,0,0,0,0,0,0,23,14,37,0,0,0,0,0,0,0,0,0,0,0,0,0,0,0,0,0,0,0,0,0,0,0,0,0,0,0,0,0,0,0,0,0,0,0,0,0,0,0
20190102,163684,34058,32016,66074,31642,29374,61016,127090,8841,7641,16482,0,0,0,54,34,88,29,22,51,0,0,0,0,0,0,0,0,0,278,292,570,0,0,0,4732,4581,9313,0,0,0,2033,2306,4339,32,23,55,0,0,0,9,2,11,0,0,0,2936,2667,5603,0,0,0,0,0,0,0,0,0,0,0,0,0,0,0,1,1,2,0,23,23,0,0,0,43,14,57,0,0,0,0,0,0,0,0,0,0,0,0,0,0,0,0,0,0,0,0,0,0,0,0,0,0,0,0,0,0,0,0,0,0,0,0,0,0,0
20190103,144853,27864,27562,55426,28475,29298,57773,113199,6902,6947,13849,624,219,843,3,2,5,19,21,40,0,0,0,0,2,2,0,0,0,215,262,477,0,0,0,4217,4781,8998,0,0,0,1468,2370,3838,37,28,65,0,0,0,4,5,9,0,0,0,1666,1800,3466,0,0,0,0,0,0,0,0,0,0,0,0,0,0,0,3,2,5,0,33,33,0,0,0,18,6,24,0,0,0,0,0,0,0,0,0,0,0,0,0,0,0,0,0,0,0,0,0,0,0,0,0,0,0,0,0,0,0,0,0,0,0,0,0,0,0
20190104,132253,24971,24807,49778,23504,27432,50936,100714,6404,6536,12940,235,1121,1356,1,0,1,65,161,226,0,0,0,0,0,0,0,0,0,314,319,633,4,1,5,3899,4494,8393,0,0,0,1878,1867,3745,62,61,123,0,0,0,5,3,8,0,0,0,1688,1916,3604,0,0,0,0,0,0,0,0,0,0,0,0,0,0,0,203,137,340,1,42,43,0,0,0,111,11,122,0,0,0,0,0,0,0,0,0,0,0,0,0,0,0,0,0,0,0,0,0,0,0,0,0,0,0,0,0,0,0,0,0,0,0,0,0,0,0
20190105,130459,23351,25197,48548,23433,27506,50939,99487,6054,6894,12948,2,3,5,5,12,17,41,96,137,4,1,5,0,0,0,0,0,0,250,203,453,0,0,0,3500,4511,8011,0,0,0,2943,2345,5288,28,50,78,0,0,0,0,2,2,0,0,0,1696,2017,3713,0,0,0,0,0,0,0,0,0,0,0,0,0,0,0,131,154,285,0,8,8,0,0,0,11,11,22,0,0,0,0,0,0,0,0,0,0,0,0,0,0,0,0,0,0,0,0,0,0,0,0,0,0,0,0,0,0,0,0,0,0,0,0,0,0,0
20190106,144181,23486,28741,52227,25980,31254,57234,109461,6121,7954,14075,1110,348,1458,11,9,20,26,40,66,0,4,4,1,0,1,0,0,0,205,291,496,0,0,0,3670,4975,8645,0,0,0,1894,3047,4941,42,74,116,0,0,0,0,0,0,0,0,0,2151,2613,4764,0,0,0,0,0,0,0,0,0,0,0,0,0,0,0,1,1,2,0,31,31,0,0,0,17,84,101,0,0,0,0,0,0,0,0,0,0,0,0,0,0,0,0,0,0,0,0,0,0,0,0,0,0,0,0,0,0,0,0,0,0,0,0,0,0,0
20190107,127623,23217,26944,50161,20900,28605,49505,99666,4666,6580,11246,2,2,4,104,180,284,32,33,65,2,0,2,0,0,0,0,0,0,166,265,431,0,1,1,2752,4519,7271,0,0,0,1742,2340,4082,30,22,52,0,0,0,2,9,11,0,0,0,1981,2478,4459,0,0,0,0,0,0,0,0,0,0,0,0,0,0,0,3,5,8,0,13,13,0,0,0,19,9,28,0,0,0,0,0,0,0,0,0,0,0,0,0,0,0,0,0,0,0,0,0,0,0,0,0,0,0,0,0,0,0,0,0,0,0,0,0,0,0
20190108,115755,19435,23444,42879,20259,24580,44839,87718,5470,7006,12476,786,574,1360,5,1,6,45,93,138,0,0,0,0,0,0,0,0,0,212,270,482,5,0,5,2812,3881,6693,0,0,0,1771,1938,3709,35,23,58,0,153,153,9,8,17,0,0,0,1148,1718,2866,0,0,0,0,0,0,0,0,0,0,0,0,0,0,0,2,1,3,2,13,15,0,0,0,28,28,56,0,0,0,0,0,0,0,0,0,0,0,0,0,0,0,0,0,0,0,0,0,0,0,0,0,0,0,0,0,0,0,0,0,0,0,0,0,0,0
20190109,114308,19882,22779,42661,19376,22777,42153,84814,5591,6190,11781,3,10,13,156,23,179,55,528,583,0,4,4,0,1,1,0,0,0,185,174,359,0,9,9,3638,3908,7546,0,0,0,1959,2116,4075,25,5,30,0,0,0,4,8,12,0,0,0,2208,2635,4843,0,0,0,0,0,0,0,0,0,0,0,0,0,0,0,7,3,10,0,13,13,0,0,0,27,9,36,0,0,0,0,0,0,0,0,0,0,0,0,0,0,0,0,0,0,0,0,0,0,0,0,0,0,0,0,0,0,0,0,0,0,0,0,0,0,0
20190110,122606,21955,24380,46335,22916,25373,48289,94624,5694,6270,11964,573,252,825,126,386,512,33,46,79,9,0,9,0,0,0,0,0,0,230,173,403,5,0,5,3710,3890,7600,0,0,0,1877,1848,3725,25,42,67,0,0,0,16,0,16,0,0,0,1225,1472,2697,0,0,0,0,0,0,0,0,0,0,0,0,0,0,0,5,8,13,0,22,22,0,0,0,33,12,45,0,0,0,0,0,0,0,0,0,0,0,0,0,0,0,0,0,0,0,0,0,0,0,0,0,0,0,0,0,0,0,0,0,0,0,0,0,0,0
20190111,136432,24525,25783,50308,26057,26606,52663,102971,6558,6979,13537,269,1232,1501,10,3,13,65,54,119,0,6,6,0,0,0,0,0,0,338,220,558,1,0,1,4367,4209,8576,0,0,0,2374,2388,4762,15,33,48,0,0,0,8,10,18,0,0,0,1835,2012,3847,0,0,0,0,0,0,0,0,0,0,0,0,0,0,0,168,214,382,1,23,24,0,0,0,53,16,69,0,0,0,0,0,0,0,0,0,0,0,0,0,0,0,0,0,0,0,0,0,0,0,0,0,0,0,0,0,0,0,0,0,0,0,0,0,0,0
20190112,140366,24786,28253,53039,25844,28629,54473,107512,7064,7739,14803,3,0,3,6,5,11,66,57,123,0,2,2,0,0,0,0,0,0,223,246,469,0,0,0,4155,4128,8283,0,0,0,2093,1803,3896,19,40,59,151,0,151,2,2,4,0,0,0,2074,2437,4511,0,0,0,0,0,0,0,0,0,0,0,0,0,0,0,83,361,444,0,0,0,0,0,0,64,31,95,0,0,0,0,0,0,0,0,0,0,0,0,0,0,0,0,0,0,0,0,0,0,0,0,0,0,0,0,0,0,0,0,0,0,0,0,0,0,0
20190113,147288,23071,30255,53326,27477,30847,58324,111650,6406,7326,13732,1214,597,1811,94,206,300,30,19,49,0,0,0,1,1,2,0,0,0,193,267,460,0,0,0,4031,4801,8832,0,0,0,2467,3043,5510,36,74,110,0,0,0,4,7,11,0,0,0,2219,2557,4776,0,0,0,0,0,0,0,0,0,0,0,0,0,0,0,2,2,4,2,7,9,0,0,0,16,16,32,0,0,0,0,0,0,0,0,0,0,0,0,0,0,0,0,0,0,0,0,0,0,0,0,0,0,0,0,0,0,0,0,0,0,0,0,0,0,0
20190114,140288,23307,29412,52719,25056,31495,56551,109270,5623,7228,12851,1,6,7,48,249,297,28,25,53,0,0,0,1,0,1,0,0,0,203,227,430,0,4,4,3565,4639,8204,0,0,0,2066,2253,4319,10,54,64,0,0,0,8,4,12,0,0,0,2030,2679,4709,0,0,0,0,0,0,0,0,0,0,0,0,0,0,0,3,6,9,1,5,6,0,0,0,28,24,52,0,0,0,0,0,0,0,0,0,0,0,0,0,0,0,0,0,0,0,0,0,0,0,0,0,0,0,0,0,0,0,0,0,0,0,0,0,0,0
20190115,134935,21008,27897,48905,23819,29259,53078,101983,6662,8034,14696,410,590,1000,1,12,13,53,68,121,1,0,1,2,0,2,0,0,0,327,333,660,7,0,7,3967,4623,8590,0,0,0,2053,2049,4102,17,16,33,0,0,0,5,5,10,0,0,0,1510,1776,3286,0,0,0,0,0,0,0,0,0,0,0,0,0,0,0,135,203,338,0,40,40,0,0,0,23,30,53,0,0,0,0,0,0,0,0,0,0,0,0,0,0,0,0,0,0,0,0,0,0,0,0,0,0,0,0,0,0,0,0,0,0,0,0,0,0,0
20190116,134184,23335,27475,50810,24123,27240,51363,102173,6296,7392,13688,8,8,16,53,180,233,44,31,75,0,0,0,0,0,0,0,0,0,222,215,437,5,0,5,4057,4596,8653,0,0,0,1927,1816,3743,15,60,75,0,0,0,2,9,11,0,0,0,2387,2646,5033,0,0,0,0,0,0,0,0,0,0,0,0,0,0,0,6,6,12,0,17,17,0,0,0,5,8,13,0,0,0,0,0,0,0,0,0,0,0,0,0,0,0,0,0,0,0,0,0,0,0,0,0,0,0,0,0,0,0,0,0,0,0,0,0,0,0
20190117,141947,23555,27943,51498,27401,30155,57556,109054,6844,7633,14477,590,267,857,3,4,7,42,47,89,0,0,0,0,1,1,0,0,0,194,266,460,7,2,9,4541,4453,8994,0,0,0,2264,2329,4593,15,7,22,0,0,0,15,1,16,0,0,0,1575,1707,3282,0,0,0,0,0,0,0,0,0,0,0,0,0,0,0,2,0,2,1,10,11,0,0,0,12,61,73,0,0,0,0,0,0,0,0,0,0,0,0,0,0,0,0,0,0,0,0,0,0,0,0,0,0,0,0,0,0,0,0,0,0,0,0,0,0,0
20190118,157895,25557,31332,56889,29600,32858,62458,119347,7847,8644,16491,354,848,1202,15,8,23,51,54,105,0,0,0,0,0,0,0,0,0,310,401,711,0,2,2,4792,4732,9524,0,0,0,2687,2791,5478,14,16,30,0,0,0,4,1,5,0,0,0,2475,2416,4891,0,0,0,0,0,0,0,0,0,0,0,0,0,0,0,2,11,13,2,5,7,0,0,0,41,25,66,0,0,0,0,0,0,0,0,0,0,0,0,0,0,0,0,0,0,0,0,0,0,0,0,0,0,0,0,0,0,0,0,0,0,0,0,0,0,0
20190119,159767,25775,32238,58013,30313,32287,62600,120613,7501,9489,16990,7,4,11,17,30,47,46,64,110,0,0,0,1,0,1,0,0,0,199,265,464,1,0,1,4587,4367,8954,0,0,0,3974,3054,7028,54,52,106,0,0,0,7,5,12,0,0,0,2221,2380,4601,0,0,0,0,0,0,0,0,0,0,0,0,0,0,0,180,497,677,0,34,34,0,0,0,52,66,118,0,0,0,0,0,0,0,0,0,0,0,0,0,0,0,0,0,0,0,0,0,0,0,0,0,0,0,0,0,0,0,0,0,0,0,0,0,0,0
20190120,167480,25632,34632,60264,31319,33817,65136,125400,7996,9085,17081,851,799,1650,126,369,495,37,23,60,0,0,0,0,0,0,0,0,0,255,296,551,2,0,2,5043,4661,9704,0,0,0,3029,3909,6938,44,52,96,0,0,0,7,3,10,0,0,0,2589,2825,5414,0,0,0,0,0,0,0,0,0,0,0,0,0,0,0,2,2,4,0,16,16,0,0,0,26,33,59,0,0,0,0,0,0,0,0,0,0,0,0,0,0,0,0,0,0,0,0,0,0,0,0,0,0,0,0,0,0,0,0,0,0,0,0,0,0,0
20190121,155069,26119,32049,58168,30617,30711,61328,119496,7143,8187,15330,4,6,10,11,12,23,68,35,103,0,0,0,0,0,0,0,0,0,220,197,417,321,325,646,4307,4385,8692,0,0,0,2232,2818,5050,24,74,98,0,0,0,4,0,4,0,0,0,2462,2639,5101,0,0,0,0,0,0,0,0,0,0,0,0,0,0,0,2,0,2,1,0,1,0,0,0,65,31,96,0,0,0,0,0,0,0,0,0,0,0,0,0,0,0,0,0,0,0,0,0,0,0,0,0,0,0,0,0,0,0,0,0,0,0,0,0,0,0
20190122,150151,25325,29053,54378,29661,28538,58199,112577,8381,8798,17179,743,1224,1967,12,3,15,45,24,69,0,0,0,0,0,0,0,0,0,347,311,658,2,5,7,4712,4085,8797,0,0,0,2287,2332,4619,60,76,136,0,0,0,0,1,1,0,0,0,1934,1613,3547,0,0,0,0,0,0,0,0,0,0,0,0,0,0,0,117,351,468,2,2,4,0,0,0,78,29,107,0,0,0,0,0,0,0,0,0,0,0,0,0,0,0,0,0,0,0,0,0,0,0,0,0,0,0,0,0,0,0,0,0,0,0,0,0,0,0
20190123,150810,26839,30622,57461,29439,27212,56651,114112,8081,7793,15874,6,7,13,102,61,163,50,38,88,0,0,0,0,0,0,0,0,0,212,239,451,7,0,7,4946,4367,9313,0,0,0,2472,2309,4781,45,44,89,0,0,0,2,10,12,0,0,0,2910,2615,5525,0,0,0,0,0,0,0,0,0,0,0,0,0,0,0,89,215,304,0,9,9,0,0,0,24,45,69,0,0,0,0,0,0,0,0,0,0,0,0,0,0,0,0,0,0,0,0,0,0,0,0,0,0,0,0,0,0,0,0,0,0,0,0,0,0,0
20190124,157309,28678,29411,58089,32839,28886,61725,119814,8505,7454,15959,1231,319,1550,124,342,466,42,59,101,0,0,0,0,14,14,0,0,0,179,255,434,0,0,0,4945,4096,9041,0,0,0,3478,2568,6046,32,62,94,0,0,0,11,1,12,0,0,0,1893,1750,3643,0,0,0,0,0,0,0,0,0,0,0,0,0,0,0,13,8,21,0,25,25,0,0,0,12,77,89,0,0,0,0,0,0,0,0,0,0,0,0,0,0,0,0,0,0,0,0,0,0,0,0,0,0,0,0,0,0,0,0,0,0,0,0,0,0,0
20190125,169217,30713,31568,62281,34449,30094,64543,126824,9238,7979,17217,380,1664,2044,8,23,31,47,43,90,0,0,0,0,0,0,0,0,0,413,373,786,2,0,2,5255,4283,9538,0,0,0,3395,3125,6520,68,60,128,15,0,15,13,17,30,0,0,0,2633,2262,4895,0,0,0,0,0,0,0,0,0,0,0,0,0,0,0,238,691,929,0,75,75,0,0,0,43,50,93,0,0,0,0,0,0,0,0,0,0,0,0,0,0,0,0,0,0,0,0,0,0,0,0,0,0,0,0,0,0,0,0,0,0,0,0,0,0,0
20190126,169016,31975,31756,63731,34603,31204,65807,129538,9575,8714,18289,0,0,0,9,5,14,26,26,52,4,0,4,0,0,0,0,0,0,255,240,495,0,0,0,4865,4005,8870,0,0,0,4402,2892,7294,33,39,72,0,15,15,0,4,4,0,0,0,2307,1980,4287,0,0,0,0,0,0,0,0,0,0,0,0,0,0,0,0,0,0,0,23,23,0,0,0,15,44,59,0,0,0,0,0,0,0,0,0,0,0,0,0,0,0,0,0,0,0,0,0,0,0,0,0,0,0,0,0,0,0,0,0,0,0,0,0,0,0
20190127,172374,29968,32005,61973,36805,31415,68220,130193,9203,7861,17064,1770,692,2462,3,12,15,38,40,78,0,0,0,0,0,0,0,0,0,261,245,506,0,0,0,5280,4373,9653,0,0,0,3521,3289,6810,44,86,130,0,0,0,5,3,8,0,0,0,2826,2490,5316,0,0,0,0,0,0,0,0,0,0,0,0,0,0,0,1,0,1,3,19,22,0,0,0,37,79,116,0,0,0,0,0,0,0,0,0,0,0,0,0,0,0,0,0,0,0,0,0,0,0,0,0,0,0,0,0,0,0,0,0,0,0,0,0,0,0
20190128,113534,18961,24039,43000,19660,23248,42908,85908,4427,6142,10569,1,3,4,309,373,682,55,15,70,0,0,0,0,0,0,0,0,0,184,223,407,0,0,0,3165,3617,6782,0,0,0,3004,2022,5026,25,76,101,0,0,0,2,9,11,0,0,0,1804,2107,3911,0,0,0,0,0,0,0,0,0,0,0,0,0,0,0,0,0,0,0,25,25,0,0,0,6,32,38,0,0,0,0,0,0,0,0,0,0,0,0,0,0,0,0,0,0,0,0,0,0,0,0,0,0,0,0,0,0,0,0,0,0,0,0,0,0,0
20190129,80165,12234,18577,30811,12047,17352,29399,60210,3289,5535,8824,1,6,7,49,0,49,23,13,36,0,0,0,0,17,17,0,0,0,326,273,599,1,3,4,1982,2689,4671,0,0,0,2335,846,3181,10,44,54,0,0,0,0,0,0,0,0,0,881,1110,1991,0,0,0,0,0,0,0,0,0,0,0,0,0,0,0,187,297,484,0,6,6,0,0,0,6,26,32,0,0,0,0,0,0,0,0,0,0,0,0,0,0,0,0,0,0,0,0,0,0,0,0,0,0,0,0,0,0,0,0,0,0,0,0,0,0,0
20190130,115785,18103,26488,44591,17327,23592,40919,85510,5431,7486,12917,5,1,6,8,3,11,36,38,74,0,0,0,0,10,10,0,0,0,288,255,543,5,0,5,2594,4010,6604,0,0,0,3241,2248,5489,22,38,60,0,0,0,10,1,11,0,0,0,1782,1978,3760,0,0,0,0,0,0,0,0,0,0,0,0,0,0,0,147,523,670,2,46,48,0,0,0,18,49,67,0,0,0,0,0,0,0,0,0,0,0,0,0,0,0,0,0,0,0,0,0,0,0,0,0,0,0,0,0,0,0,0,0,0,0,0,0,0,0
20190131,127339,20454,28172,48626,19424,28119,47543,96169,5237,7607,12844,1087,120,1207,260,419,679,63,30,93,0,0,0,0,0,0,0,0,0,273,209,482,0,6,6,2823,3729,6552,0,0,0,3638,2426,6064,19,54,73,0,0,0,5,2,7,0,0,0,1457,1590,3047,0,0,0,0,0,0,0,0,0,0,0,0,0,0,0,42,5,47,0,15,15,0,0,0,12,42,54,0,0,0,0,0,0,0,0,0,0,0,0,0,0,0,0,0,0,0,0,0,0,0,0,0,0,0,0,0,0,0,0,0,0,0,0,0,0,0
20190201,136167,20068,28643,48711,23476,31504,54980,103691,5125,8161,13286,4,4,8,4,3,7,43,65,108,5,0,5,0,0,0,0,0,0,304,406,710,1,0,1,3544,4329,7873,0,0,0,3104,2657,5761,6,34,40,0,0,0,1,0,1,0,0,0,1748,2094,3842,0,0,0,0,0,0,0,0,0,0,0,0,0,0,0,154,603,757,2,0,2,0,0,0,18,57,75,0,0,0,0,0,0,0,0,0,0,0,0,0,0,0,0,0,0,0,0,0,0,0,0,0,0,0,0,0,0,0,0,0,0,0,0,0,0,0
20190202,143557,22876,30849,53725,23742,32254,55996,109721,5824,9237,15061,286,34,320,18,0,18,74,33,107,0,4,4,0,0,0,0,0,0,267,235,502,0,0,0,3033,4167,7200,0,0,0,3129,1892,5021,32,134,166,0,0,0,9,9,18,0,0,0,2112,2187,4299,0,0,0,0,0,0,0,0,0,0,0,0,0,0,0,246,754,1000,3,18,21,0,0,0,29,70,99,0,0,0,0,0,0,0,0,0,0,0,0,0,0,0,0,0,0,0,0,0,0,0,0,0,0,0,0,0,0,0,0,0,0,0,0,0,0,0
20190203,127294,20418,26817,47235,20311,29499,49810,97045,5341,8193,13534,7,0,7,127,478,605,16,13,29,0,0,0,0,0,0,0,0,0,282,318,600,0,0,0,3031,3992,7023,0,0,0,2473,1868,4341,19,33,52,0,0,0,3,3,6,0,0,0,1795,2181,3976,0,0,0,0,0,0,0,0,0,0,0,0,0,0,0,1,0,1,0,8,8,0,0,0,24,43,67,0,0,0,0,0,0,0,0,0,0,0,0,0,0,0,0,0,0,0,0,0,0,0,0,0,0,0,0,0,0,0,0,0,0,0,0,0,0,0
20190204,104589,17954,23017,40971,18634,22303,40937,81908,4913,6390,11303,0,0,0,61,0,61,5,7,12,0,0,0,0,0,0,0,0,0,181,198,379,0,6,6,2321,3150,5471,0,0,0,905,741,1646,0,17,17,0,0,0,0,6,6,0,0,0,1698,2016,3714,0,0,0,0,0,0,0,0,0,0,0,0,0,0,0,20,0,20,0,24,24,0,0,0,1,21,22,0,0,0,0,0,0,0,0,0,0,0,0,0,0,0,0,0,0,0,0,0,0,0,0,0,0,0,0,0,0,0,0,0,0,0,0,0,0,0
20190205,95365,13289,23809,37098,11921,25353,37274,74372,3335,6852,10187,4,0,4,0,0,0,9,9,18,0,0,0,0,0,0,0,0,0,321,378,699,0,0,0,1698,3176,4874,0,0,0,1819,951,2770,6,122,128,0,0,0,0,2,2,0,0,0,820,1422,2242,0,0,0,0,0,0,0,0,0,0,0,0,0,0,0,1,2,3,0,0,0,0,0,0,3,63,66,0,0,0,0,0,0,0,0,0,0,0,0,0,0,0,0,0,0,0,0,0,0,0,0,0,0,0,0,0,0,0,0,0,0,0,0,0,0,0
20190206,123506,21434,26266,47700,18663,26502,45165,92865,4987,8156,13143,0,0,0,2,4,6,7,21,28,0,0,0,0,0,0,0,0,0,123,291,414,0,0,0,2588,4021,6609,0,0,0,3196,2276,5472,60,128,188,0,0,0,2,2,4,0,0,0,1815,2561,4376,0,0,0,0,0,0,0,0,0,0,0,0,0,0,0,2,303,305,0,0,0,0,0,0,65,31,96,0,0,0,0,0,0,0,0,0,0,0,0,0,0,0,0,0,0,0,0,0,0,0,0,0,0,0,0,0,0,0,0,0,0,0,0,0,0,0
20190207,137738,24037,27171,51208,22593,28643,51236,102444,5360,8738,14098,5,32,37,305,303,608,1917,11,1928,0,0,0,12,0,12,0,0,0,231,277,508,0,0,0,3288,4028,7316,0,0,0,3658,3502,7160,0,0,0,9,0,9,1,6,7,0,0,0,1408,2160,3568,0,0,0,0,0,0,0,0,0,0,0,0,0,0,0,1,2,3,0,40,40,0,0,0,0,0,0,0,0,0,0,0,0,0,0,0,0,0,0,0,0,0,0,0,0,0,0,0,0,0,0,0,0,0,0,0,0,0,0,0,0,0,0,0,0,0
20190208,137587,24527,25426,49953,24641,27598,52239,102192,5240,8058,13298,260,176,436,3,3,6,15,23,38,0,5,5,0,0,0,0,0,0,376,297,673,0,0,0,3639,3506,7145,0,0,0,3398,4371,7769,65,172,237,11,12,23,2,0,2,0,0,0,2242,2415,4657,0,0,0,0,0,0,0,0,0,0,0,0,0,0,0,727,154,881,0,1,1,0,0,0,156,68,224,0,0,0,0,0,0,0,0,0,0,0,0,0,0,0,0,0,0,0,0,0,0,0,0,0,0,0,0,0,0,0,0,0,0,0,0,0,0,0
20190209,145783,24985,25764,50749,26349,27724,54073,104822,5824,8528,14352,2732,2669,5401,17,10,27,8,35,43,0,0,0,0,0,0,0,0,0,314,281,595,0,0,0,3208,3204,6412,0,0,0,3445,4593,8038,113,15,128,0,9,9,6,0,6,0,0,0,2300,2512,4812,0,0,0,0,0,0,0,0,0,0,0,0,0,0,0,738,209,947,0,22,22,0,0,0,128,41,169,0,0,0,0,0,0,0,0,0,0,0,0,0,0,0,0,0,0,0,0,0,0,0,0,0,0,0,0,0,0,0,0,0,0,0,0,0,0,0
20190210,148692,26104,25341,51445,28921,30170,59091,110536,6700,8700,15400,318,527,845,765,164,929,6,8,14,6,0,6,5,0,5,0,0,0,333,308,641,0,0,0,3659,3921,7580,0,0,0,2573,4267,6840,85,63,148,0,0,0,0,0,0,0,0,0,2563,2996,5559,0,0,0,0,0,0,0,0,0,0,0,0,0,0,0,1,20,21,1,5,6,0,0,0,114,48,162,0,0,0,0,0,0,0,0,0,0,0,0,0,0,0,0,0,0,0,0,0,0,0,0,0,0,0,0,0,0,0,0,0,0,0,0,0,0,0
20190211,137610,25840,23649,49489,24072,29592,53664,103153,5652,8392,14044,0,1,1,413,14,427,9,9,18,0,0,0,1,5,6,0,0,0,317,290,607,13,1,14,3247,3743,6990,0,0,0,2832,3948,6780,165,41,206,0,0,0,1,3,4,0,0,0,2339,2831,5170,0,0,0,0,0,0,0,0,0,0,0,0,0,0,0,2,21,23,0,8,8,0,0,0,129,30,159,0,0,0,0,0,0,0,0,0,0,0,0,0,0,0,0,0,0,0,0,0,0,0,0,0,0,0,0,0,0,0,0,0,0,0,0,0,0,0
20190212,124832,22446,20920,43366,22324,26416,48740,92106,5465,8642,14107,16,3,19,1,150,151,25,15,40,0,0,0,0,0,0,0,0,0,293,303,596,4,5,9,3385,3654,7039,0,0,0,2921,3557,6478,118,43,161,0,0,0,1,3,4,0,0,0,1561,2166,3727,0,0,0,0,0,0,0,0,0,0,0,0,0,0,0,2,275,277,0,20,20,0,0,0,80,18,98,0,0,0,0,0,0,0,0,0,0,0,0,0,0,0,0,0,0,0,0,0,0,0,0,0,0,0,0,0,0,0,0,0,0,0,0,0,0,0
20190213,115661,20919,21300,42219,17967,24125,42092,84311,4664,7937,12601,6,8,14,137,2,139,58,52,110,0,1,1,0,12,12,0,0,0,317,246,563,4,1,5,3051,3618,6669,0,0,0,2588,3475,6063,43,88,131,0,0,0,4,0,4,0,0,0,1895,2727,4622,0,0,0,0,0,0,0,0,0,0,0,0,0,0,0,1,339,340,0,18,18,0,0,0,35,23,58,0,0,0,0,0,0,0,0,0,0,0,0,0,0,0,0,0,0,0,0,0,0,0,0,0,0,0,0,0,0,0,0,0,0,0,0,0,0,0
20190214,90967,16958,17722,34680,13239,20789,34028,68708,3192,6449,9641,8,1,9,251,266,517,36,46,82,0,5,5,0,0,0,0,0,0,205,237,442,0,9,9,1820,2814,4634,0,0,0,2098,1974,4072,18,54,72,0,0,0,5,14,19,0,0,0,964,1730,2694,0,0,0,0,0,0,0,0,0,0,0,0,0,0,0,3,1,4,0,25,25,0,0,0,16,18,34,0,0,0,0,0,0,0,0,0,0,0,0,0,0,0,0,0,0,0,0,0,0,0,0,0,0,0,0,0,0,0,0,0,0,0,0,0,0,0
20190215,118779,21060,21194,42254,18122,27168,45290,87544,4515,7867,12382,66,412,478,9,7,16,47,35,82,0,0,0,0,7,7,0,0,0,356,265,621,0,0,0,3207,4089,7296,0,0,0,2582,2569,5151,50,51,101,0,0,0,2,2,4,0,0,0,1975,2364,4339,0,0,0,0,0,0,0,0,0,0,0,0,0,0,0,410,236,646,0,17,17,0,0,0,82,13,95,0,0,0,0,0,0,0,0,0,0,0,0,0,0,0,0,0,0,0,0,0,0,0,0,0,0,0,0,0,0,0,0,0,0,0,0,0,0,0
20190216,116118,20577,20751,41328,18511,25947,44458,85786,4451,7131,11582,10,12,22,3,6,9,39,54,93,0,0,0,0,0,0,0,0,0,244,252,496,7,1,8,2978,4077,7055,0,0,0,3716,2315,6031,62,14,76,0,0,0,0,0,0,0,0,0,1979,2354,4333,0,0,0,0,0,0,0,0,0,0,0,0,0,0,0,344,204,548,0,0,0,0,0,0,71,8,79,0,0,0,0,0,0,0,0,0,0,0,0,0,0,0,0,0,0,0,0,0,0,0,0,0,0,0,0,0,0,0,0,0,0,0,0,0,0,0
20190217,122068,19175,23190,42365,19045,28361,47406,89771,4395,7635,12030,776,153,929,6,0,6,6,35,41,0,0,0,0,0,0,0,0,0,235,248,483,0,0,0,3207,4570,7777,0,0,0,1927,4587,6514,21,9,30,9,0,9,1,1,2,0,0,0,2110,2324,4434,0,0,0,0,0,0,0,0,0,0,0,0,0,0,0,1,1,2,0,0,0,0,0,0,30,10,40,0,0,0,0,0,0,0,0,0,0,0,0,0,0,0,0,0,0,0,0,0,0,0,0,0,0,0,0,0,0,0,0,0,0,0,0,0,0,0
20190218,117234,18829,23510,42339,17332,28846,46178,88517,3864,7144,11008,7,5,12,603,312,915,20,43,63,0,0,0,0,10,10,0,0,0,243,223,466,0,6,6,2988,4231,7219,0,0,0,1321,3307,4628,21,33,54,0,9,9,10,5,15,0,0,0,1699,2523,4222,0,0,0,0,0,0,0,0,0,0,0,0,0,0,0,1,1,2,0,20,20,0,0,0,8,60,68,0,0,0,0,0,0,0,0,0,0,0,0,0,0,0,0,0,0,0,0,0,0,0,0,0,0,0,0,0,0,0,0,0,0,0,0,0,0,0
20190219,123403,20060,22209,42269,18005,27547,45552,87821,4260,7343,11603,4853,3477,8330,17,12,29,42,22,64,1,0,1,0,10,10,0,0,0,356,201,557,1,0,1,3377,4801,8178,0,0,0,1439,2102,3541,25,37,62,0,0,0,0,6,6,0,0,0,944,1737,2681,0,0,0,0,0,0,0,0,0,0,0,0,0,0,0,297,163,460,1,12,13,0,0,0,8,38,46,0,0,0,0,0,0,0,0,0,0,0,0,0,0,0,0,0,0,0,0,0,0,0,0,0,0,0,0,0,0,0,0,0,0,0,0,0,0,0
20190220,141156,25140,27068,52208,22206,30175,52381,104589,6325,7822,14147,3,2086,2089,11,5,16,48,62,110,0,0,0,0,9,9,0,0,0,211,231,442,10,0,10,4281,4964,9245,0,0,0,1931,2701,4632,44,38,82,0,0,0,13,4,17,0,0,0,2114,2971,5085,0,0,0,0,0,0,0,0,0,0,0,0,0,0,0,429,149,578,0,35,35,0,0,0,23,47,70,0,0,0,0,0,0,0,0,0,0,0,0,0,0,0,0,0,0,0,0,0,0,0,0,0,0,0,0,0,0,0,0,0,0,0,0,0,0,0
20190221,133639,24640,24581,49221,23150,30925,54075,103296,5580,7650,13230,2,2,4,360,162,522,39,70,109,0,0,0,0,0,0,0,0,0,151,184,335,8,0,8,3969,4760,8729,0,0,0,1924,2251,4175,16,22,38,0,0,0,12,12,24,0,0,0,1528,1548,3076,0,0,0,0,0,0,0,0,0,0,0,0,0,0,0,6,11,17,0,17,17,0,0,0,38,21,59,0,0,0,0,0,0,0,0,0,0,0,0,0,0,0,0,0,0,0,0,0,0,0,0,0,0,0,0,0,0,0,0,0,0,0,0,0,0,0
20190222,154655,29353,26793,56146,28612,33110,61722,117868,7503,7562,15065,736,1011,1747,15,24,39,45,46,91,0,0,0,0,0,0,0,0,0,284,191,475,0,4,4,4613,5006,9619,0,0,0,2302,2193,4495,24,20,44,0,0,0,3,3,6,0,0,0,2418,2155,4573,0,0,0,0,0,0,0,0,0,0,0,0,0,0,0,400,146,546,0,13,13,0,0,0,55,15,70,0,0,0,0,0,0,0,0,0,0,0,0,0,0,0,0,0,0,0,0,0,0,0,0,0,0,0,0,0,0,0,0,0,0,0,0,0,0,0
20190223,147510,26188,27396,53584,26721,31621,58342,111926,7588,8154,15742,9,13,22,26,6,32,377,53,430,0,0,0,1,1,2,0,0,0,226,141,367,1,5,6,4143,4681,8824,0,0,0,3125,2430,5555,22,27,49,0,0,0,2,0,2,0,0,0,2196,2317,4513,0,0,0,0,0,0,0,0,0,0,0,0,0,0,0,4,4,8,0,1,1,0,0,0,14,17,31,0,0,0,0,0,0,0,0,0,0,0,0,0,0,0,0,0,0,0,0,0,0,0,0,0,0,0,0,0,0,0,0,0,0,0,0,0,0,0
20190224,153192,24371,32609,56980,25439,33719,59158,116138,6891,8318,15209,1049,630,1679,361,160,521,38,36,74,6,7,13,0,0,0,0,0,0,189,243,432,0,10,10,3964,5149,9113,0,0,0,2135,2525,4660,23,65,88,0,0,0,8,4,12,0,0,0,2393,2785,5178,0,0,0,0,0,0,0,0,0,0,0,0,0,0,0,6,5,11,0,0,0,0,0,0,37,17,54,0,0,0,0,0,0,0,0,0,0,0,0,0,0,0,0,0,0,0,0,0,0,0,0,0,0,0,0,0,0,0,0,0,0,0,0,0,0,0
20190225,142557,23726,31913,55639,23177,32011,55188,110827,6135,7314,13449,674,675,1349,175,89,264,21,24,45,0,0,0,0,0,0,0,0,0,181,196,377,2,4,6,3299,4555,7854,0,0,0,1808,1918,3726,30,27,57,0,0,0,4,9,13,0,0,0,1967,2516,4483,0,0,0,0,0,0,0,0,0,0,0,0,0,0,0,1,2,3,3,55,58,0,0,0,37,9,46,0,0,0,0,0,0,0,0,0,0,0,0,0,0,0,0,0,0,0,0,0,0,0,0,0,0,0,0,0,0,0,0,0,0,0,0,0,0,0
20190226,146236,21759,31601,53360,22376,34734,57110,110470,7044,9150,16194,329,1432,1761,6,5,11,59,59,118,0,0,0,0,14,14,0,0,0,192,255,447,8,1,9,3577,4895,8472,0,0,0,2022,2271,4293,56,30,86,0,0,0,7,1,8,0,0,0,1626,2197,3823,0,0,0,0,0,0,0,0,0,0,0,0,0,0,0,322,169,491,0,8,8,0,0,0,21,10,31,0,0,0,0,0,0,0,0,0,0,0,0,0,0,0,0,0,0,0,0,0,0,0,0,0,0,0,0,0,0,0,0,0,0,0,0,0,0,0
20190227,164399,24860,36657,61517,23573,34574,58147,119664,7345,10184,17529,2806,2851,5657,11,10,21,60,66,126,4,4,8,1,0,1,0,0,0,184,244,428,6,1,7,3944,5076,9020,0,0,0,2030,3169,5199,20,138,158,0,0,0,3,3,6,0,0,0,2628,3327,5955,0,0,0,0,0,0,0,0,0,0,0,0,0,0,0,162,343,505,1,19,20,0,0,0,17,78,95,0,0,0,0,0,0,0,0,0,0,0,0,0,0,0,0,0,0,0,0,0,0,0,0,0,0,0,0,0,0,0,0,0,0,0,0,0,0,0
20190228,170729,27563,37416,64979,27273,36397,63670,128649,7844,10156,18000,1462,1171,2633,203,426,629,37,38,75,0,0,0,0,1,1,0,0,0,163,258,421,4,4,8,4094,5026,9120,0,0,0,2180,4488,6668,43,261,304,0,0,0,2,3,5,0,0,0,1843,2227,4070,0,0,0,0,0,0,0,0,0,0,0,0,0,0,0,8,8,16,0,3,3,0,0,0,18,109,127,0,0,0,0,0,0,0,0,0,0,0,0,0,0,0,0,0,0,0,0,0,0,0,0,0,0,0,0,0,0,0,0,0,0,0,0,0,0,0
20190301,166566,32480,28873,61353,32654,30986,63640,124993,8954,8090,17044,1170,1648,2818,4,4,8,35,29,64,0,0,0,0,0,0,0,0,0,269,260,529,5,3,8,4750,4495,9245,0,0,0,2950,3203,6153,27,37,64,0,0,0,2,0,2,0,0,0,2699,2380,5079,0,0,0,0,0,0,0,0,0,0,0,0,0,0,0,268,132,400,0,24,24,0,0,0,127,8,135,0,0,0,0,0,0,0,0,0,0,0,0,0,0,0,0,0,0,0,0,0,0,0,0,0,0,0,0,0,0,0,0,0,0,0,0,0,0,0
20190302,152989,34949,22044,56993,33728,24639,58367,115360,10196,6865,17061,0,0,0,1,0,1,32,28,60,0,0,0,0,0,0,0,0,0,234,115,349,4,1,5,4617,3297,7914,0,0,0,4661,2054,6715,100,29,129,0,0,0,4,8,12,0,0,0,2792,2005,4797,0,0,0,0,0,0,0,0,0,0,0,0,0,0,0,250,268,518,0,14,14,0,0,0,44,10,54,0,0,0,0,0,0,0,0,0,0,0,0,0,0,0,0,0,0,0,0,0,0,0,0,0,0,0,0,0,0,0,0,0,0,0,0,0,0,0
20190303,176900,38256,28510,66766,37679,29242,66921,133687,10291,7354,17645,1647,396,2043,528,50,578,19,75,94,0,0,0,0,0,0,0,0,0,290,175,465,5,0,5,5274,4360,9634,0,0,0,4013,2896,6909,236,132,368,0,0,0,9,3,12,0,0,0,3041,2367,5408,0,0,0,0,0,0,0,0,0,0,0,0,0,0,0,0,1,1,2,0,2,0,0,0,39,10,49,0,0,0,0,0,0,0,0,0,0,0,0,0,0,0,0,0,0,0,0,0,0,0,0,0,0,0,0,0,0,0,0,0,0,0,0,0,0,0
20190304,161950,35700,26632,62332,35273,28305,63578,125910,9088,7166,16254,0,0,0,103,140,243,27,27,54,0,0,0,0,0,0,0,0,0,292,127,419,2,0,2,4612,4365,8977,0,0,0,2597,1784,4381,101,29,130,0,0,0,4,4,8,0,0,0,2796,2526,5322,0,0,0,0,0,0,0,0,0,0,0,0,0,0,0,4,1,5,1,16,17,0,0,0,194,34,228,0,0,0,0,0,0,0,0,0,0,0,0,0,0,0,0,0,0,0,0,0,0,0,0,0,0,0,0,0,0,0,0,0,0,0,0,0,0,0
20190305,144839,30193,22147,52340,31442,26178,57620,109960,8822,7403,16225,408,778,1186,7,17,24,50,28,78,0,0,0,0,0,0,0,0,0,374,204,578,6,5,11,4732,3870,8602,0,0,0,1931,1831,3762,56,8,64,0,0,0,2,12,14,0,0,0,2163,1697,3860,0,0,0,0,0,0,0,0,0,0,0,0,0,0,0,216,143,359,1,24,25,0,0,0,77,14,91,0,0,0,0,0,0,0,0,0,0,0,0,0,0,0,0,0,0,0,0,0,0,0,0,0,0,0,0,0,0,0,0,0,0,0,0,0,0,0
20190306,137914,27265,22939,50204,28966,24967,53933,104137,7927,7313,15240,8,7,15,10,10,20,32,30,62,0,0,0,0,0,0,0,0,0,182,165,347,2,8,10,4686,3930,8616,0,0,0,1807,1865,3672,30,75,105,0,0,0,7,2,9,0,0,0,2702,2487,5189,0,0,0,0,0,0,0,0,0,0,0,0,0,0,0,191,224,415,0,33,33,0,0,0,11,33,44,0,0,0,0,0,0,0,0,0,0,0,0,0,0,0,0,0,0,0,0,0,0,0,0,0,0,0,0,0,0,0,0,0,0,0,0,0,0,0
20190307,145251,27039,24604,51643,28186,27742,55928,107571,7171,7423,14594,3631,3114,6745,13,9,22,77,33,110,0,0,0,0,0,0,0,0,0,162,218,380,0,0,0,4607,4178,8785,0,0,0,2045,1742,3787,11,21,32,0,0,0,8,7,15,0,0,0,1649,1525,3174,0,0,0,0,0,0,0,0,0,0,0,0,0,0,0,8,8,16,1,0,1,0,0,0,8,11,19,0,0,0,0,0,0,0,0,0,0,0,0,0,0,0,0,0,0,0,0,0,0,0,0,0,0,0,0,0,0,0,0,0,0,0,0,0,0,0
20190308,155698,29000,27473,56473,31788,30196,61984,118457,7982,8037,16019,463,1070,1533,5,9,14,56,77,133,0,0,0,0,1,1,0,0,0,357,278,635,0,4,4,5032,4368,9400,0,0,0,2378,2111,4489,86,13,99,0,0,0,11,3,14,0,0,0,2499,2285,4784,0,0,0,0,0,0,0,0,0,0,0,0,0,0,0,6,4,10,0,36,36,0,0,0,62,8,70,0,0,0,0,0,0,0,0,0,0,0,0,0,0,0,0,0,0,0,0,0,0,0,0,0,0,0,0,0,0,0,0,0,0,0,0,0,0,0
20190309,150201,26253,25961,52214,28986,29807,58793,111007,8626,8236,16862,617,780,1397,7,10,17,38,45,83,0,0,0,0,38,38,0,0,0,239,152,391,0,0,0,4533,4327,8860,0,0,0,3732,2351,6083,69,39,108,0,0,0,2,3,5,0,0,0,2550,2255,4805,0,0,0,0,0,0,0,0,0,0,0,0,0,0,0,287,167,454,0,27,27,0,0,0,57,7,64,0,0,0,0,0,0,0,0,0,0,0,0,0,0,0,0,0,0,0,0,0,0,0,0,0,0,0,0,0,0,0,0,0,0,0,0,0,0,0
20190310,169073,30044,30806,60850,34224,32491,66715,127565,8440,8290,16730,1068,956,2024,135,140,275,550,26,576,0,0,0,1,0,1,0,0,0,265,221,486,0,4,4,4875,5069,9944,0,0,0,2127,3646,5773,59,91,150,0,0,0,6,11,17,0,0,0,2701,2636,5337,0,0,0,0,0,0,0,0,0,0,0,0,0,0,0,4,6,10,0,0,0,0,0,0,88,93,181,0,0,0,0,0,0,0,0,0,0,0,0,0,0,0,0,0,0,0,0,0,0,0,0,0,0,0,0,0,0,0,0,0,0,0,0,0,0,0
20190311,156057,28748,30965,59713,29332,31244,60576,120289,7841,7706,15547,15,16,31,107,103,210,42,28,70,1911,0,1911,0,1,1,0,0,0,174,185,359,0,0,0,4050,4534,8584,0,0,0,1789,2305,4094,48,72,120,0,0,0,6,10,16,0,0,0,2266,2488,4754,0,0,0,0,0,0,0,0,0,0,0,0,0,0,0,2,3,5,1,9,10,0,0,0,12,44,56,0,0,0,0,0,0,0,0,0,0,0,0,0,0,0,0,0,0,0,0,0,0,0,0,0,0,0,0,0,0,0,0,0,0,0,0,0,0,0
20190312,148856,25996,26513,52509,28958,30543,59501,112010,7916,8240,16156,966,1724,2690,11,23,34,32,39,71,0,0,0,0,0,0,0,0,0,303,239,542,11,0,11,4191,4385,8576,0,0,0,2038,2205,4243,31,111,142,0,0,0,14,2,16,0,0,0,1889,1910,3799,0,0,0,0,0,0,0,0,0,0,0,0,0,0,0,175,279,454,0,9,9,0,0,0,47,56,103,0,0,0,0,0,0,0,0,0,0,0,0,0,0,0,0,0,0,0,0,0,0,0,0,0,0,0,0,0,0,0,0,0,0,0,0,0,0,0
20190313,132161,22424,26067,48491,21565,28218,49783,98274,5141,7876,13017,5,0,5,6,14,20,37,1922,1959,0,0,0,0,7,7,0,0,0,142,191,333,0,1,1,3972,4740,8712,0,0,0,2316,2104,4420,28,25,53,0,0,0,1,0,1,0,0,0,2146,2780,4926,0,0,0,0,0,0,0,0,0,0,0,0,0,0,0,179,195,374,0,20,20,0,0,0,19,20,39,0,0,0,0,0,0,0,0,0,0,0,0,0,0,0,0,0,0,0,0,0,0,0,0,0,0,0,0,0,0,0,0,0,0,0,0,0,0,0
20190314,106372,17618,21743,39361,15194,25502,40696,80057,3933,6666,10599,1082,4,1086,143,350,493,75,22,97,4,0,4,0,0,0,0,0,0,175,184,359,0,0,0,2604,3826,6430,0,0,0,2136,2009,4145,23,53,76,0,0,0,0,3,3,0,0,0,1272,1707,2979,0,0,0,0,0,0,0,0,0,0,0,0,0,0,0,2,3,5,0,0,0,0,0,0,28,11,39,0,0,0,0,0,0,0,0,0,0,0,0,0,0,0,0,0,0,0,0,0,0,0,0,0,0,0,0,0,0,0,0,0,0,0,0,0,0,0
20190315,129630,19909,24149,44058,20240,27582,47822,91880,5000,7931,12931,3069,2762,5831,0,4,4,42,58,100,5,5,10,0,0,0,0,0,0,330,299,629,0,0,0,3440,4328,7768,0,0,0,2826,2250,5076,90,48,138,0,0,0,7,4,11,0,0,0,1983,2427,4410,0,0,0,0,0,0,0,0,0,0,0,0,0,0,0,508,243,751,0,9,9,0,0,0,70,12,82,0,0,0,0,0,0,0,0,0,0,0,0,0,0,0,0,0,0,0,0,0,0,0,0,0,0,0,0,0,0,0,0,0,0,0,0,0,0,0
20190316,160187,29267,27458,56725,33366,31166,64532,121257,8939,8281,17220,2,0,2,12,2,14,34,61,95,0,0,0,0,0,0,0,0,0,208,162,370,0,2,2,4577,4538,9115,0,0,0,4229,2779,7008,78,26,104,0,0,0,10,6,16,0,0,0,2516,2347,4863,0,0,0,0,0,0,0,0,0,0,0,0,0,0,0,20,3,23,0,8,8,0,0,0,77,13,90,0,0,0,0,0,0,0,0,0,0,0,0,0,0,0,0,0,0,0,0,0,0,0,0,0,0,0,0,0,0,0,0,0,0,0,0,0,0,0
20190317,172369,29928,31954,61882,34106,34059,68165,130047,8417,8553,16970,1160,790,1950,200,133,333,17,28,45,0,0,0,0,0,0,0,0,0,264,234,498,0,0,0,4924,5247,10171,0,0,0,2611,4078,6689,34,70,104,0,0,0,0,0,0,0,0,0,2760,2622,5382,0,0,0,0,0,0,0,0,0,0,0,0,0,0,0,0,3,3,0,1,1,0,0,0,17,159,176,0,0,0,0,0,0,0,0,0,0,0,0,0,0,0,0,0,0,0,0,0,0,0,0,0,0,0,0,0,0,0,0,0,0,0,0,0,0,0
20190318,165355,29327,32162,61489,31137,32284,63421,124910,7936,8329,16265,2649,2212,4861,343,70,413,60,42,102,0,0,0,1,7,8,0,0,0,224,188,412,16,0,16,4089,4741,8830,0,0,0,2178,2286,4464,27,29,56,0,0,0,1,9,10,0,0,0,2353,2548,4901,0,0,0,0,0,0,0,0,0,0,0,0,0,0,0,0,0,0,0,5,5,0,0,0,23,79,102,0,0,0,0,0,0,0,0,0,0,0,0,0,0,0,0,0,0,0,0,0,0,0,0,0,0,0,0,0,0,0,0,0,0,0,0,0,0,0
20190319,151526,25477,27632,53109,29055,30909,59964,113073,8552,8765,17317,811,1429,2240,13,2,15,56,64,120,2,2,4,0,10,10,0,0,0,211,191,402,2,4,6,4327,4874,9201,0,0,0,2272,2420,4692,17,21,38,0,0,0,6,2,8,0,0,0,1998,1856,3854,0,0,0,0,0,0,0,0,0,0,0,0,0,0,0,340,173,513,0,11,11,0,0,0,10,12,22,0,0,0,0,0,0,0,0,0,0,0,0,0,0,0,0,0,0,0,0,0,0,0,0,0,0,0,0,0,0,0,0,0,0,0,0,0,0,0
20190320,155818,27542,28294,55836,30118,30296,60414,116250,8325,8206,16531,1,7,8,537,486,1023,78,67,145,0,0,0,1,9,10,0,0,0,120,126,246,8,0,8,4863,4715,9578,0,0,0,3300,2676,5976,57,66,123,0,0,0,13,7,20,0,0,0,2699,2626,5325,0,0,0,0,0,0,0,0,0,0,0,0,0,0,0,415,121,536,1,1,2,0,0,0,18,19,37,0,0,0,0,0,0,0,0,0,0,0,0,0,0,0,0,0,0,0,0,0,0,0,0,0,0,0,0,0,0,0,0,0,0,0,0,0,0,0
20190321,159615,31079,28787,59866,33250,31480,64730,124596,8456,8168,16624,1417,376,1793,180,702,882,65,57,122,4,3,7,0,0,0,0,0,0,104,101,205,0,2,2,4974,4836,9810,0,0,0,1490,244,1734,33,19,52,0,145,145,5,0,5,0,0,0,1924,1605,3529,0,0,0,0,0,0,0,0,0,0,0,0,0,0,0,2,2,4,0,2,2,0,0,0,93,10,103,0,0,0,0,0,0,0,0,0,0,0,0,0,0,0,0,0,0,0,0,0,0,0,0,0,0,0,0,0,0,0,0,0,0,0,0,0,0,0
20190322,150481,26221,26369,52590,27364,29776,57140,109730,6348,8919,15267,742,1363,2105,27,18,45,54,31,85,2,0,2,5,5,10,0,0,0,313,324,637,2,3,5,4539,4892,9431,0,0,0,3606,4530,8136,88,48,136,0,0,0,11,15,26,0,0,0,2333,2454,4787,0,0,0,0,0,0,0,0,0,0,0,0,0,0,0,12,6,18,0,0,0,0,0,0,57,4,61,0,0,0,0,0,0,0,0,0,0,0,0,0,0,0,0,0,0,0,0,0,0,0,0,0,0,0,0,0,0,0,0,0,0,0,0,0,0,0
20190323,168196,30624,27113,57737,33693,31446,65139,122876,9101,8597,17698,2726,2734,5460,19,9,28,21,53,74,0,0,0,2,1,3,0,0,0,241,156,397,3,0,3,4706,4441,9147,0,0,0,4406,3074,7480,27,12,39,0,0,0,2,6,8,0,0,0,2528,2320,4848,0,0,0,0,0,0,0,0,0,0,0,0,0,0,0,0,1,1,0,6,6,0,0,0,53,75,128,0,0,0,0,0,0,0,0,0,0,0,0,0,0,0,0,0,0,0,0,0,0,0,0,0,0,0,0,0,0,0,0,0,0,0,0,0,0,0
20190324,176640,30322,32475,62797,34186,33510,67696,130493,8483,8318,16801,1876,3359,5235,1,12,13,642,38,680,0,1,1,0,1,1,0,0,0,260,232,492,3,0,3,5020,5188,10208,0,0,0,2970,4092,7062,20,89,109,145,0,145,4,3,7,0,0,0,2639,2615,5254,0,0,0,0,0,0,0,0,0,0,0,0,0,0,0,0,0,0,0,10,10,0,0,0,17,109,126,0,0,0,0,0,0,0,0,0,0,0,0,0,0,0,0,0,0,0,0,0,0,0,0,0,0,0,0,0,0,0,0,0,0,0,0,0,0,0
20190325,164689,29937,32334,62271,31623,32675,64298,126569,8019,8265,16284,3,627,630,759,418,1177,59,43,102,0,2,2,0,0,0,0,0,0,219,218,437,0,5,5,4264,4640,8904,0,0,0,2573,3010,5583,12,40,52,0,0,0,6,3,9,0,0,0,2332,2550,4882,0,0,0,0,0,0,0,0,0,0,0,0,0,0,0,4,5,9,0,3,3,0,0,0,24,17,41,0,0,0,0,0,0,0,0,0,0,0,0,0,0,0,0,0,0,0,0,0,0,0,0,0,0,0,0,0,0,0,0,0,0,0,0,0,0,0
20190326,157663,25963,28674,54637,29660,32651,62311,116948,8376,8761,17137,929,1684,2613,730,7,737,48,47,95,0,0,0,0,0,0,0,0,0,286,341,627,0,2,2,4650,4820,9470,0,0,0,2801,2829,5630,37,27,64,0,0,0,3,6,9,0,0,0,1927,1870,3797,0,0,0,0,0,0,0,0,0,0,0,0,0,0,0,268,201,469,0,5,5,0,0,0,11,49,60,0,0,0,0,0,0,0,0,0,0,0,0,0,0,0,0,0,0,0,0,0,0,0,0,0,0,0,0,0,0,0,0,0,0,0,0,0,0,0
20190327,161415,26506,30487,56993,28839,31230,60069,117062,8432,8361,16793,2251,1622,3873,517,280,797,640,624,1264,6,5,11,0,0,0,0,0,0,211,151,362,0,4,4,4570,4836,9406,0,0,0,3226,2750,5976,37,36,73,0,0,0,13,6,19,0,0,0,2554,2554,5108,0,0,0,0,0,0,0,0,0,0,0,0,0,0,0,206,398,604,0,13,13,0,0,0,29,21,50,0,0,0,0,0,0,0,0,0,0,0,0,0,0,0,0,0,0,0,0,0,0,0,0,0,0,0,0,0,0,0,0,0,0,0,0,0,0,0
20190328,160190,25116,31804,56920,27371,33689,61060,117980,6892,8166,15058,3745,2755,6500,165,326,491,57,379,436,1,0,1,0,0,0,0,0,0,216,190,406,2,4,6,4600,4667,9267,0,0,0,3207,3000,6207,66,46,112,0,0,0,8,8,16,0,0,0,1779,1845,3624,0,0,0,0,0,0,0,0,0,0,0,0,0,0,0,1,1,2,0,23,23,0,0,0,38,23,61,0,0,0,0,0,0,0,0,0,0,0,0,0,0,0,0,0,0,0,0,0,0,0,0,0,0,0,0,0,0,0,0,0,0,0,0,0,0,0
20190329,135739,19328,28761,48089,21862,30891,52753,100842,4891,8386,13277,1175,690,1865,4,8,12,50,53,103,0,0,0,0,0,0,0,0,0,272,356,628,10,11,21,3335,4715,8050,0,0,0,2942,2573,5515,40,28,68,0,0,0,5,3,8,0,0,0,2111,2438,4549,0,0,0,0,0,0,0,0,0,0,0,0,0,0,0,155,538,693,3,25,28,0,0,0,53,27,80,0,0,0,0,0,0,0,0,0,0,0,0,0,0,0,0,0,0,0,0,0,0,0,0,0,0,0,0,0,0,0,0,0,0,0,0,0,0,0
20190330,173149,28713,34337,63050,31528,36290,67818,130868,8467,9468,17935,0,0,0,3,7,10,38,30,68,0,0,0,0,0,0,0,0,0,319,201,520,19,18,37,4467,4859,9326,0,0,0,4640,3170,7810,35,30,65,0,0,0,3,2,5,0,0,0,2640,2488,5128,0,0,0,0,0,0,0,0,0,0,0,0,0,0,0,378,762,1140,2,1,3,0,0,0,123,111,234,0,0,0,0,0,0,0,0,0,0,0,0,0,0,0,0,0,0,0,0,0,0,0,0,0,0,0,0,0,0,0,0,0,0,0,0,0,0,0
20190331,177640,26464,34102,60566,32212,35355,67567,128133,8573,8262,16835,4133,5700,9833,6,0,6,21,10,31,0,0,0,0,0,0,0,0,0,297,231,528,0,0,0,4725,5398,10123,0,0,0,2810,3932,6742,45,184,229,0,141,141,2,18,20,0,0,0,2532,2444,4976,0,0,0,0,0,0,0,0,0,0,0,0,0,0,0,0,0,0,0,8,8,0,0,0,14,21,35,0,0,0,0,0,0,0,0,0,0,0,0,0,0,0,0,0,0,0,0,0,0,0,0,0,0,0,0,0,0,0,0,0,0,0,0,0,0,0
20190401,149658,24060,29569,53629,29717,31190,60907,114536,7294,7077,14371,1632,1517,3149,1,9,10,58,42,100,2,2,4,0,0,0,0,0,0,200,165,365,9,0,9,3596,4597,8193,0,0,0,2522,2398,4920,15,33,48,0,0,0,7,4,11,0,0,0,1976,1880,3856,0,0,0,0,0,0,0,0,0,0,0,0,0,0,0,2,9,11,2,0,2,0,0,0,18,55,73,0,0,0,0,0,0,0,0,0,0,0,0,0,0,0,0,0,0,0,0,0,0,0,0,0,0,0,0,0,0,0,0,0,0,0,0,0,0,0
20190402,147326,23391,28805,52196,28268,31376,59644,111840,8005,8219,16224,0,0,0,269,209,478,78,82,160,6,0,6,1,8,9,0,0,0,297,242,539,6,1,7,4039,4606,8645,0,0,0,2310,2164,4474,39,70,109,0,0,0,20,11,31,0,0,0,1878,1701,3579,0,0,0,0,0,0,0,0,0,0,0,0,0,0,0,616,519,1135,0,0,0,0,0,0,26,64,90,0,0,0,0,0,0,0,0,0,0,0,0,0,0,0,0,0,0,0,0,0,0,0,0,0,0,0,0,0,0,0,0,0,0,0,0,0,0,0
20190403,168885,27187,34339,61526,28194,34104,62298,123824,8356,9154,17510,3077,4107,7184,151,259,410,78,132,210,2,2,4,0,7,7,0,0,0,240,251,491,0,16,16,4115,4974,9089,0,0,0,2435,1997,4432,24,120,144,0,0,0,0,3,3,0,0,0,2396,2518,4914,0,0,0,0,0,0,0,0,0,0,0,0,0,0,0,172,360,532,0,1,1,0,0,0,13,101,114,0,0,0,0,0,0,0,0,0,0,0,0,0,0,0,0,0,0,0,0,0,0,0,0,0,0,0,0,0,0,0,0,0,0,0,0,0,0,0
20190404,167432,29526,33585,63111,31066,36002,67068,130179,8584,9363,17947,0,0,0,99,387,486,65,45,110,0,0,0,0,8,8,0,0,0,202,205,407,5,3,8,4503,5206,9709,0,0,0,2584,1771,4355,17,285,302,141,0,141,3,8,11,0,0,0,1525,1805,3330,0,0,0,0,0,0,0,0,0,0,0,0,0,0,0,74,284,358,0,15,15,0,0,0,40,26,66,0,0,0,0,0,0,0,0,0,0,0,0,0,0,0,0,0,0,0,0,0,0,0,0,0,0,0,0,0,0,0,0,0,0,0,0,0,0,0
20190405,147712,27440,22944,50384,33062,25247,58309,108693,7947,6273,14220,3759,1786,5545,8,6,14,41,67,108,0,4,4,0,0,0,0,0,0,255,239,494,0,0,0,4685,3940,8625,0,0,0,3740,2254,5994,51,53,104,0,0,0,11,10,21,0,0,0,1838,1698,3536,0,0,0,0,0,0,0,0,0,0,0,0,0,0,0,170,127,297,1,0,1,0,0,0,31,25,56,0,0,0,0,0,0,0,0,0,0,0,0,0,0,0,0,0,0,0,0,0,0,0,0,0,0,0,0,0,0,0,0,0,0,0,0,0,0,0
20190406,161870,32060,24280,56340,33435,28541,61976,118316,9664,7699,17363,1550,1005,2555,4,6,10,20,2145,2165,4,0,4,0,0,0,0,0,0,215,203,418,4,0,4,4762,4318,9080,0,0,0,2856,3866,6722,124,44,168,0,0,0,6,2,8,0,0,0,2278,2086,4364,0,0,0,0,0,0,0,0,0,0,0,0,0,0,0,388,208,596,2,13,15,0,0,0,58,24,82,0,0,0,0,0,0,0,0,0,0,0,0,0,0,0,0,0,0,0,0,0,0,0,0,0,0,0,0,0,0,0,0,0,0,0,0,0,0,0
20190407,198114,37587,31146,68733,39615,34628,74243,142976,9727,9226,18953,6460,3629,10089,687,443,1130,18,34,52,1926,0,1926,0,0,0,0,0,0,277,225,502,0,5,5,5416,5220,10636,0,0,0,2307,3556,5863,285,28,313,0,0,0,4,1,5,0,0,0,2934,2562,5496,0,0,0,0,0,0,0,0,0,0,0,0,0,0,0,1,0,1,0,13,13,0,0,0,109,45,154,0,0,0,0,0,0,0,0,0,0,0,0,0,0,0,0,0,0,0,0,0,0,0,0,0,0,0,0,0,0,0,0,0,0,0,0,0,0,0
20190408,173683,34432,29790,64222,35888,33130,69018,133240,9223,8963,18186,621,2536,3157,7,16,23,39,48,87,2,10,12,0,0,0,0,0,0,259,246,505,2,4,6,4778,4517,9295,0,0,0,1920,1874,3794,50,43,93,0,0,0,6,7,13,0,0,0,2305,2320,4625,0,0,0,0,0,0,0,0,0,0,0,0,0,0,0,401,182,583,0,1,1,0,0,0,37,26,63,0,0,0,0,0,0,0,0,0,0,0,0,0,0,0,0,0,0,0,0,0,0,0,0,0,0,0,0,0,0,0,0,0,0,0,0,0,0,0
20190409,154219,29236,24769,54005,32571,31426,63997,118002,8555,8837,17392,8,1,9,322,152,474,92,82,174,0,0,0,0,2,2,0,0,0,351,242,593,3,2,5,4613,4287,8900,0,0,0,1972,2188,4160,31,46,77,0,0,0,4,9,13,0,0,0,1788,2141,3929,0,0,0,0,0,0,0,0,0,0,0,0,0,0,0,300,154,454,3,1,4,0,0,0,23,8,31,0,0,0,0,0,0,0,0,0,0,0,0,0,0,0,0,0,0,0,0,0,0,0,0,0,0,0,0,0,0,0,0,0,0,0,0,0,0,0
20190410,150551,29044,25928,54972,28741,29404,58145,113117,7699,8151,15850,758,709,1467,469,34,503,34,92,126,0,0,0,2,0,2,0,0,0,267,268,535,3,0,3,4692,4258,8950,0,0,0,2037,2937,4974,69,60,129,0,0,0,0,1,1,0,0,0,1962,2328,4290,0,0,0,0,0,0,0,0,0,0,0,0,0,0,0,290,219,509,1,9,10,0,0,0,31,54,85,0,0,0,0,0,0,0,0,0,0,0,0,0,0,0,0,0,0,0,0,0,0,0,0,0,0,0,0,0,0,0,0,0,0,0,0,0,0,0
20190411,155857,28624,24729,53353,29972,30826,60798,114151,7955,7697,15652,2656,3,2659,771,322,1093,83,72,155,0,0,0,0,0,0,0,0,0,220,230,450,0,0,0,4837,4911,9748,0,0,0,2621,5181,7802,47,19,66,0,0,0,1,2,3,0,0,0,1849,1832,3681,0,0,0,0,0,0,0,0,0,0,0,0,0,0,0,234,86,320,0,2,2,0,0,0,52,23,75,0,0,0,0,0,0,0,0,0,0,0,0,0,0,0,0,0,0,0,0,0,0,0,0,0,0,0,0,0,0,0,0,0,0,0,0,0,0,0
20190412,171559,30834,26586,57420,32678,31902,64580,122000,9341,8510,17851,915,1433,2348,1,2,3,3726,3593,7319,0,0,0,0,0,0,0,0,0,380,305,685,0,3,3,4890,4924,9814,0,0,0,2686,3340,6026,34,53,87,0,0,0,0,1,1,0,0,0,2390,2364,4754,0,0,0,0,0,0,0,0,0,0,0,0,0,0,0,314,299,613,0,8,8,0,0,0,26,21,47,0,0,0,0,0,0,0,0,0,0,0,0,0,0,0,0,0,0,0,0,0,0,0,0,0,0,0,0,0,0,0,0,0,0,0,0,0,0,0
20190413,164859,33166,25564,58730,33640,31526,65166,123896,9383,8433,17816,8,8,16,12,19,31,28,46,74,0,0,0,0,0,0,0,0,0,288,258,546,4,6,10,4790,4722,9512,0,0,0,4454,2958,7412,26,20,46,0,0,0,0,0,0,0,0,0,2446,2156,4602,0,0,0,0,0,0,0,0,0,0,0,0,0,0,0,476,295,771,0,10,10,0,0,0,66,51,117,0,0,0,0,0,0,0,0,0,0,0,0,0,0,0,0,0,0,0,0,0,0,0,0,0,0,0,0,0,0,0,0,0,0,0,0,0,0,0
20190414,174758,32750,29150,61900,34883,32997,67880,129780,9292,8011,17303,1532,1581,3113,435,300,735,28,23,51,0,0,0,0,0,0,0,0,0,280,187,467,0,0,0,4936,5429,10365,0,0,0,3405,4410,7815,49,24,73,0,0,0,2,17,19,0,0,0,2623,2332,4955,0,0,0,0,0,0,0,0,0,0,0,0,0,0,0,5,6,11,0,0,0,0,0,0,18,53,71,0,0,0,0,0,0,0,0,0,0,0,0,0,0,0,0,0,0,0,0,0,0,0,0,0,0,0,0,0,0,0,0,0,0,0,0,0,0,0
20190415,172333,30880,29674,60554,33508,33097,66605,127159,8329,8141,16470,1497,5617,7114,10,7,17,53,79,132,0,0,0,0,2,2,0,0,0,204,237,441,0,0,0,4335,4846,9181,0,0,0,4461,2858,7319,16,17,33,0,0,0,27,7,34,0,0,0,2126,2248,4374,0,0,0,0,0,0,0,0,0,0,0,0,0,0,0,1,2,3,0,8,8,0,0,0,23,23,46,0,0,0,0,0,0,0,0,0,0,0,0,0,0,0,0,0,0,0,0,0,0,0,0,0,0,0,0,0,0,0,0,0,0,0,0,0,0,0
20190416,160810,29311,27090,56401,31624,32873,64497,120898,9873,8730,18603,2,4,6,393,203,596,68,90,158,0,0,0,0,0,0,0,0,0,362,316,678,4,0,4,5033,4900,9933,0,0,0,2492,2618,5110,62,68,130,0,0,0,0,0,0,0,0,0,1482,1920,3402,0,0,0,0,0,0,0,0,0,0,0,0,0,0,0,549,706,1255,1,2,3,0,0,0,27,7,34,0,0,0,0,0,0,0,0,0,0,0,0,0,0,0,0,0,0,0,0,0,0,0,0,0,0,0,0,0,0,0,0,0,0,0,0,0,0,0
20190417,158975,30441,27886,58327,31078,30796,61874,120201,9021,7756,16777,4,2,6,503,120,623,29,73,102,0,0,0,0,0,0,0,0,0,221,219,440,0,0,0,4532,4768,9300,0,0,0,3229,2975,6204,29,38,67,0,0,0,0,4,4,0,0,0,2312,2412,4724,0,0,0,0,0,0,0,0,0,0,0,0,0,0,0,326,145,471,0,3,3,0,0,0,42,11,53,0,0,0,0,0,0,0,0,0,0,0,0,0,0,0,0,0,0,0,0,0,0,0,0,0,0,0,0,0,0,0,0,0,0,0,0,0,0,0
20190418,166842,29931,29211,59142,32700,34678,67378,126520,9201,7609,16810,298,313,611,234,277,511,40,80,120,0,0,0,2,0,2,0,0,0,200,218,418,9,3,12,5058,5306,10364,0,0,0,3590,3344,6934,76,30,106,0,0,0,17,6,23,0,0,0,1957,2027,3984,0,0,0,0,0,0,0,0,0,0,0,0,0,0,0,164,178,342,0,11,11,0,0,0,28,46,74,0,0,0,0,0,0,0,0,0,0,0,0,0,0,0,0,0,0,0,0,0,0,0,0,0,0,0,0,0,0,0,0,0,0,0,0,0,0,0
20190419,176769,29427,29641,59068,34568,34141,68709,127777,9913,9369,19282,3455,1651,5106,5,5,10,35,65,100,0,0,0,0,0,0,0,0,0,369,287,656,0,8,8,5257,5149,10406,0,0,0,3882,3541,7423,58,22,80,0,0,0,10,6,16,0,0,0,2567,2514,5081,0,0,0,0,0,0,0,0,0,0,0,0,0,0,0,250,522,772,0,1,1,0,0,0,34,17,51,0,0,0,0,0,0,0,0,0,0,0,0,0,0,0,0,0,0,0,0,0,0,0,0,0,0,0,0,0,0,0,0,0,0,0,0,0,0,0
20190420,184358,29917,30615,60532,34983,34888,69871,130403,9818,9932,19750,4181,6055,10236,1,1,2,75,102,177,2,1,3,0,2,2,0,0,0,249,268,517,2,5,7,5233,4721,9954,0,0,0,4229,3389,7618,42,28,70,0,0,0,5,6,11,0,0,0,2114,2338,4452,0,0,0,0,0,0,0,0,0,0,0,0,0,0,0,243,707,950,0,9,9,0,0,0,129,68,197,0,0,0,0,0,0,0,0,0,0,0,0,0,0,0,0,0,0,0,0,0,0,0,0,0,0,0,0,0,0,0,0,0,0,0,0,0,0,0
20190421,189919,31034,32502,63536,34963,36145,71108,134644,9535,9005,18540,5508,4908,10416,375,313,688,37,48,85,0,0,0,0,0,0,0,0,0,255,220,475,0,1,1,5369,5265,10634,0,0,0,3644,4789,8433,55,63,118,0,0,0,5,0,5,0,0,0,2810,2881,5691,0,0,0,0,0,0,0,0,0,0,0,0,0,0,0,3,7,10,0,0,0,0,0,0,49,130,179,0,0,0,0,0,0,0,0,0,0,0,0,0,0,0,0,0,0,0,0,0,0,0,0,0,0,0,0,0,0,0,0,0,0,0,0,0,0,0
20190422,169288,30448,31760,62208,34007,33692,67699,129907,8791,8654,17445,1,3,4,4,6,10,37,22,59,0,0,0,3,0,3,0,0,0,224,214,438,1,0,1,4722,4409,9131,0,0,0,3252,3176,6428,23,30,53,0,0,0,3,5,8,0,0,0,2443,2608,5051,0,0,0,0,0,0,0,0,0,0,0,0,0,0,0,448,194,642,0,0,0,0,0,0,61,47,108,0,0,0,0,0,0,0,0,0,0,0,0,0,0,0,0,0,0,0,0,0,0,0,0,0,0,0,0,0,0,0,0,0,0,0,0,0,0,0
20190423,170271,28476,26815,55291,34244,31357,65601,120892,9807,8933,18740,4016,4241,8257,369,181,550,62,49,111,2,0,2,2,0,2,0,0,0,346,367,713,2,0,2,5137,4174,9311,0,0,0,3144,3421,6565,35,25,60,0,0,0,3,2,5,0,0,0,2137,2248,4385,0,0,0,0,0,0,0,0,0,0,0,0,0,0,0,313,320,633,0,4,4,0,0,0,24,15,39,0,0,0,0,0,0,0,0,0,0,0,0,0,0,0,0,0,0,0,0,0,0,0,0,0,0,0,0,0,0,0,0,0,0,0,0,0,0,0
20190424,160969,28483,27530,56013,31040,28836,59876,115889,9388,8348,17736,1487,1873,3360,366,333,699,65,53,118,0,0,0,4,0,4,419,0,419,222,236,458,0,0,0,5193,4396,9589,0,0,0,3534,3108,6642,50,71,121,0,0,0,2,0,2,0,0,0,2644,2597,5241,0,0,0,0,0,0,0,0,0,0,0,0,0,0,0,421,197,618,0,2,2,0,0,0,30,41,71,0,0,0,0,0,0,0,0,0,0,0,0,0,0,0,0,0,0,0,0,0,0,0,0,0,0,0,0,0,0,0,0,0,0,0,0,0,0,0
20190425,163149,29012,27477,56489,33368,31817,65185,121674,9117,8144,17261,496,900,1396,630,274,904,43,28,71,0,0,0,0,0,0,0,0,0,260,274,534,0,8,8,5500,4634,10134,0,0,0,3303,3172,6475,83,64,147,0,0,0,1,2,3,0,0,0,2233,1993,4226,0,0,0,0,0,0,0,0,0,0,0,0,0,0,0,111,115,226,0,16,16,0,0,0,29,45,74,0,0,0,0,0,0,0,0,0,0,0,0,0,0,0,0,0,0,0,0,0,0,0,0,0,0,0,0,0,0,0,0,0,0,0,0,0,0,0
20190426,189210,32040,29265,61305,35676,32458,68134,129439,10012,8450,18462,8157,8669,16826,4,4,8,12,19,31,0,0,0,0,0,0,0,0,0,453,327,780,0,0,0,5470,4629,10099,0,0,0,3523,3561,7084,28,79,107,0,0,0,1,0,1,0,0,0,2798,2689,5487,0,0,0,0,0,0,0,0,0,0,0,0,0,0,0,254,381,635,0,14,14,0,0,0,208,29,237,0,0,0,0,0,0,0,0,0,0,0,0,0,0,0,0,0,0,0,0,0,0,0,0,0,0,0,0,0,0,0,0,0,0,0,0,0,0,0
20190427,175201,32697,30063,62760,34985,33267,68252,131012,10272,9025,19297,1,0,1,10,1,11,35,158,193,0,0,0,0,0,0,0,0,0,504,336,840,0,2,2,5178,4191,9369,0,0,0,4287,3959,8246,38,73,111,2,0,2,4,4,8,0,0,0,2576,2475,5051,0,0,0,0,0,0,0,0,0,0,0,0,0,0,0,357,508,865,0,21,21,0,0,0,82,90,172,0,0,0,0,0,0,0,0,0,0,0,0,0,0,0,0,0,0,0,0,0,0,0,0,0,0,0,0,0,0,0,0,0,0,0,0,0,0,0
20190428,177182,31285,29081,60366,36074,29692,65766,126132,9551,7687,17238,6269,5132,11401,186,286,472,26,32,58,0,0,0,0,0,0,0,0,0,283,225,508,3,79,82,5552,3835,9387,0,0,0,2952,2891,5843,72,147,219,0,6,6,5,12,17,0,0,0,2995,2693,5688,0,0,0,0,0,0,0,0,0,0,0,0,0,0,0,3,2,5,0,0,0,0,0,0,27,99,126,0,0,0,0,0,0,0,0,0,0,0,0,0,0,0,0,0,0,0,0,0,0,0,0,0,0,0,0,0,0,0,0,0,0,0,0,0,0,0
20190429,151813,29045,27135,56180,33476,26418,59894,116074,8860,6540,15400,6,7,13,3,1,4,15,32,47,0,0,0,0,0,0,0,0,0,303,251,554,4,0,4,4827,3132,7959,0,0,0,3942,2045,5987,108,26,134,0,0,0,10,5,15,0,0,0,2559,2139,4698,0,0,0,0,0,0,0,0,0,0,0,0,0,0,0,330,529,859,1,3,4,0,0,0,22,39,61,0,0,0,0,0,0,0,0,0,0,0,0,0,0,0,0,0,0,0,0,0,0,0,0,0,0,0,0,0,0,0,0,0,0,0,0,0,0,0
20190430,159326,29482,27690,57172,32745,29164,61909,119081,9751,7613,17364,0,1,1,428,83,511,583,48,631,2,2,4,0,0,0,0,0,0,395,316,711,0,0,0,5161,3657,8818,0,0,0,4615,2419,7034,51,17,68,0,0,0,1,3,4,0,0,0,2307,1900,4207,0,0,0,0,0,0,0,0,0,0,0,0,0,0,0,649,184,833,1,0,1,0,0,0,42,16,58,0,0,0,0,0,0,0,0,0,0,0,0,0,0,0,0,0,0,0,0,0,0,0,0,0,0,0,0,0,0,0,0,0,0,0,0,0,0,0
20190501,185962,32812,30755,63567,33873,30292,64165,127732,9592,8468,18060,9026,5192,14218,0,383,383,60,48,108,0,0,0,0,6,6,0,0,0,291,493,784,4,0,4,5138,4317,9455,0,0,0,6752,2269,9021,179,50,229,0,0,0,3,4,7,0,0,0,2594,2341,4935,0,0,0,0,0,0,0,0,0,0,0,0,0,0,0,741,86,827,0,0,0,0,0,0,182,11,193,0,0,0,0,0,0,0,0,0,0,0,0,0,0,0,0,0,0,0,0,0,0,0,0,0,0,0,0,0,0,0,0,0,0,0,0,0,0,0
20190502,159939,26306,25458,51764,31951,28781,60732,112496,7499,6686,14185,2718,6932,9650,232,287,519,50,116,166,0,0,0,0,0,0,0,0,0,207,200,407,1,1,2,4939,4557,9496,0,0,0,5240,3652,8892,111,42,153,0,0,0,8,5,13,0,0,0,1758,1764,3522,0,0,0,0,0,0,0,0,0,0,0,0,0,0,0,103,66,169,1,0,1,0,0,0,173,95,268,0,0,0,0,0,0,0,0,0,0,0,0,0,0,0,0,0,0,0,0,0,0,0,0,0,0,0,0,0,0,0,0,0,0,0,0,0,0,0
20190503,164584,25962,28063,54025,26764,32093,58857,112882,7476,8540,16016,5819,6263,12082,1,1,2,44,183,227,0,0,0,0,0,0,0,0,0,238,383,621,1,0,1,3938,5196,9134,0,0,0,2755,5399,8154,44,120,164,0,0,0,2,9,11,0,0,0,2150,2567,4717,0,0,0,0,0,0,0,0,0,0,0,0,0,0,0,107,206,313,0,6,6,0,0,0,90,164,254,0,0,0,0,0,0,0,0,0,0,0,0,0,0,0,0,0,0,0,0,0,0,0,0,0,0,0,0,0,0,0,0,0,0,0,0,0,0,0
20190504,158528,25297,28801,54098,24985,32703,57688,111786,7033,9555,16588,4048,4129,8177,7,2,9,7,89,96,0,0,0,0,0,0,0,0,0,195,214,409,0,2,2,3066,5133,8199,0,0,0,1699,6142,7841,24,185,209,2,5,7,1,1,2,0,0,0,1920,2354,4274,0,0,0,0,0,0,0,0,0,0,0,0,0,0,0,77,644,721,0,18,18,0,0,0,21,169,190,0,0,0,0,0,0,0,0,0,0,0,0,0,0,0,0,0,0,0,0,0,0,0,0,0,0,0,0,0,0,0,0,0,0,0,0,0,0,0
20190505,165820,27423,31786,59209,31063,33994,65057,124266,7332,8756,16088,1618,1891,3509,107,759,866,18,75,93,6,6,12,0,0,0,0,0,0,230,261,491,0,5,5,4113,5532,9645,0,0,0,1703,3512,5215,30,64,94,0,0,0,9,1,10,0,0,0,2648,2733,5381,0,0,0,0,0,0,0,0,0,0,0,0,0,0,0,8,4,12,1,12,13,0,0,0,25,95,120,0,0,0,0,0,0,0,0,0,0,0,0,0,0,0,0,0,0,0,0,0,0,0,0,0,0,0,0,0,0,0,0,0,0,0,0,0,0,0
20190506,148194,24224,31600,55824,24200,34589,58789,114613,6033,8996,15029,0,2,2,24,32,56,101,75,176,9,0,9,0,0,0,0,0,0,181,215,396,0,4,4,2842,4895,7737,0,0,0,1834,2904,4738,38,39,77,0,0,0,3,2,5,0,0,0,2045,2531,4576,0,0,0,0,0,0,0,0,0,0,0,0,0,0,0,209,408,617,1,12,13,0,0,0,111,35,146,0,0,0,0,0,0,0,0,0,0,0,0,0,0,0,0,0,0,0,0,0,0,0,0,0,0,0,0,0,0,0,0,0,0,0,0,0,0,0
20190507,145290,20697,26992,47689,22843,32677,55520,103209,6614,9208,15822,4132,4287,8419,12,11,23,197,33,230,0,0,0,0,0,0,0,0,0,228,297,525,1,1,2,3137,5151,8288,0,0,0,1930,2671,4601,18,17,35,0,0,0,0,6,6,0,0,0,1810,2275,4085,0,0,0,0,0,0,0,0,0,0,0,0,0,0,0,0,0,0,2,0,2,0,0,0,15,28,43,0,0,0,0,0,0,0,0,0,0,0,0,0,0,0,0,0,0,0,0,0,0,0,0,0,0,0,0,0,0,0,0,0,0,0,0,0,0,0
20190508,139251,21346,26324,47670,23138,30783,53921,101591,6569,8313,14882,1373,975,2348,4,198,202,74,48,122,0,0,0,0,0,0,0,0,0,173,220,393,4,7,11,3818,4963,8781,0,0,0,2261,2908,5169,33,126,159,0,0,0,4,3,7,0,0,0,2213,2452,4665,0,0,0,0,0,0,0,0,0,0,0,0,0,0,0,633,206,839,0,7,7,0,0,0,30,45,75,0,0,0,0,0,0,0,0,0,0,0,0,0,0,0,0,0,0,0,0,0,0,0,0,0,0,0,0,0,0,0,0,0,0,0,0,0,0,0
20190509,141521,22091,24128,46219,25564,30524,56088,102307,6726,7469,14195,2,3205,3207,297,290,587,2231,134,2365,1,86,87,0,0,0,0,0,0,131,159,290,0,1,1,3807,4917,8724,0,0,0,2750,2666,5416,126,49,175,0,0,0,2,5,7,0,0,0,2018,1759,3777,0,0,0,0,0,0,0,0,0,0,0,0,0,0,0,149,145,294,0,0,0,0,0,0,56,33,89,0,0,0,0,0,0,0,0,0,0,0,0,0,0,0,0,0,0,0,0,0,0,0,0,0,0,0,0,0,0,0,0,0,0,0,0,0,0,0
20190510,161030,26313,26033,52346,31189,32289,63478,115824,8568,8288,16856,1155,1695,2850,8,18,26,54,2244,2298,0,9,9,0,3,3,1563,0,1563,373,305,678,0,0,0,4169,4717,8886,0,0,0,3394,2988,6382,140,57,197,0,0,0,2,2,4,0,0,0,2581,2368,4949,0,0,0,0,0,0,0,0,0,0,0,0,0,0,0,134,188,322,1,17,18,0,0,0,137,28,165,0,0,0,0,0,0,0,0,0,0,0,0,0,0,0,0,0,0,0,0,0,0,0,0,0,0,0,0,0,0,0,0,0,0,0,0,0,0,0
20190511,159476,26353,23918,50271,29274,30300,59574,109845,8844,8264,17108,4296,4088,8384,10,17,27,49,1607,1656,0,0,0,3,0,3,0,0,0,242,228,470,0,0,0,4020,4410,8430,0,0,0,5171,3078,8249,36,92,128,0,0,0,2,7,9,0,0,0,2431,2016,4447,0,0,0,0,0,0,0,0,0,0,0,0,0,0,0,257,144,401,0,46,46,0,0,0,115,158,273,0,0,0,0,0,0,0,0,0,0,0,0,0,0,0,0,0,0,0,0,0,0,0,0,0,0,0,0,0,0,0,0,0,0,0,0,0,0,0
20190512,168355,27589,27517,55106,33292,32036,65328,120434,8249,7819,16068,1669,1246,2915,184,288,472,1959,2003,3962,761,0,761,0,0,0,0,0,0,239,214,453,0,0,0,4615,4998,9613,0,0,0,3094,4437,7531,36,262,298,0,0,0,4,3,7,135,146,281,2645,2612,5257,0,0,0,0,0,0,0,0,0,0,0,0,0,0,0,0,2,2,0,31,31,0,0,0,195,75,270,0,0,0,0,0,0,0,0,0,0,0,0,0,0,0,0,0,0,0,0,0,0,0,0,0,0,0,0,0,0,0,0,0,0,0,0,0,0,0
20190513,157201,24443,30843,55286,30235,33654,63889,119175,7696,8972,16668,19,763,782,4,7,11,71,71,142,80,1,81,0,0,0,12,0,12,185,218,403,5,0,5,3735,4502,8237,0,0,0,2977,3236,6213,65,150,215,0,0,0,5,4,9,0,0,0,2120,2449,4569,0,0,0,0,0,0,0,0,0,0,0,0,0,0,0,180,246,426,0,12,12,0,0,0,39,202,241,0,0,0,0,0,0,0,0,0,0,0,0,0,0,0,0,0,0,0,0,0,0,0,0,0,0,0,0,0,0,0,0,0,0,0,0,0,0,0
20190514,147138,22713,26681,49394,28072,31543,59615,109009,8082,9456,17538,6,1,7,228,155,383,168,58,226,0,0,0,0,0,0,0,0,0,315,310,625,3,0,3,4525,4440,8965,0,0,0,2614,2918,5532,63,96,159,0,0,0,4,1,5,0,0,0,1800,2290,4090,0,0,0,0,0,0,0,0,0,0,0,0,0,0,0,205,343,548,2,0,2,0,0,0,24,22,46,0,0,0,0,0,0,0,0,0,0,0,0,0,0,0,0,0,0,0,0,0,0,0,0,0,0,0,0,0,0,0,0,0,0,0,0,0,0,0
20190515,160696,25609,28927,54536,29533,31426,60959,115495,8413,8632,17045,3122,3084,6206,7,152,159,44,39,83,13,3,16,0,0,0,0,0,0,205,198,403,4,4,8,4642,4677,9319,0,0,0,3733,2235,5968,16,50,66,0,0,0,0,2,2,0,0,0,2190,2685,4875,0,0,0,0,0,0,0,0,0,0,0,0,0,0,0,299,538,837,1,2,3,0,0,0,133,78,211,0,0,0,0,0,0,0,0,0,0,0,0,0,0,0,0,0,0,0,0,0,0,0,0,0,0,0,0,0,0,0,0,0,0,0,0,0,0,0
20190516,156624,26296,26672,52968,31921,32192,64113,117081,7996,8271,16267,3222,6,3228,209,194,403,34,41,75,1,0,1,0,0,0,0,12,12,173,208,381,7,0,7,5037,5169,10206,0,0,0,2713,2025,4738,47,29,76,0,0,0,3,8,11,0,0,0,1863,1938,3801,0,0,0,0,0,0,0,0,0,0,0,0,0,0,0,119,121,240,1,8,9,0,0,0,23,65,88,0,0,0,0,0,0,0,0,0,0,0,0,0,0,0,0,0,0,0,0,0,0,0,0,0,0,0,0,0,0,0,0,0,0,0,0,0,0,0
20190517,175402,28380,28274,56654,31200,33824,65024,121678,9032,8639,17671,5359,6048,11407,8,72,80,44,112,156,0,7,7,0,0,0,0,0,0,346,313,659,6,3,9,4951,5021,9972,0,0,0,3048,4540,7588,107,132,239,5,0,5,5,5,10,0,0,0,2531,2516,5047,0,0,0,0,0,0,0,0,0,0,0,0,0,0,0,147,618,765,0,20,20,0,0,0,62,27,89,0,0,0,0,0,0,0,0,0,0,0,0,0,0,0,0,0,0,0,0,0,0,0,0,0,0,0,0,0,0,0,0,0,0,0,0,0,0,0
20190518,167316,29629,27058,56687,35398,33461,68859,125546,9129,8840,17969,1,3,4,8,2,10,59,32,91,6,0,6,0,0,0,0,0,0,222,221,443,0,0,0,4666,4894,9560,0,0,0,4583,3421,8004,38,106,144,3,3,6,11,9,20,0,0,0,2387,2252,4639,0,0,0,0,0,0,0,0,0,0,0,0,0,0,0,261,420,681,3,16,19,0,0,0,88,86,174,0,0,0,0,0,0,0,0,0,0,0,0,0,0,0,0,0,0,0,0,0,0,0,0,0,0,0,0,0,0,0,0,0,0,0,0,0,0,0
20190519,174848,30202,30164,60366,35266,34255,69521,129887,8936,8439,17375,1905,1601,3506,634,0,634,63,67,130,1,0,1,0,0,0,0,0,0,222,211,433,8,3,11,5023,5368,10391,0,0,0,2535,4222,6757,180,63,243,0,7,7,6,6,12,0,0,0,2692,2687,5379,0,0,0,0,0,0,0,0,0,0,0,0,0,0,0,5,1,6,0,10,10,0,0,0,12,54,66,0,0,0,0,0,0,0,0,0,0,0,0,0,0,0,0,0,0,0,0,0,0,0,0,0,0,0,0,0,0,0,0,0,0,0,0,0,0,0
20190520,171104,27666,30933,58599,31739,34248,65987,124586,8426,8787,17213,4203,4118,8321,6,426,432,44,67,111,17,0,17,6,0,6,0,0,0,173,236,409,7,0,7,4404,4569,8973,0,0,0,3010,3009,6019,88,52,140,0,0,0,4,4,8,0,0,0,2248,2477,4725,0,0,0,0,0,0,0,0,0,0,0,0,0,0,0,8,7,15,0,0,0,0,0,0,83,39,122,0,0,0,0,0,0,0,0,0,0,0,0,0,0,0,0,0,0,0,0,0,0,0,0,0,0,0,0,0,0,0,0,0,0,0,0,0,0,0
20190521,152473,24604,26634,51238,30279,31222,61501,112739,9058,8811,17869,2,3,5,486,167,653,168,73,241,4,0,4,0,0,0,0,0,0,356,292,648,2,2,4,4421,4392,8813,0,0,0,2631,3241,5872,67,50,117,0,0,0,4,1,5,0,0,0,2035,2157,4192,0,0,0,0,0,0,0,0,0,0,0,0,0,0,0,707,502,1209,2,0,2,0,0,0,63,37,100,0,0,0,0,0,0,0,0,0,0,0,0,0,0,0,0,0,0,0,0,0,0,0,0,0,0,0,0,0,0,0,0,0,0,0,0,0,0,0
20190522,160704,26944,28481,55425,29688,30967,60655,116080,8797,8977,17774,2875,2504,5379,22,247,269,54,44,98,4,12,16,0,0,0,0,0,0,216,226,442,0,0,0,4425,4646,9071,0,0,0,3006,2901,5907,42,40,82,0,0,0,3,1,4,0,0,0,2358,2421,4779,0,0,0,0,0,0,0,0,0,0,0,0,0,0,0,307,342,649,0,7,7,0,0,0,35,112,147,0,0,0,0,0,0,0,0,0,0,0,0,0,0,0,0,0,0,0,0,0,0,0,0,0,0,0,0,0,0,0,0,0,0,0,0,0,0,0
20190523,165226,27062,27070,54132,31056,32118,63174,117306,8387,8286,16673,4122,4257,8379,332,350,682,40,145,185,7,0,7,1,0,1,0,0,0,178,227,405,2,5,7,4872,4962,9834,0,0,0,3293,4032,7325,68,25,93,0,0,0,12,11,23,0,0,0,2024,1907,3931,0,0,0,0,0,0,0,0,0,0,0,0,0,0,0,100,169,269,3,4,7,0,0,0,76,23,99,0,0,0,0,0,0,0,0,0,0,0,0,0,0,0,0,0,0,0,0,0,0,0,0,0,0,0,0,0,0,0,0,0,0,0,0,0,0,0
20190524,171363,28961,28137,57098,34896,33673,68569,125667,9220,8934,18154,1459,1997,3456,13,23,36,38,73,111,0,0,0,1,0,1,0,0,0,267,322,589,0,0,0,5082,4812,9894,0,0,0,3711,3557,7268,19,76,95,0,0,0,0,6,6,0,0,0,2724,2534,5258,0,0,0,0,0,0,0,0,0,0,0,0,0,0,0,396,341,737,0,20,20,0,0,0,51,20,71,0,0,0,0,0,0,0,0,0,0,0,0,0,0,0,0,0,0,0,0,0,0,0,0,0,0,0,0,0,0,0,0,0,0,0,0,0,0,0
20190525,165704,29633,27415,57048,34039,32350,66389,123437,9387,8956,18343,10,7,17,6,10,16,76,40,116,0,1,1,0,1,1,0,0,0,271,238,509,0,0,0,4664,4476,9140,0,0,0,4779,3318,8097,83,59,142,0,0,0,4,6,10,0,0,0,2400,2166,4566,0,0,0,0,0,0,0,0,0,0,0,0,0,0,0,519,673,1192,0,1,1,0,0,0,61,55,116,0,0,0,0,0,0,0,0,0,0,0,0,0,0,0,0,0,0,0,0,0,0,0,0,0,0,0,0,0,0,0,0,0,0,0,0,0,0,0
20190526,175612,31230,29536,60766,35698,33158,68856,129622,9115,8456,17571,1937,1352,3289,193,738,931,23,39,62,0,7,7,0,6,6,0,0,0,271,231,502,1,0,1,5179,5163,10342,0,0,0,3324,4298,7622,68,111,179,0,0,0,6,9,15,0,0,0,2759,2575,5334,0,0,0,0,0,0,0,0,0,0,0,0,0,0,0,5,7,12,0,0,0,0,0,0,33,84,117,0,0,0,0,0,0,0,0,0,0,0,0,0,0,0,0,0,0,0,0,0,0,0,0,0,0,0,0,0,0,0,0,0,0,0,0,0,0,0
20190527,161923,30695,28333,59028,33748,31610,65358,124386,8775,7885,16660,0,0,0,12,21,33,43,119,162,2,0,2,0,0,0,0,0,0,222,233,455,6,5,11,4680,4261,8941,0,0,0,3544,2739,6283,54,83,137,0,0,0,8,6,14,0,0,0,2045,2236,4281,0,0,0,0,0,0,0,0,0,0,0,0,0,0,0,195,228,423,0,7,7,0,0,0,109,19,128,0,0,0,0,0,0,0,0,0,0,0,0,0,0,0,0,0,0,0,0,0,0,0,0,0,0,0,0,0,0,0,0,0,0,0,0,0,0,0
20190528,157715,28562,24531,53093,30646,28548,59194,112287,8718,8249,16967,4268,4371,8639,0,9,9,82,42,124,0,1,1,0,0,0,0,0,0,238,303,541,0,10,10,4663,4002,8665,0,0,0,2568,2522,5090,30,84,114,0,0,0,12,15,27,0,0,0,2079,2003,4082,0,0,0,0,0,0,0,0,0,0,0,0,0,0,0,746,326,1072,0,0,0,0,0,0,71,16,87,0,0,0,0,0,0,0,0,0,0,0,0,0,0,0,0,0,0,0,0,0,0,0,0,0,0,0,0,0,0,0,0,0,0,0,0,0,0,0
20190529,156582,26905,26503,53408,30313,28066,58379,111787,8574,7513,16087,4016,3740,7756,12,315,327,75,76,151,0,0,0,2,0,2,0,0,0,187,198,385,5,9,14,4537,4198,8735,0,0,0,3237,2534,5771,73,129,202,0,0,0,6,12,18,0,0,0,2375,2208,4583,0,0,0,0,0,0,0,0,0,0,0,0,0,0,0,373,287,660,0,1,1,0,0,0,56,47,103,0,0,0,0,0,0,0,0,0,0,0,0,0,0,0,0,0,0,0,0,0,0,0,0,0,0,0,0,0,0,0,0,0,0,0,0,0,0,0
20190530,152568,26961,26440,53401,31746,29353,61099,114500,8220,8043,16263,1,1,2,539,244,783,58,175,233,0,9,9,5,0,5,0,0,0,223,199,422,0,1,1,4832,4719,9551,0,0,0,2848,3161,6009,186,58,244,0,0,0,13,0,13,0,0,0,2094,1733,3827,0,0,0,0,0,0,0,0,0,0,0,0,0,0,0,440,105,545,0,20,20,0,0,0,63,78,141,0,0,0,0,0,0,0,0,0,0,0,0,0,0,0,0,0,0,0,0,0,0,0,0,0,0,0,0,0,0,0,0,0,0,0,0,0,0,0
20190531,163765,29776,28720,58496,32396,31004,63400,121896,9186,7905,17091,1054,1957,3011,6,15,21,39,111,150,3,4,7,0,1,1,0,0,0,338,255,593,7,1,8,4847,4754,9601,0,0,0,3087,2615,5702,36,22,58,0,0,0,8,3,11,0,0,0,2756,2411,5167,0,0,0,0,0,0,0,0,0,0,0,0,0,0,0,179,168,347,0,9,9,0,0,0,74,18,92,0,0,0,0,0,0,0,0,0,0,0,0,0,0,0,0,0,0,0,0,0,0,0,0,0,0,0,0,0,0,0,0,0,0,0,0,0,0,0
20190601,170864,30251,28600,58851,32854,31196,64050,122901,9068,8312,17380,4354,4191,8545,10,17,27,72,45,117,0,0,0,0,0,0,0,0,0,280,242,522,7,0,7,4593,4517,9110,0,0,0,4425,2461,6886,68,71,139,0,0,0,0,2,2,0,0,0,2412,2176,4588,0,0,0,0,0,0,0,0,0,0,0,0,0,0,0,225,240,465,0,20,20,0,0,0,25,130,155,0,0,0,0,0,0,0,0,0,0,0,0,0,0,0,0,0,0,0,0,0,0,0,0,0,0,0,0,0,0,0,0,0,0,0,0,0,0,0
20190602,164545,28689,29359,58048,32064,31895,63959,122007,8581,8088,16669,1823,1302,3125,235,191,426,32,82,114,0,2,2,0,0,0,0,0,0,257,240,497,5,0,5,4678,5098,9776,0,0,0,2546,4055,6601,45,140,185,0,0,0,2,15,17,0,0,0,2563,2436,4999,0,0,0,0,0,0,0,0,0,0,0,0,0,0,0,0,0,0,0,16,16,0,0,0,7,99,106,0,0,0,0,0,0,0,0,0,0,0,0,0,0,0,0,0,0,0,0,0,0,0,0,0,0,0,0,0,0,0,0,0,0,0,0,0,0,0
20190603,144138,26215,26350,52565,30719,27943,58662,111227,7707,7128,14835,2,0,2,7,6,13,42,205,247,0,0,0,3,0,3,0,0,0,169,214,383,0,0,0,3825,4097,7922,0,0,0,2415,2237,4652,39,13,52,0,0,0,13,1,14,0,0,0,2231,2199,4430,0,0,0,0,0,0,0,0,0,0,0,0,0,0,0,122,165,287,1,15,16,0,0,0,41,14,55,0,0,0,0,0,0,0,0,0,0,0,0,0,0,0,0,0,0,0,0,0,0,0,0,0,0,0,0,0,0,0,0,0,0,0,0,0,0,0
20190604,148420,23348,25404,48752,28294,27840,56134,104886,8134,8006,16140,4198,4294,8492,124,455,579,92,94,186,13,5,18,0,0,0,0,0,0,269,311,580,5,0,5,4113,4154,8267,0,0,0,2445,2167,4612,15,16,31,0,0,0,1,2,3,0,0,0,2088,1944,4032,0,0,0,0,0,0,0,0,0,0,0,0,0,0,0,181,388,569,0,0,0,0,0,0,10,10,20,0,0,0,0,0,0,0,0,0,0,0,0,0,0,0,0,0,0,0,0,0,0,0,0,0,0,0,0,0,0,0,0,0,0,0,0,0,0,0
20190605,151630,28346,27800,56146,27906,28669,56575,112721,8636,8166,16802,1857,1728,3585,52,85,137,34,168,202,3,0,3,1,0,1,0,0,0,173,240,413,7,2,9,3977,4422,8399,0,0,0,2323,1866,4189,19,35,54,0,0,0,7,9,16,0,0,0,2408,2293,4701,0,0,0,0,0,0,0,0,0,0,0,0,0,0,0,169,160,329,0,14,14,0,0,0,14,41,55,0,0,0,0,0,0,0,0,0,0,0,0,0,0,0,0,0,0,0,0,0,0,0,0,0,0,0,0,0,0,0,0,0,0,0,0,0,0,0
20190606,161552,28546,32024,60570,31178,33054,64232,124802,8230,8111,16341,1,0,1,19,221,240,62,129,191,1,2,3,0,5,5,0,0,0,224,150,374,27,8,35,4750,5070,9820,0,0,0,2892,2190,5082,81,88,169,0,0,0,3,9,12,0,0,0,1946,1990,3936,0,0,0,0,0,0,0,0,0,0,0,0,0,0,0,368,107,475,0,1,1,0,0,0,40,25,65,0,0,0,0,0,0,0,0,0,0,0,0,0,0,0,0,0,0,0,0,0,0,0,0,0,0,0,0,0,0,0,0,0,0,0,0,0,0,0
20190607,162905,25544,30848,56392,30440,33068,63508,119900,8041,9233,17274,1224,2101,3325,2,3,5,37,78,115,0,0,0,0,0,0,0,0,0,249,313,562,2,0,2,4592,4645,9237,0,0,0,4502,2415,6917,99,118,217,13,0,13,6,1,7,0,0,0,2102,2369,4471,0,0,0,0,0,0,0,0,0,0,0,0,0,0,0,380,374,754,0,0,0,0,0,0,89,17,106,0,0,0,0,0,0,0,0,0,0,0,0,0,0,0,0,0,0,0,0,0,0,0,0,0,0,0,0,0,0,0,0,0,0,0,0,0,0,0
20190608,163290,27022,29112,56134,29029,31388,60417,116551,8350,8482,16832,4294,3974,8268,2,22,24,15,8,23,0,13,13,0,0,0,0,0,0,224,210,434,0,8,8,4121,3951,8072,0,0,0,3185,4291,7476,55,49,104,0,0,0,6,10,16,0,0,0,2161,2338,4499,0,0,0,0,0,0,0,0,0,0,0,0,0,0,0,183,617,800,0,22,22,0,0,0,57,91,148,0,0,0,0,0,0,0,0,0,0,0,0,0,0,0,0,0,0,0,0,0,0,0,0,0,0,0,0,0,0,0,0,0,0,0,0,0,0,0
20190609,184574,32466,33722,66188,36862,35372,72234,138422,9288,9331,18619,2024,1178,3202,267,264,531,12,121,133,9,8,17,0,0,0,0,0,0,230,237,467,5,0,5,5199,5126,10325,0,0,0,2225,4630,6855,126,157,283,0,13,13,5,3,8,0,0,0,2805,2744,5549,0,0,0,0,0,0,0,0,0,0,0,0,0,0,0,4,4,8,0,11,11,0,0,0,32,94,126,0,0,0,0,0,0,0,0,0,0,0,0,0,0,0,0,0,0,0,0,0,0,0,0,0,0,0,0,0,0,0,0,0,0,0,0,0,0,0
20190610,165477,30108,31498,61606,32141,33858,65999,127605,8069,8716,16785,0,8,8,610,103,713,32,222,254,0,6,6,2,0,2,0,0,0,266,237,503,0,11,11,4592,4766,9358,0,0,0,2332,3008,5340,42,35,77,0,0,0,12,1,13,0,0,0,2234,2492,4726,0,0,0,0,0,0,0,0,0,0,0,0,0,0,0,6,8,14,0,11,11,0,0,0,28,23,51,0,0,0,0,0,0,0,0,0,0,0,0,0,0,0,0,0,0,0,0,0,0,0,0,0,0,0,0,0,0,0,0,0,0,0,0,0,0,0
20190611,152772,26095,27668,53763,30601,31468,62069,115832,8228,9232,17460,0,3,3,13,61,74,121,176,297,6,4,10,0,0,0,0,0,0,228,140,368,4,4,8,4307,4769,9076,0,0,0,2251,2898,5149,39,47,86,0,0,0,1,8,9,0,0,0,2120,2231,4351,0,0,0,0,0,0,0,0,0,0,0,0,0,0,0,5,6,11,0,12,12,0,0,0,17,9,26,0,0,0,0,0,0,0,0,0,0,0,0,0,0,0,0,0,0,0,0,0,0,0,0,0,0,0,0,0,0,0,0,0,0,0,0,0,0,0
20190612,161840,26230,27839,54069,29503,31409,60912,114981,8806,8637,17443,3929,3809,7738,34,88,122,40,371,411,0,0,0,0,0,0,0,0,0,222,229,451,0,0,0,4189,4456,8645,0,0,0,2248,3094,5342,73,41,114,0,0,0,6,3,9,0,0,0,2332,2632,4964,0,0,0,0,0,0,0,0,0,0,0,0,0,0,0,799,763,1562,0,14,14,0,0,0,31,13,44,0,0,0,0,0,0,0,0,0,0,0,0,0,0,0,0,0,0,0,0,0,0,0,0,0,0,0,0,0,0,0,0,0,0,0,0,0,0,0
20190613,150777,25267,26588,51855,29948,31911,61859,113714,7958,7663,15621,9,0,9,231,669,900,62,59,121,0,4,4,0,0,0,0,0,0,205,192,397,0,0,0,4690,4771,9461,0,0,0,2720,3477,6197,36,33,69,0,0,0,6,3,9,0,0,0,2003,1900,3903,0,0,0,0,0,0,0,0,0,0,0,0,0,0,0,118,158,276,0,0,0,0,0,0,75,21,96,0,0,0,0,0,0,0,0,0,0,0,0,0,0,0,0,0,0,0,0,0,0,0,0,0,0,0,0,0,0,0,0,0,0,0,0,0,0,0
20190614,181494,30836,28734,59570,34787,33424,68211,127781,9801,8989,18790,5195,5552,10747,10,29,39,25,71,96,0,9,9,0,0,0,0,10,10,415,334,749,5,1,6,5028,4631,9659,0,0,0,3567,3952,7519,102,71,173,0,0,0,3,1,4,0,0,0,2736,2627,5363,0,0,0,0,0,0,0,0,0,0,0,0,0,0,0,139,337,476,0,0,0,0,0,0,45,28,73,0,0,0,0,0,0,0,0,0,0,0,0,0,0,0,0,0,0,0,0,0,0,0,0,0,0,0,0,0,0,0,0,0,0,0,0,0,0,0
20190615,169506,30463,28814,59277,34167,33779,67946,127223,9379,9111,18490,5,1,6,16,15,31,37,302,339,1,0,1,0,0,0,0,5,5,303,274,577,1,0,1,4741,4628,9369,0,0,0,4143,3521,7664,45,36,81,0,0,0,0,1,1,0,0,0,2465,2340,4805,0,0,0,0,0,0,0,0,0,0,0,0,0,0,0,206,553,759,0,14,14,0,0,0,42,98,140,0,0,0,0,0,0,0,0,0,0,0,0,0,0,0,0,0,0,0,0,0,0,0,0,0,0,0,0,0,0,0,0,0,0,0,0,0,0,0
20190616,178004,28697,31611,60308,34487,36438,70925,131233,9004,9265,18269,1527,1553,3080,577,371,948,12,249,261,1,0,1,5,11,16,0,0,0,284,291,575,5,0,5,4860,5358,10218,0,0,0,3399,4223,7622,58,68,126,0,0,0,1,2,3,0,0,0,2702,2856,5558,0,0,0,0,0,0,0,0,0,0,0,0,0,0,0,1,3,4,0,0,0,0,0,0,17,68,85,0,0,0,0,0,0,0,0,0,0,0,0,0,0,0,0,0,0,0,0,0,0,0,0,0,0,0,0,0,0,0,0,0,0,0,0,0,0,0
20190617,173291,28340,30901,59241,32591,34303,66894,126135,8028,8836,16864,4025,4145,8170,12,22,34,45,54,99,0,0,0,0,5,5,0,0,0,197,265,462,4,3,7,4318,4879,9197,0,0,0,3293,3024,6317,25,30,55,0,0,0,4,14,18,0,0,0,2345,2553,4898,0,0,0,0,0,0,0,0,0,0,0,0,0,0,0,389,587,976,1,3,4,0,0,0,20,30,50,0,0,0,0,0,0,0,0,0,0,0,0,0,0,0,0,0,0,0,0,0,0,0,0,0,0,0,0,0,0,0,0,0,0,0,0,0,0,0
20190618,159524,26913,28848,55761,30933,33855,64788,120549,8224,9240,17464,9,13,22,261,164,425,186,430,616,0,0,0,0,0,0,4,0,4,321,341,662,0,5,5,4240,4888,9128,0,0,0,2914,2502,5416,22,57,79,0,0,0,8,1,9,0,0,0,2014,2298,4312,0,0,0,0,0,0,0,0,0,0,0,0,0,0,0,539,233,772,0,10,10,0,0,0,28,23,51,0,0,0,0,0,0,0,0,0,0,0,0,0,0,0,0,0,0,0,0,0,0,0,0,0,0,0,0,0,0,0,0,0,0,0,0,0,0,0
20190619,160099,26535,29791,56326,29318,31757,61075,117401,8990,9513,18503,1476,1200,2676,24,75,99,47,313,360,0,0,0,14,0,14,106,0,106,211,240,451,10,0,10,4496,4669,9165,0,0,0,2961,2507,5468,38,26,64,0,0,0,6,3,9,0,0,0,2260,2680,4940,0,0,0,0,0,0,0,0,0,0,0,0,0,0,0,346,384,730,7,15,22,0,0,0,31,50,81,0,0,0,0,0,0,0,0,0,0,0,0,0,0,0,0,0,0,0,0,0,0,0,0,0,0,0,0,0,0,0,0,0,0,0,0,0,0,0
20190620,167426,26419,30469,56888,31479,31592,63071,119959,7898,8566,16464,4133,3485,7618,299,718,1017,80,253,333,0,0,0,0,0,0,0,5,5,279,170,449,0,1,1,4925,5099,10024,0,0,0,3311,2847,6158,47,48,95,0,0,0,5,8,13,0,0,0,2192,2250,4442,0,0,0,0,0,0,0,0,0,0,0,0,0,0,0,515,191,706,0,24,24,0,0,0,90,28,118,0,0,0,0,0,0,0,0,0,0,0,0,0,0,0,0,0,0,0,0,0,0,0,0,0,0,0,0,0,0,0,0,0,0,0,0,0,0,0
20190621,171372,30512,34510,65022,32568,30391,62959,127981,8830,9253,18083,1261,1859,3120,13,6,19,41,51,92,0,0,0,1,3,4,3,0,3,366,428,794,4,0,4,5021,5017,10038,0,0,0,3291,3037,6328,29,42,71,0,0,0,6,1,7,0,0,0,2307,2432,4739,0,0,0,0,0,0,0,0,0,0,0,0,0,0,0,11,9,20,0,0,0,0,0,0,57,12,69,0,0,0,0,0,0,0,0,0,0,0,0,0,0,0,0,0,0,0,0,0,0,0,0,0,0,0,0,0,0,0,0,0,0,0,0,0,0,0
20190622,176402,33816,36954,70770,28110,29115,57225,127995,8873,9059,17932,3483,4361,7844,326,626,952,26,249,275,98,0,98,0,0,0,0,0,0,215,211,426,4,5,9,4330,4563,8893,0,0,0,4441,3258,7699,60,58,118,0,0,0,0,1,1,0,0,0,1988,2052,4040,0,0,0,0,0,0,0,0,0,0,0,0,0,0,0,2,1,3,0,0,0,0,0,0,71,46,117,0,0,0,0,0,0,0,0,0,0,0,0,0,0,0,0,0,0,0,0,0,0,0,0,0,0,0,0,0,0,0,0,0,0,0,0,0,0,0
20190623,175496,33590,37533,71123,28577,31329,59906,131029,8671,9037,17708,1825,1504,3329,8,10,18,48,71,119,0,0,0,3,0,3,0,0,0,263,252,515,0,0,0,4799,5040,9839,0,0,0,3057,4500,7557,57,171,228,0,0,0,0,2,2,0,0,0,2482,2547,5029,0,0,0,0,0,0,0,0,0,0,0,0,0,0,0,3,8,11,0,1,1,0,0,0,16,92,108,0,0,0,0,0,0,0,0,0,0,0,0,0,0,0,0,0,0,0,0,0,0,0,0,0,0,0,0,0,0,0,0,0,0,0,0,0,0,0
20190624,160412,32262,34814,67076,27398,28200,55598,122674,8197,8576,16773,1,0,1,4,3,7,44,120,164,0,0,0,1,9,10,0,81,81,230,295,525,4,0,4,4221,4489,8710,0,0,0,2738,2785,5523,65,49,114,0,0,0,7,10,17,0,0,0,2164,2360,4524,0,0,0,0,0,0,0,0,0,0,0,0,0,0,0,501,751,1252,0,1,1,0,0,0,21,11,32,0,0,0,0,0,0,0,0,0,0,0,0,0,0,0,0,0,0,0,0,0,0,0,0,0,0,0,0,0,0,0,0,0,0,0,0,0,0,0
20190625,165731,31234,33553,64787,25892,27992,53884,118671,8348,8926,17274,4359,4382,8741,387,621,1008,581,35,616,0,0,0,1,17,18,0,0,0,330,369,699,0,0,0,4173,4509,8682,0,0,0,2206,2590,4796,39,41,80,0,0,0,8,8,16,0,0,0,1857,2106,3963,0,0,0,0,0,0,0,0,0,0,0,0,0,0,0,440,645,1085,0,24,24,0,0,0,32,26,58,0,0,0,0,0,0,0,0,0,0,0,0,0,0,0,0,0,0,0,0,0,0,0,0,0,0,0,0,0,0,0,0,0,0,0,0,0,0,0
20190626,158788,30597,34553,65150,25143,27159,52302,117452,8671,9228,17899,1025,1328,2353,43,92,135,37,49,86,0,0,0,0,7,7,0,0,0,258,257,515,0,0,0,4262,4391,8653,0,0,0,2735,3396,6131,25,39,64,0,0,0,7,0,7,0,0,0,2299,2643,4942,0,0,0,0,0,0,0,0,0,0,0,0,0,0,0,249,164,413,0,24,24,0,0,0,57,50,107,0,0,0,0,0,0,0,0,0,0,0,0,0,0,0,0,0,0,0,0,0,0,0,0,0,0,0,0,0,0,0,0,0,0,0,0,0,0,0
20190627,164643,32836,34911,67747,29081,29644,58725,126472,8140,8743,16883,0,7,7,163,307,470,37,146,183,0,0,0,0,0,0,0,0,0,196,267,463,0,6,6,4416,4539,8955,0,0,0,2986,3274,6260,80,52,132,0,0,0,2,0,2,0,0,0,1919,2098,4017,0,0,0,0,0,0,0,0,0,0,0,0,0,0,0,367,282,649,0,15,15,0,0,0,51,78,129,0,0,0,0,0,0,0,0,0,0,0,0,0,0,0,0,0,0,0,0,0,0,0,0,0,0,0,0,0,0,0,0,0,0,0,0,0,0,0
20190628,171187,31684,35856,67540,28105,30626,58731,126271,9031,9826,18857,1610,1763,3373,3,11,14,63,268,331,0,0,0,0,10,10,0,0,0,364,501,865,2,0,2,4581,4780,9361,0,0,0,3127,2966,6093,65,87,152,0,0,0,3,1,4,0,0,0,2352,2570,4922,0,0,0,0,0,0,0,0,0,0,0,0,0,0,0,435,395,830,0,20,20,0,0,0,43,39,82,0,0,0,0,0,0,0,0,0,0,0,0,0,0,0,0,0,0,0,0,0,0,0,0,0,0,0,0,0,0,0,0,0,0,0,0,0,0,0
20190629,182818,34659,36897,71556,28506,31733,60239,131795,9061,9833,18894,4384,4354,8738,12,24,36,16,11,27,0,0,0,5,5,10,0,0,0,241,293,534,45,0,45,4584,4618,9202,0,0,0,4615,3313,7928,189,147,336,0,0,0,2,2,4,0,0,0,1952,2246,4198,0,0,0,0,0,0,0,0,0,0,0,0,0,0,0,330,615,945,0,19,19,0,0,0,69,38,107,0,0,0,0,0,0,0,0,0,0,0,0,0,0,0,0,0,0,0,0,0,0,0,0,0,0,0,0,0,0,0,0,0,0,0,0,0,0,0
20190630,180158,34042,37534,71576,29498,31577,61075,132651,8842,9251,18093,1928,1839,3767,275,762,1037,28,70,98,0,0,0,0,0,0,0,6,6,299,287,586,0,0,0,5024,5080,10104,0,0,0,3434,4257,7691,53,138,191,0,0,0,0,0,0,0,0,0,2835,2933,5768,0,0,0,0,0,0,0,0,0,0,0,0,0,0,0,1,1,2,0,9,9,0,0,0,6,149,155,0,0,0,0,0,0,0,0,0,0,0,0,0,0,0,0,0,0,0,0,0,0,0,0,0,0,0,0,0,0,0,0,0,0,0,0,0,0,0
20190701,171532,31561,35226,66787,27349,31366,58715,125502,7842,8928,16770,0,4,4,11,6,17,3273,4447,7720,0,0,0,0,0,0,0,10,10,202,303,505,0,1,1,4231,4567,8798,0,0,0,2876,3658,6534,110,115,225,0,0,0,1,5,6,0,0,0,2076,2375,4451,0,0,0,0,0,0,0,0,0,0,0,0,0,0,0,342,541,883,0,0,0,0,0,0,57,49,106,0,0,0,0,0,0,0,0,0,0,0,0,0,0,0,0,0,0,0,0,0,0,0,0,0,0,0,0,0,0,0,0,0,0,0,0,0,0,0
20190702,162931,28199,32482,60681,25555,29438,54993,115674,8537,9173,17710,4358,4381,8739,212,18,230,54,82,136,0,0,0,0,0,0,0,0,0,357,392,749,5,0,5,4111,4522,8633,0,0,0,2773,2948,5721,36,75,111,0,0,0,7,5,12,0,0,0,1931,2160,4091,0,0,0,0,0,0,0,0,0,0,0,0,0,0,0,732,345,1077,0,0,0,0,0,0,9,34,43,0,0,0,0,0,0,0,0,0,0,0,0,0,0,0,0,0,0,0,0,0,0,0,0,0,0,0,0,0,0,0,0,0,0,0,0,0,0,0
20190703,159343,29044,33140,62184,27040,28280,55320,117504,8309,9166,17475,1245,1444,2689,58,429,487,18,36,54,0,0,0,0,0,0,213,504,717,194,285,479,0,6,6,4129,4483,8612,0,0,0,2737,2968,5705,58,28,86,0,0,0,14,16,30,0,0,0,2243,2737,4980,0,0,0,0,0,0,0,0,0,0,0,0,0,0,0,250,204,454,0,11,11,0,0,0,9,45,54,0,0,0,0,0,0,0,0,0,0,0,0,0,0,0,0,0,0,0,0,0,0,0,0,0,0,0,0,0,0,0,0,0,0,0,0,0,0,0
20190704,162285,29239,31221,60460,27644,28268,55912,116372,8197,8801,16998,7,1,8,318,9,327,4297,3333,7630,9,0,9,0,0,0,0,0,0,235,282,517,0,0,0,4423,4377,8800,0,0,0,3053,3164,6217,18,27,45,0,0,0,0,3,3,0,0,0,1886,2206,4092,0,0,0,0,0,0,0,0,0,0,0,0,0,0,0,678,479,1157,0,14,14,0,0,0,27,69,96,0,0,0,0,0,0,0,0,0,0,0,0,0,0,0,0,0,0,0,0,0,0,0,0,0,0,0,0,0,0,0,0,0,0,0,0,0,0,0
20190705,173732,30451,31886,62337,29430,30619,60049,122386,8921,9189,18110,5949,6214,12163,2,29,31,22,30,52,0,0,0,0,0,0,0,0,0,335,316,651,2,0,2,4629,4617,9246,0,0,0,3145,3095,6240,54,35,89,0,0,0,13,0,13,0,0,0,2298,2392,4690,0,0,0,0,0,0,0,0,0,0,0,0,0,0,0,6,6,12,0,11,11,0,0,0,31,5,36,0,0,0,0,0,0,0,0,0,0,0,0,0,0,0,0,0,0,0,0,0,0,0,0,0,0,0,0,0,0,0,0,0,0,0,0,0,0,0
20190706,171185,32473,31978,64451,29841,30195,60036,124487,9112,9278,18390,2757,2745,5502,10,559,569,23,116,139,3,0,3,0,0,0,542,213,755,258,286,544,9,4,13,4524,4433,8957,0,0,0,4002,3014,7016,127,100,227,157,145,302,1,0,1,0,0,0,2038,2110,4148,0,0,0,0,0,0,0,0,0,0,0,0,0,0,0,0,0,0,0,22,22,0,0,0,87,23,110,0,0,0,0,0,0,0,0,0,0,0,0,0,0,0,0,0,0,0,0,0,0,0,0,0,0,0,0,0,0,0,0,0,0,0,0,0,0,0
20190707,172506,32216,33316,65532,30507,31031,61538,127070,8639,9072,17711,1609,1223,2832,483,684,1167,41,20,61,1,39,40,0,0,0,0,0,0,281,279,560,0,0,0,5013,5078,10091,0,0,0,2759,4232,6991,72,147,219,0,0,0,4,4,8,0,0,0,2749,2802,5551,0,0,0,0,0,0,0,0,0,0,0,0,0,0,0,2,2,4,0,12,12,0,0,0,16,173,189,0,0,0,0,0,0,0,0,0,0,0,0,0,0,0,0,0,0,0,0,0,0,0,0,0,0,0,0,0,0,0,0,0,0,0,0,0,0,0
20190708,175157,30073,31841,61914,29548,29618,59166,121080,7790,8480,16270,7654,8623,16277,18,11,29,24,32,56,0,1,1,4,3,7,0,0,0,252,290,542,0,0,0,4324,4496,8820,0,0,0,2841,3422,6263,50,74,124,0,0,0,3,1,4,0,0,0,2148,2318,4466,0,0,0,0,0,0,0,0,0,0,0,0,0,0,0,646,476,1122,0,13,13,0,0,0,34,49,83,0,0,0,0,0,0,0,0,0,0,0,0,0,0,0,0,0,0,0,0,0,0,0,0,0,0,0,0,0,0,0,0,0,0,0,0,0,0,0
20190709,148764,28021,28125,56146,26695,27680,54375,110521,8643,8957,17600,18,16,34,19,19,38,71,34,105,0,0,0,0,0,0,0,0,0,252,413,665,0,0,0,4338,4435,8773,0,0,0,2839,2586,5425,14,45,59,0,0,0,1,6,7,0,0,0,2066,2083,4149,0,0,0,0,0,0,0,0,0,0,0,0,0,0,0,549,697,1246,0,41,41,0,0,0,55,46,101,0,0,0,0,0,0,0,0,0,0,0,0,0,0,0,0,0,0,0,0,0,0,0,0,0,0,0,0,0,0,0,0,0,0,0,0,0,0,0
20190710,152851,29511,29942,59453,27134,27150,54284,113737,9069,8755,17824,12,4,16,18,107,125,31,59,90,14,6,20,0,0,0,0,0,0,299,279,578,15,5,20,4482,4436,8918,0,0,0,2758,2856,5614,37,44,81,0,0,0,2,4,6,0,0,0,2430,2518,4948,0,0,0,0,0,0,0,0,0,0,0,0,0,0,0,374,407,781,0,15,15,0,0,0,43,35,78,0,0,0,0,0,0,0,0,0,0,0,0,0,0,0,0,0,0,0,0,0,0,0,0,0,0,0,0,0,0,0,0,0,0,0,0,0,0,0
20190711,172871,30779,28524,59303,29538,29022,58560,117863,8755,8127,16882,8614,7524,16138,45,19,64,790,56,846,0,0,0,1,0,1,0,0,0,276,253,529,0,0,0,4663,4331,8994,0,0,0,3238,2902,6140,49,50,99,0,0,0,7,11,18,0,0,0,1985,1855,3840,0,0,0,0,0,0,0,0,0,0,0,0,0,0,0,624,748,1372,0,10,10,0,0,0,61,14,75,0,0,0,0,0,0,0,0,0,0,0,0,0,0,0,0,0,0,0,0,0,0,0,0,0,0,0,0,0,0,0,0,0,0,0,0,0,0,0
20190712,165890,31547,29979,61526,31611,29476,61087,122613,9460,8749,18209,1356,1623,2979,37,16,53,39,375,414,0,0,0,0,0,0,0,0,0,444,308,752,2,0,2,4771,4488,9259,0,0,0,3812,2722,6534,115,175,290,0,0,0,11,0,11,0,0,0,2331,2303,4634,0,0,0,0,0,0,0,0,0,0,0,0,0,0,0,9,0,9,0,23,23,0,0,0,74,34,108,0,0,0,0,0,0,0,0,0,0,0,0,0,0,0,0,0,0,0,0,0,0,0,0,0,0,0,0,0,0,0,0,0,0,0,0,0,0,0
20190713,168986,35388,29958,65346,32704,30328,63032,128378,9363,9038,18401,25,3,28,24,10,34,56,78,134,0,3,3,0,5,5,0,0,0,304,290,594,2,9,11,4613,4455,9068,0,0,0,4799,3198,7997,45,57,102,166,154,320,1,5,6,0,0,0,1988,1786,3774,0,0,0,0,0,0,0,0,0,0,0,0,0,0,0,0,3,3,0,10,10,0,0,0,100,18,118,0,0,0,0,0,0,0,0,0,0,0,0,0,0,0,0,0,0,0,0,0,0,0,0,0,0,0,0,0,0,0,0,0,0,0,0,0,0,0
20190714,177765,33388,31402,64790,34629,31842,66471,131261,9457,8616,18073,1640,1491,3131,772,771,1543,16,20,36,0,0,0,0,0,0,0,0,0,273,253,526,0,0,0,5171,4986,10157,0,0,0,2693,4575,7268,65,118,183,0,0,0,4,1,5,0,0,0,2756,2638,5394,0,0,0,0,0,0,0,0,0,0,0,0,0,0,0,2,2,4,0,0,0,0,0,0,43,141,184,0,0,0,0,0,0,0,0,0,0,0,0,0,0,0,0,0,0,0,0,0,0,0,0,0,0,0,0,0,0,0,0,0,0,0,0,0,0,0
20190715,164898,32923,31213,64136,30935,31066,62001,126137,8360,8101,16461,1,3,4,22,1,23,34,33,67,0,0,0,4,1,5,0,0,0,300,294,594,4,0,4,4398,4574,8972,0,0,0,3213,3116,6329,57,67,124,0,156,156,0,7,7,0,0,0,2240,2235,4475,0,0,0,0,0,0,0,0,0,0,0,0,0,0,0,720,767,1487,0,0,0,0,0,0,25,28,53,0,0,0,0,0,0,0,0,0,0,0,0,0,0,0,0,0,0,0,0,0,0,0,0,0,0,0,0,0,0,0,0,0,0,0,0,0,0,0
20190716,160726,29342,29175,58517,28305,29426,57731,116248,9009,8411,17420,4382,37,4419,496,494,990,46,52,98,0,0,0,0,0,0,0,0,0,314,317,631,5,6,11,4368,4528,8896,0,0,0,3292,3068,6360,149,39,188,0,0,0,6,12,18,0,0,0,2036,1998,4034,0,0,0,0,0,0,0,0,0,0,0,0,0,0,0,621,756,1377,0,0,0,0,0,0,17,19,36,0,0,0,0,0,0,0,0,0,0,0,0,0,0,0,0,0,0,0,0,0,0,0,0,0,0,0,0,0,0,0,0,0,0,0,0,0,0,0
20190717,158314,30107,30911,61018,28517,28136,56653,117671,9491,8559,18050,1412,12,1424,166,152,318,47,36,83,0,0,0,0,0,0,0,0,0,299,282,581,0,0,0,4250,4419,8669,0,0,0,3349,3040,6389,47,114,161,0,0,0,12,2,14,0,0,0,2396,2479,4875,0,0,0,0,0,0,0,0,0,0,0,0,0,0,0,4,3,7,0,0,0,0,0,0,41,31,72,0,0,0,0,0,0,0,0,0,0,0,0,0,0,0,0,0,0,0,0,0,0,0,0,0,0,0,0,0,0,0,0,0,0,0,0,0,0,0
20190718,150708,29247,27556,56803,29384,29102,58486,115289,8339,7857,16196,1,0,1,29,13,42,31,72,103,0,0,0,0,9,9,0,0,0,263,235,498,0,0,0,4487,4245,8732,0,0,0,3061,2597,5658,34,60,94,0,0,0,13,11,24,0,0,0,2000,1975,3975,0,0,0,0,0,0,0,0,0,0,0,0,0,0,0,7,7,14,0,0,0,0,0,0,37,36,73,0,0,0,0,0,0,0,0,0,0,0,0,0,0,0,0,0,0,0,0,0,0,0,0,0,0,0,0,0,0,0,0,0,0,0,0,0,0,0
20190719,161770,31600,29258,60858,31130,29240,60370,121228,9681,8501,18182,13,1541,1554,6,51,57,37,41,78,0,0,0,0,0,0,0,0,0,428,300,728,0,0,0,4829,4377,9206,0,0,0,3721,2524,6245,35,30,65,156,0,156,1,0,1,0,0,0,2134,2109,4243,0,0,0,0,0,0,0,0,0,0,0,0,0,0,0,1,1,2,0,0,0,0,0,0,12,13,25,0,0,0,0,0,0,0,0,0,0,0,0,0,0,0,0,0,0,0,0,0,0,0,0,0,0,0,0,0,0,0,0,0,0,0,0,0,0,0
20190720,173108,33255,30100,63355,33745,32348,66093,129448,9682,8987,18669,162,120,282,17,4,21,21,37,58,0,0,0,1,25,26,0,0,0,320,259,579,2,0,2,4831,4492,9323,0,0,0,4445,3634,8079,39,150,189,150,106,256,1,4,5,0,0,0,2639,2289,4928,0,0,0,0,0,0,0,0,0,0,0,0,0,0,0,618,535,1153,0,0,0,0,0,0,49,41,90,0,0,0,0,0,0,0,0,0,0,0,0,0,0,0,0,0,0,0,0,0,0,0,0,0,0,0,0,0,0,0,0,0,0,0,0,0,0,0
20190721,185239,32916,31267,64183,36156,33566,69722,133905,9922,9232,19154,3529,3855,7384,454,601,1055,17,15,32,2,2,4,0,0,0,0,0,0,273,261,534,0,1,1,5226,5015,10241,0,0,0,2978,4204,7182,86,51,137,0,0,0,5,1,6,0,0,0,2776,2723,5499,0,0,0,0,0,0,0,0,0,0,0,0,0,0,0,1,1,2,0,12,12,0,0,0,54,37,91,0,0,0,0,0,0,0,0,0,0,0,0,0,0,0,0,0,0,0,0,0,0,0,0,0,0,0,0,0,0,0,0,0,0,0,0,0,0,0
20190722,165270,31350,30409,61759,32940,31576,64516,126275,8485,8174,16659,65,77,142,7,15,22,57,52,109,0,0,0,3,4,7,0,0,0,307,292,599,0,4,4,4608,4652,9260,0,0,0,3158,3308,6466,70,42,112,0,0,0,2,1,3,0,0,0,2453,2421,4874,0,0,0,0,0,0,0,0,0,0,0,0,0,0,0,284,337,621,0,15,15,0,0,0,55,47,102,0,0,0,0,0,0,0,0,0,0,0,0,0,0,0,0,0,0,0,0,0,0,0,0,0,0,0,0,0,0,0,0,0,0,0,0,0,0,0
20190723,156083,28673,27660,56333,30610,29058,59668,116001,9462,8605,18067,1,0,1,321,221,542,50,68,118,0,0,0,0,0,0,0,0,0,355,319,674,3,0,3,4625,4475,9100,0,0,0,3332,2975,6307,47,45,92,0,0,0,0,6,6,0,0,0,2382,2112,4494,0,0,0,0,0,0,0,0,0,0,0,0,0,0,0,270,311,581,0,26,26,0,0,0,41,30,71,0,0,0,0,0,0,0,0,0,0,0,0,0,0,0,0,0,0,0,0,0,0,0,0,0,0,0,0,0,0,0,0,0,0,0,0,0,0,0
20190724,172859,29541,28248,57789,31705,28737,60442,118231,9493,8641,18134,6705,6382,13087,99,167,266,48,65,113,2,0,2,0,19,19,0,0,0,299,281,580,3,0,3,4653,4392,9045,0,0,0,3450,3400,6850,108,36,144,21,0,21,2,14,16,0,0,0,2863,2642,5505,0,0,0,0,0,0,0,0,0,0,0,0,0,0,0,476,191,667,0,52,52,0,0,0,52,72,124,0,0,0,0,0,0,0,0,0,0,0,0,0,0,0,0,0,0,0,0,0,0,0,0,0,0,0,0,0,0,0,0,0,0,0,0,0,0,0
20190725,162923,30734,27903,58637,32440,30399,62839,121476,9163,8416,17579,0,2,2,546,813,1359,36,20,56,3,4,7,0,0,0,0,0,0,276,217,493,0,0,0,5269,4672,9941,0,0,0,3612,3293,6905,36,42,78,0,10,10,19,4,23,0,0,0,2363,2115,4478,0,0,0,0,0,0,0,0,0,0,0,0,0,0,0,246,219,465,0,15,15,0,0,0,23,13,36,0,0,0,0,0,0,0,0,0,0,0,0,0,0,0,0,0,0,0,0,0,0,0,0,0,0,0,0,0,0,0,0,0,0,0,0,0,0,0
20190726,173686,31566,29655,61221,33974,32204,66178,127399,10437,8578,19015,2168,1627,3795,5,10,15,49,70,119,4,2,6,0,9,9,0,0,0,389,263,652,0,0,0,5140,4731,9871,0,0,0,3617,3348,6965,105,64,169,0,0,0,3,6,9,0,0,0,2578,2302,4880,0,0,0,0,0,0,0,0,0,0,0,0,0,0,0,394,274,668,0,4,4,0,0,0,66,44,110,0,0,0,0,0,0,0,0,0,0,0,0,0,0,0,0,0,0,0,0,0,0,0,0,0,0,0,0,0,0,0,0,0,0,0,0,0,0,0
20190727,176427,34344,29148,63492,36242,32423,68665,132157,9815,8855,18670,30,17,47,17,24,41,22,59,81,0,1,1,0,0,0,0,0,0,324,246,570,0,0,0,5144,4709,9853,0,0,0,5240,3248,8488,249,115,364,89,135,224,0,1,1,0,0,0,2661,2378,5039,0,0,0,0,0,0,0,0,0,0,0,0,0,0,0,369,407,776,0,8,8,0,0,0,40,67,107,0,0,0,0,0,0,0,0,0,0,0,0,0,0,0,0,0,0,0,0,0,0,0,0,0,0,0,0,0,0,0,0,0,0,0,0,0,0,0
20190728,181600,32944,30625,63569,35625,34104,69729,133298,9902,8858,18760,1628,1485,3113,781,332,1113,18,12,30,0,0,0,0,10,10,0,0,0,284,244,528,0,0,0,5316,5096,10412,0,0,0,3341,4793,8134,41,188,229,0,0,0,0,9,9,0,0,0,3019,2819,5838,0,0,0,0,0,0,0,0,0,0,0,0,0,0,0,2,6,8,0,0,0,0,0,0,14,104,118,0,0,0,0,0,0,0,0,0,0,0,0,0,0,0,0,0,0,0,0,0,0,0,0,0,0,0,0,0,0,0,0,0,0,0,0,0,0,0
20190729,168412,29852,29048,58900,34892,31171,66063,124963,8966,8057,17023,1971,2224,4195,10,18,28,18,41,59,0,0,0,0,0,0,0,0,0,312,267,579,0,3,3,4521,4503,9024,0,0,0,3216,3436,6652,41,73,114,0,0,0,6,3,9,0,0,0,2605,2404,5009,0,0,0,0,0,0,0,0,0,0,0,0,0,0,0,369,263,632,0,18,18,0,0,0,49,55,104,0,0,0,0,0,0,0,0,0,0,0,0,0,0,0,0,0,0,0,0,0,0,0,0,0,0,0,0,0,0,0,0,0,0,0,0,0,0,0
20190730,155575,29149,27274,56423,30775,28476,59251,115674,9432,8430,17862,1,18,19,266,375,641,34,58,92,0,3,3,1,0,1,0,0,0,409,301,710,0,0,0,4589,4265,8854,0,0,0,3506,2886,6392,35,51,86,0,0,0,1,1,2,0,0,0,2264,2087,4351,0,0,0,0,0,0,0,0,0,0,0,0,0,0,0,514,317,831,0,8,8,0,0,0,29,20,49,0,0,0,0,0,0,0,0,0,0,0,0,0,0,0,0,0,0,0,0,0,0,0,0,0,0,0,0,0,0,0,0,0,0,0,0,0,0,0
20190731,163815,28904,27384,56288,31514,28598,60112,116400,9522,8242,17764,3670,3550,7220,144,584,728,60,31,91,2,0,2,0,0,0,0,0,0,315,232,547,0,0,0,4853,4454,9307,0,0,0,3101,2918,6019,77,41,118,0,0,0,5,8,13,0,0,0,2686,2279,4965,0,0,0,0,0,0,0,0,0,0,0,0,0,0,0,266,309,575,0,3,3,0,0,0,37,26,63,0,0,0,0,0,0,0,0,0,0,0,0,0,0,0,0,0,0,0,0,0,0,0,0,0,0,0,0,0,0,0,0,0,0,0,0,0,0,0
20190801,159940,28921,27978,56899,31652,31707,63359,120258,8534,8596,17130,5,1,6,307,587,894,43,34,77,0,0,0,0,0,0,0,0,0,236,226,462,1,3,4,5077,4844,9921,0,0,0,3108,2633,5741,46,70,116,0,0,0,6,3,9,0,0,0,2464,2327,4791,0,0,0,0,0,0,0,0,0,0,0,0,0,0,0,258,188,446,3,6,9,0,0,0,47,29,76,0,0,0,0,0,0,0,0,0,0,0,0,0,0,0,0,0,0,0,0,0,0,0,0,0,0,0,0,0,0,0,0,0,0,0,0,0,0,0
20190802,169477,30184,28365,58549,34088,32361,66449,124998,9620,9229,18849,1601,1778,3379,17,26,43,38,30,68,0,0,0,0,3,3,0,0,0,337,323,660,0,0,0,5051,4572,9623,0,0,0,3365,3020,6385,48,42,90,0,0,0,1,7,8,0,0,0,2429,2366,4795,0,0,0,0,0,0,0,0,0,0,0,0,0,0,0,234,235,469,4,0,4,0,0,0,70,33,103,0,0,0,0,0,0,0,0,0,0,0,0,0,0,0,0,0,0,0,0,0,0,0,0,0,0,0,0,0,0,0,0,0,0,0,0,0,0,0
20190803,167490,31846,27513,59359,33241,32078,65319,124678,9993,8769,18762,0,3,3,6,21,27,74,34,108,2,0,2,3,0,3,0,0,0,290,150,440,0,0,0,4954,4644,9598,0,0,0,4682,2998,7680,144,69,213,119,137,256,7,9,16,0,0,0,2578,2376,4954,0,0,0,0,0,0,0,0,0,0,0,0,0,0,0,286,308,594,0,0,0,0,0,0,98,58,156,0,0,0,0,0,0,0,0,0,0,0,0,0,0,0,0,0,0,0,0,0,0,0,0,0,0,0,0,0,0,0,0,0,0,0,0,0,0,0
20190804,179446,29882,29816,59698,34775,33533,68308,128006,9290,8880,18170,3917,3862,7779,560,488,1048,46,91,137,0,0,0,1,0,1,0,0,0,238,259,497,0,0,0,5252,5073,10325,0,0,0,2843,4562,7405,64,74,138,0,0,0,7,2,9,0,0,0,2958,2824,5782,0,0,0,0,0,0,0,0,0,0,0,0,0,0,0,5,6,11,0,10,10,0,0,0,32,96,128,0,0,0,0,0,0,0,0,0,0,0,0,0,0,0,0,0,0,0,0,0,0,0,0,0,0,0,0,0,0,0,0,0,0,0,0,0,0,0
20190805,156315,28260,27045,55305,32858,32875,65733,121038,7406,7122,14528,0,0,0,12,29,41,35,19,54,0,0,0,5,5,10,0,0,0,251,140,391,4,3,7,4730,4654,9384,0,0,0,2649,3333,5982,53,65,118,0,0,0,9,10,19,0,0,0,1988,2019,4007,0,0,0,0,0,0,0,0,0,0,0,0,0,0,0,261,363,624,0,0,0,0,0,0,65,47,112,0,0,0,0,0,0,0,0,0,0,0,0,0,0,0,0,0,0,0,0,0,0,0,0,0,0,0,0,0,0,0,0,0,0,0,0,0,0,0
20190806,154877,26687,26938,53625,30717,30807,61524,115149,9427,9340,18767,4,4,8,255,302,557,55,81,136,0,0,0,0,0,0,0,0,0,315,352,667,8,6,14,4519,4522,9041,0,0,0,2502,2686,5188,21,106,127,0,0,0,3,3,6,0,0,0,2337,2137,4474,0,0,0,0,0,0,0,0,0,0,0,0,0,0,0,344,303,647,1,2,3,0,0,0,44,49,93,0,0,0,0,0,0,0,0,0,0,0,0,0,0,0,0,0,0,0,0,0,0,0,0,0,0,0,0,0,0,0,0,0,0,0,0,0,0,0
20190807,163102,26058,28264,54322,30127,31641,61768,116090,9399,9128,18527,3747,1990,5737,192,365,557,34,45,79,0,2,2,0,0,0,0,0,0,267,237,504,5,0,5,4824,4736,9560,0,0,0,2989,2724,5713,35,45,80,0,0,0,3,3,6,0,0,0,2643,2680,5323,0,0,0,0,0,0,0,0,0,0,0,0,0,0,0,443,407,850,1,2,3,0,0,0,26,40,66,0,0,0,0,0,0,0,0,0,0,0,0,0,0,0,0,0,0,0,0,0,0,0,0,0,0,0,0,0,0,0,0,0,0,0,0,0,0,0
20190808,153126,26872,26993,53865,28225,33483,61708,115573,8629,8530,17159,2,0,2,9,3,12,31,47,78,0,0,0,0,0,0,0,0,0,239,219,458,1,1,2,4147,4836,8983,0,0,0,3246,3087,6333,0,0,0,0,0,0,6,8,14,0,0,0,2258,2242,4500,0,0,0,0,0,0,0,0,0,0,0,0,0,0,0,1,0,1,0,11,11,0,0,0,0,0,0,0,0,0,0,0,0,0,0,0,0,0,0,0,0,0,0,0,0,0,0,0,0,0,0,0,0,0,0,0,0,0,0,0,0,0,0,0,0,0
20190809,96343,11071,15213,26284,16152,18450,34602,60886,10407,9932,20339,0,0,0,0,5,5,16,21,37,0,0,0,0,0,0,0,0,0,373,387,760,8,2,10,2074,1745,3819,0,0,0,2948,2511,5459,0,0,0,0,0,0,1,1,2,7,0,7,2282,2736,5018,0,0,0,0,0,0,0,0,0,0,0,0,0,0,0,0,0,0,1,0,1,0,0,0,0,0,0,0,0,0,0,0,0,0,0,0,0,0,0,0,0,0,0,0,0,0,0,0,0,0,0,0,0,0,0,0,0,0,0,0,0,0,0,0,0,0
20190810,194622,38400,35600,74000,40243,37846,78089,152089,9381,9530,18911,2,1031,1033,10,6,16,14,40,54,0,0,0,0,0,0,0,0,0,258,247,505,0,0,0,4371,4174,8545,0,0,0,4660,3238,7898,0,0,0,145,121,266,3,5,8,0,0,0,2600,2697,5297,0,0,0,0,0,0,0,0,0,0,0,0,0,0,0,0,0,0,0,0,0,0,0,0,0,0,0,0,0,0,0,0,0,0,0,0,0,0,0,0,0,0,0,0,0,0,0,0,0,0,0,0,0,0,0,0,0,0,0,0,0,0,0,0,0,0
20190811,191130,32929,31730,64659,37490,38147,75637,140296,9486,9894,19380,3077,3276,6353,15,37,52,18,40,58,0,0,0,0,0,0,0,0,0,265,255,520,3,0,3,5392,5382,10774,0,0,0,3039,4707,7746,73,73,146,0,0,0,3,0,3,0,0,0,2854,2834,5688,0,0,0,0,0,0,0,0,0,0,0,0,0,0,0,2,10,12,0,0,0,0,0,0,56,43,99,0,0,0,0,0,0,0,0,0,0,0,0,0,0,0,0,0,0,0,0,0,0,0,0,0,0,0,0,0,0,0,0,0,0,0,0,0,0,0
20190812,158974,27257,26646,53903,33805,33139,66944,120847,7909,8411,16320,0,2,2,25,54,79,81,57,138,1,0,1,4,4,8,0,0,0,241,253,494,0,0,0,4521,4609,9130,0,0,0,2708,3043,5751,73,68,141,0,0,0,3,1,4,0,0,0,2191,2175,4366,0,0,0,0,0,0,0,0,0,0,0,0,0,0,0,741,758,1499,0,77,77,0,0,0,42,75,117,0,0,0,0,0,0,0,0,0,0,0,0,0,0,0,0,0,0,0,0,0,0,0,0,0,0,0,0,0,0,0,0,0,0,0,0,0,0,0
20190813,153684,24247,27958,52205,29574,34548,64122,116327,7891,8536,16427,4,5,9,443,517,960,240,53,293,0,0,0,8,1,9,0,0,0,215,185,400,13,0,13,4665,4795,9460,0,0,0,2879,2669,5548,56,35,91,0,0,0,1,3,4,0,0,0,1524,1603,3127,0,0,0,0,0,0,0,0,0,0,0,0,0,0,0,410,483,893,2,65,67,0,0,0,41,15,56,0,0,0,0,0,0,0,0,0,0,0,0,0,0,0,0,0,0,0,0,0,0,0,0,0,0,0,0,0,0,0,0,0,0,0,0,0,0,0
20190814,167018,27227,30103,57330,30017,33458,63475,120805,9419,9968,19387,2237,1853,4090,17,76,93,50,44,94,4,4,8,0,2,2,0,0,0,220,249,469,7,2,9,4798,4924,9722,0,0,0,3478,3168,6646,40,39,79,0,0,0,2,0,2,0,0,0,2419,2724,5143,0,0,0,0,0,0,0,0,0,0,0,0,0,0,0,155,233,388,0,20,20,0,0,0,33,28,61,0,0,0,0,0,0,0,0,0,0,0,0,0,0,0,0,0,0,0,0,0,0,0,0,0,0,0,0,0,0,0,0,0,0,0,0,0,0,0
20190815,158702,27118,28494,55612,29430,33913,63343,118955,8083,8801,16884,0,0,0,223,509,732,21,14,35,0,0,0,0,0,0,0,0,0,212,229,441,2,12,14,4997,5314,10311,0,0,0,2901,3134,6035,40,51,91,0,0,0,0,1,1,0,0,0,2219,2347,4566,0,0,0,0,0,0,0,0,0,0,0,0,0,0,0,341,194,535,4,12,16,0,0,0,40,46,86,0,0,0,0,0,0,0,0,0,0,0,0,0,0,0,0,0,0,0,0,0,0,0,0,0,0,0,0,0,0,0,0,0,0,0,0,0,0,0
20190816,177304,27194,33421,60615,32470,38053,70523,131138,9838,10411,20249,1071,1636,2707,11,28,39,73,72,145,0,1,1,0,8,8,0,0,0,347,397,744,0,17,17,4835,5096,9931,0,0,0,3261,3063,6324,39,75,114,0,0,0,0,8,8,0,0,0,2327,2596,4923,0,0,0,0,0,0,0,0,0,0,0,0,0,0,0,386,465,851,1,0,1,0,0,0,55,49,104,0,0,0,0,0,0,0,0,0,0,0,0,0,0,0,0,0,0,0,0,0,0,0,0,0,0,0,0,0,0,0,0,0,0,0,0,0,0,0
20190817,175412,30702,32044,62746,34123,35482,69605,132351,9213,9963,19176,2,10,12,14,11,25,67,116,183,0,0,0,2,0,2,0,0,0,224,255,479,3,2,5,4620,4955,9575,0,0,0,4064,3557,7621,85,76,161,53,142,195,12,20,32,0,0,0,2275,2423,4698,0,0,0,0,0,0,0,0,0,0,0,0,0,0,0,312,458,770,0,13,13,0,0,0,71,43,114,0,0,0,0,0,0,0,0,0,0,0,0,0,0,0,0,0,0,0,0,0,0,0,0,0,0,0,0,0,0,0,0,0,0,0,0,0,0,0
20190818,179501,29175,32649,61824,33182,36941,70123,131947,8818,9726,18544,1644,1570,3214,699,626,1325,15,91,106,0,0,0,0,2,2,0,0,0,266,244,510,0,0,0,5015,5607,10622,0,0,0,2940,4589,7529,51,109,160,0,0,0,11,8,19,0,0,0,2588,2815,5403,0,0,0,0,0,0,0,0,0,0,0,0,0,0,0,4,2,6,0,14,14,0,0,0,32,68,100,0,0,0,0,0,0,0,0,0,0,0,0,0,0,0,0,0,0,0,0,0,0,0,0,0,0,0,0,0,0,0,0,0,0,0,0,0,0,0
20190819,171690,28653,31307,59960,33609,35328,68937,128897,8111,8718,16829,1861,2231,4092,15,20,35,30,49,79,0,0,0,0,2,2,0,0,0,211,194,405,0,0,0,4139,4956,9095,0,0,0,2628,3489,6117,34,49,83,0,0,0,7,4,11,0,0,0,2640,2720,5360,0,0,0,0,0,0,0,0,0,0,0,0,0,0,0,290,325,615,0,0,0,0,0,0,23,47,70,0,0,0,0,0,0,0,0,0,0,0,0,0,0,0,0,0,0,0,0,0,0,0,0,0,0,0,0,0,0,0,0,0,0,0,0,0,0,0
20190820,159508,27092,28702,55794,30147,33138,63285,119079,9241,9675,18916,2,7,9,248,244,492,76,64,140,0,0,0,0,0,0,0,0,0,359,293,652,0,0,0,4243,5061,9304,0,0,0,2569,2903,5472,67,51,118,0,0,0,11,7,18,0,0,0,2194,2241,4435,0,0,0,0,0,0,0,0,0,0,0,0,0,0,0,476,352,828,2,0,2,0,0,0,23,20,43,0,0,0,0,0,0,0,0,0,0,0,0,0,0,0,0,0,0,0,0,0,0,0,0,0,0,0,0,0,0,0,0,0,0,0,0,0,0,0
20190821,166462,27335,29575,56910,29875,32270,62145,119055,8783,9150,17933,3744,3915,7659,71,221,292,44,31,75,0,0,0,0,0,0,0,0,0,215,164,379,7,7,14,4405,4875,9280,0,0,0,3020,2807,5827,65,44,109,0,0,0,4,4,8,0,0,0,2554,2693,5247,0,0,0,0,0,0,0,0,0,0,0,0,0,0,0,263,226,489,0,6,6,0,0,0,70,19,89,0,0,0,0,0,0,0,0,0,0,0,0,0,0,0,0,0,0,0,0,0,0,0,0,0,0,0,0,0,0,0,0,0,0,0,0,0,0,0
20190822,159360,27647,28102,55749,30292,33137,63429,119178,8436,8703,17139,5,0,5,569,668,1237,64,57,121,4,4,8,1,10,11,0,0,0,126,97,223,10,9,19,4577,5257,9834,0,0,0,3259,3104,6363,59,41,100,0,0,0,17,5,22,0,0,0,2259,2031,4290,0,0,0,0,0,0,0,0,0,0,0,0,0,0,0,395,278,673,1,0,1,0,0,0,103,33,136,0,0,0,0,0,0,0,0,0,0,0,0,0,0,0,0,0,0,0,0,0,0,0,0,0,0,0,0,0,0,0,0,0,0,0,0,0,0,0
20190823,175682,30578,29872,60450,33832,35532,69364,129814,10076,8959,19035,1772,1561,3333,30,21,51,66,54,120,0,0,0,2,0,2,0,0,0,361,280,641,0,0,0,4782,5135,9917,0,0,0,3163,3197,6360,53,117,170,0,0,0,7,3,10,0,0,0,2745,2538,5283,0,0,0,0,0,0,0,0,0,0,0,0,0,0,0,264,541,805,4,0,4,0,0,0,25,112,137,0,0,0,0,0,0,0,0,0,0,0,0,0,0,0,0,0,0,0,0,0,0,0,0,0,0,0,0,0,0,0,0,0,0,0,0,0,0,0
20190824,136137,29384,27410,56794,26649,30570,57219,114013,3295,4844,8139,3,0,3,38,11,49,27,1,28,0,0,0,0,0,0,0,0,0,263,145,408,0,2,2,3995,4427,8422,0,0,0,0,0,0,0,0,0,0,0,0,0,0,0,0,0,0,2924,2144,5068,0,0,0,0,0,0,0,0,0,0,0,0,0,0,0,4,1,5,0,0,0,0,0,0,0,0,0,0,0,0,0,0,0,0,0,0,0,0,0,0,0,0,0,0,0,0,0,0,0,0,0,0,0,0,0,0,0,0,0,0,0,0,0,0,0,0
20190825,196173,37668,32064,69732,41349,37483,78832,148564,12704,10386,23090,3740,3728,7468,10,15,25,19,26,45,0,0,0,0,0,0,0,0,0,295,225,520,6,5,11,5253,5382,10635,0,0,0,0,0,0,0,0,0,0,0,0,0,0,0,0,0,0,3074,2739,5813,0,0,0,0,0,0,0,0,0,0,0,0,0,0,0,1,1,2,0,0,0,0,0,0,0,0,0,0,0,0,0,0,0,0,0,0,0,0,0,0,0,0,0,0,0,0,0,0,0,0,0,0,0,0,0,0,0,0,0,0,0,0,0,0,0,0
20190826,176773,32543,28944,61487,35426,33356,68782,130269,8953,8425,17378,55,40,95,14,15,29,3768,44,3812,0,0,0,0,7,7,0,0,0,264,247,511,0,4,4,4504,4733,9237,0,0,0,4462,4391,8853,80,71,151,0,0,0,2,11,13,0,0,0,2592,2439,5031,0,0,0,0,0,0,0,0,0,0,0,0,0,0,0,729,527,1256,0,24,24,0,0,0,72,31,103,0,0,0,0,0,0,0,0,0,0,0,0,0,0,0,0,0,0,0,0,0,0,0,0,0,0,0,0,0,0,0,0,0,0,0,0,0,0,0
20190827,161412,29445,26300,55745,31115,30193,61308,117053,9513,8692,18205,2082,2089,4171,715,357,1072,33,34,67,0,0,0,0,2,2,0,0,0,332,276,608,3,4,7,4269,4520,8789,0,0,0,3047,2981,6028,95,36,131,0,0,0,7,3,10,0,0,0,2332,2168,4500,0,0,0,0,0,0,0,0,0,0,0,0,0,0,0,316,369,685,0,28,28,0,0,0,22,34,56,0,0,0,0,0,0,0,0,0,0,0,0,0,0,0,0,0,0,0,0,0,0,0,0,0,0,0,0,0,0,0,0,0,0,0,0,0,0,0
20190828,160180,29477,26564,56041,30910,28309,59219,115260,8637,8062,16699,3729,3492,7221,67,67,134,52,37,89,0,0,0,0,0,0,2,0,2,280,206,486,0,7,7,4495,4711,9206,0,0,0,2826,2402,5228,53,54,107,0,0,0,0,0,0,0,0,0,2685,2536,5221,0,0,0,0,0,0,0,0,0,0,0,0,0,0,0,209,231,440,0,12,12,0,0,0,48,20,68,0,0,0,0,0,0,0,0,0,0,0,0,0,0,0,0,0,0,0,0,0,0,0,0,0,0,0,0,0,0,0,0,0,0,0,0,0,0,0
20190829,157259,29241,25122,54363,31369,27730,59099,113462,8021,7741,15762,5,4,9,314,334,648,4419,3617,8036,9,1,10,0,0,0,0,0,0,208,252,460,1,1,2,4553,4634,9187,0,0,0,3079,2112,5191,43,34,77,0,0,0,1,11,12,0,0,0,2089,1868,3957,0,0,0,0,0,0,0,0,0,0,0,0,0,0,0,213,151,364,0,11,11,0,0,0,35,36,71,0,0,0,0,0,0,0,0,0,0,0,0,0,0,0,0,0,0,0,0,0,0,0,0,0,0,0,0,0,0,0,0,0,0,0,0,0,0,0
20190830,155460,27652,26967,54619,30001,30526,60527,115146,8474,8368,16842,1408,1489,2897,43,21,64,33,110,143,2,2,4,0,0,0,0,0,0,295,285,580,2,2,4,4425,4460,8885,0,0,0,2405,3209,5614,154,60,214,0,0,0,13,4,17,0,0,0,2264,2211,4475,0,0,0,0,0,0,0,0,0,0,0,0,0,0,0,184,335,519,0,15,15,0,0,0,23,18,41,0,0,0,0,0,0,0,0,0,0,0,0,0,0,0,0,0,0,0,0,0,0,0,0,0,0,0,0,0,0,0,0,0,0,0,0,0,0,0
20190831,154853,28413,26644,55057,31145,30186,61331,116388,8482,8960,17442,1,0,1,17,5,22,57,50,107,0,1,1,0,9,9,0,0,0,244,242,486,1,2,3,4367,4404,8771,0,0,0,2900,3009,5909,25,167,192,0,0,0,8,6,14,0,0,0,2055,2249,4304,0,0,0,0,0,0,0,0,0,0,0,0,0,0,0,306,769,1075,0,25,25,0,0,0,50,54,104,0,0,0,0,0,0,0,0,0,0,0,0,0,0,0,0,0,0,0,0,0,0,0,0,0,0,0,0,0,0,0,0,0,0,0,0,0,0,0
20190901,162852,28133,27704,55837,30992,33736,64728,120565,7820,8426,16246,3644,3039,6683,316,243,559,26,35,61,0,8,8,0,0,0,0,0,0,255,157,412,0,0,0,4408,4900,9308,0,0,0,1847,2278,4125,27,21,48,10,0,10,12,8,20,0,0,0,2418,2318,4736,0,0,0,0,0,0,0,0,0,0,0,0,0,0,0,2,3,5,0,18,18,0,0,0,9,39,48,0,0,0,0,0,0,0,0,0,0,0,0,0,0,0,0,0,0,0,0,0,0,0,0,0,0,0,0,0,0,0,0,0,0,0,0,0,0,0
20190902,143011,25324,28421,53745,26987,31523,58510,112255,6444,7171,13615,1,18,19,8,9,17,31,50,81,0,0,0,0,0,0,0,0,0,187,207,394,0,6,6,3638,4262,7900,0,0,0,1590,1741,3331,20,18,38,0,3,3,6,11,17,0,0,0,2186,2656,4842,0,0,0,0,0,0,0,0,0,0,0,0,0,0,0,200,205,405,3,7,10,0,0,0,41,37,78,0,0,0,0,0,0,0,0,0,0,0,0,0,0,0,0,0,0,0,0,0,0,0,0,0,0,0,0,0,0,0,0,0,0,0,0,0,0,0
20190903,132080,22362,23842,46204,25048,28934,53982,100186,7934,8102,16036,2,0,2,269,122,391,51,27,78,0,0,0,0,0,0,0,0,0,297,233,530,17,0,17,3611,3959,7570,0,0,0,1549,1527,3076,15,29,44,0,0,0,7,0,7,0,0,0,1723,2014,3737,0,0,0,0,0,0,0,0,0,0,0,0,0,0,0,215,178,393,0,0,0,0,0,0,5,8,13,0,0,0,0,0,0,0,0,0,0,0,0,0,0,0,0,0,0,0,0,0,0,0,0,0,0,0,0,0,0,0,0,0,0,0,0,0,0,0
20190904,136342,23118,23913,47031,24049,28105,52154,99185,7852,7219,15071,3041,2411,5452,78,19,97,57,28,85,0,0,0,0,0,0,0,0,0,203,171,374,17,1,18,3916,4025,7941,0,0,0,1393,1390,2783,21,34,55,0,0,0,2,1,3,0,0,0,2392,2559,4951,0,0,0,0,0,0,0,0,0,0,0,0,0,0,0,215,78,293,0,1,1,0,0,0,13,20,33,0,0,0,0,0,0,0,0,0,0,0,0,0,0,0,0,0,0,0,0,0,0,0,0,0,0,0,0,0,0,0,0,0,0,0,0,0,0,0
20190905,137142,24866,24160,49026,28485,28606,57091,106117,7180,6528,13708,2,0,2,854,365,1219,45,38,83,0,0,0,0,0,0,0,0,0,187,196,383,0,8,8,4358,4162,8520,0,0,0,1561,1646,3207,19,19,38,0,0,0,0,1,1,0,0,0,1885,1629,3514,0,0,0,0,0,0,0,0,0,0,0,0,0,0,0,143,151,294,0,22,22,0,0,0,12,14,26,0,0,0,0,0,0,0,0,0,0,0,0,0,0,0,0,0,0,0,0,0,0,0,0,0,0,0,0,0,0,0,0,0,0,0,0,0,0,0
20190906,155488,29077,25647,54724,32832,30747,63579,118303,9119,8030,17149,665,1620,2285,5,15,20,27,81,108,0,0,0,0,0,0,0,0,0,366,276,642,0,0,0,4686,4028,8714,0,0,0,1655,1471,3126,21,39,60,0,0,0,10,8,18,0,0,0,2379,1866,4245,0,0,0,0,0,0,0,0,0,0,0,0,0,0,0,580,212,792,0,6,6,0,0,0,12,8,20,0,0,0,0,0,0,0,0,0,0,0,0,0,0,0,0,0,0,0,0,0,0,0,0,0,0,0,0,0,0,0,0,0,0,0,0,0,0,0
20190907,142847,26685,23113,49798,31451,28739,60190,109988,8291,7369,15660,0,0,0,16,8,24,28,75,103,0,1,1,0,0,0,0,0,0,241,184,425,0,0,0,4457,4037,8494,0,0,0,1985,1512,3497,34,28,62,0,0,0,7,12,19,0,0,0,2285,1933,4218,0,0,0,0,0,0,0,0,0,0,0,0,0,0,0,203,132,335,0,2,2,0,0,0,9,10,19,0,0,0,0,0,0,0,0,0,0,0,0,0,0,0,0,0,0,0,0,0,0,0,0,0,0,0,0,0,0,0,0,0,0,0,0,0,0,0
20190908,158108,28760,26598,55358,32586,30152,62738,118096,8441,6917,15358,3325,3177,6502,702,246,948,40,69,109,0,0,0,0,0,0,0,0,0,236,204,440,2,7,9,4412,3966,8378,0,0,0,1804,1521,3325,27,33,60,0,0,0,12,1,13,0,0,0,2598,2229,4827,0,0,0,0,0,0,0,0,0,0,0,0,0,0,0,11,11,22,0,0,0,0,0,0,9,12,21,0,0,0,0,0,0,0,0,0,0,0,0,0,0,0,0,0,0,0,0,0,0,0,0,0,0,0,0,0,0,0,0,0,0,0,0,0,0,0
20190909,126930,24107,23142,47249,26008,25898,51906,99155,6136,5947,12083,1,1,2,30,31,61,36,38,74,0,0,0,0,10,10,0,0,0,168,175,343,0,10,10,3561,4469,8030,0,0,0,1579,1344,2923,56,27,83,0,0,0,1,4,5,0,0,0,2058,1812,3870,0,0,0,0,0,0,0,0,0,0,0,0,0,0,0,182,90,272,0,0,0,0,0,0,7,2,9,0,0,0,0,0,0,0,0,0,0,0,0,0,0,0,0,0,0,0,0,0,0,0,0,0,0,0,0,0,0,0,0,0,0,0,0,0,0,0
20190910,125707,24355,21002,45357,26946,23179,50125,95482,8530,6094,14624,2,2,4,143,85,228,44,56,100,16,0,16,0,0,0,0,0,0,322,222,544,1,5,6,4146,3608,7754,0,0,0,1693,1136,2829,14,33,47,0,0,0,0,1,1,0,0,0,2128,1515,3643,0,0,0,0,0,0,0,0,0,0,0,0,0,0,0,245,116,361,0,6,6,0,0,0,17,45,62,0,0,0,0,0,0,0,0,0,0,0,0,0,0,0,0,0,0,0,0,0,0,0,0,0,0,0,0,0,0,0,0,0,0,0,0,0,0,0
20190911,139319,24939,24007,48946,27503,24529,52032,100978,7988,6491,14479,3181,3455,6636,34,40,74,105,72,177,0,0,0,0,1,1,0,0,0,266,205,471,0,2,2,4373,3894,8267,0,0,0,1857,1055,2912,24,31,55,0,0,0,3,3,6,0,0,0,2786,2169,4955,0,0,0,0,0,0,0,0,0,0,0,0,0,0,0,134,127,261,1,11,12,0,0,0,14,19,33,0,0,0,0,0,0,0,0,0,0,0,0,0,0,0,0,0,0,0,0,0,0,0,0,0,0,0,0,0,0,0,0,0,0,0,0,0,0,0
20190912,148308,28873,26827,55700,30827,28822,59649,115349,7659,6670,14329,0,0,0,334,291,625,52,55,107,0,0,0,0,2,2,0,0,0,201,189,390,2,0,2,4897,4255,9152,0,0,0,1988,1420,3408,28,109,137,0,0,0,0,10,10,0,0,0,2432,2029,4461,0,0,0,0,0,0,0,0,0,0,0,0,0,0,0,109,168,277,4,0,4,0,0,0,37,18,55,0,0,0,0,0,0,0,0,0,0,0,0,0,0,0,0,0,0,0,0,0,0,0,0,0,0,0,0,0,0,0,0,0,0,0,0,0,0,0
20190913,137469,24893,25601,50494,26700,28024,54724,105218,7108,7016,14124,1408,1609,3017,21,19,40,47,40,87,0,0,0,0,0,0,0,0,0,223,226,449,10,0,10,4120,3858,7978,0,0,0,1570,1182,2752,20,47,67,0,0,0,0,4,4,0,0,0,1812,1690,3502,0,0,0,0,0,0,0,0,0,0,0,0,0,0,0,51,113,164,0,17,17,0,0,0,24,16,40,0,0,0,0,0,0,0,0,0,0,0,0,0,0,0,0,0,0,0,0,0,0,0,0,0,0,0,0,0,0,0,0,0,0,0,0,0,0,0
20190914,127510,26067,22643,48710,25329,24971,50300,99010,7275,6190,13465,0,0,0,10,26,36,45,22,67,1,0,1,0,0,0,0,0,0,180,137,317,6,0,6,3569,3351,6920,0,0,0,1268,2042,3310,26,36,62,0,0,0,13,4,17,0,0,0,2060,1958,4018,0,0,0,0,0,0,0,0,0,0,0,0,0,0,0,118,119,237,0,4,4,0,0,0,15,25,40,0,0,0,0,0,0,0,0,0,0,0,0,0,0,0,0,0,0,0,0,0,0,0,0,0,0,0,0,0,0,0,0,0,0,0,0,0,0,0
20190915,172255,30420,32332,62752,32878,32844,65722,128474,7958,8201,16159,3715,3768,7483,354,751,1105,6,8,14,1,0,1,0,6,6,0,0,0,237,236,473,0,0,0,4461,4839,9300,0,0,0,1464,2087,3551,96,38,134,0,0,0,6,2,8,0,0,0,2681,2781,5462,0,0,0,0,0,0,0,0,0,0,0,0,0,0,0,12,10,22,0,12,12,0,0,0,25,26,51,0,0,0,0,0,0,0,0,0,0,0,0,0,0,0,0,0,0,0,0,0,0,0,0,0,0,0,0,0,0,0,0,0,0,0,0,0,0,0
20190916,155713,27326,29855,57181,29255,35249,64504,121685,6841,8417,15258,5,2,7,20,1,21,25,19,44,7,5,12,0,0,0,0,0,0,181,203,384,3,3,6,4154,4708,8862,0,0,0,1921,2390,4311,87,25,112,0,0,0,3,3,6,0,0,0,1904,2583,4487,0,0,0,0,0,0,0,0,0,0,0,0,0,0,0,190,264,454,0,6,6,0,0,0,26,32,58,0,0,0,0,0,0,0,0,0,0,0,0,0,0,0,0,0,0,0,0,0,0,0,0,0,0,0,0,0,0,0,0,0,0,0,0,0,0,0
20190917,142799,24338,26428,50766,26229,31486,57715,108481,6984,8819,15803,897,885,1782,4,52,56,44,101,145,0,0,0,0,0,0,0,0,0,214,235,449,7,7,14,3811,4280,8091,0,0,0,1185,2010,3195,14,287,301,0,0,0,3,3,6,0,0,0,1902,2503,4405,0,0,0,0,0,0,0,0,0,0,0,0,0,0,0,9,12,21,0,7,7,0,0,0,19,24,43,0,0,0,0,0,0,0,0,0,0,0,0,0,0,0,0,0,0,0,0,0,0,0,0,0,0,0,0,0,0,0,0,0,0,0,0,0,0,0
20190918,134497,21158,24819,45977,22972,29645,52617,98594,6480,8077,14557,2144,1543,3687,44,46,90,44,40,84,0,0,0,0,9,9,0,0,0,151,220,371,0,0,0,4023,4394,8417,0,0,0,1421,2305,3726,24,46,70,0,0,0,7,8,15,0,0,0,2096,2753,4849,0,0,0,0,0,0,0,0,0,0,0,0,0,0,0,0,2,2,0,1,1,0,0,0,13,12,25,0,0,0,0,0,0,0,0,0,0,0,0,0,0,0,0,0,0,0,0,0,0,0,0,0,0,0,0,0,0,0,0,0,0,0,0,0,0,0
20190919,133712,22593,24765,47358,25764,29673,55437,102795,6440,7497,13937,23,23,46,17,11,28,37,43,80,0,0,0,0,0,0,0,0,0,150,182,332,0,1,1,4027,4668,8695,0,0,0,1831,1949,3780,0,0,0,0,0,0,4,5,9,0,0,0,1901,2095,3996,0,0,0,0,0,0,0,0,0,0,0,0,0,0,0,1,3,4,0,9,9,0,0,0,0,0,0,0,0,0,0,0,0,0,0,0,0,0,0,0,0,0,0,0,0,0,0,0,0,0,0,0,0,0,0,0,0,0,0,0,0,0,0,0,0,0
20190920,152643,26745,26971,53716,29154,31437,60591,114307,8566,8147,16713,1807,1562,3369,12,10,22,51,79,130,0,0,0,0,0,0,0,0,0,256,188,444,1,6,7,4487,4329,8816,0,0,0,1810,2139,3949,302,37,339,0,0,0,1,9,10,0,0,0,2215,2214,4429,0,0,0,0,0,0,0,0,0,0,0,0,0,0,0,3,4,7,0,0,0,0,0,0,98,3,101,0,0,0,0,0,0,0,0,0,0,0,0,0,0,0,0,0,0,0,0,0,0,0,0,0,0,0,0,0,0,0,0,0,0,0,0,0,0,0
20190921,148710,28443,25095,53538,32912,28386,61298,114836,8790,7695,16485,1,0,1,15,12,27,33,57,90,0,0,0,4,0,4,0,0,0,189,142,331,0,0,0,4249,3868,8117,0,0,0,2001,1991,3992,34,41,75,0,0,0,7,3,10,0,0,0,2297,2330,4627,0,0,0,0,0,0,0,0,0,0,0,0,0,0,0,4,3,7,0,1,1,0,0,0,13,94,107,0,0,0,0,0,0,0,0,0,0,0,0,0,0,0,0,0,0,0,0,0,0,0,0,0,0,0,0,0,0,0,0,0,0,0,0,0,0,0
20190922,160693,29103,28783,57886,34109,30221,64330,122216,7970,7629,15599,1557,1247,2804,455,286,741,35,35,70,8,6,14,0,0,0,0,0,0,186,219,405,6,0,6,4615,4448,9063,0,0,0,2334,2102,4436,32,28,60,0,0,0,8,4,12,0,0,0,2734,2495,5229,0,0,0,0,0,0,0,0,0,0,0,0,0,0,0,0,3,3,0,4,4,0,0,0,9,22,31,0,0,0,0,0,0,0,0,0,0,0,0,0,0,0,0,0,0,0,0,0,0,0,0,0,0,0,0,0,0,0,0,0,0,0,0,0,0,0
20190923,155465,28024,27522,55546,31105,31841,62946,118492,8240,7536,15776,1538,1920,3458,11,6,17,55,45,100,0,0,0,0,4,4,0,0,0,158,199,357,6,0,6,3848,4068,7916,0,0,0,2046,2265,4311,22,82,104,0,0,0,6,3,9,0,0,0,2197,2162,4359,0,0,0,0,0,0,0,0,0,0,0,0,0,0,0,241,249,490,0,14,14,0,0,0,20,32,52,0,0,0,0,0,0,0,0,0,0,0,0,0,0,0,0,0,0,0,0,0,0,0,0,0,0,0,0,0,0,0,0,0,0,0,0,0,0,0
20190924,140550,26073,23633,49706,29875,27437,57312,107018,8889,7671,16560,4,5,9,153,94,247,82,107,189,0,0,0,1,8,9,0,0,0,183,118,301,4,5,9,3840,4068,7908,0,0,0,1820,1691,3511,31,29,60,0,0,0,2,9,11,0,0,0,2278,2022,4300,0,0,0,0,0,0,0,0,0,0,0,0,0,0,0,201,137,338,0,44,44,0,0,0,20,16,36,0,0,0,0,0,0,0,0,0,0,0,0,0,0,0,0,0,0,0,0,0,0,0,0,0,0,0,0,0,0,0,0,0,0,0,0,0,0,0
20190925,145427,26454,24172,50626,28938,26091,55029,105655,8658,7722,16380,3226,1281,4507,196,49,245,91,82,173,1,0,1,0,0,0,0,0,0,206,216,422,3,0,3,4419,3933,8352,0,0,0,2046,2039,4085,38,25,63,0,0,0,10,1,11,0,0,0,2801,2378,5179,0,0,0,0,0,0,0,0,0,0,0,0,0,0,0,85,110,195,0,4,4,0,0,0,15,137,152,0,0,0,0,0,0,0,0,0,0,0,0,0,0,0,0,0,0,0,0,0,0,0,0,0,0,0,0,0,0,0,0,0,0,0,0,0,0,0
20190926,141231,27901,23713,51614,30641,26525,57166,108780,8038,6409,14447,0,2,2,217,358,575,27,30,57,0,2,2,0,0,0,0,0,0,212,129,341,0,7,7,4905,3698,8603,0,0,0,2307,1716,4023,44,24,68,0,0,0,4,12,16,0,0,0,2341,1655,3996,0,0,0,0,0,0,0,0,0,0,0,0,0,0,0,148,126,274,0,0,0,0,0,0,21,19,40,0,0,0,0,0,0,0,0,0,0,0,0,0,0,0,0,0,0,0,0,0,0,0,0,0,0,0,0,0,0,0,0,0,0,0,0,0,0,0
20190927,156280,31677,25317,56994,34430,26707,61137,118131,10091,6774,16865,1314,1395,2709,24,7,31,55,46,101,0,0,0,1,1,2,0,0,0,273,279,552,3,4,7,5044,3559,8603,0,0,0,2543,1808,4351,25,32,57,0,0,0,9,3,12,0,0,0,2668,1847,4515,0,0,0,0,0,0,0,0,0,0,0,0,0,0,0,163,166,329,0,1,1,0,0,0,8,6,14,0,0,0,0,0,0,0,0,0,0,0,0,0,0,0,0,0,0,0,0,0,0,0,0,0,0,0,0,0,0,0,0,0,0,0,0,0,0,0
20190928,151168,32029,23953,55982,33709,25772,59481,115463,9794,7048,16842,0,1,1,8,4,12,49,49,98,2,2,4,0,0,0,0,0,0,163,103,266,0,0,0,4758,3502,8260,0,0,0,3102,1458,4560,53,72,125,0,0,0,12,16,28,0,0,0,2902,2072,4974,0,0,0,0,0,0,0,0,0,0,0,0,0,0,0,242,137,379,0,2,2,0,0,0,140,14,154,0,0,0,0,0,0,0,0,0,0,0,0,0,0,0,0,0,0,0,0,0,0,0,0,0,0,0,0,0,0,0,0,0,0,0,0,0,0,0
20190929,149489,28377,26764,55141,34095,24357,58452,113593,9142,6625,15767,1482,446,1928,560,2,562,53,43,96,0,0,0,0,0,0,0,0,0,281,169,450,3,2,5,4804,3375,8179,0,0,0,2877,1109,3986,52,60,112,0,0,0,12,6,18,0,0,0,2726,2019,4745,0,0,0,0,0,0,0,0,0,0,0,0,0,0,0,4,1,5,0,0,0,0,0,0,17,26,43,0,0,0,0,0,0,0,0,0,0,0,0,0,0,0,0,0,0,0,0,0,0,0,0,0,0,0,0,0,0,0,0,0,0,0,0,0,0,0
20190930,105679,20441,18541,38982,19190,17744,36934,75916,9192,6153,15345,6,0,6,41,14,55,48,63,111,0,0,0,0,0,0,0,0,0,182,183,365,2,0,2,3198,2734,5932,0,0,0,2662,976,3638,0,0,0,0,0,0,7,0,7,0,0,0,2516,1786,4302,0,0,0,0,0,0,0,0,0,0,0,0,0,0,0,0,0,0,0,0,0,0,0,0,0,0,0,0,0,0,0,0,0,0,0,0,0,0,0,0,0,0,0,0,0,0,0,0,0,0,0,0,0,0,0,0,0,0,0,0,0,0,0,0,0,0
20191001,155827,34038,27067,61105,38470,22707,61177,122282,9394,6389,15783,2,11,13,21,42,63,29,41,70,0,0,0,0,2,2,0,0,0,245,251,496,1,8,9,5068,3230,8298,0,0,0,4143,699,4842,0,0,0,0,0,0,2,14,16,0,0,0,2219,1727,3946,0,0,0,0,0,0,0,0,0,0,0,0,0,0,0,2,1,3,0,4,4,0,0,0,0,0,0,0,0,0,0,0,0,0,0,0,0,0,0,0,0,0,0,0,0,0,0,0,0,0,0,0,0,0,0,0,0,0,0,0,0,0,0,0,0,0
20191002,134876,26555,22796,49351,29769,20603,50372,99723,8784,6547,15331,296,702,998,176,22,198,62,45,107,0,0,0,0,0,0,0,0,0,122,113,235,0,0,0,4269,2965,7234,0,0,0,3869,1574,5443,129,55,184,0,0,0,18,11,29,0,0,0,2350,2206,4556,0,0,0,0,0,0,0,0,0,0,0,0,0,0,0,550,96,646,0,28,28,0,0,0,158,6,164,0,0,0,0,0,0,0,0,0,0,0,0,0,0,0,0,0,0,0,0,0,0,0,0,0,0,0,0,0,0,0,0,0,0,0,0,0,0,0
20191003,133727,28279,24286,52565,25672,24381,50053,102618,6939,6208,13147,1,1,2,103,150,253,31,32,63,0,0,0,0,0,0,0,0,0,89,93,182,5,0,5,4343,4002,8345,0,0,0,2774,2489,5263,48,37,85,0,0,0,20,25,45,0,0,0,1805,1813,3618,0,0,0,0,0,0,0,0,0,0,0,0,0,0,0,3,3,6,2,18,20,0,0,0,63,12,75,0,0,0,0,0,0,0,0,0,0,0,0,0,0,0,0,0,0,0,0,0,0,0,0,0,0,0,0,0,0,0,0,0,0,0,0,0,0,0
20191004,146320,25820,27492,53312,26927,30539,57466,110778,7316,7499,14815,702,1417,2119,6,11,17,49,94,143,1,0,1,0,4,4,0,0,0,258,271,529,7,0,7,3636,4236,7872,0,0,0,2485,3042,5527,31,29,60,0,0,0,4,5,9,0,0,0,2009,2156,4165,0,0,0,0,0,0,0,0,0,0,0,0,0,0,0,65,90,155,3,10,13,0,0,0,36,70,106,0,0,0,0,0,0,0,0,0,0,0,0,0,0,0,0,0,0,0,0,0,0,0,0,0,0,0,0,0,0,0,0,0,0,0,0,0,0,0
20191005,150833,27110,32549,59659,22820,33643,56463,116122,6683,8805,15488,1,1,2,8,8,16,34,31,65,5,6,11,4,0,4,0,0,0,175,221,396,1,0,1,3494,4806,8300,0,0,0,1841,3427,5268,27,53,80,0,0,0,5,0,5,0,0,0,2087,2706,4793,0,0,0,0,0,0,0,0,0,0,0,0,0,0,0,68,117,185,0,19,19,0,0,0,21,57,78,0,0,0,0,0,0,0,0,0,0,0,0,0,0,0,0,0,0,0,0,0,0,0,0,0,0,0,0,0,0,0,0,0,0,0,0,0,0,0
20191006,163612,24602,36780,61382,24595,38199,62794,124176,6819,10237,17056,2035,1023,3058,19,5,24,19,56,75,1,0,1,0,0,0,0,0,0,157,225,382,0,0,0,3199,5373,8572,0,0,0,1231,3838,5069,29,57,86,0,0,0,0,0,0,0,0,0,2119,2897,5016,0,0,0,0,0,0,0,0,0,0,0,0,0,0,0,7,0,7,0,0,0,0,0,0,16,74,90,0,0,0,0,0,0,0,0,0,0,0,0,0,0,0,0,0,0,0,0,0,0,0,0,0,0,0,0,0,0,0,0,0,0,0,0,0,0,0
20191007,142900,20171,34455,54626,20041,36013,56054,110680,5068,9817,14885,0,0,0,12,0,12,34,33,67,0,0,0,0,0,0,0,0,0,97,184,281,8,1,9,2601,4930,7531,0,0,0,939,3935,4874,16,54,70,0,0,0,1,0,1,0,0,0,1537,2454,3991,0,0,0,0,0,0,0,0,0,0,0,0,0,0,0,65,378,443,0,0,0,0,0,0,12,44,56,0,0,0,0,0,0,0,0,0,0,0,0,0,0,0,0,0,0,0,0,0,0,0,0,0,0,0,0,0,0,0,0,0,0,0,0,0,0,0
20191008,144606,20826,33824,54650,19149,36305,55454,110104,5535,10361,15896,1,1,2,81,781,862,44,714,758,0,0,0,0,0,0,0,0,0,184,378,562,7,12,19,2494,4968,7462,0,0,0,1224,3103,4327,33,65,98,0,0,0,4,13,17,0,0,0,1529,2530,4059,0,0,0,0,0,0,0,0,0,0,0,0,0,0,0,128,277,405,1,0,1,0,0,0,10,24,34,0,0,0,0,0,0,0,0,0,0,0,0,0,0,0,0,0,0,0,0,0,0,0,0,0,0,0,0,0,0,0,0,0,0,0,0,0,0,0
20191009,164015,22006,40414,62420,20924,39477,60401,122821,6769,11371,18140,884,3422,4306,55,55,110,71,112,183,0,0,0,0,0,0,0,0,0,101,226,327,0,0,0,2685,5106,7791,0,0,0,1294,3022,4316,36,55,91,0,0,0,10,7,17,0,0,0,2226,3027,5253,0,0,0,0,0,0,0,0,0,0,0,0,0,0,0,92,510,602,1,1,2,0,0,0,16,40,56,0,0,0,0,0,0,0,0,0,0,0,0,0,0,0,0,0,0,0,0,0,0,0,0,0,0,0,0,0,0,0,0,0,0,0,0,0,0,0
20191010,165569,25914,38388,64302,25061,39521,64582,128884,6290,10859,17149,11,8,19,105,762,867,29,52,81,2,0,2,0,0,0,0,0,0,129,255,384,3,9,12,3046,5558,8604,0,0,0,1169,3382,4551,23,228,251,0,0,0,4,0,4,0,0,0,1960,2756,4716,0,0,0,0,0,0,0,0,0,0,0,0,0,0,0,0,1,1,0,0,0,0,0,0,5,39,44,0,0,0,0,0,0,0,0,0,0,0,0,0,0,0,0,0,0,0,0,0,0,0,0,0,0,0,0,0,0,0,0,0,0,0,0,0,0,0
20191011,171662,29078,27198,56276,30391,33134,63525,119801,8091,8598,16689,8022,8059,16081,4,4,8,55,67,122,0,0,0,0,0,0,0,0,0,250,225,475,0,0,0,4141,4360,8501,0,0,0,2275,2333,4608,47,44,91,0,0,0,1,4,5,0,0,0,2233,2460,4693,0,0,0,0,0,0,0,0,0,0,0,0,0,0,0,173,354,527,1,16,17,0,0,0,24,20,44,0,0,0,0,0,0,0,0,0,0,0,0,0,0,0,0,0,0,0,0,0,0,0,0,0,0,0,0,0,0,0,0,0,0,0,0,0,0,0
20191012,142943,33329,21840,55169,30434,23878,54312,109481,8569,6205,14774,1745,1303,3048,26,1,27,24,109,133,0,0,0,0,8,8,0,0,0,231,97,328,0,0,0,2745,2275,5020,0,0,0,2541,2087,4628,93,20,113,0,0,0,6,2,8,0,0,0,2610,2113,4723,0,0,0,0,0,0,0,0,0,0,0,0,0,0,0,401,171,572,0,0,0,0,0,0,58,22,80,0,0,0,0,0,0,0,0,0,0,0,0,0,0,0,0,0,0,0,0,0,0,0,0,0,0,0,0,0,0,0,0,0,0,0,0,0,0,0
20191013,188315,39261,29919,69180,43454,32903,76357,145537,11309,8733,20042,1707,994,2701,762,166,928,15,22,37,0,0,0,0,0,0,0,0,0,309,170,479,0,0,0,3869,4244,8113,0,0,0,3091,1432,4523,155,23,178,0,0,0,3,3,6,0,0,0,3114,2593,5707,0,0,0,0,0,0,0,0,0,0,0,0,0,0,0,6,7,13,0,4,4,0,0,0,43,4,47,0,0,0,0,0,0,0,0,0,0,0,0,0,0,0,0,0,0,0,0,0,0,0,0,0,0,0,0,0,0,0,0,0,0,0,0,0,0,0
20191014,178644,38347,29352,67699,38964,34262,73226,140925,8990,8395,17385,1,0,1,13,1,14,22,104,126,0,0,0,0,0,0,0,0,0,273,225,498,5,1,6,4772,4755,9527,0,0,0,2809,1764,4573,41,26,67,0,0,0,0,10,10,0,0,0,2776,2675,5451,0,0,0,0,0,0,0,0,0,0,0,0,0,0,0,2,2,4,0,9,9,0,0,0,17,31,48,0,0,0,0,0,0,0,0,0,0,0,0,0,0,0,0,0,0,0,0,0,0,0,0,0,0,0,0,0,0,0,0,0,0,0,0,0,0,0
20191015,158485,32153,25238,57391,35150,30530,65680,123071,8954,8408,17362,2,1,3,14,1,15,40,52,92,0,2,2,0,0,0,0,0,0,352,156,508,0,0,0,4182,4211,8393,0,0,0,2263,2230,4493,0,0,0,0,0,0,11,8,19,0,0,0,2278,2245,4523,0,0,0,0,0,0,0,0,0,0,0,0,0,0,0,2,2,4,0,0,0,0,0,0,0,0,0,0,0,0,0,0,0,0,0,0,0,0,0,0,0,0,0,0,0,0,0,0,0,0,0,0,0,0,0,0,0,0,0,0,0,0,0,0,0,0
20191016,149613,29439,25006,54445,30048,28347,58395,112840,8268,8158,16426,1007,879,1886,63,32,95,53,81,134,2,0,2,0,0,0,0,0,0,224,172,396,4,0,4,4414,3892,8306,0,0,0,1666,2320,3986,49,46,95,0,0,0,12,2,14,0,0,0,2592,2729,5321,0,0,0,0,0,0,0,0,0,0,0,0,0,0,0,3,4,7,3,1,4,0,0,0,60,37,97,0,0,0,0,0,0,0,0,0,0,0,0,0,0,0,0,0,0,0,0,0,0,0,0,0,0,0,0,0,0,0,0,0,0,0,0,0,0,0
20191017,150986,28504,25492,53996,30332,30752,61084,115080,7320,8102,15422,1304,1399,2703,22,27,49,29,68,97,0,4,4,0,0,0,0,0,0,167,123,290,0,6,6,4523,4544,9067,0,0,0,1937,1991,3928,17,61,78,121,161,282,2,2,4,0,0,0,1992,1878,3870,0,0,0,0,0,0,0,0,0,0,0,0,0,0,0,14,13,27,0,9,9,0,0,0,53,17,70,0,0,0,0,0,0,0,0,0,0,0,0,0,0,0,0,0,0,0,0,0,0,0,0,0,0,0,0,0,0,0,0,0,0,0,0,0,0,0
20191018,168251,31209,27578,58787,35425,34343,69768,128555,9513,8682,18195,996,1418,2414,19,5,24,36,31,67,4,0,4,0,0,0,0,0,0,361,251,612,1,0,1,4580,4357,8937,0,0,0,2092,2222,4314,36,72,108,0,0,0,3,6,9,0,0,0,2555,2362,4917,0,0,0,0,0,0,0,0,0,0,0,0,0,0,0,3,2,5,1,0,1,0,0,0,22,66,88,0,0,0,0,0,0,0,0,0,0,0,0,0,0,0,0,0,0,0,0,0,0,0,0,0,0,0,0,0,0,0,0,0,0,0,0,0,0,0
20191019,166359,32820,27873,60693,35150,32130,67280,127973,9431,8382,17813,0,2,2,2,1,3,30,28,58,0,0,0,0,0,0,0,0,0,191,178,369,8,3,11,4699,4407,9106,0,0,0,3253,2198,5451,55,87,142,0,0,0,1,22,23,0,0,0,2705,2640,5345,0,0,0,0,0,0,0,0,0,0,0,0,0,0,0,1,9,10,0,0,0,0,0,0,24,29,53,0,0,0,0,0,0,0,0,0,0,0,0,0,0,0,0,0,0,0,0,0,0,0,0,0,0,0,0,0,0,0,0,0,0,0,0,0,0,0
20191020,178612,32696,31608,64304,35901,33171,69072,133376,9470,9147,18617,3100,2125,5225,1,0,1,54,75,129,0,0,0,0,0,0,0,0,0,157,106,263,0,0,0,4776,4715,9491,0,0,0,2619,2820,5439,64,42,106,161,121,282,21,5,26,0,0,0,2787,2707,5494,0,0,0,0,0,0,0,0,0,0,0,0,0,0,0,1,4,5,0,39,39,0,0,0,77,42,119,0,0,0,0,0,0,0,0,0,0,0,0,0,0,0,0,0,0,0,0,0,0,0,0,0,0,0,0,0,0,0,0,0,0,0,0,0,0,0
20191021,161465,29686,27983,57669,34625,32339,66964,124633,8739,7847,16586,892,898,1790,1,4,5,47,45,92,1,1,2,0,0,0,0,0,0,161,208,369,0,5,5,4418,4532,8950,0,0,0,2005,1992,3997,35,27,62,0,0,0,7,6,13,0,0,0,2212,2399,4611,0,0,0,0,0,0,0,0,0,0,0,0,0,0,0,134,84,218,0,30,30,0,0,0,46,56,102,0,0,0,0,0,0,0,0,0,0,0,0,0,0,0,0,0,0,0,0,0,0,0,0,0,0,0,0,0,0,0,0,0,0,0,0,0,0,0
20191022,153302,28286,26036,54322,33066,30552,63618,117940,8800,8030,16830,3,4,7,611,220,831,52,40,92,0,0,0,1,0,1,0,0,0,224,209,433,1,0,1,4132,4379,8511,0,0,0,2146,1669,3815,29,39,68,0,0,0,9,8,17,0,0,0,2143,2191,4334,0,0,0,0,0,0,0,0,0,0,0,0,0,0,0,186,202,388,0,15,15,0,0,0,5,14,19,0,0,0,0,0,0,0,0,0,0,0,0,0,0,0,0,0,0,0,0,0,0,0,0,0,0,0,0,0,0,0,0,0,0,0,0,0,0,0
20191023,154890,29266,27118,56384,31468,28920,60388,116772,9063,7870,16933,831,856,1687,40,41,81,35,54,89,0,0,0,0,4,4,0,0,0,159,201,360,0,3,3,4594,4508,9102,0,0,0,2129,2142,4271,34,46,80,0,0,0,0,1,1,0,0,0,2699,2320,5019,0,0,0,0,0,0,0,0,0,0,0,0,0,0,0,254,169,423,0,12,12,0,0,0,16,37,53,0,0,0,0,0,0,0,0,0,0,0,0,0,0,0,0,0,0,0,0,0,0,0,0,0,0,0,0,0,0,0,0,0,0,0,0,0,0,0
20191024,154088,29459,25938,55397,31604,30132,61736,117133,8577,7481,16058,1278,1377,2655,147,297,444,71,64,135,0,0,0,0,0,0,0,0,0,163,161,324,0,0,0,4737,4646,9383,0,0,0,2058,1765,3823,19,60,79,0,0,0,2,12,14,0,0,0,2149,1837,3986,0,0,0,0,0,0,0,0,0,0,0,0,0,0,0,18,8,26,0,1,1,0,0,0,19,8,27,0,0,0,0,0,0,0,0,0,0,0,0,0,0,0,0,0,0,0,0,0,0,0,0,0,0,0,0,0,0,0,0,0,0,0,0,0,0,0
20191025,169493,31955,28168,60123,35953,33375,69328,129451,9587,8463,18050,894,1517,2411,3,12,15,24,52,76,0,0,0,4,7,11,0,0,0,353,293,646,0,3,3,4682,4303,8985,0,0,0,2167,2169,4336,30,57,87,8,0,8,11,5,16,0,0,0,2672,2377,5049,0,0,0,0,0,0,0,0,0,0,0,0,0,0,0,139,149,288,2,0,2,0,0,0,32,27,59,0,0,0,0,0,0,0,0,0,0,0,0,0,0,0,0,0,0,0,0,0,0,0,0,0,0,0,0,0,0,0,0,0,0,0,0,0,0,0
20191026,167579,31087,27022,58109,35393,30066,65459,123568,9099,8087,17186,2601,2588,5189,4,5,9,43,87,130,0,0,0,0,0,0,0,0,0,191,119,310,0,0,0,4939,4436,9375,0,0,0,3335,2608,5943,75,141,216,166,128,294,7,21,28,0,0,0,2618,2445,5063,0,0,0,0,0,0,0,0,0,0,0,0,0,0,0,106,112,218,1,0,1,0,0,0,17,32,49,0,0,0,0,0,0,0,0,0,0,0,0,0,0,0,0,0,0,0,0,0,0,0,0,0,0,0,0,0,0,0,0,0,0,0,0,0,0,0
20191027,168107,29216,31383,60599,34645,30843,65488,126087,8438,8133,16571,2868,1612,4480,331,325,656,20,31,51,0,0,0,0,0,0,0,0,0,217,174,391,0,0,0,4867,4879,9746,0,0,0,2270,2798,5068,51,17,68,0,8,8,22,0,22,0,0,0,2428,2439,4867,0,0,0,0,0,0,0,0,0,0,0,0,0,0,0,4,11,15,0,0,0,0,0,0,30,47,77,0,0,0,0,0,0,0,0,0,0,0,0,0,0,0,0,0,0,0,0,0,0,0,0,0,0,0,0,0,0,0,0,0,0,0,0,0,0,0
20191028,151917,27276,29417,56693,31287,30954,62241,118934,7141,7444,14585,2,35,37,12,3,15,41,66,107,0,0,0,0,0,0,0,0,0,161,229,390,0,4,4,4297,4335,8632,0,0,0,2302,2081,4383,30,35,65,0,0,0,2,1,3,0,0,0,1997,2427,4424,0,0,0,0,0,0,0,0,0,0,0,0,0,0,0,173,110,283,0,18,18,0,0,0,27,10,37,0,0,0,0,0,0,0,0,0,0,0,0,0,0,0,0,0,0,0,0,0,0,0,0,0,0,0,0,0,0,0,0,0,0,0,0,0,0,0
20191029,138725,24510,25057,49567,28858,28192,57050,106617,7659,7289,14948,6,11,17,2,2,4,65,68,133,0,0,0,0,0,0,0,0,0,209,237,446,5,1,6,3962,4214,8176,0,0,0,1864,1706,3570,33,26,59,87,182,269,4,4,8,0,0,0,1928,2238,4166,0,0,0,0,0,0,0,0,0,0,0,0,0,0,0,166,112,278,0,18,18,0,0,0,4,6,10,0,0,0,0,0,0,0,0,0,0,0,0,0,0,0,0,0,0,0,0,0,0,0,0,0,0,0,0,0,0,0,0,0,0,0,0,0,0,0
20191030,137900,24770,24960,49730,27520,26433,53953,103683,7616,7436,15052,592,325,917,11,47,58,46,46,92,0,0,0,0,0,0,0,0,0,153,183,336,0,0,0,4353,4033,8386,0,0,0,1870,1898,3768,31,17,48,128,166,294,1,6,7,0,0,0,2272,2355,4627,0,0,0,0,0,0,0,0,0,0,0,0,0,0,0,184,403,587,0,12,12,0,0,0,17,16,33,0,0,0,0,0,0,0,0,0,0,0,0,0,0,0,0,0,0,0,0,0,0,0,0,0,0,0,0,0,0,0,0,0,0,0,0,0,0,0
20191031,144939,27702,25227,52929,30268,27799,58067,110996,7485,6736,14221,855,1373,2228,7,0,7,47,59,106,2,0,2,0,0,0,0,0,0,195,130,325,23,0,23,4642,4323,8965,0,0,0,2005,1978,3983,45,15,60,54,77,131,0,0,0,0,0,0,2121,1748,3869,0,0,0,0,0,0,0,0,0,0,0,0,0,0,0,0,1,1,0,7,7,0,0,0,6,9,15,0,0,0,0,0,0,0,0,0,0,0,0,0,0,0,0,0,0,0,0,0,0,0,0,0,0,0,0,0,0,0,0,0,0,0,0,0,0,0
20191101,158070,29967,26120,56087,33244,30871,64115,120202,8973,7984,16957,531,1588,2119,1,4,5,28,70,98,0,0,0,0,0,0,0,0,0,276,249,525,1,0,1,4842,4394,9236,0,0,0,2077,1907,3984,112,40,152,0,0,0,8,9,17,0,0,0,2582,2120,4702,0,0,0,0,0,0,0,0,0,0,0,0,0,0,0,3,2,5,1,20,21,0,0,0,32,14,46,0,0,0,0,0,0,0,0,0,0,0,0,0,0,0,0,0,0,0,0,0,0,0,0,0,0,0,0,0,0,0,0,0,0,0,0,0,0,0
20191102,147071,27641,24296,51937,31755,28904,60659,112596,7897,7136,15033,2,0,2,2,5,7,39,53,92,0,0,0,0,0,0,0,0,0,164,173,337,0,0,0,4547,3972,8519,0,0,0,2846,2030,4876,29,52,81,135,107,242,5,7,12,0,0,0,2521,2268,4789,0,0,0,0,0,0,0,0,0,0,0,0,0,0,0,278,133,411,0,15,15,0,0,0,29,30,59,0,0,0,0,0,0,0,0,0,0,0,0,0,0,0,0,0,0,0,0,0,0,0,0,0,0,0,0,0,0,0,0,0,0,0,0,0,0,0
20191103,163968,27785,29933,57718,30923,31728,62651,120369,8215,8003,16218,4839,2225,7064,124,125,249,19,24,43,0,0,0,0,0,0,0,0,0,151,157,308,4,0,4,4580,4762,9342,0,0,0,2255,3115,5370,53,41,94,0,0,0,6,2,8,0,0,0,2390,2436,4826,0,0,0,0,0,0,0,0,0,0,0,0,0,0,0,3,0,3,0,7,7,0,0,0,26,37,63,0,0,0,0,0,0,0,0,0,0,0,0,0,0,0,0,0,0,0,0,0,0,0,0,0,0,0,0,0,0,0,0,0,0,0,0,0,0,0
20191104,148573,25842,28053,53895,29442,32930,62372,116267,7404,7310,14714,1,0,1,1,2,3,51,24,75,0,0,0,0,0,0,0,0,0,152,198,350,0,5,5,4102,4784,8886,0,0,0,2125,1830,3955,33,32,65,0,0,0,2,0,2,0,0,0,1812,2361,4173,0,0,0,0,0,0,0,0,0,0,0,0,0,0,0,5,3,8,2,2,4,0,0,0,23,42,65,0,0,0,0,0,0,0,0,0,0,0,0,0,0,0,0,0,0,0,0,0,0,0,0,0,0,0,0,0,0,0,0,0,0,0,0,0,0,0
20191105,147928,24110,25764,49874,28008,30526,58534,108408,7438,7970,15408,2227,1813,4040,2,11,13,36,1947,1983,0,0,0,0,0,0,0,0,0,314,283,597,4,2,6,4166,4580,8746,0,0,0,1782,2212,3994,0,0,0,91,77,168,0,8,8,0,0,0,2119,2437,4556,0,0,0,0,0,0,0,0,0,0,0,0,0,0,0,1,0,1,0,0,0,0,0,0,0,0,0,0,0,0,0,0,0,0,0,0,0,0,0,0,0,0,0,0,0,0,0,0,0,0,0,0,0,0,0,0,0,0,0,0,0,0,0,0,0,0
20191106,135908,23487,25595,49082,26623,28226,54849,103931,7523,7595,15118,7,6,13,28,37,65,59,48,107,0,0,0,0,0,0,0,0,0,89,105,194,0,4,4,4247,4495,8742,0,0,0,1748,1710,3458,31,59,90,0,0,0,4,9,13,0,0,0,2016,2084,4100,0,0,0,0,0,0,0,0,0,0,0,0,0,0,0,1,2,3,9,2,11,0,0,0,21,38,59,0,0,0,0,0,0,0,0,0,0,0,0,0,0,0,0,0,0,0,0,0,0,0,0,0,0,0,0,0,0,0,0,0,0,0,0,0,0,0
20191107,145538,26488,26701,53189,27986,31511,59497,112686,7102,7748,14850,1,0,1,36,9,45,33,194,227,0,0,0,0,0,0,0,0,0,174,146,320,7,0,7,4425,4532,8957,0,0,0,2364,2077,4441,53,39,92,129,79,208,11,2,13,0,0,0,1936,1724,3660,0,0,0,0,0,0,0,0,0,0,0,0,0,0,0,6,0,6,1,1,2,0,0,0,11,12,23,0,0,0,0,0,0,0,0,0,0,0,0,0,0,0,0,0,0,0,0,0,0,0,0,0,0,0,0,0,0,0,0,0,0,0,0,0,0,0
20191108,161323,29700,27463,57163,32355,32414,64769,121932,8947,8611,17558,729,1778,2507,10,3,13,26,19,45,0,0,0,1,4,5,0,0,0,321,313,634,1,3,4,4889,4456,9345,0,0,0,2375,1865,4240,26,14,40,126,117,243,6,0,6,0,0,0,2437,2286,4723,0,0,0,0,0,0,0,0,0,0,0,0,0,0,0,1,0,1,0,1,1,0,0,0,16,10,26,0,0,0,0,0,0,0,0,0,0,0,0,0,0,0,0,0,0,0,0,0,0,0,0,0,0,0,0,0,0,0,0,0,0,0,0,0,0,0
20191109,159509,28338,26504,54842,32360,30483,62843,117685,7978,7526,15504,2775,2773,5548,5,12,17,22,29,51,3,0,3,2,0,2,0,0,0,174,154,328,0,6,6,4514,4334,8848,0,0,0,3468,2699,6167,34,29,63,92,54,146,0,2,2,0,0,0,2566,2512,5078,0,0,0,0,0,0,0,0,0,0,0,0,0,0,0,3,4,7,0,1,1,0,0,0,37,16,53,0,0,0,0,0,0,0,0,0,0,0,0,0,0,0,0,0,0,0,0,0,0,0,0,0,0,0,0,0,0,0,0,0,0,0,0,0,0,0
20191110,167594,29939,31743,61682,32897,31370,64267,125949,8605,8779,17384,2870,476,3346,146,203,349,43,44,87,0,2,2,0,0,0,0,0,0,185,205,390,0,6,6,4710,4980,9690,0,0,0,2075,2898,4973,29,36,65,104,128,232,0,1,1,0,0,0,2481,2559,5040,0,0,0,0,0,0,0,0,0,0,0,0,0,0,0,2,1,3,0,0,0,0,0,0,28,49,77,0,0,0,0,0,0,0,0,0,0,0,0,0,0,0,0,0,0,0,0,0,0,0,0,0,0,0,0,0,0,0,0,0,0,0,0,0,0,0
20191111,154074,27582,28733,56315,31281,31357,62638,118953,7894,7533,15427,4,3,7,10,15,25,30,1681,1711,0,0,0,0,1,1,0,0,0,179,171,350,6,0,6,4188,4704,8892,0,0,0,1962,1979,3941,16,51,67,0,0,0,4,3,7,0,0,0,1991,2353,4344,0,0,0,0,0,0,0,0,0,0,0,0,0,0,0,133,134,267,0,30,30,0,0,0,26,20,46,0,0,0,0,0,0,0,0,0,0,0,0,0,0,0,0,0,0,0,0,0,0,0,0,0,0,0,0,0,0,0,0,0,0,0,0,0,0,0
20191112,148894,24585,26212,50797,30145,30862,61007,111804,8409,8227,16636,1351,1297,2648,78,76,154,41,49,90,0,0,0,0,7,7,0,0,0,313,250,563,8,1,9,3990,4561,8551,0,0,0,1563,1839,3402,30,38,68,201,166,367,3,2,5,0,0,0,2006,2319,4325,0,0,0,0,0,0,0,0,0,0,0,0,0,0,0,86,156,242,0,2,2,0,0,0,11,10,21,0,0,0,0,0,0,0,0,0,0,0,0,0,0,0,0,0,0,0,0,0,0,0,0,0,0,0,0,0,0,0,0,0,0,0,0,0,0,0
20191113,145231,26031,27683,53714,28103,28716,56819,110533,8245,8083,16328,3,7,10,50,44,94,102,61,163,11,9,20,0,8,8,0,0,0,89,166,255,0,6,6,4398,4652,9050,0,0,0,1626,1828,3454,25,49,74,0,0,0,0,3,3,0,0,0,2341,2440,4781,0,0,0,0,0,0,0,0,0,0,0,0,0,0,0,252,134,386,1,28,29,0,0,0,22,15,37,0,0,0,0,0,0,0,0,0,0,0,0,0,0,0,0,0,0,0,0,0,0,0,0,0,0,0,0,0,0,0,0,0,0,0,0,0,0,0
20191114,153261,29543,27331,56874,30755,31758,62513,119387,8154,8128,16282,2,0,2,2,0,2,54,52,106,0,0,0,0,0,0,0,0,0,158,168,326,0,0,0,4553,4500,9053,0,0,0,1768,1987,3755,20,13,33,120,76,196,7,6,13,0,0,0,2046,2013,4059,0,0,0,0,0,0,0,0,0,0,0,0,0,0,0,9,10,19,0,1,1,0,0,0,10,17,27,0,0,0,0,0,0,0,0,0,0,0,0,0,0,0,0,0,0,0,0,0,0,0,0,0,0,0,0,0,0,0,0,0,0,0,0,0,0,0
20191115,172760,31506,28958,60464,34924,34459,69383,129847,9797,9011,18808,435,1767,2202,4,4,8,1691,62,1753,0,0,0,0,2,2,0,0,0,322,237,559,0,0,0,5051,4670,9721,0,0,0,2102,2538,4640,47,52,99,0,0,0,0,3,3,0,0,0,2565,2452,5017,0,0,0,0,0,0,0,0,0,0,0,0,0,0,0,1,0,1,1,1,2,0,0,0,74,24,98,0,0,0,0,0,0,0,0,0,0,0,0,0,0,0,0,0,0,0,0,0,0,0,0,0,0,0,0,0,0,0,0,0,0,0,0,0,0,0
20191116,161776,30388,27834,58222,33273,31694,64967,123189,8733,8350,17083,0,3,3,7,13,20,63,30,93,0,0,0,0,4,4,0,0,0,218,173,391,0,0,0,4551,4364,8915,0,0,0,3484,2470,5954,40,52,92,71,109,180,4,2,6,0,0,0,2815,2514,5329,0,0,0,0,0,0,0,0,0,0,0,0,0,0,0,206,227,433,0,0,0,0,0,0,74,10,84,0,0,0,0,0,0,0,0,0,0,0,0,0,0,0,0,0,0,0,0,0,0,0,0,0,0,0,0,0,0,0,0,0,0,0,0,0,0,0
20191117,174603,30859,32594,63453,34120,33534,67654,131107,8978,9194,18172,1758,1120,2878,208,161,369,7,26,33,1,1,2,0,0,0,0,0,0,180,191,371,0,0,0,4887,5183,10070,0,0,0,2573,3279,5852,49,70,119,83,70,153,2,5,7,0,0,0,2668,2672,5340,0,0,0,0,0,0,0,0,0,0,0,0,0,0,0,2,1,3,0,0,0,0,0,0,17,110,127,0,0,0,0,0,0,0,0,0,0,0,0,0,0,0,0,0,0,0,0,0,0,0,0,0,0,0,0,0,0,0,0,0,0,0,0,0,0,0
20191118,156472,27802,28651,56453,31819,32761,64580,121033,7985,8186,16171,1,4,5,12,13,25,55,50,105,0,0,0,0,0,0,0,0,0,187,214,401,3,0,3,4381,4681,9062,0,0,0,2499,2296,4795,42,21,63,0,0,0,6,0,6,0,0,0,2319,2452,4771,0,0,0,0,0,0,0,0,0,0,0,0,0,0,0,4,2,6,2,1,3,0,0,0,8,15,23,0,0,0,0,0,0,0,0,0,0,0,0,0,0,0,0,0,0,0,0,0,0,0,0,0,0,0,0,0,0,0,0,0,0,0,0,0,0,0
20191119,148214,26657,25672,52329,30014,30135,60149,112478,8530,7831,16361,1081,378,1459,12,21,33,32,40,72,0,0,0,0,0,0,0,0,0,237,248,485,5,0,5,4121,4427,8548,0,0,0,2163,1703,3866,0,0,0,117,97,214,4,12,16,0,0,0,2378,2296,4674,0,0,0,0,0,0,0,0,0,0,0,0,0,0,0,2,1,3,0,0,0,0,0,0,0,0,0,0,0,0,0,0,0,0,0,0,0,0,0,0,0,0,0,0,0,0,0,0,0,0,0,0,0,0,0,0,0,0,0,0,0,0,0,0,0,0
20191120,148174,27445,26022,53467,29588,29040,58628,112095,8448,7951,16399,1,1,2,26,537,563,57,80,137,1,0,1,2,0,2,0,0,0,163,215,378,0,0,0,4717,4564,9281,0,0,0,2913,1981,4894,15,21,36,0,0,0,9,1,10,0,0,0,2220,2125,4345,0,0,0,0,0,0,0,0,0,0,0,0,0,0,0,2,1,3,0,4,4,0,0,0,11,13,24,0,0,0,0,0,0,0,0,0,0,0,0,0,0,0,0,0,0,0,0,0,0,0,0,0,0,0,0,0,0,0,0,0,0,0,0,0,0,0
20191121,152727,29330,26669,55999,30824,30458,61282,117281,8467,7820,16287,2,2,4,21,8,29,69,27,96,0,0,0,0,0,0,0,0,0,90,97,187,0,3,3,4804,4440,9244,0,0,0,2382,2713,5095,46,35,81,154,89,243,0,3,3,0,0,0,2123,1988,4111,0,0,0,0,0,0,0,0,0,0,0,0,0,0,0,4,6,10,0,11,11,0,0,0,16,26,42,0,0,0,0,0,0,0,0,0,0,0,0,0,0,0,0,0,0,0,0,0,0,0,0,0,0,0,0,0,0,0,0,0,0,0,0,0,0,0
20191122,164025,30520,27373,57893,33490,31201,64691,122584,9823,8325,18148,423,1639,2062,4,1,5,80,36,116,5,5,10,0,0,0,0,0,0,342,322,664,1,0,1,5189,4701,9890,0,0,0,2424,2742,5166,18,102,120,0,0,0,1,11,12,0,0,0,2764,2377,5141,0,0,0,0,0,0,0,0,0,0,0,0,0,0,0,4,2,6,0,3,3,0,0,0,33,64,97,0,0,0,0,0,0,0,0,0,0,0,0,0,0,0,0,0,0,0,0,0,0,0,0,0,0,0,0,0,0,0,0,0,0,0,0,0,0,0
20191123,158315,29223,27535,56758,34357,29606,63963,120721,8951,7876,16827,0,5,5,5,1,6,25,54,79,1,1,2,1,0,1,0,0,0,202,171,373,0,0,0,4684,4176,8860,0,0,0,3326,2376,5702,43,51,94,104,122,226,9,0,9,0,0,0,2709,2425,5134,0,0,0,45,148,193,0,0,0,0,0,0,0,0,0,12,13,25,0,20,20,0,0,0,33,5,38,0,0,0,0,0,0,0,0,0,0,0,0,0,0,0,0,0,0,0,0,0,0,0,0,0,0,0,0,0,0,0,0,0,0,0,0,0,0,0
20191124,171704,30279,32133,62412,34064,31432,65496,127908,9338,9556,18894,1609,785,2394,517,61,578,9,25,34,0,0,0,0,0,0,0,0,0,176,207,383,0,0,0,4745,5050,9795,0,0,0,2534,3093,5627,43,84,127,57,85,142,2,14,16,0,0,0,2838,2801,5639,0,0,0,0,0,0,0,0,0,0,0,0,0,0,0,5,4,9,0,19,19,0,0,0,35,104,139,0,0,0,0,0,0,0,0,0,0,0,0,0,0,0,0,0,0,0,0,0,0,0,0,0,0,0,0,0,0,0,0,0,0,0,0,0,0,0
20191125,154940,28347,28116,56463,31474,32106,63580,120043,8255,7873,16128,3,3,6,0,2,2,55,30,85,0,0,0,0,0,0,0,0,0,106,111,217,0,0,0,4447,4629,9076,0,0,0,2369,2072,4441,54,21,75,85,0,85,13,19,32,0,0,0,2200,2450,4650,0,0,0,0,0,0,0,0,0,0,0,0,0,0,0,2,3,5,0,47,47,0,0,0,37,11,48,0,0,0,0,0,0,0,0,0,0,0,0,0,0,0,0,0,0,0,0,0,0,0,0,0,0,0,0,0,0,0,0,0,0,0,0,0,0,0
20191126,141342,26063,25400,51463,28754,29087,57841,109304,8265,7841,16106,797,505,1302,1,6,7,44,58,102,0,0,0,0,1,1,0,0,0,281,330,611,6,2,8,2392,2748,5140,0,0,0,1864,1725,3589,63,27,90,142,115,257,24,12,36,0,0,0,2305,2453,4758,0,0,0,0,0,0,0,0,0,0,0,0,0,0,0,0,1,1,0,8,8,0,0,0,12,10,22,0,0,0,0,0,0,0,0,0,0,0,0,0,0,0,0,0,0,0,0,0,0,0,0,0,0,0,0,0,0,0,0,0,0,0,0,0,0,0
20191127,142268,26170,26084,52254,27904,27309,55213,107467,8302,8042,16344,0,1,1,398,31,429,68,114,182,0,0,0,0,0,0,0,0,0,84,107,191,0,0,0,4245,4443,8688,0,0,0,1673,1767,3440,43,28,71,0,0,0,4,4,8,0,0,0,2363,2365,4728,0,0,0,148,44,192,0,0,0,0,0,0,0,0,0,225,259,484,0,3,3,0,0,0,13,27,40,0,0,0,0,0,0,0,0,0,0,0,0,0,0,0,0,0,0,0,0,0,0,0,0,0,0,0,0,0,0,0,0,0,0,0,0,0,0,0
20191128,145412,28420,26641,55061,28233,28979,57212,112273,7761,7795,15556,0,1,1,1,3,4,41,39,80,0,0,0,0,0,0,0,0,0,153,192,345,3,0,3,4354,4251,8605,0,0,0,1883,2154,4037,20,9,29,143,155,298,1,2,3,0,0,0,2235,1920,4155,0,0,0,0,0,0,0,0,0,0,0,0,0,0,0,5,4,9,0,0,0,0,0,0,6,8,14,0,0,0,0,0,0,0,0,0,0,0,0,0,0,0,0,0,0,0,0,0,0,0,0,0,0,0,0,0,0,0,0,0,0,0,0,0,0,0
20191129,159897,29714,27773,57487,32580,30043,62623,120110,9230,8409,17639,671,1754,2425,2,6,8,103,50,153,0,4,4,1,0,1,0,0,0,378,289,667,7,0,7,4894,4458,9352,0,0,0,1987,2269,4256,23,55,78,0,0,0,6,8,14,0,0,0,2752,2389,5141,0,0,0,0,0,0,0,0,0,0,0,0,0,0,0,3,4,7,6,3,9,0,0,0,14,12,26,0,0,0,0,0,0,0,0,0,0,0,0,0,0,0,0,0,0,0,0,0,0,0,0,0,0,0,0,0,0,0,0,0,0,0,0,0,0,0
20191130,154231,29732,26987,56719,32037,28683,60720,117439,8694,7880,16574,0,6,6,10,16,26,46,33,79,1,0,1,0,2,2,0,0,0,155,161,316,0,7,7,4587,4082,8669,0,0,0,3082,2196,5278,26,51,77,114,54,168,4,6,10,0,0,0,2825,2623,5448,0,0,0,0,0,0,0,0,0,0,0,0,0,0,0,6,8,14,0,2,2,0,0,0,106,9,115,0,0,0,0,0,0,0,0,0,0,0,0,0,0,0,0,0,0,0,0,0,0,0,0,0,0,0,0,0,0,0,0,0,0,0,0,0,0,0
20191201,165606,29473,30714,60187,31469,32210,63679,123866,8704,8640,17344,1849,1271,3120,10,2,12,573,575,1148,0,0,0,0,0,0,0,0,0,198,175,373,0,0,0,4468,4923,9391,0,0,0,2379,2642,5021,74,51,125,64,59,123,10,1,11,0,0,0,2582,2434,5016,0,0,0,0,0,0,0,0,0,0,0,0,0,0,0,4,4,8,0,0,0,0,0,0,16,32,48,0,0,0,0,0,0,0,0,0,0,0,0,0,0,0,0,0,0,0,0,0,0,0,0,0,0,0,0,0,0,0,0,0,0,0,0,0,0,0
20191202,144685,27907,26552,54459,28665,30159,58824,113283,7217,7299,14516,1,0,1,3,1,4,106,37,143,0,0,0,0,0,0,0,0,0,176,174,350,1,4,5,3909,4435,8344,0,0,0,1970,1668,3638,20,11,31,0,0,0,1,7,8,0,0,0,2042,2290,4332,0,0,0,0,0,0,0,0,0,0,0,0,0,0,0,9,5,14,1,0,1,0,0,0,10,5,15,0,0,0,0,0,0,0,0,0,0,0,0,0,0,0,0,0,0,0,0,0,0,0,0,0,0,0,0,0,0,0,0,0,0,0,0,0,0,0
20191203,139529,25748,23313,49061,29201,26835,56036,105097,7277,7147,14424,3075,691,3766,5,9,14,69,56,125,4,0,4,0,0,0,0,0,0,305,262,567,5,4,9,3786,4142,7928,0,0,0,1561,1474,3035,23,20,43,92,70,162,9,3,12,0,0,0,2064,2262,4326,0,0,0,0,0,0,0,0,0,0,0,0,0,0,0,2,1,3,0,2,2,0,0,0,6,6,12,0,0,0,0,0,0,0,0,0,0,0,0,0,0,0,0,0,0,0,0,0,0,0,0,0,0,0,0,0,0,0,0,0,0,0,0,0,0,0
20191204,142410,26874,25349,52223,25815,25366,51181,103404,7850,7707,15557,2817,2799,5616,35,12,47,77,2191,2268,0,0,0,0,0,0,0,0,0,77,136,213,0,5,5,4116,3920,8036,0,0,0,1501,1458,2959,27,18,45,0,0,0,0,0,0,0,0,0,2103,2114,4217,0,0,0,0,0,0,0,0,0,0,0,0,0,0,0,2,0,2,0,20,20,0,0,0,17,4,21,0,0,0,0,0,0,0,0,0,0,0,0,0,0,0,0,0,0,0,0,0,0,0,0,0,0,0,0,0,0,0,0,0,0,0,0,0,0,0
20191205,141130,28153,25097,53250,28211,28773,56984,110234,7620,6844,14464,2,1,3,10,5,15,56,53,109,7,7,14,6,0,6,0,0,0,222,212,434,0,0,0,4247,3975,8222,0,0,0,1607,1681,3288,15,16,31,71,24,95,2,2,4,0,0,0,2183,1995,4178,0,0,0,0,0,0,0,0,0,0,0,0,0,0,0,4,6,10,0,4,4,0,0,0,15,4,19,0,0,0,0,0,0,0,0,0,0,0,0,0,0,0,0,0,0,0,0,0,0,0,0,0,0,0,0,0,0,0,0,0,0,0,0,0,0,0
20191206,158563,29967,28157,58124,32935,30088,63023,121147,9353,7854,17207,685,1791,2476,6,1,7,41,51,92,0,0,0,0,0,0,0,0,0,374,263,637,0,0,0,4865,4279,9144,0,0,0,1772,1597,3369,0,0,0,0,0,0,2,1,3,0,0,0,2406,2073,4479,0,0,0,0,0,0,0,0,0,0,0,0,0,0,0,0,0,0,2,0,2,0,0,0,0,0,0,0,0,0,0,0,0,0,0,0,0,0,0,0,0,0,0,0,0,0,0,0,0,0,0,0,0,0,0,0,0,0,0,0,0,0,0,0,0,0
20191207,146314,28675,25273,53948,29540,28173,57713,111661,8165,7889,16054,5,7,12,3,0,3,45,87,132,0,0,0,0,6,6,0,0,0,98,116,214,0,0,0,4534,3919,8453,0,0,0,2857,2182,5039,0,0,0,42,66,108,0,0,0,0,0,0,2456,2173,4629,0,0,0,0,0,0,0,0,0,0,0,0,0,0,0,2,1,3,0,0,0,0,0,0,0,0,0,0,0,0,0,0,0,0,0,0,0,0,0,0,0,0,0,0,0,0,0,0,0,0,0,0,0,0,0,0,0,0,0,0,0,0,0,0,0,0
20191208,162034,28686,31329,60015,30853,31212,62065,122080,8496,8874,17370,1732,1145,2877,1,2,3,32,33,65,0,0,0,0,0,0,0,0,0,181,225,406,5,0,5,4285,4847,9132,0,0,0,2040,2642,4682,65,64,129,90,42,132,0,11,11,0,0,0,2503,2569,5072,0,0,0,0,0,0,0,0,0,0,0,0,0,0,0,1,1,2,0,14,14,0,0,0,26,28,54,0,0,0,0,0,0,0,0,0,0,0,0,0,0,0,0,0,0,0,0,0,0,0,0,0,0,0,0,0,0,0,0,0,0,0,0,0,0,0
20191209,148640,27654,29190,56844,28880,29774,58654,115498,7075,8043,15118,1203,2,1205,5,5,10,41,63,104,0,0,0,0,0,0,0,0,0,169,223,392,0,0,0,3793,4427,8220,0,0,0,1695,1762,3457,37,37,74,0,0,0,2,6,8,0,0,0,2033,2409,4442,0,0,0,0,0,0,0,0,0,0,0,0,0,0,0,10,4,14,0,54,54,0,0,0,25,19,44,0,0,0,0,0,0,0,0,0,0,0,0,0,0,0,0,0,0,0,0,0,0,0,0,0,0,0,0,0,0,0,0,0,0,0,0,0,0,0
20191210,140709,24769,26208,50977,28279,27736,56015,106992,7597,8165,15762,1,1190,1191,6,18,24,96,39,135,0,0,0,0,0,0,0,0,0,344,252,596,1,0,1,3475,4027,7502,0,0,0,1481,1601,3082,22,37,59,66,71,137,16,10,26,0,0,0,2421,2329,4750,0,0,0,0,0,0,0,0,0,0,0,0,0,0,0,142,240,382,2,47,49,0,0,0,16,5,21,0,0,0,0,0,0,0,0,0,0,0,0,0,0,0,0,0,0,0,0,0,0,0,0,0,0,0,0,0,0,0,0,0,0,0,0,0,0,0
20191211,136335,26143,27330,53473,25293,24866,50159,103632,7898,8039,15937,5,5,10,30,21,51,40,77,117,0,0,0,0,0,0,0,0,0,94,142,236,5,0,5,4058,4146,8204,0,0,0,1618,1802,3420,32,56,88,0,0,0,10,0,10,0,0,0,2041,2251,4292,0,0,0,0,0,0,0,0,0,0,0,0,0,0,0,132,139,271,0,31,31,0,0,0,11,20,31,0,0,0,0,0,0,0,0,0,0,0,0,0,0,0,0,0,0,0,0,0,0,0,0,0,0,0,0,0,0,0,0,0,0,0,0,0,0,0
20191212,143710,27309,27113,54422,28407,27905,56312,110734,7628,7947,15575,2,4,6,10,5,15,105,101,206,0,0,0,0,0,0,0,0,0,167,231,398,9,4,13,4327,4204,8531,0,0,0,1818,2206,4024,14,32,46,109,22,131,3,2,5,0,0,0,1953,2027,3980,0,0,0,0,0,0,0,0,0,0,0,0,0,0,0,2,4,6,1,13,14,0,0,0,8,18,26,0,0,0,0,0,0,0,0,0,0,0,0,0,0,0,0,0,0,0,0,0,0,0,0,0,0,0,0,0,0,0,0,0,0,0,0,0,0,0
20191213,159510,30587,28740,59327,32686,29047,61733,121060,8794,7886,16680,1156,1775,2931,12,2,14,27,219,246,0,0,0,0,0,0,0,0,0,343,323,666,19,7,26,4795,4325,9120,0,0,0,1823,1882,3705,28,44,72,0,0,0,1,5,6,0,0,0,2480,2307,4787,0,0,0,0,0,0,0,0,0,0,0,0,0,0,0,78,95,173,0,0,0,0,0,0,12,12,24,0,0,0,0,0,0,0,0,0,0,0,0,0,0,0,0,0,0,0,0,0,0,0,0,0,0,0,0,0,0,0,0,0,0,0,0,0,0,0
20191214,153150,30269,26902,57171,31253,28112,59365,116536,8675,7975,16650,1,1,2,6,16,22,33,36,69,0,0,0,0,0,0,0,0,0,125,129,254,2,2,4,4363,3856,8219,0,0,0,3240,2595,5835,46,71,117,174,73,247,6,3,9,0,0,0,2558,2396,4954,0,0,0,0,0,0,0,0,0,0,0,0,0,0,0,101,66,167,0,2,2,0,0,0,39,24,63,0,0,0,0,0,0,0,0,0,0,0,0,0,0,0,0,0,0,0,0,0,0,0,0,0,0,0,0,0,0,0,0,0,0,0,0,0,0,0
20191215,166035,30126,31841,61967,31986,30603,62589,124556,8696,8829,17525,1768,1286,3054,111,106,217,34,77,111,3,0,3,0,0,0,0,0,0,239,245,484,0,0,0,4416,4696,9112,0,0,0,2336,2997,5333,65,35,100,115,67,182,3,13,16,0,0,0,2583,2704,5287,0,0,0,0,0,0,0,0,0,0,0,0,0,0,0,5,0,5,1,7,8,0,0,0,22,20,42,0,0,0,0,0,0,0,0,0,0,0,0,0,0,0,0,0,0,0,0,0,0,0,0,0,0,0,0,0,0,0,0,0,0,0,0,0,0,0
20191216,152193,29083,29483,58566,28977,29742,58719,117285,7833,7779,15612,1916,3,1919,15,1,16,59,71,130,0,4,4,2,0,2,0,0,0,198,243,441,3,8,11,3834,4375,8209,0,0,0,2067,1622,3689,36,22,58,0,0,0,11,0,11,0,0,0,2161,2347,4508,0,0,0,0,0,0,0,0,0,0,0,0,0,0,0,117,127,244,0,11,11,0,0,0,11,32,43,0,0,0,0,0,0,0,0,0,0,0,0,0,0,0,0,0,0,0,0,0,0,0,0,0,0,0,0,0,0,0,0,0,0,0,0,0,0,0
20191217,144982,26457,25663,52120,27998,27937,55935,108055,7838,7802,15640,1284,768,2052,264,116,380,65,1957,2022,4,2,6,0,0,0,0,0,0,333,306,639,11,8,19,3488,4244,7732,0,0,0,1503,1696,3199,54,35,89,99,170,269,2,6,8,0,0,0,2551,2296,4847,0,0,0,0,0,0,0,0,0,0,0,0,0,0,0,2,0,2,0,0,0,0,0,0,14,9,23,0,0,0,0,0,0,0,0,0,0,0,0,0,0,0,0,0,0,0,0,0,0,0,0,0,0,0,0,0,0,0,0,0,0,0,0,0,0,0
20191218,144285,29672,27174,56846,27900,26724,54624,111470,8236,7530,15766,2,3,5,33,31,64,41,164,205,0,0,0,0,0,0,0,0,0,137,164,301,3,3,6,3867,4309,8176,0,0,0,1890,1567,3457,27,46,73,0,0,0,4,6,10,0,0,0,2530,2171,4701,0,0,0,0,0,0,0,0,0,0,0,0,0,0,0,5,1,6,0,0,0,0,0,0,23,22,45,0,0,0,0,0,0,0,0,0,0,0,0,0,0,0,0,0,0,0,0,0,0,0,0,0,0,0,0,0,0,0,0,0,0,0,0,0,0,0
20191219,147801,30943,25823,56766,29242,27925,57167,113933,8849,6730,15579,1,1,2,120,183,303,47,167,214,0,0,0,0,0,0,0,0,0,219,173,392,1,1,2,4219,4315,8534,0,0,0,2422,1652,4074,25,39,64,111,47,158,7,9,16,0,0,0,2470,1992,4462,0,0,0,0,0,0,0,0,0,0,0,0,0,0,0,10,21,31,6,0,6,0,0,0,7,24,31,0,0,0,0,0,0,0,0,0,0,0,0,0,0,0,0,0,0,0,0,0,0,0,0,0,0,0,0,0,0,0,0,0,0,0,0,0,0,0
20191220,168722,32552,28157,60709,33684,28833,62517,123226,10272,7764,18036,3606,4437,8043,1,4,5,89,94,183,0,1,1,4,0,4,0,0,0,330,316,646,9,0,9,4862,4289,9151,0,0,0,1992,1970,3962,27,27,54,0,0,0,4,1,5,0,0,0,2983,2395,5378,0,0,0,0,0,0,0,0,0,0,0,0,0,0,0,1,2,3,0,0,0,0,0,0,9,7,16,0,0,0,0,0,0,0,0,0,0,0,0,0,0,0,0,0,0,0,0,0,0,0,0,0,0,0,0,0,0,0,0,0,0,0,0,0,0,0
20191221,156695,33907,26687,60594,31969,26918,58887,119481,9965,7440,17405,2,1,3,3,2,5,38,116,154,0,0,0,0,0,0,0,0,0,249,140,389,4,10,14,4725,3883,8608,0,0,0,2855,2104,4959,58,34,92,180,151,331,3,2,5,0,0,0,2715,2223,4938,0,0,0,0,0,0,0,0,0,0,0,0,0,0,0,117,140,257,4,6,10,0,0,0,24,20,44,0,0,0,0,0,0,0,0,0,0,0,0,0,0,0,0,0,0,0,0,0,0,0,0,0,0,0,0,0,0,0,0,0,0,0,0,0,0,0
20191222,159206,32896,27614,60510,32989,26764,59753,120263,9151,7252,16403,1679,851,2530,159,119,278,13,62,75,0,0,0,0,0,0,0,0,0,242,205,447,0,0,0,4506,4322,8828,0,0,0,1886,2559,4445,33,49,82,134,90,224,8,6,14,0,0,0,3061,2490,5551,0,0,0,0,0,0,0,0,0,0,0,0,0,0,0,3,2,5,0,21,21,0,0,0,20,20,40,0,0,0,0,0,0,0,0,0,0,0,0,0,0,0,0,0,0,0,0,0,0,0,0,0,0,0,0,0,0,0,0,0,0,0,0,0,0,0
20191223,146522,32322,25867,58189,28726,26226,54952,113141,8311,6706,15017,1461,1,1462,10,2,12,46,78,124,0,0,0,0,1,1,0,0,0,281,160,441,0,13,13,3947,3630,7577,0,0,0,1761,1969,3730,42,37,79,0,0,0,1,0,1,0,0,0,2527,2136,4663,0,0,0,0,0,0,0,0,0,0,0,0,0,0,0,95,155,250,0,0,0,0,0,0,6,5,11,0,0,0,0,0,0,0,0,0,0,0,0,0,0,0,0,0,0,0,0,0,0,0,0,0,0,0,0,0,0,0,0,0,0,0,0,0,0,0
20191224,141949,29505,23284,52789,30635,23611,54246,107035,9044,6968,16012,839,834,1673,88,143,231,37,261,298,0,0,0,0,0,0,0,0,0,334,179,513,0,0,0,4078,3470,7548,0,0,0,1741,1577,3318,24,19,43,143,143,286,5,7,12,0,0,0,2641,2316,4957,0,0,0,0,0,0,0,0,0,0,0,0,0,0,0,1,1,2,0,0,0,0,0,0,11,10,21,0,0,0,0,0,0,0,0,0,0,0,0,0,0,0,0,0,0,0,0,0,0,0,0,0,0,0,0,0,0,0,0,0,0,0,0,0,0,0
20191225,145564,31809,27149,58958,28357,23070,51427,110385,9146,7394,16540,2,6,8,114,50,164,34,1587,1621,1,0,1,0,0,0,0,0,0,218,209,427,0,7,7,4253,3499,7752,0,0,0,1844,1772,3616,44,79,123,0,0,0,4,0,4,0,0,0,2521,2342,4863,0,0,0,0,0,0,0,0,0,0,0,0,0,0,0,5,4,9,7,0,7,0,0,0,29,8,37,0,0,0,0,0,0,0,0,0,0,0,0,0,0,0,0,0,0,0,0,0,0,0,0,0,0,0,0,0,0,0,0,0,0,0,0,0,0,0
20191226,149386,29254,27533,56787,30843,27035,57878,114665,8560,7764,16324,3,3,6,136,90,226,51,302,353,0,0,0,0,0,0,0,0,0,205,196,401,0,0,0,4520,3791,8311,0,0,0,2097,1953,4050,26,33,59,166,73,239,6,2,8,0,0,0,2434,2268,4702,0,0,0,0,0,0,0,0,0,0,0,0,0,0,0,3,3,6,0,0,0,0,0,0,17,19,36,0,0,0,0,0,0,0,0,0,0,0,0,0,0,0,0,0,0,0,0,0,0,0,0,0,0,0,0,0,0,0,0,0,0,0,0,0,0,0
20191227,163610,31901,31694,63595,31215,28553,59768,123363,10150,8762,18912,891,1550,2441,10,5,15,35,129,164,0,0,0,0,0,0,0,0,0,335,302,637,1,0,1,4715,3916,8631,0,0,0,1875,2254,4129,38,42,80,0,0,0,0,0,0,0,0,0,2679,2517,5196,0,0,0,0,0,0,0,0,0,0,0,0,0,0,0,0,1,1,0,0,0,0,0,0,16,24,40,0,0,0,0,0,0,0,0,0,0,0,0,0,0,0,0,0,0,0,0,0,0,0,0,0,0,0,0,0,0,0,0,0,0,0,0,0,0,0
20191228,175302,32636,32641,65277,31659,31539,63198,128475,9254,9114,18368,2867,2872,5739,5,8,13,163,1563,1726,0,0,0,0,0,0,0,0,0,263,306,569,0,0,0,4488,3908,8396,0,0,0,3091,2654,5745,37,63,100,187,187,374,0,0,0,0,0,0,2839,2907,5746,0,0,0,0,0,0,0,0,0,0,0,0,0,0,0,0,5,5,0,0,0,0,0,0,16,30,46,0,0,0,0,0,0,0,0,0,0,0,0,0,0,0,0,0,0,0,0,0,0,0,0,0,0,0,0,0,0,0,0,0,0,0,0,0,0,0
20191229,158443,29583,32453,62036,29451,28001,57452,119488,8555,8490,17045,1548,757,2305,131,83,214,0,8,8,0,0,0,0,0,0,0,0,0,162,281,443,7,0,7,4110,3762,7872,0,0,0,2437,2573,5010,82,28,110,137,118,255,3,0,3,0,0,0,2775,2838,5613,0,0,0,0,0,0,0,0,0,0,0,0,0,0,0,5,0,5,0,0,0,0,0,0,21,44,65,0,0,0,0,0,0,0,0,0,0,0,0,0,0,0,0,0,0,0,0,0,0,0,0,0,0,0,0,0,0,0,0,0,0,0,0,0,0,0
20191230,143815,27971,31588,59559,27762,25823,53585,113144,7251,7182,14433,1,3,4,6,1,7,439,108,547,0,0,0,0,0,0,0,0,0,158,229,387,4,5,9,3877,3419,7296,0,0,0,1888,1523,3411,24,39,63,0,0,0,0,1,1,0,0,0,1941,2247,4188,0,0,0,0,0,0,0,0,0,0,0,0,0,0,0,97,134,231,2,53,55,0,0,0,29,10,39,0,0,0,0,0,0,0,0,0,0,0,0,0,0,0,0,0,0,0,0,0,0,0,0,0,0,0,0,0,0,0,0,0,0,0,0,0,0,0
20191231,142714,24615,30167,54782,26424,26080,52504,107286,7159,8364,15523,1110,1510,2620,4,2,6,40,163,203,0,0,0,0,0,0,0,0,0,290,349,639,1,5,6,3987,3444,7431,0,0,0,2210,1458,3668,0,0,0,176,158,334,1,0,1,0,0,0,2352,2631,4983,0,0,0,0,0,0,0,0,0,0,0,0,0,0,0,0,1,1,1,12,13,0,0,0,0,0,0,0,0,0,0,0,0,0,0,0,0,0,0,0,0,0,0,0,0,0,0,0,0,0,0,0,0,0,0,0,0,0,0,0,0,0,0,0,0,0
