20200101,155720,29761,33009,62770,28214,29366,57580,120350,8052,9231,17283,9,426,435,9,49,58,16,12,28,0,0,0,0,0,0,0,0,0,212,236,448,0,1,1,3839,4111,7950,0,0,0,1934,2321,4255,52,46,98,0,0,0,11,10,21,0,0,0,2137,2591,4728,0,0,0,0,0,0,0,0,0,0,0,0,0,0,0,0,6,6,0,3,3,0,0,0,34,22,56,0,0,0,0,0,0,0,0,0,0,0,0,0,0,0,0,0,0,0,0,0,0,0,0,0,0,0,0,0,0,0,0,0,0,0,0,0,0,0
20200102,147791,27406,30404,57810,27162,30276,57438,115248,6821,7815,14636,4,4,8,85,82,167,1478,257,1735,0,0,0,0,0,0,0,0,0,144,159,303,4,0,4,3605,4499,8104,0,0,0,1230,1682,2912,21,26,47,169,83,252,7,12,19,0,0,0,2049,2228,4277,0,0,0,0,0,0,0,0,0,0,0,0,0,0,0,19,8,27,0,17,17,0,0,0,12,23,35,0,0,0,0,0,0,0,0,0,0,0,0,0,0,0,0,0,0,0,0,0,0,0,0,0,0,0,0,0,0,0,0,0,0,0,0,0,0,0
20200103,143648,26300,30052,56352,25092,28075,53167,109519,7178,7837,15015,1056,1535,2591,2,0,2,76,96,172,3,3,6,0,0,0,0,0,0,254,332,586,0,4,4,3566,4218,7784,0,0,0,1488,1606,3094,28,47,75,0,0,0,4,5,9,0,0,0,2002,2578,4580,0,0,0,0,0,0,0,0,0,0,0,0,0,0,0,74,94,168,0,17,17,0,0,0,17,9,26,0,0,0,0,0,0,0,0,0,0,0,0,0,0,0,0,0,0,0,0,0,0,0,0,0,0,0,0,0,0,0,0,0,0,0,0,0,0,0
20200104,140482,26164,29113,55277,25261,26706,51967,107244,7082,7889,14971,0,0,0,3,4,7,31,52,83,0,0,0,0,10,10,0,0,0,117,73,190,0,0,0,3912,4163,8075,0,0,0,2296,2289,4585,53,66,119,165,167,332,1,0,1,0,0,0,2254,2439,4693,0,0,0,0,0,0,0,0,0,0,0,0,0,0,0,61,64,125,0,4,4,0,0,0,26,17,43,0,0,0,0,0,0,0,0,0,0,0,0,0,0,0,0,0,0,0,0,0,0,0,0,0,0,0,0,0,0,0,0,0,0,0,0,0,0,0
20200105,155516,26296,32438,58734,28570,30617,59187,117921,7849,8301,16150,1546,628,2174,68,85,153,22,117,139,0,0,0,0,0,0,0,0,0,214,198,412,5,0,5,4062,4736,8798,0,0,0,1940,2094,4034,87,45,132,146,144,290,7,3,10,0,0,0,2547,2693,5240,0,0,0,0,0,0,0,0,0,0,0,0,0,0,0,3,4,7,0,0,0,0,0,0,26,25,51,0,0,0,0,0,0,0,0,0,0,0,0,0,0,0,0,0,0,0,0,0,0,0,0,0,0,0,0,0,0,0,0,0,0,0,0,0,0,0
20200106,135048,25341,27807,53148,24591,27745,52336,105484,6547,6841,13388,2,0,2,0,4,4,49,287,336,0,0,0,0,0,0,0,0,0,167,150,317,9,3,12,3562,4309,7871,0,0,0,1850,1492,3342,39,31,70,0,0,0,2,1,3,0,0,0,1917,2137,4054,0,0,0,0,0,0,0,0,0,0,0,0,0,0,0,65,86,151,0,1,1,0,0,0,2,11,13,0,0,0,0,0,0,0,0,0,0,0,0,0,0,0,0,0,0,0,0,0,0,0,0,0,0,0,0,0,0,0,0,0,0,0,0,0,0,0
20200107,123142,22456,23318,45774,24322,21845,46167,91941,7058,5935,12993,625,1360,1985,11,202,213,40,228,268,0,0,0,0,0,0,0,0,0,245,288,533,0,0,0,3881,3953,7834,0,0,0,1467,1338,2805,58,35,93,125,137,262,2,3,5,0,0,0,2236,1931,4167,0,0,0,0,0,0,0,0,0,0,0,0,0,0,0,5,7,12,0,8,8,0,0,0,12,11,23,0,0,0,0,0,0,0,0,0,0,0,0,0,0,0,0,0,0,0,0,0,0,0,0,0,0,0,0,0,0,0,0,0,0,0,0,0,0,0
20200108,119263,24518,21982,46500,25330,19305,44635,91135,7442,5167,12609,4,0,4,7,14,21,58,120,178,0,0,0,0,0,0,0,0,0,98,135,233,0,0,0,4367,3396,7763,0,0,0,1977,1194,3171,37,27,64,0,0,0,2,1,3,0,0,0,2228,1781,4009,0,0,0,0,0,0,0,0,0,0,0,0,0,0,0,2,0,2,0,18,18,0,0,0,25,28,53,0,0,0,0,0,0,0,0,0,0,0,0,0,0,0,0,0,0,0,0,0,0,0,0,0,0,0,0,0,0,0,0,0,0,0,0,0,0,0
20200109,130547,28306,21197,49503,31996,19316,51312,100815,8518,5007,13525,2,6,8,255,52,307,38,114,152,0,0,0,0,0,0,0,0,0,225,135,360,1,0,1,4765,2988,7753,0,0,0,2271,1133,3404,63,29,92,104,73,177,4,11,15,0,0,0,2422,1473,3895,0,0,0,0,0,0,0,0,0,0,0,0,0,0,0,1,1,2,2,0,2,0,0,0,18,21,39,0,0,0,0,0,0,0,0,0,0,0,0,0,0,0,0,0,0,0,0,0,0,0,0,0,0,0,0,0,0,0,0,0,0,0,0,0,0,0
20200110,153189,31943,24369,56312,35530,23001,58531,114843,10623,6499,17122,1365,380,1745,19,22,41,64,78,142,0,0,0,0,0,0,0,0,0,403,222,625,0,0,0,5309,3501,8810,0,0,0,3143,920,4063,103,39,142,0,0,0,8,11,19,0,0,0,2876,1882,4758,0,0,0,0,0,0,0,0,0,0,0,0,0,0,0,257,577,834,0,0,0,0,0,0,36,9,45,0,0,0,0,0,0,0,0,0,0,0,0,0,0,0,0,0,0,0,0,0,0,0,0,0,0,0,0,0,0,0,0,0,0,0,0,0,0,0
20200111,148066,25619,29794,55413,25957,29485,55442,110855,7009,8415,15424,401,853,1254,5,7,12,14,15,29,0,0,0,0,0,0,0,0,0,112,135,247,0,0,0,4081,4458,8539,0,0,0,2897,2731,5628,35,115,150,167,124,291,1,15,16,0,0,0,2494,2408,4902,0,0,0,0,0,0,0,0,0,0,0,0,0,0,0,56,596,652,0,3,3,0,0,0,17,47,64,0,0,0,0,0,0,0,0,0,0,0,0,0,0,0,0,0,0,0,0,0,0,0,0,0,0,0,0,0,0,0,0,0,0,0,0,0,0,0
20200112,154198,20906,35563,56469,23354,36155,59509,115978,5856,10355,16211,840,689,1529,8,3,11,9,102,111,0,0,0,0,0,0,0,0,0,184,275,459,0,0,0,3590,5424,9014,0,0,0,1511,3965,5476,13,117,130,165,97,262,11,2,13,0,0,0,1915,2977,4892,0,0,0,0,0,0,0,0,0,0,0,0,0,0,0,8,6,14,0,2,2,0,0,0,25,71,96,0,0,0,0,0,0,0,0,0,0,0,0,0,0,0,0,0,0,0,0,0,0,0,0,0,0,0,0,0,0,0,0,0,0,0,0,0,0,0
20200113,139730,18997,32770,51767,21407,35423,56830,108597,5303,8985,14288,1,3,4,3,1,4,32,55,87,0,0,0,0,0,0,0,0,0,92,235,327,0,0,0,3353,4708,8061,0,0,0,1566,2500,4066,49,95,144,0,0,0,10,4,14,0,0,0,1591,2488,4079,0,0,0,0,0,0,0,0,0,0,0,0,0,0,0,1,1,2,0,0,0,0,0,0,32,25,57,0,0,0,0,0,0,0,0,0,0,0,0,0,0,0,0,0,0,0,0,0,0,0,0,0,0,0,0,0,0,0,0,0,0,0,0,0,0,0
20200114,139206,19396,31776,51172,22127,32254,54381,105553,5571,8481,14052,701,699,1400,119,353,472,32,27,59,0,0,0,0,6,6,0,0,0,251,355,606,5,8,13,3797,4790,8587,0,0,0,1558,2136,3694,46,70,116,105,154,259,0,4,4,0,0,0,1921,2427,4348,0,0,0,0,0,0,0,0,0,0,0,0,0,0,0,0,0,0,0,0,0,0,0,0,12,25,37,0,0,0,0,0,0,0,0,0,0,0,0,0,0,0,0,0,0,0,0,0,0,0,0,0,0,0,0,0,0,0,0,0,0,0,0,0,0,0
20200115,147679,22141,31702,53843,24355,30363,54718,108561,6935,8911,15846,2898,2870,5768,9,14,23,59,40,99,0,0,0,0,0,0,0,0,0,99,148,247,0,0,0,4074,4601,8675,0,0,0,1865,1764,3629,51,42,93,0,0,0,3,12,15,0,0,0,2346,2301,4647,0,0,0,0,0,0,0,0,0,0,0,0,0,0,0,2,2,4,1,0,1,0,0,0,49,22,71,0,0,0,0,0,0,0,0,0,0,0,0,0,0,0,0,0,0,0,0,0,0,0,0,0,0,0,0,0,0,0,0,0,0,0,0,0,0,0
20200116,149000,24119,31037,55156,28048,30890,58938,114094,7349,8416,15765,1,2,3,119,265,384,59,26,85,0,0,0,0,0,0,0,0,0,174,234,408,0,0,0,4438,4257,8695,0,0,0,2578,1789,4367,79,65,144,91,146,237,22,3,25,0,0,0,2350,2357,4707,0,0,0,0,0,0,0,0,0,0,0,0,0,0,0,2,0,2,0,28,28,0,0,0,20,36,56,0,0,0,0,0,0,0,0,0,0,0,0,0,0,0,0,0,0,0,0,0,0,0,0,0,0,0,0,0,0,0,0,0,0,0,0,0,0,0
20200117,165611,27689,33117,60806,31076,32749,63825,124631,8968,9204,18172,748,1173,1921,9,6,15,57,58,115,1,1,2,2,1,3,0,0,0,320,404,724,0,0,0,4975,4415,9390,0,0,0,2462,2149,4611,30,65,95,0,0,0,0,5,5,0,0,0,2610,2372,4982,0,0,0,0,0,0,0,0,0,0,0,0,0,0,0,128,758,886,0,15,15,0,0,0,16,28,44,0,0,0,0,0,0,0,0,0,0,0,0,0,0,0,0,0,0,0,0,0,0,0,0,0,0,0,0,0,0,0,0,0,0,0,0,0,0,0
20200118,167243,28447,33754,62201,32006,32875,64881,127082,8707,9220,17927,2,2,4,0,0,0,42,47,89,6,0,6,1,11,12,0,0,0,267,223,490,0,0,0,4514,4009,8523,0,0,0,3516,3133,6649,42,99,141,160,163,323,7,0,7,0,0,0,2790,2760,5550,0,0,0,0,0,0,0,0,0,0,0,0,0,0,0,46,280,326,2,0,2,0,0,0,23,89,112,0,0,0,0,0,0,0,0,0,0,0,0,0,0,0,0,0,0,0,0,0,0,0,0,0,0,0,0,0,0,0,0,0,0,0,0,0,0,0
20200119,166350,25764,33648,59412,32973,31514,64487,123899,9397,9064,18461,1295,1531,2826,142,401,543,50,27,77,0,0,0,0,0,0,0,0,0,225,242,467,3,0,3,4521,4090,8611,0,0,0,2988,2656,5644,43,97,140,126,178,304,0,9,9,0,0,0,2692,2579,5271,0,0,0,0,0,0,0,0,0,0,0,0,0,0,0,1,1,2,0,0,0,0,0,0,34,59,93,0,0,0,0,0,0,0,0,0,0,0,0,0,0,0,0,0,0,0,0,0,0,0,0,0,0,0,0,0,0,0,0,0,0,0,0,0,0,0
20200120,156488,26500,31753,58253,31488,29778,61266,119519,8834,8052,16886,786,0,786,18,16,34,90,51,141,0,0,0,0,0,0,4,0,4,203,204,407,1,0,1,3928,3749,7677,0,0,0,3063,2289,5352,56,108,164,0,0,0,10,1,11,0,0,0,2428,2117,4545,0,0,0,0,0,0,0,0,0,0,0,0,0,0,0,128,707,835,0,31,31,0,0,0,24,71,95,0,0,0,0,0,0,0,0,0,0,0,0,0,0,0,0,0,0,0,0,0,0,0,0,0,0,0,0,0,0,0,0,0,0,0,0,0,0,0
20200121,169355,27276,33810,61086,32076,33624,65700,126786,9512,8921,18433,1510,1808,3318,153,391,544,55,574,629,0,0,0,0,0,0,0,0,0,360,351,711,3,0,3,4173,3827,8000,0,0,0,2671,2196,4867,32,158,190,65,181,246,3,6,9,0,0,0,2885,2620,5505,0,0,0,0,0,0,0,0,0,0,0,0,0,0,0,4,4,8,0,10,10,0,0,0,16,80,96,0,0,0,0,0,0,0,0,0,0,0,0,0,0,0,0,0,0,0,0,0,0,0,0,0,0,0,0,0,0,0,0,0,0,0,0,0,0,0
20200122,179671,32107,36323,68430,35002,35501,70503,138933,10554,9949,20503,2,0,2,57,51,108,87,40,127,0,5,5,0,0,0,0,0,0,252,184,436,0,0,0,4221,4275,8496,0,0,0,2705,1837,4542,34,114,148,0,0,0,14,18,32,0,0,0,2899,2536,5435,0,0,0,0,0,0,0,0,0,0,0,0,0,0,0,90,707,797,0,16,16,0,0,0,9,82,91,0,0,0,0,0,0,0,0,0,0,0,0,0,0,0,0,0,0,0,0,0,0,0,0,0,0,0,0,0,0,0,0,0,0,0,0,0,0,0
20200123,179106,32074,37082,69156,34922,36120,71042,140198,10405,9585,19990,1,24,25,91,557,648,84,74,158,0,0,0,0,0,0,0,0,0,273,209,482,0,0,0,4571,4381,8952,0,0,0,2005,1142,3147,20,133,153,130,92,222,11,3,14,0,0,0,2620,2416,5036,0,0,0,0,0,0,0,0,0,0,0,0,0,0,0,5,6,11,1,0,1,0,0,0,8,61,69,0,0,0,0,0,0,0,0,0,0,0,0,0,0,0,0,0,0,0,0,0,0,0,0,0,0,0,0,0,0,0,0,0,0,0,0,0,0,0
20200124,155434,30763,33123,63886,26827,29373,56200,120086,9255,8996,18251,1575,1599,3174,0,1,1,37,15,52,0,0,0,2,2,4,0,0,0,333,386,719,0,2,2,3855,3551,7406,0,0,0,679,383,1062,9,46,55,99,73,172,8,7,15,0,0,0,2431,1999,4430,0,0,0,0,0,0,0,0,0,0,0,0,0,0,0,0,0,0,0,0,0,0,0,0,2,3,5,0,0,0,0,0,0,0,0,0,0,0,0,0,0,0,0,0,0,0,0,0,0,0,0,0,0,0,0,0,0,0,0,0,0,0,0,0,0,0
20200125,137454,26235,32117,58352,22655,27509,50164,108516,8246,8696,16942,0,35,35,2,1,3,11,20,31,0,0,0,0,0,0,0,0,0,67,141,208,0,0,0,2457,3121,5578,0,0,0,717,610,1327,20,29,49,48,146,194,0,0,0,0,0,0,2129,2419,4548,0,0,0,0,0,0,0,0,0,0,0,0,0,0,0,3,3,6,0,0,0,0,0,0,6,11,17,0,0,0,0,0,0,0,0,0,0,0,0,0,0,0,0,0,0,0,0,0,0,0,0,0,0,0,0,0,0,0,0,0,0,0,0,0,0,0
20200126,147520,27746,33508,61254,25163,28658,53821,115075,8015,7608,15623,1587,1833,3420,84,113,197,15,20,35,0,0,0,0,0,0,0,0,0,165,207,372,0,0,0,2989,3496,6485,0,0,0,753,450,1203,118,27,145,116,144,260,0,1,1,0,0,0,2238,2424,4662,0,0,0,0,0,0,0,0,0,0,0,0,0,0,0,0,0,0,0,0,0,0,0,0,33,9,42,0,0,0,0,0,0,0,0,0,0,0,0,0,0,0,0,0,0,0,0,0,0,0,0,0,0,0,0,0,0,0,0,0,0,0,0,0,0,0
20200127,156495,31884,37148,69032,28952,29201,58153,127185,8161,8087,16248,14,12,26,9,0,9,28,58,86,0,0,0,0,1,1,0,0,0,202,210,412,0,0,0,2992,3369,6361,0,0,0,698,589,1287,220,21,241,23,0,23,1,10,11,0,0,0,2070,2185,4255,0,0,0,0,0,0,0,0,0,0,0,0,0,0,0,229,54,283,0,14,14,0,0,0,50,3,53,0,0,0,0,0,0,0,0,0,0,0,0,0,0,0,0,0,0,0,0,0,0,0,0,0,0,0,0,0,0,0,0,0,0,0,0,0,0,0
20200128,163695,33774,35287,69061,31703,29865,61568,130629,8988,9062,18050,1,1,2,393,19,412,18,18,36,0,0,0,1,0,1,0,0,0,388,372,760,0,0,0,3704,3351,7055,0,0,0,444,529,973,62,17,79,136,173,309,3,1,4,0,0,0,2500,2572,5072,0,0,0,0,0,0,0,0,0,0,0,0,0,0,0,261,7,268,0,0,0,0,0,0,39,6,45,0,0,0,0,0,0,0,0,0,0,0,0,0,0,0,0,0,0,0,0,0,0,0,0,0,0,0,0,0,0,0,0,0,0,0,0,0,0,0
20200129,171394,36550,36578,73128,32408,28771,61179,134307,10028,9798,19826,1833,1385,3218,42,4,46,16,35,51,0,0,0,0,0,0,0,0,0,207,215,422,0,0,0,3915,3044,6959,0,0,0,523,635,1158,29,14,43,110,58,168,8,0,8,0,0,0,2390,2337,4727,0,0,0,0,0,0,0,0,0,0,0,0,0,0,0,412,31,443,0,0,0,0,0,0,18,0,18,0,0,0,0,0,0,0,0,0,0,0,0,0,0,0,0,0,0,0,0,0,0,0,0,0,0,0,0,0,0,0,0,0,0,0,0,0,0,0
20200130,147593,31137,32260,63397,27749,26518,54267,117664,7870,8752,16622,0,0,0,326,37,363,36,51,87,0,0,0,1,9,10,0,0,0,167,214,381,0,4,4,3498,2729,6227,0,0,0,765,798,1563,35,16,51,112,117,229,0,4,4,0,0,0,2133,2199,4332,0,0,0,0,0,0,0,0,0,0,0,0,0,0,0,0,0,0,19,13,32,0,0,0,21,3,24,0,0,0,0,0,0,0,0,0,0,0,0,0,0,0,0,0,0,0,0,0,0,0,0,0,0,0,0,0,0,0,0,0,0,0,0,0,0,0
20200131,149718,29657,32737,62394,26158,24758,50916,113310,7711,8265,15976,4089,4055,8144,1,0,1,29,34,63,4,2,6,0,0,0,0,0,0,323,288,611,0,8,8,3428,2161,5589,0,0,0,724,560,1284,36,10,46,126,87,213,2,5,7,0,0,0,1982,2111,4093,0,0,0,0,0,0,0,0,0,0,0,0,0,0,0,303,24,327,0,12,12,0,0,0,28,0,28,0,0,0,0,0,0,0,0,0,0,0,0,0,0,0,0,0,0,0,0,0,0,0,0,0,0,0,0,0,0,0,0,0,0,0,0,0,0,0
20200201,139273,31008,30649,61657,27097,23086,50183,111840,7462,8203,15665,0,0,0,0,0,0,9,3,12,0,0,0,0,10,10,0,0,0,208,200,408,0,0,0,3069,2334,5403,0,0,0,573,363,936,16,3,19,137,126,263,8,2,10,0,0,0,2395,2098,4493,0,0,0,0,0,0,0,0,0,0,0,0,0,0,0,166,29,195,0,8,8,0,0,0,11,0,11,0,0,0,0,0,0,0,0,0,0,0,0,0,0,0,0,0,0,0,0,0,0,0,0,0,0,0,0,0,0,0,0,0,0,0,0,0,0,0
20200202,148611,33198,29909,63107,28713,26116,54829,117936,8139,7423,15562,1373,1325,2698,187,31,218,16,13,29,0,0,0,0,0,0,0,0,0,259,241,500,0,0,0,3096,2866,5962,0,0,0,566,366,932,34,10,44,75,60,135,2,2,4,0,0,0,2391,2176,4567,0,0,0,0,0,0,0,0,0,0,0,0,0,0,0,0,6,6,0,10,10,0,0,0,6,2,8,0,0,0,0,0,0,0,0,0,0,0,0,0,0,0,0,0,0,0,0,0,0,0,0,0,0,0,0,0,0,0,0,0,0,0,0,0,0,0
20200203,128803,29033,25644,54677,25182,23144,48326,103003,6779,6999,13778,1897,0,1897,0,0,0,22,8,30,0,0,0,2,0,2,0,0,0,199,215,414,0,0,0,2696,2469,5165,0,0,0,483,226,709,22,1,23,0,0,0,7,2,9,0,0,0,1751,1609,3360,0,0,0,0,0,0,0,0,0,0,0,0,0,0,0,341,23,364,0,33,33,0,0,0,16,0,16,0,0,0,0,0,0,0,0,0,0,0,0,0,0,0,0,0,0,0,0,0,0,0,0,0,0,0,0,0,0,0,0,0,0,0,0,0,0,0
20200204,123710,26995,21339,48334,23126,21289,44415,92749,7640,6694,14334,1356,1748,3104,205,24,229,1464,1877,3341,0,6,6,1,1,2,0,0,0,291,281,572,12,10,22,2755,2418,5173,0,0,0,253,242,495,14,3,17,133,138,271,0,0,0,0,0,0,1704,1490,3194,0,0,0,0,0,0,0,0,0,0,0,0,0,0,0,168,14,182,0,19,19,0,0,0,0,0,0,0,0,0,0,0,0,0,0,0,0,0,0,0,0,0,0,0,0,0,0,0,0,0,0,0,0,0,0,0,0,0,0,0,0,0,0,0,0,0
20200205,113917,27128,20599,47727,21670,19923,41593,89320,7488,6274,13762,1,1,2,4,15,19,37,1503,1540,0,0,0,0,0,0,0,0,0,145,100,245,10,0,10,2732,2207,4939,0,0,0,249,226,475,23,0,23,0,0,0,6,6,12,0,0,0,1876,1673,3549,0,0,0,0,0,0,0,0,0,0,0,0,0,0,0,0,0,0,1,20,21,0,0,0,0,0,0,0,0,0,0,0,0,0,0,0,0,0,0,0,0,0,0,0,0,0,0,0,0,0,0,0,0,0,0,0,0,0,0,0,0,0,0,0,0,0
20200206,104164,24872,17917,42789,21963,18418,40381,83170,6398,5667,12065,0,0,0,13,16,29,43,49,92,6,1,7,0,0,0,0,0,0,159,158,317,12,9,21,2420,2207,4627,0,0,0,238,220,458,0,0,0,85,61,146,1,0,1,0,0,0,1720,1498,3218,0,0,0,0,0,0,0,0,0,0,0,0,0,0,0,1,2,3,0,10,10,0,0,0,0,0,0,0,0,0,0,0,0,0,0,0,0,0,0,0,0,0,0,0,0,0,0,0,0,0,0,0,0,0,0,0,0,0,0,0,0,0,0,0,0,0
20200207,99661,23025,17639,40664,21218,17824,39042,79706,5948,5352,11300,0,1,1,14,1,15,20,29,49,0,0,0,0,0,0,0,0,0,283,196,479,0,1,1,2647,2361,5008,0,0,0,126,213,339,0,0,0,13,16,29,0,0,0,0,0,0,1270,1254,2524,0,0,0,0,0,0,0,0,0,0,0,0,0,0,0,174,26,200,0,10,10,0,0,0,0,0,0,0,0,0,0,0,0,0,0,0,0,0,0,0,0,0,0,0,0,0,0,0,0,0,0,0,0,0,0,0,0,0,0,0,0,0,0,0,0,0
20200208,100503,24257,15858,40115,20749,17323,38072,78187,6823,5636,12459,1738,0,1738,1,3,4,66,29,95,0,0,0,0,0,0,0,0,0,129,90,219,5,4,9,2139,2018,4157,0,0,0,228,419,647,0,3,3,91,29,120,2,1,3,0,0,0,1556,1287,2843,0,0,0,0,0,0,0,0,0,0,0,0,0,0,0,2,0,2,1,16,17,0,0,0,0,0,0,0,0,0,0,0,0,0,0,0,0,0,0,0,0,0,0,0,0,0,0,0,0,0,0,0,0,0,0,0,0,0,0,0,0,0,0,0,0,0
20200209,105056,25499,17496,42995,22868,18480,41348,84343,6882,4814,11696,0,0,0,7,8,15,11,27,38,0,0,0,0,0,0,0,0,0,145,103,248,2,1,3,2531,2307,4838,0,0,0,473,409,882,0,4,4,48,16,64,1,3,4,0,0,0,1629,1292,2921,0,0,0,0,0,0,0,0,0,0,0,0,0,0,0,0,0,0,0,0,0,0,0,0,0,0,0,0,0,0,0,0,0,0,0,0,0,0,0,0,0,0,0,0,0,0,0,0,0,0,0,0,0,0,0,0,0,0,0,0,0,0,0,0,0,0
20200210,88834,21756,15611,37367,19415,15518,34933,72300,5507,3955,9462,24,0,24,2,5,7,19,6,25,3,3,6,3,3,6,0,0,0,142,83,225,0,1,1,2465,1852,4317,0,0,0,0,0,0,0,0,0,0,0,0,0,1,1,0,0,0,1425,988,2413,0,0,0,0,0,0,0,0,0,0,0,0,0,0,0,2,1,3,0,44,44,0,0,0,0,0,0,0,0,0,0,0,0,0,0,0,0,0,0,0,0,0,0,0,0,0,0,0,0,0,0,0,0,0,0,0,0,0,0,0,0,0,0,0,0,0
20200211,79472,19309,13737,33046,16712,14459,31171,64217,4765,3821,8586,9,8,17,2,1,3,41,12,53,0,0,0,0,27,27,0,0,0,241,128,369,0,5,5,2199,2232,4431,0,0,0,0,0,0,0,0,0,47,54,101,2,0,2,0,0,0,930,690,1620,0,0,0,0,0,0,0,0,0,0,0,0,0,0,0,5,3,8,0,33,33,0,0,0,0,0,0,0,0,0,0,0,0,0,0,0,0,0,0,0,0,0,0,0,0,0,0,0,0,0,0,0,0,0,0,0,0,0,0,0,0,0,0,0,0,0
20200212,71835,16748,13037,29785,14748,12383,27131,56916,5363,3816,9179,27,5,32,15,3,18,23,37,60,0,0,0,0,5,5,0,0,0,103,71,174,1,4,5,1961,1717,3678,0,0,0,0,0,0,0,0,0,0,0,0,0,1,1,0,0,0,927,806,1733,0,0,0,0,0,0,0,0,0,0,0,0,0,0,0,0,1,1,2,31,33,0,0,0,0,0,0,0,0,0,0,0,0,0,0,0,0,0,0,0,0,0,0,0,0,0,0,0,0,0,0,0,0,0,0,0,0,0,0,0,0,0,0,0,0,0
20200213,66877,16784,11813,28597,13688,11876,25564,54161,4084,3191,7275,13,0,13,1,1,2,40,27,67,0,0,0,0,18,18,0,0,0,110,54,164,4,2,6,1777,1892,3669,0,0,0,0,0,0,0,0,0,36,9,45,1,1,2,0,0,0,735,702,1437,0,0,0,0,0,0,0,0,0,0,0,0,0,0,0,1,0,1,0,17,17,0,0,0,0,0,0,0,0,0,0,0,0,0,0,0,0,0,0,0,0,0,0,0,0,0,0,0,0,0,0,0,0,0,0,0,0,0,0,0,0,0,0,0,0,0
20200214,64618,14725,12238,26963,13028,11807,24835,51798,4098,3226,7324,25,4,29,12,8,20,19,29,48,0,0,0,3,3,6,0,0,0,152,85,237,1,1,2,1888,1809,3697,0,0,0,0,0,0,0,0,0,0,21,21,1,10,11,0,0,0,833,583,1416,0,0,0,0,0,0,0,0,0,0,0,0,0,0,0,1,1,2,0,7,7,0,0,0,0,0,0,0,0,0,0,0,0,0,0,0,0,0,0,0,0,0,0,0,0,0,0,0,0,0,0,0,0,0,0,0,0,0,0,0,0,0,0,0,0,0
20200215,64978,15388,11481,26869,13561,11660,25221,52090,4411,3059,7470,0,0,0,0,2,2,16,18,34,0,0,0,0,9,9,0,0,0,115,52,167,0,0,0,1840,1876,3716,0,0,0,0,0,0,0,0,0,47,31,78,0,0,0,0,0,0,843,544,1387,0,0,0,0,0,0,0,0,0,0,0,0,0,0,0,0,0,0,0,25,25,0,0,0,0,0,0,0,0,0,0,0,0,0,0,0,0,0,0,0,0,0,0,0,0,0,0,0,0,0,0,0,0,0,0,0,0,0,0,0,0,0,0,0,0,0
20200216,64014,15505,12554,28059,13081,10873,23954,52013,3892,2665,6557,0,0,0,5,2,7,11,28,39,1,2,3,0,0,0,0,0,0,117,64,181,0,0,0,1624,1807,3431,0,0,0,0,0,0,0,0,0,49,5,54,10,4,14,0,0,0,1019,682,1701,0,0,0,0,0,0,0,0,0,0,0,0,0,0,0,2,0,2,0,12,12,0,0,0,0,0,0,0,0,0,0,0,0,0,0,0,0,0,0,0,0,0,0,0,0,0,0,0,0,0,0,0,0,0,0,0,0,0,0,0,0,0,0,0,0,0
20200217,57101,13206,10947,24153,12353,10159,22512,46665,3446,2171,5617,4,0,4,3,6,9,6,15,21,0,0,0,0,0,0,0,0,0,66,55,121,0,0,0,1481,1907,3388,0,0,0,0,0,0,0,0,0,0,0,0,2,0,2,0,0,0,693,561,1254,0,0,0,0,0,0,0,0,0,0,0,0,0,0,0,1,2,3,0,17,17,0,0,0,0,0,0,0,0,0,0,0,0,0,0,0,0,0,0,0,0,0,0,0,0,0,0,0,0,0,0,0,0,0,0,0,0,0,0,0,0,0,0,0,0,0
20200218,52430,13496,9870,23366,10474,9007,19481,42847,3646,2028,5674,2,1,3,4,8,12,30,44,74,0,0,0,0,0,0,0,0,0,63,57,120,5,0,5,1533,1344,2877,0,0,0,0,0,0,0,0,0,0,0,0,0,4,4,0,0,0,473,296,769,0,0,0,0,0,0,0,0,0,0,0,0,0,0,0,0,0,0,0,45,45,0,0,0,0,0,0,0,0,0,0,0,0,0,0,0,0,0,0,0,0,0,0,0,0,0,0,0,0,0,0,0,0,0,0,0,0,0,0,0,0,0,0,0,0,0
20200219,47945,12147,9234,21381,8991,8364,17355,38736,3376,2165,5541,0,0,0,22,15,37,25,46,71,0,0,0,0,17,17,0,0,0,0,0,0,20,14,34,1235,1147,2382,0,0,0,0,0,0,0,0,0,0,0,0,1,0,1,0,0,0,615,444,1059,0,0,0,0,0,0,0,0,0,0,0,0,0,0,0,3,6,9,0,58,58,0,0,0,0,0,0,0,0,0,0,0,0,0,0,0,0,0,0,0,0,0,0,0,0,0,0,0,0,0,0,0,0,0,0,0,0,0,0,0,0,0,0,0,0,0
20200220,45721,11579,9203,20782,8680,8266,16946,37728,2753,1509,4262,4,1,5,1,1,2,45,30,75,0,0,0,0,0,0,0,0,0,124,60,184,0,3,3,1331,1397,2728,0,0,0,0,0,0,0,0,0,0,0,0,4,1,5,0,0,0,414,227,641,0,0,0,0,0,0,0,0,0,0,0,0,0,0,0,2,0,2,3,83,86,0,0,0,0,0,0,0,0,0,0,0,0,0,0,0,0,0,0,0,0,0,0,0,0,0,0,0,0,0,0,0,0,0,0,0,0,0,0,0,0,0,0,0,0,0
20200221,45343,11265,9392,20657,8217,8126,16343,37000,2565,1473,4038,6,0,6,2,1,3,42,26,68,5,5,10,0,2,2,0,0,0,78,49,127,0,3,3,1396,1564,2960,0,0,0,0,0,0,0,0,0,0,0,0,0,0,0,0,0,0,648,439,1087,0,0,0,0,0,0,0,0,0,0,0,0,0,0,0,1,0,1,0,38,38,0,0,0,0,0,0,0,0,0,0,0,0,0,0,0,0,0,0,0,0,0,0,0,0,0,0,0,0,0,0,0,0,0,0,0,0,0,0,0,0,0,0,0,0,0
20200222,43287,11568,8210,19778,8478,7509,15987,35765,2746,1377,4123,0,1,1,0,3,3,7,51,58,0,0,0,0,10,10,0,0,0,0,0,0,0,0,0,1334,1302,2636,0,0,0,0,0,0,0,0,0,0,0,0,0,4,4,0,0,0,458,212,670,0,0,0,0,0,0,0,0,0,0,0,0,0,0,0,1,1,2,0,15,15,0,0,0,0,0,0,0,0,0,0,0,0,0,0,0,0,0,0,0,0,0,0,0,0,0,0,0,0,0,0,0,0,0,0,0,0,0,0,0,0,0,0,0,0,0
20200223,44414,11350,9086,20436,8674,7578,16252,36688,2171,1300,3471,0,0,0,4,1,5,7,6,13,0,0,0,0,0,0,0,0,0,152,87,239,0,7,7,1409,1575,2984,0,0,0,0,0,0,0,0,0,0,0,0,0,2,2,0,0,0,598,372,970,0,0,0,0,0,0,0,0,0,0,0,0,0,0,0,0,0,0,0,35,35,0,0,0,0,0,0,0,0,0,0,0,0,0,0,0,0,0,0,0,0,0,0,0,0,0,0,0,0,0,0,0,0,0,0,0,0,0,0,0,0,0,0,0,0,0
20200224,39143,9034,9216,18250,5703,8152,13855,32105,1696,1373,3069,2,0,2,5,6,11,24,65,89,0,0,0,0,16,16,0,0,0,67,47,114,0,6,6,928,1884,2812,0,0,0,0,0,0,0,0,0,0,0,0,9,0,9,0,0,0,458,420,878,0,0,0,0,0,0,0,0,0,0,0,0,0,0,0,3,5,8,0,24,24,0,0,0,0,0,0,0,0,0,0,0,0,0,0,0,0,0,0,0,0,0,0,0,0,0,0,0,0,0,0,0,0,0,0,0,0,0,0,0,0,0,0,0,0,0
20200225,34833,8243,7681,15924,6088,7298,13386,29310,1460,1269,2729,39,1,40,5,12,17,26,32,58,0,0,0,0,14,14,0,0,0,0,0,0,0,0,0,850,1452,2302,0,0,0,0,0,0,0,0,0,0,0,0,6,10,16,0,0,0,199,129,328,0,0,0,0,0,0,0,0,0,0,0,0,0,0,0,1,0,1,0,18,18,0,0,0,0,0,0,0,0,0,0,0,0,0,0,0,0,0,0,0,0,0,0,0,0,0,0,0,0,0,0,0,0,0,0,0,0,0,0,0,0,0,0,0,0,0
20200226,30987,7964,6676,14640,5004,6347,11351,25991,1358,946,2304,0,0,0,14,1,15,25,38,63,0,0,0,0,9,9,0,0,0,124,113,237,0,2,2,522,922,1444,0,0,0,0,0,0,0,0,0,0,0,0,0,0,0,0,0,0,413,415,828,0,0,0,0,0,0,0,0,0,0,0,0,0,0,0,0,0,0,0,94,94,0,0,0,0,0,0,0,0,0,0,0,0,0,0,0,0,0,0,0,0,0,0,0,0,0,0,0,0,0,0,0,0,0,0,0,0,0,0,0,0,0,0,0,0,0
20200227,28388,7707,6277,13984,4455,6171,10626,24610,1109,812,1921,1,2,3,15,1,16,24,21,45,0,0,0,0,20,20,0,0,0,0,0,0,1,2,3,616,770,1386,0,0,0,0,0,0,0,0,0,0,0,0,0,3,3,0,0,0,184,160,344,0,0,0,0,0,0,0,0,0,0,0,0,0,0,0,0,0,0,0,37,37,0,0,0,0,0,0,0,0,0,0,0,0,0,0,0,0,0,0,0,0,0,0,0,0,0,0,0,0,0,0,0,0,0,0,0,0,0,0,0,0,0,0,0,0,0
20200228,29784,7048,6587,13635,5465,5728,11193,24828,1112,1047,2159,7,2,9,9,12,21,5,33,38,0,4,4,0,5,5,0,0,0,112,121,233,0,0,0,595,1042,1637,0,0,0,0,0,0,0,0,0,0,0,0,3,1,4,0,0,0,448,371,819,0,0,0,0,0,0,0,0,0,0,0,0,0,0,0,1,2,3,0,24,24,0,0,0,0,0,0,0,0,0,0,0,0,0,0,0,0,0,0,0,0,0,0,0,0,0,0,0,0,0,0,0,0,0,0,0,0,0,0,0,0,0,0,0,0,0
20200229,28707,8041,5642,13683,5742,5183,10925,24608,1410,664,2074,0,0,0,4,1,5,31,44,75,0,0,0,0,1,1,0,0,0,0,0,0,1,1,2,596,711,1307,0,0,0,0,0,0,0,0,0,0,0,0,3,2,5,0,0,0,352,253,605,0,0,0,0,0,0,0,0,0,0,0,0,0,0,0,1,0,1,0,24,24,0,0,0,0,0,0,0,0,0,0,0,0,0,0,0,0,0,0,0,0,0,0,0,0,0,0,0,0,0,0,0,0,0,0,0,0,0,0,0,0,0,0,0,0,0
20200301,31160,7937,6867,14804,6237,5345,11582,26386,1014,1061,2075,0,1,1,7,4,11,7,11,18,1,0,1,9,8,17,0,0,0,114,103,217,9,0,9,595,1144,1739,0,0,0,0,0,0,0,0,0,0,0,0,0,1,1,0,0,0,379,305,684,0,0,0,0,0,0,0,0,0,0,0,0,0,0,0,1,0,1,0,0,0,0,0,0,0,0,0,0,0,0,0,0,0,0,0,0,0,0,0,0,0,0,0,0,0,0,0,0,0,0,0,0,0,0,0,0,0,0,0,0,0,0,0,0,0,0
20200302,24997,5657,4770,10427,4938,5529,10467,20894,838,753,1591,2,0,2,0,0,0,20,27,47,0,0,0,0,4,4,0,0,0,113,71,184,7,1,8,480,1262,1742,0,0,0,0,0,0,0,0,0,0,0,0,1,0,1,0,0,0,227,267,494,0,0,0,0,0,0,0,0,0,0,0,0,0,0,0,0,0,0,1,29,30,0,0,0,0,0,0,0,0,0,0,0,0,0,0,0,0,0,0,0,0,0,0,0,0,0,0,0,0,0,0,0,0,0,0,0,0,0,0,0,0,0,0,0,0,0
20200303,23344,5726,4705,10431,4451,5189,9640,20071,1043,745,1788,1,0,1,2,4,6,35,47,82,0,0,0,0,7,7,0,0,0,0,0,0,0,0,0,386,577,963,0,0,0,0,0,0,0,0,0,0,0,0,5,3,8,0,0,0,171,208,379,0,0,0,0,0,0,0,0,0,0,0,0,0,0,0,7,4,11,0,28,28,0,0,0,0,0,0,0,0,0,0,0,0,0,0,0,0,0,0,0,0,0,0,0,0,0,0,0,0,0,0,0,0,0,0,0,0,0,0,0,0,0,0,0,0,0
20200304,21133,5076,4652,9728,3569,4609,8178,17906,682,680,1362,0,0,0,4,2,6,33,46,79,0,0,0,0,8,8,0,0,0,122,76,198,14,8,22,384,872,1256,0,0,0,0,0,0,0,0,0,0,0,0,5,0,5,0,0,0,136,140,276,0,0,0,0,0,0,0,0,0,0,0,0,0,0,0,1,1,2,0,13,13,0,0,0,0,0,0,0,0,0,0,0,0,0,0,0,0,0,0,0,0,0,0,0,0,0,0,0,0,0,0,0,0,0,0,0,0,0,0,0,0,0,0,0,0,0
20200305,19930,5066,4405,9471,3091,4509,7600,17071,512,510,1022,0,0,0,1,1,2,38,43,81,0,0,0,0,0,0,0,0,0,0,0,0,1,0,1,361,925,1286,0,0,0,0,0,0,0,0,0,0,0,0,0,2,2,0,0,0,218,226,444,0,0,0,0,0,0,0,0,0,0,0,0,0,0,0,3,3,6,0,15,15,0,0,0,0,0,0,0,0,0,0,0,0,0,0,0,0,0,0,0,0,0,0,0,0,0,0,0,0,0,0,0,0,0,0,0,0,0,0,0,0,0,0,0,0,0
20200306,19582,4024,4517,8541,3318,4336,7654,16195,603,795,1398,44,10,54,0,0,0,14,43,57,0,7,7,0,0,0,0,0,0,83,89,172,0,6,6,419,632,1051,0,0,0,0,0,0,0,0,0,0,0,0,0,1,1,0,0,0,351,278,629,0,0,0,0,0,0,0,0,0,0,0,0,0,0,0,2,6,8,0,4,4,0,0,0,0,0,0,0,0,0,0,0,0,0,0,0,0,0,0,0,0,0,0,0,0,0,0,0,0,0,0,0,0,0,0,0,0,0,0,0,0,0,0,0,0,0
20200307,19026,4624,3949,8573,3915,4282,8197,16770,471,550,1021,0,0,0,10,10,20,14,22,36,7,0,7,0,0,0,0,0,0,0,0,0,0,4,4,274,606,880,0,0,0,0,0,0,0,0,0,0,0,0,2,0,2,0,0,0,187,95,282,0,0,0,0,0,0,0,0,0,0,0,0,0,0,0,0,4,4,0,0,0,0,0,0,0,0,0,0,0,0,0,0,0,0,0,0,0,0,0,0,0,0,0,0,0,0,0,0,0,0,0,0,0,0,0,0,0,0,0,0,0,0,0,0,0,0
20200308,21221,5424,4950,10374,3709,3565,7274,17648,729,667,1396,0,0,0,6,3,9,12,37,49,0,0,0,0,0,0,0,0,0,91,86,177,0,0,0,360,896,1256,0,0,0,0,0,0,0,0,0,0,0,0,0,1,1,0,0,0,367,305,672,0,0,0,0,0,0,0,0,0,0,0,0,0,0,0,1,5,6,0,7,7,0,0,0,0,0,0,0,0,0,0,0,0,0,0,0,0,0,0,0,0,0,0,0,0,0,0,0,0,0,0,0,0,0,0,0,0,0,0,0,0,0,0,0,0,0
20200309,17300,3957,3691,7648,3139,3916,7055,14703,497,597,1094,0,0,0,4,0,4,29,42,71,0,0,0,0,0,0,0,0,0,51,78,129,13,7,20,253,746,999,0,0,0,0,0,0,0,0,0,0,0,0,0,2,2,0,0,0,120,90,210,0,0,0,0,0,0,0,0,0,0,0,0,0,0,0,7,0,7,2,59,61,0,0,0,0,0,0,0,0,0,0,0,0,0,0,0,0,0,0,0,0,0,0,0,0,0,0,0,0,0,0,0,0,0,0,0,0,0,0,0,0,0,0,0,0,0
20200310,17372,3730,3706,7436,3347,4418,7765,15201,508,556,1064,12,1,13,2,5,7,15,16,31,0,0,0,0,0,0,0,0,0,0,0,0,0,0,0,228,326,554,0,0,0,0,0,0,0,0,0,0,0,0,0,0,0,0,0,0,221,253,474,0,0,0,0,0,0,0,0,0,0,0,0,0,0,0,2,2,4,0,24,24,0,0,0,0,0,0,0,0,0,0,0,0,0,0,0,0,0,0,0,0,0,0,0,0,0,0,0,0,0,0,0,0,0,0,0,0,0,0,0,0,0,0,0,0,0
20200311,15945,3295,3494,6789,3189,3206,6395,13184,584,656,1240,3,2,5,4,12,16,28,84,112,0,0,0,0,0,0,0,0,0,76,83,159,6,11,17,227,600,827,0,0,0,0,0,0,0,0,0,0,0,0,2,14,16,0,0,0,166,200,366,0,0,0,0,0,0,0,0,0,0,0,0,0,0,0,1,2,3,0,0,0,0,0,0,0,0,0,0,0,0,0,0,0,0,0,0,0,0,0,0,0,0,0,0,0,0,0,0,0,0,0,0,0,0,0,0,0,0,0,0,0,0,0,0,0,0
20200312,15532,3800,3623,7423,3096,3194,6290,13713,315,212,527,0,1,1,10,2,12,57,37,94,0,0,0,0,7,7,0,0,0,0,0,0,4,3,7,263,580,843,0,0,0,0,0,0,0,0,0,0,0,0,9,0,9,0,0,0,148,142,290,0,0,0,0,0,0,0,0,0,0,0,0,0,0,0,0,0,0,0,29,29,0,0,0,0,0,0,0,0,0,0,0,0,0,0,0,0,0,0,0,0,0,0,0,0,0,0,0,0,0,0,0,0,0,0,0,0,0,0,0,0,0,0,0,0,0
20200313,14994,3284,3154,6438,3130,2807,5937,12375,416,656,1072,15,1,16,9,6,15,28,47,75,1,0,1,0,0,0,0,0,0,94,74,168,0,0,0,252,428,680,0,0,0,0,0,0,0,0,0,0,0,0,0,9,9,0,0,0,319,241,560,0,0,0,0,0,0,0,0,0,0,0,0,0,0,0,1,1,2,1,20,21,0,0,0,0,0,0,0,0,0,0,0,0,0,0,0,0,0,0,0,0,0,0,0,0,0,0,0,0,0,0,0,0,0,0,0,0,0,0,0,0,0,0,0,0,0
20200314,16443,4046,2950,6996,4319,3264,7583,14579,480,371,851,2,1,3,3,28,31,25,32,57,0,0,0,0,0,0,0,0,0,0,0,0,0,4,4,232,427,659,0,0,0,0,0,0,0,0,0,0,0,0,8,0,8,0,0,0,162,89,251,0,0,0,0,0,0,0,0,0,0,0,0,0,0,0,0,0,0,0,0,0,0,0,0,0,0,0,0,0,0,0,0,0,0,0,0,0,0,0,0,0,0,0,0,0,0,0,0,0,0,0,0,0,0,0,0,0,0,0,0,0,0,0,0,0,0
20200315,19038,5313,3654,8967,3979,2822,6801,15768,690,605,1295,0,0,0,14,9,23,35,27,62,0,0,0,0,0,0,0,0,0,130,72,202,0,0,0,259,769,1028,0,0,0,0,0,0,0,0,0,0,0,0,1,3,4,0,0,0,364,284,648,0,0,0,0,0,0,0,0,0,0,0,0,0,0,0,0,0,0,0,8,8,0,0,0,0,0,0,0,0,0,0,0,0,0,0,0,0,0,0,0,0,0,0,0,0,0,0,0,0,0,0,0,0,0,0,0,0,0,0,0,0,0,0,0,0,0
20200316,15099,3730,2535,6265,3886,2925,6811,13076,318,493,811,0,0,0,0,0,0,25,21,46,0,0,0,0,0,0,0,0,0,0,0,0,2,0,2,224,694,918,0,0,0,0,0,0,0,0,0,0,0,0,0,9,9,0,0,0,108,72,180,0,0,0,0,0,0,0,0,0,0,0,0,0,0,0,1,4,5,0,52,52,0,0,0,0,0,0,0,0,0,0,0,0,0,0,0,0,0,0,0,0,0,0,0,0,0,0,0,0,0,0,0,0,0,0,0,0,0,0,0,0,0,0,0,0,0
20200317,14164,3194,2468,5662,4237,2418,6655,12317,571,368,939,14,5,19,4,1,5,23,35,58,0,0,0,0,0,0,0,0,0,0,0,0,6,3,9,217,291,508,0,0,0,0,0,0,0,0,0,0,0,0,11,0,11,0,0,0,142,131,273,0,0,0,0,0,0,0,0,0,0,0,0,0,0,0,4,1,5,0,20,20,0,0,0,0,0,0,0,0,0,0,0,0,0,0,0,0,0,0,0,0,0,0,0,0,0,0,0,0,0,0,0,0,0,0,0,0,0,0,0,0,0,0,0,0,0
20200318,14151,3020,2046,5066,4191,2354,6545,11611,543,423,966,1,0,1,0,1,1,58,31,89,0,0,0,0,0,0,0,0,0,173,76,249,1,0,1,305,530,835,0,0,0,0,0,0,0,0,0,0,0,0,0,0,0,0,0,0,214,180,394,0,0,0,0,0,0,0,0,0,0,0,0,0,0,0,2,2,4,0,0,0,0,0,0,0,0,0,0,0,0,0,0,0,0,0,0,0,0,0,0,0,0,0,0,0,0,0,0,0,0,0,0,0,0,0,0,0,0,0,0,0,0,0,0,0,0
20200319,11448,3032,2369,5401,3266,1853,5119,10520,33,163,196,0,0,0,0,0,0,3,1,4,0,0,0,0,8,8,0,0,0,0,0,0,4,0,4,170,534,704,0,0,0,0,0,0,0,0,0,0,0,0,0,0,0,0,0,0,0,0,0,0,0,0,0,0,0,0,0,0,0,0,0,0,0,0,3,0,3,0,9,9,0,0,0,0,0,0,0,0,0,0,0,0,0,0,0,0,0,0,0,0,0,0,0,0,0,0,0,0,0,0,0,0,0,0,0,0,0,0,0,0,0,0,0,0,0
20200320,10812,1719,2092,3811,3419,2344,5763,9574,265,354,619,0,0,0,0,0,0,5,25,30,0,0,0,0,0,0,0,0,0,0,0,0,0,0,0,197,383,580,0,0,0,0,0,0,0,0,0,0,0,0,2,0,2,0,0,0,0,0,0,0,0,0,0,0,0,0,0,0,0,0,0,0,0,0,0,0,0,0,7,7,0,0,0,0,0,0,0,0,0,0,0,0,0,0,0,0,0,0,0,0,0,0,0,0,0,0,0,0,0,0,0,0,0,0,0,0,0,0,0,0,0,0,0,0,0
20200321,8435,1592,1308,2900,3229,1712,4941,7841,13,79,92,4,0,4,0,0,0,8,2,10,0,0,0,0,0,0,0,0,0,0,0,0,0,0,0,117,355,472,0,0,0,0,0,0,0,0,0,0,0,0,1,1,2,0,0,0,0,0,0,0,0,0,0,0,0,0,0,0,0,0,0,0,0,0,0,1,1,1,12,13,0,0,0,0,0,0,0,0,0,0,0,0,0,0,0,0,0,0,0,0,0,0,0,0,0,0,0,0,0,0,0,0,0,0,0,0,0,0,0,0,0,0,0,0,0
20200322,7309,1426,900,2326,2794,1404,4198,6524,88,133,221,0,0,0,0,0,0,13,12,25,0,0,0,0,0,0,0,0,0,0,0,0,0,0,0,92,447,539,0,0,0,0,0,0,0,0,0,0,0,0,0,0,0,0,0,0,0,0,0,0,0,0,0,0,0,0,0,0,0,0,0,0,0,0,0,0,0,0,0,0,0,0,0,0,0,0,0,0,0,0,0,0,0,0,0,0,0,0,0,0,0,0,0,0,0,0,0,0,0,0,0,0,0,0,0,0,0,0,0,0,0,0,0,0,0
20200323,5424,726,615,1341,2051,1103,3154,4495,101,187,288,0,0,0,0,0,0,0,1,1,0,0,0,0,0,0,0,0,0,0,0,0,0,1,1,127,509,636,0,0,0,0,0,0,0,0,0,0,0,0,0,0,0,0,0,0,0,0,0,0,0,0,0,0,0,0,0,0,0,0,0,0,0,0,1,1,2,0,1,1,0,0,0,0,0,0,0,0,0,0,0,0,0,0,0,0,0,0,0,0,0,0,0,0,0,0,0,0,0,0,0,0,0,0,0,0,0,0,0,0,0,0,0,0,0
20200324,5216,913,893,1806,2019,1092,3111,4917,0,0,0,0,0,0,0,0,0,5,1,6,0,0,0,0,0,0,0,0,0,0,0,0,0,0,0,48,235,283,0,0,0,0,0,0,0,0,0,0,0,0,1,0,1,0,0,0,0,0,0,0,0,0,0,0,0,0,0,0,0,0,0,0,0,0,0,0,0,0,9,9,0,0,0,0,0,0,0,0,0,0,0,0,0,0,0,0,0,0,0,0,0,0,0,0,0,0,0,0,0,0,0,0,0,0,0,0,0,0,0,0,0,0,0,0,0
20200325,4438,733,478,1211,1947,986,2933,4144,13,25,38,0,0,0,1,1,2,3,2,5,0,0,0,0,0,0,0,0,0,0,0,0,0,0,0,78,144,222,0,0,0,0,0,0,0,0,0,0,0,0,0,0,0,0,0,0,0,0,0,0,0,0,0,0,0,0,0,0,0,0,0,0,0,0,1,1,2,0,25,25,0,0,0,0,0,0,0,0,0,0,0,0,0,0,0,0,0,0,0,0,0,0,0,0,0,0,0,0,0,0,0,0,0,0,0,0,0,0,0,0,0,0,0,0,0
20200326,4004,783,456,1239,1957,521,2478,3717,0,0,0,0,1,1,1,1,2,3,7,10,0,0,0,0,0,0,0,0,0,0,0,0,3,0,3,44,189,233,0,0,0,0,0,0,0,0,0,0,0,0,0,0,0,0,0,0,0,0,0,0,0,0,0,0,0,0,0,0,0,0,0,0,0,0,1,0,1,0,37,37,0,0,0,0,0,0,0,0,0,0,0,0,0,0,0,0,0,0,0,0,0,0,0,0,0,0,0,0,0,0,0,0,0,0,0,0,0,0,0,0,0,0,0,0,0
20200327,4000,470,595,1065,1731,845,2576,3641,21,85,106,0,0,0,0,0,0,15,32,47,1,0,1,0,0,0,0,0,0,0,0,0,0,4,4,65,127,192,0,0,0,0,0,0,0,0,0,0,0,0,0,0,0,0,0,0,0,0,0,0,0,0,0,0,0,0,0,0,0,0,0,0,0,0,0,1,1,0,8,8,0,0,0,0,0,0,0,0,0,0,0,0,0,0,0,0,0,0,0,0,0,0,0,0,0,0,0,0,0,0,0,0,0,0,0,0,0,0,0,0,0,0,0,0,0
20200328,3230,567,454,1021,1262,701,1963,2984,59,53,112,0,0,0,0,0,0,1,3,4,0,0,0,0,0,0,0,0,0,0,0,0,0,0,0,25,97,122,0,0,0,0,0,0,0,0,0,0,0,0,0,0,0,0,0,0,0,0,0,0,0,0,0,0,0,0,0,0,0,0,0,0,0,0,7,0,7,1,0,1,0,0,0,0,0,0,0,0,0,0,0,0,0,0,0,0,0,0,0,0,0,0,0,0,0,0,0,0,0,0,0,0,0,0,0,0,0,0,0,0,0,0,0,0,0
20200329,2774,612,343,955,1044,475,1519,2474,60,76,136,0,0,0,1,1,2,7,6,13,0,0,0,0,0,0,0,0,0,0,0,0,0,0,0,34,110,144,0,0,0,0,0,0,0,0,0,0,0,0,1,1,2,0,0,0,0,0,0,0,0,0,0,0,0,0,0,0,0,0,0,0,0,0,2,1,3,0,0,0,0,0,0,0,0,0,0,0,0,0,0,0,0,0,0,0,0,0,0,0,0,0,0,0,0,0,0,0,0,0,0,0,0,0,0,0,0,0,0,0,0,0,0,0,0
20200330,2965,306,231,537,1430,458,1888,2425,75,87,162,3,0,3,0,0,0,3,1,4,0,0,0,0,8,8,0,0,0,0,0,0,0,0,0,140,196,336,0,0,0,0,0,0,0,0,0,0,0,0,1,3,4,0,0,0,0,0,0,0,0,0,0,0,0,0,0,0,0,0,0,0,0,0,1,0,1,0,22,22,0,0,0,0,0,0,0,0,0,0,0,0,0,0,0,0,0,0,0,0,0,0,0,0,0,0,0,0,0,0,0,0,0,0,0,0,0,0,0,0,0,0,0,0,0
20200331,3171,328,498,826,1409,796,2205,3031,20,30,50,1,0,1,0,0,0,10,9,19,0,0,0,0,0,0,1,0,1,0,0,0,0,0,0,30,39,69,0,0,0,0,0,0,0,0,0,0,0,0,0,0,0,0,0,0,0,0,0,0,0,0,0,0,0,0,0,0,0,0,0,0,0,0,0,0,0,0,0,0,0,0,0,0,0,0,0,0,0,0,0,0,0,0,0,0,0,0,0,0,0,0,0,0,0,0,0,0,0,0,0,0,0,0,0,0,0,0,0,0,0,0,0,0,0
20200401,2675,378,414,792,987,351,1338,2130,47,63,110,0,2,2,1,1,2,2,1,3,0,0,0,0,0,0,0,0,0,0,0,0,0,0,0,173,247,420,0,0,0,0,0,0,0,0,0,0,0,0,0,0,0,0,0,0,0,0,0,0,0,0,0,0,0,0,0,0,0,0,0,0,0,0,0,0,0,0,8,8,0,0,0,0,0,0,0,0,0,0,0,0,0,0,0,0,0,0,0,0,0,0,0,0,0,0,0,0,0,0,0,0,0,0,0,0,0,0,0,0,0,0,0,0,0
20200402,2567,591,444,1035,698,430,1128,2163,0,0,0,6,7,13,0,2,2,8,52,60,0,0,0,0,0,0,0,0,0,0,0,0,0,0,0,70,238,308,0,0,0,0,0,0,0,0,0,0,0,0,0,0,0,0,0,0,0,0,0,0,0,0,0,0,0,0,0,0,0,0,0,0,0,0,1,1,2,0,19,19,0,0,0,0,0,0,0,0,0,0,0,0,0,0,0,0,0,0,0,0,0,0,0,0,0,0,0,0,0,0,0,0,0,0,0,0,0,0,0,0,0,0,0,0,0
20200403,1510,125,4,129,839,455,1294,1423,0,0,0,0,0,0,0,0,0,11,0,11,0,0,0,0,0,0,0,0,0,0,0,0,0,0,0,44,32,76,0,0,0,0,0,0,0,0,0,0,0,0,0,0,0,0,0,0,0,0,0,0,0,0,0,0,0,0,0,0,0,0,0,0,0,0,0,0,0,0,0,0,0,0,0,0,0,0,0,0,0,0,0,0,0,0,0,0,0,0,0,0,0,0,0,0,0,0,0,0,0,0,0,0,0,0,0,0,0,0,0,0,0,0,0,0,0
20200404,1064,129,176,305,433,223,656,961,27,6,33,1,0,1,0,0,0,3,3,6,0,0,0,0,0,0,0,0,0,0,0,0,0,0,0,36,27,63,0,0,0,0,0,0,0,0,0,0,0,0,0,0,0,0,0,0,0,0,0,0,0,0,0,0,0,0,0,0,0,0,0,0,0,0,0,0,0,0,0,0,0,0,0,0,0,0,0,0,0,0,0,0,0,0,0,0,0,0,0,0,0,0,0,0,0,0,0,0,0,0,0,0,0,0,0,0,0,0,0,0,0,0,0,0,0
20200405,1605,141,22,163,905,347,1252,1415,34,68,102,1,1,2,0,0,0,1,0,1,1,0,1,1,0,1,0,0,0,0,0,0,0,0,0,37,46,83,0,0,0,0,0,0,0,0,0,0,0,0,0,0,0,0,0,0,0,0,0,0,0,0,0,0,0,0,0,0,0,0,0,0,0,0,0,0,0,0,0,0,0,0,0,0,0,0,0,0,0,0,0,0,0,0,0,0,0,0,0,0,0,0,0,0,0,0,0,0,0,0,0,0,0,0,0,0,0,0,0,0,0,0,0,0,0
20200406,1445,69,28,97,493,413,906,1003,0,0,0,0,0,0,4,6,10,5,7,12,0,0,0,0,0,0,0,0,0,0,0,0,0,0,0,134,284,418,0,0,0,0,0,0,0,0,0,0,0,0,1,0,1,0,0,0,0,0,0,0,0,0,0,0,0,0,0,0,0,0,0,0,0,0,0,1,1,0,0,0,0,0,0,0,0,0,0,0,0,0,0,0,0,0,0,0,0,0,0,0,0,0,0,0,0,0,0,0,0,0,0,0,0,0,0,0,0,0,0,0,0,0,0,0,0
20200407,1388,58,263,321,597,383,980,1301,27,0,27,0,1,1,0,0,0,6,19,25,0,0,0,0,0,0,0,0,0,0,0,0,0,0,0,12,0,12,0,0,0,0,0,0,0,0,0,0,0,0,0,0,0,0,0,0,0,0,0,0,0,0,0,0,0,0,0,0,0,0,0,0,0,0,0,1,1,0,21,21,0,0,0,0,0,0,0,0,0,0,0,0,0,0,0,0,0,0,0,0,0,0,0,0,0,0,0,0,0,0,0,0,0,0,0,0,0,0,0,0,0,0,0,0,0
20200408,1434,234,34,268,317,534,851,1119,0,0,0,0,1,1,0,0,0,5,2,7,0,0,0,0,0,0,0,0,0,0,0,0,0,0,0,96,209,305,0,0,0,0,0,0,0,0,0,0,0,0,0,0,0,0,0,0,0,0,0,0,0,0,0,0,0,0,0,0,0,0,0,0,0,0,1,1,2,0,0,0,0,0,0,0,0,0,0,0,0,0,0,0,0,0,0,0,0,0,0,0,0,0,0,0,0,0,0,0,0,0,0,0,0,0,0,0,0,0,0,0,0,0,0,0,0
20200409,1366,179,325,504,463,240,703,1207,0,0,0,0,0,0,0,0,0,1,1,2,0,0,0,0,0,0,0,0,0,0,0,0,0,5,5,38,107,145,0,0,0,0,0,0,0,0,0,0,0,0,0,0,0,0,0,0,0,0,0,0,0,0,0,0,0,0,0,0,0,0,0,0,0,0,0,0,0,0,7,7,0,0,0,0,0,0,0,0,0,0,0,0,0,0,0,0,0,0,0,0,0,0,0,0,0,0,0,0,0,0,0,0,0,0,0,0,0,0,0,0,0,0,0,0,0
20200410,1485,173,118,291,647,438,1085,1376,0,0,0,0,0,0,0,0,0,5,4,9,0,0,0,0,0,0,0,0,0,0,0,0,0,0,0,42,35,77,0,0,0,0,0,0,0,0,0,0,0,0,0,0,0,0,0,0,0,0,0,0,0,0,0,0,0,0,0,0,0,0,0,0,0,0,0,0,0,0,23,23,0,0,0,0,0,0,0,0,0,0,0,0,0,0,0,0,0,0,0,0,0,0,0,0,0,0,0,0,0,0,0,0,0,0,0,0,0,0,0,0,0,0,0,0,0
20200411,1303,104,245,349,613,192,805,1154,18,6,24,8,8,16,0,0,0,5,31,36,0,0,0,0,0,0,0,0,0,0,0,0,0,0,0,34,36,70,0,0,0,0,0,0,0,0,0,0,0,0,0,0,0,0,0,0,1,0,1,0,0,0,0,0,0,0,0,0,0,0,0,0,0,0,1,1,2,0,0,0,0,0,0,0,0,0,0,0,0,0,0,0,0,0,0,0,0,0,0,0,0,0,0,0,0,0,0,0,0,0,0,0,0,0,0,0,0,0,0,0,0,0,0,0,0
20200412,2018,136,53,189,1028,501,1529,1718,53,100,153,1,1,2,0,2,2,2,3,5,0,0,0,0,0,0,0,0,0,0,0,0,0,0,0,42,95,137,0,0,0,0,0,0,0,0,0,0,0,0,0,0,0,0,0,0,0,0,0,0,0,0,0,0,0,0,0,0,0,0,0,0,0,0,0,0,0,0,1,1,0,0,0,0,0,0,0,0,0,0,0,0,0,0,0,0,0,0,0,0,0,0,0,0,0,0,0,0,0,0,0,0,0,0,0,0,0,0,0,0,0,0,0,0,0
20200413,1474,58,217,275,320,218,538,813,0,0,0,0,0,0,0,0,0,2,1,3,0,0,0,0,0,0,0,0,0,0,0,0,0,0,0,221,431,652,0,0,0,0,0,0,0,0,0,0,0,0,0,0,0,0,0,0,0,0,0,0,0,0,0,0,0,0,0,0,0,0,0,0,0,0,1,3,4,0,2,2,0,0,0,0,0,0,0,0,0,0,0,0,0,0,0,0,0,0,0,0,0,0,0,0,0,0,0,0,0,0,0,0,0,0,0,0,0,0,0,0,0,0,0,0,0
20200414,722,0,164,164,353,152,505,669,7,4,11,2,3,5,0,0,0,0,0,0,0,0,0,0,0,0,0,0,0,0,0,0,0,0,0,9,4,13,0,0,0,0,0,0,0,0,0,0,0,0,0,0,0,0,0,0,0,0,0,0,0,0,0,0,0,0,0,0,0,0,0,0,0,0,0,1,1,0,23,23,0,0,0,0,0,0,0,0,0,0,0,0,0,0,0,0,0,0,0,0,0,0,0,0,0,0,0,0,0,0,0,0,0,0,0,0,0,0,0,0,0,0,0,0,0
20200415,1916,39,232,271,590,535,1125,1396,0,0,0,0,1,1,0,0,0,5,6,11,0,0,0,0,0,0,0,0,0,0,0,0,0,0,0,143,358,501,0,0,0,0,0,0,0,0,0,0,0,0,0,0,0,0,0,0,0,0,0,0,0,0,0,0,0,0,0,0,0,0,0,0,0,0,0,1,1,0,6,6,0,0,0,0,0,0,0,0,0,0,0,0,0,0,0,0,0,0,0,0,0,0,0,0,0,0,0,0,0,0,0,0,0,0,0,0,0,0,0,0,0,0,0,0,0
20200416,1394,164,335,499,422,200,622,1121,0,0,0,0,0,0,0,1,1,2,4,6,0,0,0,0,0,0,0,0,0,0,0,0,0,0,0,65,194,259,0,0,0,0,0,0,0,0,0,0,0,0,0,0,0,0,0,0,0,0,0,0,0,0,0,0,0,0,0,0,0,0,0,0,0,0,0,1,1,0,6,6,0,0,0,0,0,0,0,0,0,0,0,0,0,0,0,0,0,0,0,0,0,0,0,0,0,0,0,0,0,0,0,0,0,0,0,0,0,0,0,0,0,0,0,0,0
20200417,1232,320,49,369,434,175,609,978,35,79,114,0,0,0,0,0,0,1,1,2,0,0,0,0,0,0,0,0,0,0,0,0,0,0,0,61,75,136,0,0,0,0,0,0,0,0,0,0,0,0,0,0,0,0,0,0,0,0,0,0,0,0,0,0,0,0,0,0,0,0,0,0,0,0,0,1,1,0,1,1,0,0,0,0,0,0,0,0,0,0,0,0,0,0,0,0,0,0,0,0,0,0,0,0,0,0,0,0,0,0,0,0,0,0,0,0,0,0,0,0,0,0,0,0,0
20200418,1134,167,57,224,476,255,731,955,14,4,18,0,0,0,0,0,0,17,13,30,0,0,0,0,0,0,0,0,0,0,0,0,0,0,0,40,74,114,0,0,0,0,0,0,0,0,0,0,0,0,0,0,0,0,0,0,0,0,0,0,0,0,0,0,0,0,0,0,0,0,0,0,0,0,0,0,0,0,17,17,0,0,0,0,0,0,0,0,0,0,0,0,0,0,0,0,0,0,0,0,0,0,0,0,0,0,0,0,0,0,0,0,0,0,0,0,0,0,0,0,0,0,0,0,0
20200419,1269,121,6,127,501,436,937,1064,27,60,87,2,0,2,0,1,1,1,2,3,0,0,0,0,0,0,0,0,0,0,0,0,0,0,0,37,75,112,0,0,0,0,0,0,0,0,0,0,0,0,0,0,0,0,0,0,0,0,0,0,0,0,0,0,0,0,0,0,0,0,0,0,0,0,0,0,0,0,0,0,0,0,0,0,0,0,0,0,0,0,0,0,0,0,0,0,0,0,0,0,0,0,0,0,0,0,0,0,0,0,0,0,0,0,0,0,0,0,0,0,0,0,0,0,0
20200420,1766,249,20,269,599,297,896,1165,0,0,0,0,3,3,0,0,0,3,1,4,0,0,0,0,0,0,0,0,0,0,0,0,0,0,0,117,469,586,0,0,0,0,0,0,0,0,0,0,0,0,0,0,0,0,0,0,0,0,0,0,0,0,0,0,0,0,0,0,0,0,0,0,0,0,0,0,0,0,8,8,0,0,0,0,0,0,0,0,0,0,0,0,0,0,0,0,0,0,0,0,0,0,0,0,0,0,0,0,0,0,0,0,0,0,0,0,0,0,0,0,0,0,0,0,0
20200421,945,229,121,350,315,231,546,896,9,3,12,0,0,0,0,0,0,4,3,7,0,0,0,0,0,0,0,0,0,0,0,0,0,0,0,10,4,14,0,0,0,0,0,0,0,0,0,0,0,0,2,2,4,0,0,0,0,0,0,0,0,0,0,0,0,0,0,0,0,0,0,0,0,0,3,0,3,0,9,9,0,0,0,0,0,0,0,0,0,0,0,0,0,0,0,0,0,0,0,0,0,0,0,0,0,0,0,0,0,0,0,0,0,0,0,0,0,0,0,0,0,0,0,0,0
20200422,1578,71,9,80,493,532,1025,1105,0,0,0,0,0,0,0,0,0,14,23,37,0,0,0,0,0,0,0,0,0,0,0,0,0,0,0,98,325,423,0,0,0,0,0,0,0,0,0,0,0,0,0,0,0,0,0,0,0,0,0,0,0,0,0,0,0,0,0,0,0,0,0,0,0,0,0,1,1,7,5,12,0,0,0,0,0,0,0,0,0,0,0,0,0,0,0,0,0,0,0,0,0,0,0,0,0,0,0,0,0,0,0,0,0,0,0,0,0,0,0,0,0,0,0,0,0
20200423,1456,239,500,739,321,217,538,1277,0,0,0,0,0,0,0,0,0,9,34,43,0,0,0,0,0,0,0,0,0,0,0,0,0,0,0,44,89,133,0,0,0,0,0,0,0,0,0,0,0,0,1,2,3,0,0,0,0,0,0,0,0,0,0,0,0,0,0,0,0,0,0,0,0,0,0,0,0,0,0,0,0,0,0,0,0,0,0,0,0,0,0,0,0,0,0,0,0,0,0,0,0,0,0,0,0,0,0,0,0,0,0,0,0,0,0,0,0,0,0,0,0,0,0,0,0
20200424,990,40,56,96,351,266,617,713,31,89,120,1,0,1,0,0,0,6,4,10,0,0,0,0,0,0,0,0,0,0,0,0,0,0,0,62,84,146,0,0,0,0,0,0,0,0,0,0,0,0,0,0,0,0,0,0,0,0,0,0,0,0,0,0,0,0,0,0,0,0,0,0,0,0,0,0,0,0,0,0,0,0,0,0,0,0,0,0,0,0,0,0,0,0,0,0,0,0,0,0,0,0,0,0,0,0,0,0,0,0,0,0,0,0,0,0,0,0,0,0,0,0,0,0,0
20200425,735,0,1,1,247,307,554,555,12,4,16,0,0,0,0,0,0,5,26,31,0,0,0,0,0,0,0,0,0,0,0,0,0,0,0,36,85,121,0,0,0,0,0,0,0,0,0,0,0,0,0,0,0,0,0,0,0,0,0,0,0,0,0,0,0,0,0,0,0,0,0,0,0,0,1,2,3,9,0,9,0,0,0,0,0,0,0,0,0,0,0,0,0,0,0,0,0,0,0,0,0,0,0,0,0,0,0,0,0,0,0,0,0,0,0,0,0,0,0,0,0,0,0,0,0
20200426,1442,177,11,188,598,403,1001,1189,39,81,120,0,0,0,0,0,0,0,0,0,0,0,0,0,0,0,0,0,0,0,0,0,0,0,0,38,91,129,0,0,0,0,0,0,0,0,0,0,0,0,0,1,1,0,0,0,0,3,3,0,0,0,0,0,0,0,0,0,0,0,0,0,0,0,0,0,0,0,0,0,0,0,0,0,0,0,0,0,0,0,0,0,0,0,0,0,0,0,0,0,0,0,0,0,0,0,0,0,0,0,0,0,0,0,0,0,0,0,0,0,0,0,0,0,0
20200427,982,19,78,97,54,226,280,377,0,0,0,0,0,0,0,0,0,3,19,22,0,0,0,0,0,0,0,0,0,0,0,0,0,0,0,133,441,574,0,0,0,0,0,0,0,0,0,0,0,0,1,0,1,0,0,0,0,0,0,0,0,0,0,0,0,0,0,0,0,0,0,0,0,0,4,4,8,0,0,0,0,0,0,0,0,0,0,0,0,0,0,0,0,0,0,0,0,0,0,0,0,0,0,0,0,0,0,0,0,0,0,0,0,0,0,0,0,0,0,0,0,0,0,0,0
20200428,525,0,0,0,259,208,467,467,11,2,13,0,0,0,0,0,0,8,5,13,0,0,0,0,0,0,0,0,0,0,0,0,0,0,0,20,11,31,0,0,0,0,0,0,0,0,0,0,0,0,0,0,0,0,0,0,0,0,0,0,0,0,0,0,0,0,0,0,0,0,0,0,0,0,1,0,1,0,0,0,0,0,0,0,0,0,0,0,0,0,0,0,0,0,0,0,0,0,0,0,0,0,0,0,0,0,0,0,0,0,0,0,0,0,0,0,0,0,0,0,0,0,0,0,0
20200429,1789,187,12,199,482,563,1045,1244,0,0,0,1,2,3,0,4,4,1,4,5,0,0,0,0,0,0,0,0,0,0,0,0,0,0,0,112,407,519,0,0,0,0,0,0,0,0,0,0,0,0,0,0,0,0,0,0,0,0,0,0,0,0,0,0,0,0,0,0,0,0,0,0,0,0,0,0,0,0,14,14,0,0,0,0,0,0,0,0,0,0,0,0,0,0,0,0,0,0,0,0,0,0,0,0,0,0,0,0,0,0,0,0,0,0,0,0,0,0,0,0,0,0,0,0,0
20200430,2051,65,489,554,599,465,1064,1618,0,0,0,0,0,0,1,2,3,6,19,25,0,0,0,0,0,0,0,0,0,0,0,0,0,0,0,114,284,398,0,0,0,0,0,0,0,0,0,0,0,0,0,0,0,0,0,0,0,0,0,0,0,0,0,0,0,0,0,0,0,0,0,0,0,0,0,0,0,0,7,7,0,0,0,0,0,0,0,0,0,0,0,0,0,0,0,0,0,0,0,0,0,0,0,0,0,0,0,0,0,0,0,0,0,0,0,0,0,0,0,0,0,0,0,0,0
20200501,2639,356,430,786,749,660,1409,2195,50,113,163,0,0,0,0,0,0,7,23,30,0,0,0,0,0,0,0,0,0,0,0,0,0,0,0,97,154,251,0,0,0,0,0,0,0,0,0,0,0,0,0,0,0,0,0,0,0,0,0,0,0,0,0,0,0,0,0,0,0,0,0,0,0,0,0,0,0,0,0,0,0,0,0,0,0,0,0,0,0,0,0,0,0,0,0,0,0,0,0,0,0,0,0,0,0,0,0,0,0,0,0,0,0,0,0,0,0,0,0,0,0,0,0,0,0
20200502,1612,236,321,557,750,245,995,1552,13,4,17,6,6,12,0,0,0,5,7,12,0,0,0,0,0,0,0,0,0,0,0,0,0,0,0,0,0,0,0,0,0,0,0,0,0,0,0,0,0,0,0,0,0,0,0,0,0,0,0,0,0,0,0,0,0,0,0,0,0,0,0,0,0,0,0,0,0,0,19,19,0,0,0,0,0,0,0,0,0,0,0,0,0,0,0,0,0,0,0,0,0,0,0,0,0,0,0,0,0,0,0,0,0,0,0,0,0,0,0,0,0,0,0,0,0
20200503,1886,74,82,156,824,391,1215,1371,60,136,196,0,0,0,0,0,0,1,3,4,0,0,0,0,0,0,0,0,0,0,0,0,0,0,0,72,242,314,0,0,0,0,0,0,0,0,0,0,0,0,0,0,0,0,0,0,0,0,0,0,0,0,0,0,0,0,0,0,0,0,0,0,0,0,0,0,0,1,0,1,0,0,0,0,0,0,0,0,0,0,0,0,0,0,0,0,0,0,0,0,0,0,0,0,0,0,0,0,0,0,0,0,0,0,0,0,0,0,0,0,0,0,0,0,0
20200504,1757,255,76,331,314,353,667,998,0,0,0,0,0,0,1,1,2,4,15,19,0,0,0,0,0,0,0,0,0,0,0,0,0,0,0,170,568,738,0,0,0,0,0,0,0,0,0,0,0,0,0,0,0,0,0,0,0,0,0,0,0,0,0,0,0,0,0,0,0,0,0,0,0,0,0,0,0,0,0,0,0,0,0,0,0,0,0,0,0,0,0,0,0,0,0,0,0,0,0,0,0,0,0,0,0,0,0,0,0,0,0,0,0,0,0,0,0,0,0,0,0,0,0,0,0
20200505,932,66,275,341,191,331,522,863,0,0,0,1,2,3,0,0,0,41,18,59,0,0,0,0,0,0,0,0,0,0,0,0,0,0,0,0,0,0,0,0,0,0,0,0,0,0,0,0,0,0,0,0,0,0,0,0,0,0,0,0,0,0,0,0,0,0,0,0,0,0,0,0,0,0,0,0,0,0,7,7,0,0,0,0,0,0,0,0,0,0,0,0,0,0,0,0,0,0,0,0,0,0,0,0,0,0,0,0,0,0,0,0,0,0,0,0,0,0,0,0,0,0,0,0,0
20200506,1795,35,5,40,780,505,1285,1325,0,0,0,0,1,1,0,0,0,4,4,8,0,0,0,0,0,0,0,0,0,0,0,0,1,0,1,81,377,458,0,0,0,0,0,0,0,0,0,0,0,0,0,0,0,0,0,0,0,0,0,0,0,0,0,0,0,0,0,0,0,0,0,0,0,0,0,0,0,2,0,2,0,0,0,0,0,0,0,0,0,0,0,0,0,0,0,0,0,0,0,0,0,0,0,0,0,0,0,0,0,0,0,0,0,0,0,0,0,0,0,0,0,0,0,0,0
20200507,921,14,188,202,571,125,696,898,0,0,0,0,0,0,1,1,2,10,4,14,0,0,0,0,0,0,0,0,0,0,0,0,0,0,0,0,0,0,0,0,0,0,0,0,0,0,0,0,0,0,1,2,3,0,0,0,0,0,0,0,0,0,0,0,0,0,0,0,0,0,0,0,0,0,2,1,3,0,1,1,0,0,0,0,0,0,0,0,0,0,0,0,0,0,0,0,0,0,0,0,0,0,0,0,0,0,0,0,0,0,0,0,0,0,0,0,0,0,0,0,0,0,0,0,0
20200508,1448,84,169,253,308,486,794,1047,48,71,119,0,1,1,0,0,0,3,0,3,0,0,0,0,0,0,0,0,0,0,0,0,0,0,0,79,197,276,0,0,0,0,0,0,0,0,0,0,0,0,0,0,0,0,0,0,0,0,0,0,0,0,0,0,0,0,0,0,0,0,0,0,0,0,1,1,2,0,0,0,0,0,0,0,0,0,0,0,0,0,0,0,0,0,0,0,0,0,0,0,0,0,0,0,0,0,0,0,0,0,0,0,0,0,0,0,0,0,0,0,0,0,0,0,0
20200509,1220,148,377,525,402,262,664,1189,16,2,18,0,0,0,1,1,2,6,2,8,0,0,0,0,0,0,0,0,0,0,0,0,0,0,0,0,0,0,0,0,0,0,0,0,0,0,0,0,0,0,0,0,0,0,0,0,3,0,3,0,0,0,0,0,0,0,0,0,0,0,0,0,0,0,0,0,0,0,0,0,0,0,0,0,0,0,0,0,0,0,0,0,0,0,0,0,0,0,0,0,0,0,0,0,0,0,0,0,0,0,0,0,0,0,0,0,0,0,0,0,0,0,0,0,0
20200510,2051,228,232,460,802,384,1186,1646,30,79,109,0,0,0,0,1,1,2,7,9,0,0,0,0,0,0,0,0,0,0,0,0,0,0,0,88,192,280,0,0,0,0,0,0,0,0,0,0,0,0,0,4,4,0,0,0,0,0,0,0,0,0,0,0,0,0,0,0,0,0,0,0,0,0,1,1,2,0,0,0,0,0,0,0,0,0,0,0,0,0,0,0,0,0,0,0,0,0,0,0,0,0,0,0,0,0,0,0,0,0,0,0,0,0,0,0,0,0,0,0,0,0,0,0,0
20200511,1651,39,192,231,389,380,769,1000,0,0,0,1,0,1,1,1,2,2,2,4,0,0,0,0,0,0,0,0,0,0,0,0,0,0,0,111,507,618,0,0,0,0,0,0,0,0,0,0,0,0,4,0,4,0,0,0,0,0,0,0,0,0,0,0,0,0,0,0,0,0,0,0,0,0,1,1,2,0,20,20,0,0,0,0,0,0,0,0,0,0,0,0,0,0,0,0,0,0,0,0,0,0,0,0,0,0,0,0,0,0,0,0,0,0,0,0,0,0,0,0,0,0,0,0,0
20200512,685,61,192,253,139,284,423,676,0,0,0,0,0,0,1,0,1,2,2,4,0,0,0,0,0,0,0,0,0,0,0,0,0,0,0,0,0,0,0,0,0,0,0,0,0,0,0,0,0,0,0,0,0,0,0,0,0,0,0,0,0,0,0,0,0,0,0,0,0,0,0,0,0,0,1,2,3,0,1,1,0,0,0,0,0,0,0,0,0,0,0,0,0,0,0,0,0,0,0,0,0,0,0,0,0,0,0,0,0,0,0,0,0,0,0,0,0,0,0,0,0,0,0,0,0
20200513,1563,50,9,59,584,395,979,1038,0,0,0,2,0,2,0,0,0,1,1,2,0,0,0,0,0,0,0,0,0,0,0,0,0,0,0,127,388,515,0,0,0,0,0,0,0,0,0,0,0,0,1,0,1,0,0,0,0,0,0,0,0,0,0,0,0,0,0,0,0,0,0,0,0,0,1,2,3,0,2,2,0,0,0,0,0,0,0,0,0,0,0,0,0,0,0,0,0,0,0,0,0,0,0,0,0,0,0,0,0,0,0,0,0,0,0,0,0,0,0,0,0,0,0,0,0
20200514,1317,137,266,403,718,160,878,1281,0,0,0,0,0,0,1,0,1,9,9,18,0,0,0,0,0,0,0,0,0,0,0,0,1,0,1,0,9,9,0,0,0,0,0,0,0,0,0,0,0,0,0,0,0,0,0,0,0,0,0,0,0,0,0,0,0,0,0,0,0,0,0,0,0,0,1,0,1,2,4,6,0,0,0,0,0,0,0,0,0,0,0,0,0,0,0,0,0,0,0,0,0,0,0,0,0,0,0,0,0,0,0,0,0,0,0,0,0,0,0,0,0,0,0,0,0
20200515,2111,357,403,760,315,660,975,1735,45,77,122,1,1,2,0,0,0,6,24,30,0,3,3,0,0,0,0,0,0,0,0,0,3,3,6,67,146,213,0,0,0,0,0,0,0,0,0,0,0,0,0,0,0,0,0,0,0,0,0,0,0,0,0,0,0,0,0,0,0,0,0,0,0,0,0,0,0,0,0,0,0,0,0,0,0,0,0,0,0,0,0,0,0,0,0,0,0,0,0,0,0,0,0,0,0,0,0,0,0,0,0,0,0,0,0,0,0,0,0,0,0,0,0,0,0
20200516,1698,289,481,770,523,355,878,1648,13,9,22,0,0,0,0,0,0,12,5,17,3,0,3,0,0,0,0,0,0,0,0,0,0,0,0,0,0,0,0,0,0,0,0,0,0,0,0,0,0,0,0,0,0,0,0,0,2,0,2,0,0,0,0,0,0,0,0,0,0,0,0,0,0,0,4,2,6,0,0,0,0,0,0,0,0,0,0,0,0,0,0,0,0,0,0,0,0,0,0,0,0,0,0,0,0,0,0,0,0,0,0,0,0,0,0,0,0,0,0,0,0,0,0,0,0
20200517,1867,96,200,296,799,346,1145,1441,38,71,109,2,2,4,1,2,3,6,2,8,0,0,0,0,0,0,0,0,0,0,0,0,0,0,0,85,211,296,0,0,0,0,0,0,0,0,0,0,0,0,0,0,0,0,0,0,0,0,0,0,0,0,0,0,0,0,0,0,0,0,0,0,0,0,2,4,6,0,0,0,0,0,0,0,0,0,0,0,0,0,0,0,0,0,0,0,0,0,0,0,0,0,0,0,0,0,0,0,0,0,0,0,0,0,0,0,0,0,0,0,0,0,0,0,0
20200518,1789,211,129,340,237,536,773,1113,0,0,0,0,0,0,1,0,1,6,13,19,0,0,0,0,0,0,0,0,0,0,0,0,0,3,3,116,534,650,0,0,0,0,0,0,0,0,0,0,0,0,0,0,0,0,0,0,0,0,0,0,0,0,0,0,0,0,0,0,0,0,0,0,0,0,2,1,3,0,0,0,0,0,0,0,0,0,0,0,0,0,0,0,0,0,0,0,0,0,0,0,0,0,0,0,0,0,0,0,0,0,0,0,0,0,0,0,0,0,0,0,0,0,0,0,0
20200519,1195,92,444,536,106,500,606,1142,0,0,0,1,1,2,0,0,0,8,24,32,0,0,0,0,0,0,0,0,0,0,0,0,0,0,0,0,0,0,0,0,0,0,0,0,0,0,0,0,0,0,0,0,0,0,0,0,0,0,0,0,0,0,0,0,0,0,0,0,0,0,0,0,0,0,1,2,3,0,16,16,0,0,0,0,0,0,0,0,0,0,0,0,0,0,0,0,0,0,0,0,0,0,0,0,0,0,0,0,0,0,0,0,0,0,0,0,0,0,0,0,0,0,0,0,0
20200520,1934,58,11,69,1046,322,1368,1437,0,0,0,1,1,2,3,0,3,2,4,6,0,0,0,0,1,1,0,0,0,0,0,0,0,4,4,130,336,466,0,0,0,0,0,0,0,0,0,0,0,0,0,0,0,0,0,0,0,0,0,0,0,0,0,0,0,0,0,0,0,0,0,0,0,0,1,2,3,0,12,12,0,0,0,0,0,0,0,0,0,0,0,0,0,0,0,0,0,0,0,0,0,0,0,0,0,0,0,0,0,0,0,0,0,0,0,0,0,0,0,0,0,0,0,0,0
20200521,1238,104,350,454,523,244,767,1221,0,0,0,0,0,0,0,0,0,4,9,13,0,0,0,0,0,0,0,0,0,0,0,0,1,0,1,0,1,1,0,0,0,0,0,0,0,0,0,0,0,0,0,0,0,0,0,0,0,0,0,0,0,0,0,0,0,0,0,0,0,0,0,0,0,0,0,0,0,2,0,2,0,0,0,0,0,0,0,0,0,0,0,0,0,0,0,0,0,0,0,0,0,0,0,0,0,0,0,0,0,0,0,0,0,0,0,0,0,0,0,0,0,0,0,0,0
20200522,1493,85,157,242,505,348,853,1095,56,63,119,0,0,0,0,0,0,7,6,13,0,0,0,0,0,0,0,0,0,0,0,0,0,0,0,62,199,261,0,0,0,0,0,0,0,0,0,0,0,0,0,0,0,0,0,0,0,0,0,0,0,0,0,0,0,0,0,0,0,0,0,0,0,0,1,1,2,3,0,3,0,0,0,0,0,0,0,0,0,0,0,0,0,0,0,0,0,0,0,0,0,0,0,0,0,0,0,0,0,0,0,0,0,0,0,0,0,0,0,0,0,0,0,0,0
20200523,925,40,308,348,301,201,502,850,19,4,23,2,2,4,0,0,0,5,23,28,0,0,0,1,0,1,0,0,0,0,0,0,0,0,0,0,0,0,0,0,0,0,0,0,0,0,0,0,0,0,0,0,0,0,0,0,0,0,0,0,0,0,0,0,0,0,0,0,0,0,0,0,0,0,1,1,2,0,17,17,0,0,0,0,0,0,0,0,0,0,0,0,0,0,0,0,0,0,0,0,0,0,0,0,0,0,0,0,0,0,0,0,0,0,0,0,0,0,0,0,0,0,0,0,0
20200524,1578,219,145,364,617,261,878,1242,36,63,99,0,0,0,0,6,6,20,5,25,0,0,0,0,0,0,0,0,0,0,0,0,0,0,0,71,134,205,0,0,0,0,0,0,0,0,0,0,0,0,0,0,0,0,0,0,0,0,0,0,0,0,0,0,0,0,0,0,0,0,0,0,0,0,0,1,1,0,0,0,0,0,0,0,0,0,0,0,0,0,0,0,0,0,0,0,0,0,0,0,0,0,0,0,0,0,0,0,0,0,0,0,0,0,0,0,0,0,0,0,0,0,0,0,0
20200525,1305,47,133,180,225,329,554,734,0,0,0,0,0,0,0,0,0,0,6,6,0,0,0,0,0,0,0,0,0,0,0,0,0,0,0,162,389,551,0,0,0,0,0,0,0,0,0,0,0,0,0,0,0,0,0,0,0,0,0,0,0,0,0,0,0,0,0,0,0,0,0,0,0,0,0,0,0,5,9,14,0,0,0,0,0,0,0,0,0,0,0,0,0,0,0,0,0,0,0,0,0,0,0,0,0,0,0,0,0,0,0,0,0,0,0,0,0,0,0,0,0,0,0,0,0
20200526,1090,72,345,417,228,428,656,1073,0,0,0,0,0,0,0,0,0,5,6,11,0,0,0,0,0,0,0,0,0,0,0,0,0,0,0,0,0,0,0,0,0,0,0,0,0,0,0,0,0,0,0,0,0,0,0,0,2,0,2,0,0,0,0,0,0,0,0,0,0,0,0,0,0,0,1,1,2,2,0,2,0,0,0,0,0,0,0,0,0,0,0,0,0,0,0,0,0,0,0,0,0,0,0,0,0,0,0,0,0,0,0,0,0,0,0,0,0,0,0,0,0,0,0,0,0
20200527,1694,55,15,70,568,656,1224,1294,0,0,0,0,0,0,1,6,7,3,24,27,0,0,0,0,0,0,0,0,0,0,0,0,0,0,0,149,215,364,0,0,0,0,0,0,0,0,0,0,0,0,0,0,0,0,0,0,0,0,0,0,0,0,0,0,0,0,0,0,0,0,0,0,0,0,0,1,1,1,0,1,0,0,0,0,0,0,0,0,0,0,0,0,0,0,0,0,0,0,0,0,0,0,0,0,0,0,0,0,0,0,0,0,0,0,0,0,0,0,0,0,0,0,0,0,0
20200528,1306,115,169,284,596,391,987,1271,0,0,0,0,0,0,5,3,8,9,6,15,0,0,0,0,0,0,0,0,0,0,0,0,0,0,0,0,1,1,0,0,0,0,0,0,0,0,0,0,0,0,0,0,0,0,0,0,0,0,0,0,0,0,0,0,0,0,0,0,0,0,0,0,0,0,0,0,0,2,9,11,0,0,0,0,0,0,0,0,0,0,0,0,0,0,0,0,0,0,0,0,0,0,0,0,0,0,0,0,0,0,0,0,0,0,0,0,0,0,0,0,0,0,0,0,0
20200529,2641,438,763,1201,343,803,1146,2347,48,46,94,0,0,0,0,1,1,7,5,12,0,0,0,0,0,0,0,0,0,0,0,0,0,0,0,78,97,175,0,0,0,0,0,0,0,0,0,0,0,0,0,0,0,0,0,0,0,0,0,0,0,0,0,0,0,0,0,0,0,0,0,0,0,0,0,0,0,0,12,12,0,0,0,0,0,0,0,0,0,0,0,0,0,0,0,0,0,0,0,0,0,0,0,0,0,0,0,0,0,0,0,0,0,0,0,0,0,0,0,0,0,0,0,0,0
20200530,1372,86,210,296,438,580,1018,1314,17,7,24,0,0,0,8,2,10,8,5,13,0,0,0,0,0,0,0,0,0,0,0,0,0,0,0,0,0,0,0,0,0,0,0,0,0,0,0,0,0,0,0,0,0,0,0,0,0,0,0,0,0,0,0,0,0,0,0,0,0,0,0,0,0,0,0,0,0,0,11,11,0,0,0,0,0,0,0,0,0,0,0,0,0,0,0,0,0,0,0,0,0,0,0,0,0,0,0,0,0,0,0,0,0,0,0,0,0,0,0,0,0,0,0,0,0
20200531,2136,81,162,243,897,656,1553,1796,38,46,84,0,0,0,0,23,23,2,1,3,0,0,0,0,0,0,0,0,0,0,0,0,0,0,0,81,149,230,0,0,0,0,0,0,0,0,0,0,0,0,0,0,0,0,0,0,0,0,0,0,0,0,0,0,0,0,0,0,0,0,0,0,0,0,0,0,0,0,0,0,0,0,0,0,0,0,0,0,0,0,0,0,0,0,0,0,0,0,0,0,0,0,0,0,0,0,0,0,0,0,0,0,0,0,0,0,0,0,0,0,0,0,0,0,0
20200601,2474,416,260,676,390,888,1278,1954,0,0,0,0,0,0,1,6,7,8,4,12,0,0,0,0,0,0,0,0,0,0,0,0,0,0,0,144,356,500,0,0,0,0,0,0,0,0,0,0,0,0,0,0,0,0,0,0,0,0,0,0,0,0,0,0,0,0,0,0,0,0,0,0,0,0,0,1,1,0,0,0,0,0,0,0,0,0,0,0,0,0,0,0,0,0,0,0,0,0,0,0,0,0,0,0,0,0,0,0,0,0,0,0,0,0,0,0,0,0,0,0,0,0,0,0,0
20200602,2070,392,687,1079,295,662,957,2036,0,0,0,0,0,0,14,9,23,7,4,11,0,0,0,0,0,0,0,0,0,0,0,0,0,0,0,0,0,0,0,0,0,0,0,0,0,0,0,0,0,0,0,0,0,0,0,0,0,0,0,0,0,0,0,0,0,0,0,0,0,0,0,0,0,0,0,0,0,0,0,0,0,0,0,0,0,0,0,0,0,0,0,0,0,0,0,0,0,0,0,0,0,0,0,0,0,0,0,0,0,0,0,0,0,0,0,0,0,0,0,0,0,0,0,0,0
20200603,2159,267,55,322,871,300,1171,1493,48,90,138,1,1,2,0,0,0,6,40,46,0,0,0,0,0,0,0,0,0,0,0,0,1,0,1,176,297,473,0,0,0,0,0,0,0,0,0,0,0,0,0,0,0,0,0,0,0,0,0,0,0,0,0,0,0,0,0,0,0,0,0,0,0,0,0,3,3,0,3,3,0,0,0,0,0,0,0,0,0,0,0,0,0,0,0,0,0,0,0,0,0,0,0,0,0,0,0,0,0,0,0,0,0,0,0,0,0,0,0,0,0,0,0,0,0
20200604,1685,119,144,263,1027,316,1343,1606,0,0,0,0,0,0,0,31,31,11,37,48,0,0,0,0,0,0,0,0,0,0,0,0,0,0,0,0,0,0,0,0,0,0,0,0,0,0,0,0,0,0,0,0,0,0,0,0,0,0,0,0,0,0,0,0,0,0,0,0,0,0,0,0,0,0,0,0,0,0,0,0,0,0,0,0,0,0,0,0,0,0,0,0,0,0,0,0,0,0,0,0,0,0,0,0,0,0,0,0,0,0,0,0,0,0,0,0,0,0,0,0,0,0,0,0,0
20200605,2599,293,616,909,527,735,1262,2171,92,99,191,1,1,2,1,0,1,10,24,34,0,0,0,1,0,1,0,0,0,0,0,0,0,0,0,91,105,196,0,0,0,0,0,0,0,0,0,0,0,0,0,0,0,0,0,0,0,0,0,0,0,0,0,0,0,0,0,0,0,0,0,0,0,0,2,1,3,0,0,0,0,0,0,0,0,0,0,0,0,0,0,0,0,0,0,0,0,0,0,0,0,0,0,0,0,0,0,0,0,0,0,0,0,0,0,0,0,0,0,0,0,0,0,0,0
20200606,1526,176,470,646,430,256,686,1332,60,89,149,1,1,2,0,0,0,22,16,38,0,0,0,0,0,0,0,0,0,0,0,0,0,0,0,0,0,0,0,0,0,0,0,0,0,0,0,0,0,0,1,0,1,0,0,0,0,0,0,0,0,0,0,0,0,0,0,0,0,0,0,0,0,0,1,2,3,0,1,1,0,0,0,0,0,0,0,0,0,0,0,0,0,0,0,0,0,0,0,0,0,0,0,0,0,0,0,0,0,0,0,0,0,0,0,0,0,0,0,0,0,0,0,0,0
20200607,2571,86,150,236,1301,670,1971,2207,47,46,93,0,0,0,0,1,1,6,2,8,0,0,0,0,0,0,0,0,0,0,0,0,2,0,2,95,162,257,0,0,0,0,0,0,0,0,0,0,0,0,0,0,0,0,0,0,0,0,0,0,0,0,0,0,0,0,0,0,0,0,0,0,0,0,1,2,3,0,0,0,0,0,0,0,0,0,0,0,0,0,0,0,0,0,0,0,0,0,0,0,0,0,0,0,0,0,0,0,0,0,0,0,0,0,0,0,0,0,0,0,0,0,0,0,0
20200608,3071,573,500,1073,580,967,1547,2620,0,3,3,0,3,3,0,18,18,11,12,23,0,0,0,0,0,0,0,0,0,0,0,0,3,0,3,147,251,398,0,0,0,0,0,0,0,0,0,0,0,0,0,0,0,0,0,0,0,0,0,0,0,0,0,0,0,0,0,0,0,0,0,0,0,0,1,1,2,1,0,1,0,0,0,0,0,0,0,0,0,0,0,0,0,0,0,0,0,0,0,0,0,0,0,0,0,0,0,0,0,0,0,0,0,0,0,0,0,0,0,0,0,0,0,0,0
20200609,1480,203,381,584,287,538,825,1409,0,0,0,3,1,4,46,5,51,11,3,14,0,0,0,0,0,0,0,0,0,0,0,0,0,0,0,0,0,0,0,0,0,0,0,0,0,0,0,0,0,0,0,0,0,0,0,0,0,0,0,0,0,0,0,0,0,0,0,0,0,0,0,0,0,0,2,0,2,0,0,0,0,0,0,0,0,0,0,0,0,0,0,0,0,0,0,0,0,0,0,0,0,0,0,0,0,0,0,0,0,0,0,0,0,0,0,0,0,0,0,0,0,0,0,0,0
20200610,2142,218,72,290,1020,238,1258,1548,45,84,129,0,0,0,0,0,0,7,7,14,0,0,0,0,0,0,0,0,0,0,0,0,0,0,0,199,250,449,0,0,0,0,0,0,0,0,0,0,0,0,0,0,0,0,0,0,0,0,0,0,0,0,0,0,0,0,0,0,0,0,0,0,0,0,0,1,1,0,1,1,0,0,0,0,0,0,0,0,0,0,0,0,0,0,0,0,0,0,0,0,0,0,0,0,0,0,0,0,0,0,0,0,0,0,0,0,0,0,0,0,0,0,0,0,0
20200611,1945,42,513,555,791,505,1296,1851,0,0,0,0,0,0,23,0,23,9,1,10,0,0,0,0,0,0,0,0,0,0,0,0,0,0,0,19,38,57,0,0,0,0,0,0,0,0,0,0,0,0,0,0,0,0,0,0,0,0,0,0,0,0,0,0,0,0,0,0,0,0,0,0,0,0,0,1,1,0,3,3,0,0,0,0,0,0,0,0,0,0,0,0,0,0,0,0,0,0,0,0,0,0,0,0,0,0,0,0,0,0,0,0,0,0,0,0,0,0,0,0,0,0,0,0,0
20200612,1734,203,333,536,399,478,877,1413,76,40,116,0,1,1,19,2,21,10,10,20,0,0,0,0,0,0,0,0,0,0,0,0,0,0,0,69,89,158,0,0,0,0,0,0,0,0,0,0,0,0,1,1,2,0,0,0,0,0,0,0,0,0,0,0,0,0,0,0,0,0,0,0,0,0,0,0,0,3,0,3,0,0,0,0,0,0,0,0,0,0,0,0,0,0,0,0,0,0,0,0,0,0,0,0,0,0,0,0,0,0,0,0,0,0,0,0,0,0,0,0,0,0,0,0,0
20200613,1719,294,494,788,532,240,772,1560,79,66,145,1,0,1,0,0,0,6,7,13,0,0,0,0,0,0,0,0,0,0,0,0,0,0,0,0,0,0,0,0,0,0,0,0,0,0,0,0,0,0,0,0,0,0,0,0,0,0,0,0,0,0,0,0,0,0,0,0,0,0,0,0,0,0,0,0,0,0,0,0,0,0,0,0,0,0,0,0,0,0,0,0,0,0,0,0,0,0,0,0,0,0,0,0,0,0,0,0,0,0,0,0,0,0,0,0,0,0,0,0,0,0,0,0,0
20200614,2198,297,131,428,1032,500,1532,1960,2,0,2,0,0,0,0,4,4,5,1,6,0,0,0,0,0,0,0,0,0,0,0,0,0,0,0,87,135,222,0,0,0,0,0,0,0,0,0,0,0,0,2,2,4,0,0,0,0,0,0,0,0,0,0,0,0,0,0,0,0,0,0,0,0,0,0,0,0,0,0,0,0,0,0,0,0,0,0,0,0,0,0,0,0,0,0,0,0,0,0,0,0,0,0,0,0,0,0,0,0,0,0,0,0,0,0,0,0,0,0,0,0,0,0,0,0
20200615,2065,298,245,543,412,729,1141,1684,0,0,0,0,0,0,15,18,33,4,3,7,0,0,0,0,2,2,0,0,0,0,0,0,0,0,0,137,202,339,0,0,0,0,0,0,0,0,0,0,0,0,0,0,0,0,0,0,0,0,0,0,0,0,0,0,0,0,0,0,0,0,0,0,0,0,0,0,0,0,0,0,0,0,0,0,0,0,0,0,0,0,0,0,0,0,0,0,0,0,0,0,0,0,0,0,0,0,0,0,0,0,0,0,0,0,0,0,0,0,0,0,0,0,0,0,0
20200616,1788,351,718,1069,302,391,693,1762,0,0,0,2,4,6,2,1,3,11,5,16,0,0,0,0,0,0,0,0,0,0,0,0,0,0,0,0,0,0,0,0,0,0,0,0,0,0,0,0,0,0,0,0,0,0,0,0,0,0,0,0,0,0,0,0,0,0,0,0,0,0,0,0,0,0,0,1,1,0,0,0,0,0,0,0,0,0,0,0,0,0,0,0,0,0,0,0,0,0,0,0,0,0,0,0,0,0,0,0,0,0,0,0,0,0,0,0,0,0,0,0,0,0,0,0,0
20200617,2622,214,109,323,1251,652,1903,2226,65,71,136,1,1,2,1,1,2,7,3,10,0,0,0,0,0,0,0,0,0,0,0,0,0,0,0,114,126,240,0,0,0,0,0,0,0,0,0,0,0,0,0,0,0,0,0,0,0,0,0,0,0,0,0,0,0,0,0,0,0,0,0,0,0,0,0,0,0,0,6,6,0,0,0,0,0,0,0,0,0,0,0,0,0,0,0,0,0,0,0,0,0,0,0,0,0,0,0,0,0,0,0,0,0,0,0,0,0,0,0,0,0,0,0,0,0
20200618,1059,85,84,169,404,370,774,943,1,0,1,0,0,0,3,2,5,5,6,11,0,0,0,0,0,0,0,0,0,0,0,0,0,0,0,32,64,96,0,0,0,0,0,0,0,0,0,0,0,0,0,0,0,0,0,0,0,0,0,0,0,0,0,0,0,0,0,0,0,0,0,0,0,0,2,1,3,0,0,0,0,0,0,0,0,0,0,0,0,0,0,0,0,0,0,0,0,0,0,0,0,0,0,0,0,0,0,0,0,0,0,0,0,0,0,0,0,0,0,0,0,0,0,0,0
20200619,2326,284,523,807,564,634,1198,2005,54,52,106,0,0,0,0,3,3,3,25,28,0,0,0,0,0,0,0,0,0,0,0,0,0,0,0,102,78,180,0,0,0,0,0,0,0,0,0,0,0,0,0,0,0,0,0,0,0,0,0,0,0,0,0,0,0,0,0,0,0,0,0,0,0,0,0,0,0,0,4,4,0,0,0,0,0,0,0,0,0,0,0,0,0,0,0,0,0,0,0,0,0,0,0,0,0,0,0,0,0,0,0,0,0,0,0,0,0,0,0,0,0,0,0,0,0
20200620,1845,229,449,678,579,428,1007,1685,55,55,110,0,0,0,2,0,2,26,15,41,0,0,0,0,0,0,0,0,0,0,0,0,1,0,1,0,0,0,0,0,0,0,0,0,0,0,0,0,0,0,0,0,0,0,0,0,0,0,0,0,0,0,0,0,0,0,0,0,0,0,0,0,0,0,0,1,1,0,5,5,0,0,0,0,0,0,0,0,0,0,0,0,0,0,0,0,0,0,0,0,0,0,0,0,0,0,0,0,0,0,0,0,0,0,0,0,0,0,0,0,0,0,0,0,0
20200621,1800,65,104,169,803,496,1299,1468,49,44,93,1,1,2,0,1,1,40,1,41,0,0,0,0,0,0,0,0,0,0,0,0,0,0,0,96,99,195,0,0,0,0,0,0,0,0,0,0,0,0,0,0,0,0,0,0,0,0,0,0,0,0,0,0,0,0,0,0,0,0,0,0,0,0,0,0,0,0,0,0,0,0,0,0,0,0,0,0,0,0,0,0,0,0,0,0,0,0,0,0,0,0,0,0,0,0,0,0,0,0,0,0,0,0,0,0,0,0,0,0,0,0,0,0,0
20200622,2280,440,133,573,954,444,1398,1971,0,0,0,0,0,0,10,11,21,4,6,10,0,0,0,0,0,0,0,0,0,0,0,0,0,2,2,112,159,271,0,0,0,0,0,0,0,0,0,0,0,0,2,1,3,0,0,0,0,0,0,0,0,0,0,0,0,0,0,0,0,0,0,0,0,0,0,0,0,2,0,2,0,0,0,0,0,0,0,0,0,0,0,0,0,0,0,0,0,0,0,0,0,0,0,0,0,0,0,0,0,0,0,0,0,0,0,0,0,0,0,0,0,0,0,0,0
20200623,1371,207,448,655,346,340,686,1341,0,0,0,0,0,0,3,2,5,5,9,14,0,0,0,0,0,0,0,0,0,0,0,0,0,0,0,3,4,7,0,0,0,0,0,0,0,0,0,0,0,0,0,0,0,0,0,0,0,0,0,0,0,0,0,0,0,0,0,0,0,0,0,0,0,0,1,3,4,0,0,0,0,0,0,0,0,0,0,0,0,0,0,0,0,0,0,0,0,0,0,0,0,0,0,0,0,0,0,0,0,0,0,0,0,0,0,0,0,0,0,0,0,0,0,0,0
20200624,2484,216,513,729,993,317,1310,2039,44,51,95,1,0,1,0,5,5,11,16,27,0,0,0,0,0,0,0,0,0,0,0,0,0,0,0,171,118,289,0,0,0,0,0,0,0,0,0,0,0,0,0,0,0,0,0,0,0,0,0,0,0,0,0,0,0,0,0,0,0,0,0,0,0,0,4,1,5,0,23,23,0,0,0,0,0,0,0,0,0,0,0,0,0,0,0,0,0,0,0,0,0,0,0,0,0,0,0,0,0,0,0,0,0,0,0,0,0,0,0,0,0,0,0,0,0
20200625,1472,132,443,575,348,345,693,1268,50,61,111,0,0,0,0,1,1,5,8,13,0,0,0,0,0,0,0,0,0,0,0,0,0,0,0,30,49,79,0,0,0,0,0,0,0,0,0,0,0,0,0,0,0,0,0,0,0,0,0,0,0,0,0,0,0,0,0,0,0,0,0,0,0,0,0,0,0,0,0,0,0,0,0,0,0,0,0,0,0,0,0,0,0,0,0,0,0,0,0,0,0,0,0,0,0,0,0,0,0,0,0,0,0,0,0,0,0,0,0,0,0,0,0,0,0
20200626,1952,281,191,472,457,801,1258,1730,55,32,87,2,1,3,0,0,0,1,1,2,0,0,0,0,2,2,0,0,0,0,0,0,0,0,0,56,65,121,0,0,0,0,0,0,0,0,0,0,0,0,0,0,0,0,0,0,0,0,0,0,0,0,0,0,0,0,0,0,0,0,0,0,0,0,0,0,0,0,7,7,0,0,0,0,0,0,0,0,0,0,0,0,0,0,0,0,0,0,0,0,0,0,0,0,0,0,0,0,0,0,0,0,0,0,0,0,0,0,0,0,0,0,0,0,0
20200627,1758,298,358,656,681,310,991,1647,40,64,104,0,0,0,0,0,0,2,2,4,0,0,0,0,0,0,0,0,0,0,0,0,3,0,3,0,0,0,0,0,0,0,0,0,0,0,0,0,0,0,0,0,0,0,0,0,0,0,0,0,0,0,0,0,0,0,0,0,0,0,0,0,0,0,0,0,0,0,0,0,0,0,0,0,0,0,0,0,0,0,0,0,0,0,0,0,0,0,0,0,0,0,0,0,0,0,0,0,0,0,0,0,0,0,0,0,0,0,0,0,0,0,0,0,0
20200628,2112,269,122,391,957,531,1488,1879,38,51,89,1,0,1,0,6,6,4,5,9,0,0,0,0,0,0,0,0,0,0,0,0,0,0,0,55,71,126,0,0,0,0,0,0,0,0,0,0,0,0,1,1,2,0,0,0,0,0,0,0,0,0,0,0,0,0,0,0,0,0,0,0,0,0,0,0,0,0,0,0,0,0,0,0,0,0,0,0,0,0,0,0,0,0,0,0,0,0,0,0,0,0,0,0,0,0,0,0,0,0,0,0,0,0,0,0,0,0,0,0,0,0,0,0,0
20200629,1679,156,148,304,439,602,1041,1345,0,0,0,1,1,2,2,19,21,32,5,37,0,0,0,0,0,0,0,0,0,0,0,0,0,0,0,105,158,263,0,0,0,0,0,0,0,0,0,0,0,0,0,1,1,0,0,0,0,0,0,0,0,0,0,0,0,0,0,0,0,0,0,0,0,0,2,2,4,0,6,6,0,0,0,0,0,0,0,0,0,0,0,0,0,0,0,0,0,0,0,0,0,0,0,0,0,0,0,0,0,0,0,0,0,0,0,0,0,0,0,0,0,0,0,0,0
20200630,2186,268,975,1243,424,434,858,2101,0,0,0,1,1,2,3,9,12,45,20,65,0,0,0,0,0,0,0,0,0,0,0,0,0,0,0,0,0,0,0,0,0,0,0,0,0,0,0,0,0,0,0,0,0,0,0,0,0,0,0,0,0,0,0,0,0,0,0,0,0,0,0,0,0,0,3,2,5,0,1,1,0,0,0,0,0,0,0,0,0,0,0,0,0,0,0,0,0,0,0,0,0,0,0,0,0,0,0,0,0,0,0,0,0,0,0,0,0,0,0,0,0,0,0,0,0
20200701,3942,341,856,1197,1032,1159,2191,3388,40,52,92,2,1,3,0,0,0,16,13,29,0,0,0,0,0,0,0,0,0,0,0,0,0,0,0,167,262,429,0,0,0,0,0,0,0,0,0,0,0,0,0,0,0,0,0,0,0,0,0,0,0,0,0,0,0,0,0,0,0,0,0,0,0,0,1,0,1,0,0,0,0,0,0,0,0,0,0,0,0,0,0,0,0,0,0,0,0,0,0,0,0,0,0,0,0,0,0,0,0,0,0,0,0,0,0,0,0,0,0,0,0,0,0,0,0
20200702,3208,491,732,1223,644,761,1405,2628,129,195,324,0,0,0,1,4,5,27,20,47,0,0,0,0,0,0,0,0,0,0,0,0,0,0,0,64,106,170,0,0,0,0,0,0,0,0,0,0,0,0,0,0,0,0,0,0,0,0,0,0,0,0,0,0,0,0,0,0,0,0,0,0,0,0,1,1,2,0,32,32,0,0,0,0,0,0,0,0,0,0,0,0,0,0,0,0,0,0,0,0,0,0,0,0,0,0,0,0,0,0,0,0,0,0,0,0,0,0,0,0,0,0,0,0,0
20200703,3910,295,791,1086,1428,906,2334,3420,61,60,121,0,0,0,1,8,9,14,112,126,6,0,6,0,0,0,0,0,0,0,0,0,2,0,2,96,126,222,0,0,0,0,0,0,0,0,0,0,0,0,0,0,0,0,0,0,0,0,0,0,0,0,0,0,0,0,0,0,0,0,0,0,0,0,0,0,0,0,4,4,0,0,0,0,0,0,0,0,0,0,0,0,0,0,0,0,0,0,0,0,0,0,0,0,0,0,0,0,0,0,0,0,0,0,0,0,0,0,0,0,0,0,0,0,0
20200704,2149,224,288,512,840,559,1399,1911,65,94,159,0,0,0,0,0,0,9,66,75,0,0,0,0,0,0,0,0,0,0,0,0,0,0,0,0,0,0,0,0,0,0,0,0,0,0,0,0,0,0,0,0,0,0,0,0,2,0,2,0,0,0,0,0,0,0,0,0,0,0,0,0,0,0,0,1,1,0,1,1,0,0,0,0,0,0,0,0,0,0,0,0,0,0,0,0,0,0,0,0,0,0,0,0,0,0,0,0,0,0,0,0,0,0,0,0,0,0,0,0,0,0,0,0,0
20200705,3868,747,639,1386,1579,809,2388,3774,43,48,91,0,0,0,1,0,1,1,1,2,0,0,0,0,0,0,0,0,0,0,0,0,0,0,0,0,0,0,0,0,0,0,0,0,0,0,0,0,0,0,0,0,0,0,0,0,0,0,0,0,0,0,0,0,0,0,0,0,0,0,0,0,0,0,0,0,0,0,0,0,0,0,0,0,0,0,0,0,0,0,0,0,0,0,0,0,0,0,0,0,0,0,0,0,0,0,0,0,0,0,0,0,0,0,0,0,0,0,0,0,0,0,0,0,0
20200706,2471,269,107,376,565,806,1371,1747,0,0,0,0,0,0,1,5,6,2,87,89,0,0,0,0,0,0,0,0,0,0,0,0,0,0,0,163,455,618,0,0,0,0,0,0,0,0,0,0,0,0,0,0,0,0,0,0,0,0,0,0,0,0,0,0,0,0,0,0,0,0,0,0,0,0,0,1,1,0,10,10,0,0,0,0,0,0,0,0,0,0,0,0,0,0,0,0,0,0,0,0,0,0,0,0,0,0,0,0,0,0,0,0,0,0,0,0,0,0,0,0,0,0,0,0,0
20200707,2470,395,873,1268,441,574,1015,2283,23,6,29,0,0,0,1,3,4,5,100,105,0,0,0,2,0,2,0,0,0,0,0,0,0,0,0,13,13,26,0,0,0,0,0,0,0,0,0,0,0,0,0,0,0,0,0,0,0,0,0,0,0,0,0,0,0,0,0,0,0,0,0,0,0,0,0,3,3,0,18,18,0,0,0,0,0,0,0,0,0,0,0,0,0,0,0,0,0,0,0,0,0,0,0,0,0,0,0,0,0,0,0,0,0,0,0,0,0,0,0,0,0,0,0,0,0
20200708,3216,266,535,801,1074,767,1841,2642,42,56,98,0,0,0,7,2,9,11,47,58,0,0,0,0,8,8,0,0,0,0,0,0,0,3,3,104,292,396,0,0,0,0,0,0,0,0,0,0,0,0,1,1,2,0,0,0,0,0,0,0,0,0,0,0,0,0,0,0,0,0,0,0,0,0,0,0,0,0,0,0,0,0,0,0,0,0,0,0,0,0,0,0,0,0,0,0,0,0,0,0,0,0,0,0,0,0,0,0,0,0,0,0,0,0,0,0,0,0,0,0,0,0,0,0,0
20200709,2804,637,736,1373,355,629,984,2357,122,184,306,0,1,1,0,0,0,6,5,11,0,0,0,0,0,0,0,0,0,0,0,0,0,2,2,57,64,121,0,0,0,0,0,0,0,0,0,0,0,0,3,2,5,0,0,0,0,0,0,0,0,0,0,0,0,0,0,0,0,0,0,0,0,0,0,1,1,0,0,0,0,0,0,0,0,0,0,0,0,0,0,0,0,0,0,0,0,0,0,0,0,0,0,0,0,0,0,0,0,0,0,0,0,0,0,0,0,0,0,0,0,0,0,0,0
20200710,3514,385,662,1047,854,804,1658,2705,82,48,130,0,0,0,0,0,0,16,398,414,0,0,0,0,0,0,0,0,0,0,0,0,0,0,0,95,165,260,0,0,0,0,0,0,0,0,0,0,0,0,0,0,0,0,0,0,3,0,3,0,0,0,0,0,0,0,0,0,0,0,0,0,0,0,0,0,0,2,0,2,0,0,0,0,0,0,0,0,0,0,0,0,0,0,0,0,0,0,0,0,0,0,0,0,0,0,0,0,0,0,0,0,0,0,0,0,0,0,0,0,0,0,0,0,0
20200711,1992,116,221,337,889,468,1357,1694,80,72,152,0,0,0,0,0,0,9,130,139,0,0,0,0,0,0,0,0,0,0,0,0,0,0,0,0,0,0,0,0,0,0,0,0,0,0,0,0,0,0,2,2,4,0,0,0,0,0,0,0,0,0,0,0,0,0,0,0,0,0,0,0,0,0,0,3,3,0,0,0,0,0,0,0,0,0,0,0,0,0,0,0,0,0,0,0,0,0,0,0,0,0,0,0,0,0,0,0,0,0,0,0,0,0,0,0,0,0,0,0,0,0,0,0,0
20200712,3762,784,857,1641,1214,607,1821,3462,51,56,107,1,1,2,0,9,9,0,178,178,0,0,0,0,0,0,0,0,0,0,0,0,0,0,0,0,0,0,0,0,0,0,0,0,0,0,0,0,0,0,2,2,4,0,0,0,0,0,0,0,0,0,0,0,0,0,0,0,0,0,0,0,0,0,0,0,0,0,0,0,0,0,0,0,0,0,0,0,0,0,0,0,0,0,0,0,0,0,0,0,0,0,0,0,0,0,0,0,0,0,0,0,0,0,0,0,0,0,0,0,0,0,0,0,0
20200713,2259,217,122,339,537,752,1289,1628,0,0,0,0,0,0,5,2,7,11,0,11,0,0,0,0,0,0,0,0,0,0,0,0,0,0,0,142,464,606,0,0,0,0,0,0,0,0,0,0,0,0,0,0,0,0,0,0,0,0,0,0,0,0,0,0,0,0,0,0,0,0,0,0,0,0,2,5,7,0,0,0,0,0,0,0,0,0,0,0,0,0,0,0,0,0,0,0,0,0,0,0,0,0,0,0,0,0,0,0,0,0,0,0,0,0,0,0,0,0,0,0,0,0,0,0,0
20200714,2076,290,890,1180,417,458,875,2055,0,0,0,0,0,0,2,4,6,9,4,13,0,0,0,0,0,0,0,0,0,0,0,0,0,0,0,0,0,0,0,0,0,0,0,0,0,0,0,0,0,0,0,0,0,0,0,0,0,0,0,0,0,0,0,0,0,0,0,0,0,0,0,0,0,0,1,1,2,0,0,0,0,0,0,0,0,0,0,0,0,0,0,0,0,0,0,0,0,0,0,0,0,0,0,0,0,0,0,0,0,0,0,0,0,0,0,0,0,0,0,0,0,0,0,0,0
20200715,3329,368,432,800,830,863,1693,2493,47,66,113,0,0,0,2,0,2,5,102,107,0,0,0,0,0,0,0,0,0,0,0,0,0,0,0,174,436,610,0,0,0,0,0,0,0,0,0,0,0,0,0,0,0,0,0,0,0,0,0,0,0,0,0,0,0,0,0,0,0,0,0,0,0,0,3,1,4,0,0,0,0,0,0,0,0,0,0,0,0,0,0,0,0,0,0,0,0,0,0,0,0,0,0,0,0,0,0,0,0,0,0,0,0,0,0,0,0,0,0,0,0,0,0,0,0
20200716,2867,523,632,1155,434,740,1174,2329,115,191,306,0,0,0,25,3,28,9,6,15,0,0,0,0,7,7,0,0,0,0,0,0,0,0,0,70,103,173,0,0,0,0,0,0,0,0,0,0,0,0,0,0,0,0,0,0,0,1,1,0,0,0,0,0,0,0,0,0,0,0,0,0,0,0,0,0,0,0,8,8,0,0,0,0,0,0,0,0,0,0,0,0,0,0,0,0,0,0,0,0,0,0,0,0,0,0,0,0,0,0,0,0,0,0,0,0,0,0,0,0,0,0,0,0,0
20200717,3404,410,692,1102,1016,742,1758,2860,79,54,133,0,0,0,24,24,48,8,115,123,0,0,0,0,9,9,0,0,0,0,0,0,0,0,0,112,117,229,0,0,0,0,0,0,0,0,0,0,0,0,0,0,0,0,0,0,0,0,0,0,0,0,0,0,0,0,0,0,0,0,0,0,0,0,0,0,0,2,0,2,0,0,0,0,0,0,0,0,0,0,0,0,0,0,0,0,0,0,0,0,0,0,0,0,0,0,0,0,0,0,0,0,0,0,0,0,0,0,0,0,0,0,0,0,0
20200718,1583,97,116,213,777,326,1103,1316,89,85,174,0,2,2,4,2,6,19,59,78,0,0,0,0,0,0,0,0,0,0,0,0,0,0,0,0,0,0,0,0,0,0,0,0,0,0,0,0,0,0,0,0,0,0,0,0,0,0,0,0,0,0,0,0,0,0,0,0,0,0,0,0,0,0,0,0,0,0,7,7,0,0,0,0,0,0,0,0,0,0,0,0,0,0,0,0,0,0,0,0,0,0,0,0,0,0,0,0,0,0,0,0,0,0,0,0,0,0,0,0,0,0,0,0,0
20200719,3337,902,651,1553,1180,584,1764,3317,0,0,0,0,0,0,0,1,1,7,7,14,0,0,0,0,0,0,0,0,0,0,0,0,0,0,0,2,0,2,0,0,0,0,0,0,0,0,0,0,0,0,0,0,0,0,0,0,0,0,0,0,0,0,0,0,0,0,0,0,0,0,0,0,0,0,2,1,3,0,0,0,0,0,0,0,0,0,0,0,0,0,0,0,0,0,0,0,0,0,0,0,0,0,0,0,0,0,0,0,0,0,0,0,0,0,0,0,0,0,0,0,0,0,0,0,0
20200720,3079,434,437,871,539,746,1285,2156,0,0,0,0,0,0,35,36,71,10,79,89,0,0,0,0,7,7,0,0,0,0,0,0,0,2,2,125,610,735,0,0,0,0,0,0,0,0,0,0,0,0,0,0,0,0,0,0,0,0,0,0,0,0,0,0,0,0,0,0,0,0,0,0,0,0,1,3,4,0,15,15,0,0,0,0,0,0,0,0,0,0,0,0,0,0,0,0,0,0,0,0,0,0,0,0,0,0,0,0,0,0,0,0,0,0,0,0,0,0,0,0,0,0,0,0,0
20200721,2596,235,983,1218,396,865,1261,2479,41,18,59,0,0,0,6,18,24,24,9,33,0,0,0,0,0,0,0,0,0,0,0,0,0,0,0,0,0,0,0,0,0,0,0,0,0,0,0,0,0,0,1,0,1,0,0,0,0,0,0,0,0,0,0,0,0,0,0,0,0,0,0,0,0,0,0,0,0,0,0,0,0,0,0,0,0,0,0,0,0,0,0,0,0,0,0,0,0,0,0,0,0,0,0,0,0,0,0,0,0,0,0,0,0,0,0,0,0,0,0,0,0,0,0,0,0
20200722,2839,309,285,594,795,808,1603,2197,27,72,99,1,0,1,0,2,2,6,74,80,0,0,0,0,0,0,0,0,0,0,0,0,0,0,0,118,342,460,0,0,0,0,0,0,0,0,0,0,0,0,0,0,0,0,0,0,0,0,0,0,0,0,0,0,0,0,0,0,0,0,0,0,0,0,0,0,0,0,0,0,0,0,0,0,0,0,0,0,0,0,0,0,0,0,0,0,0,0,0,0,0,0,0,0,0,0,0,0,0,0,0,0,0,0,0,0,0,0,0,0,0,0,0,0,0
20200723,3019,430,876,1306,526,596,1122,2428,133,171,304,0,3,3,0,8,8,17,55,72,0,0,0,0,0,0,0,0,0,0,0,0,0,0,0,80,120,200,0,0,0,0,0,0,0,0,0,0,0,0,1,0,1,0,0,0,0,0,0,0,0,0,0,0,0,0,0,0,0,0,0,0,0,0,1,1,2,1,0,1,0,0,0,0,0,0,0,0,0,0,0,0,0,0,0,0,0,0,0,0,0,0,0,0,0,0,0,0,0,0,0,0,0,0,0,0,0,0,0,0,0,0,0,0,0
20200724,2551,370,546,916,629,659,1288,2204,55,49,104,0,0,0,12,36,48,8,2,10,0,0,0,0,0,0,0,0,0,0,0,0,0,0,0,101,77,178,0,0,0,0,0,0,0,0,0,0,0,0,0,0,0,0,0,0,0,0,0,0,0,0,0,0,0,0,0,0,0,0,0,0,0,0,1,2,3,0,4,4,0,0,0,0,0,0,0,0,0,0,0,0,0,0,0,0,0,0,0,0,0,0,0,0,0,0,0,0,0,0,0,0,0,0,0,0,0,0,0,0,0,0,0,0,0
20200725,1194,118,67,185,398,297,695,880,44,82,126,8,1,9,0,0,0,7,138,145,0,0,0,0,9,9,0,0,0,0,0,0,0,0,0,0,0,0,0,0,0,0,0,0,0,0,0,0,0,0,0,0,0,0,0,0,0,0,0,0,0,0,0,0,0,0,0,0,0,0,0,0,0,0,4,1,5,0,20,20,0,0,0,0,0,0,0,0,0,0,0,0,0,0,0,0,0,0,0,0,0,0,0,0,0,0,0,0,0,0,0,0,0,0,0,0,0,0,0,0,0,0,0,0,0
20200726,3566,1018,731,1749,1117,599,1716,3465,41,49,90,0,5,5,2,2,4,1,1,2,0,0,0,0,0,0,0,0,0,0,0,0,0,0,0,0,0,0,0,0,0,0,0,0,0,0,0,0,0,0,0,0,0,0,0,0,0,0,0,0,0,0,0,0,0,0,0,0,0,0,0,0,0,0,0,0,0,0,0,0,0,0,0,0,0,0,0,0,0,0,0,0,0,0,0,0,0,0,0,0,0,0,0,0,0,0,0,0,0,0,0,0,0,0,0,0,0,0,0,0,0,0,0,0,0
20200727,2319,299,138,437,378,669,1047,1484,0,0,0,3,3,6,13,10,23,13,56,69,0,0,0,0,0,0,0,0,0,0,0,0,0,3,3,156,576,732,0,0,0,0,0,0,0,0,0,0,0,0,0,0,0,0,0,0,0,0,0,0,0,0,0,0,0,0,0,0,0,0,0,0,0,0,1,1,2,0,0,0,0,0,0,0,0,0,0,0,0,0,0,0,0,0,0,0,0,0,0,0,0,0,0,0,0,0,0,0,0,0,0,0,0,0,0,0,0,0,0,0,0,0,0,0,0
20200728,2493,305,1047,1352,365,671,1036,2388,0,0,0,4,0,4,7,14,21,9,16,25,0,0,0,0,0,0,0,0,0,0,0,0,6,0,6,0,0,0,0,0,0,0,0,0,0,0,0,0,0,0,0,0,0,0,0,0,0,0,0,0,0,0,0,0,0,0,0,0,0,0,0,0,0,0,1,0,1,0,48,48,0,0,0,0,0,0,0,0,0,0,0,0,0,0,0,0,0,0,0,0,0,0,0,0,0,0,0,0,0,0,0,0,0,0,0,0,0,0,0,0,0,0,0,0,0
20200729,2699,357,209,566,862,600,1462,2028,37,87,124,3,1,4,0,1,1,22,3,25,0,0,0,0,0,0,0,0,0,0,0,0,0,0,0,173,342,515,0,0,0,0,0,0,0,0,0,0,0,0,0,0,0,0,0,0,0,0,0,0,0,0,0,0,0,0,0,0,0,0,0,0,0,0,1,1,2,0,0,0,0,0,0,0,0,0,0,0,0,0,0,0,0,0,0,0,0,0,0,0,0,0,0,0,0,0,0,0,0,0,0,0,0,0,0,0,0,0,0,0,0,0,0,0,0
20200730,2686,652,607,1259,348,524,872,2131,140,175,315,0,0,0,2,15,17,10,17,27,10,0,10,0,0,0,0,0,0,0,0,0,0,0,0,85,90,175,0,0,0,0,0,0,0,0,0,0,0,0,1,0,1,0,0,0,1,0,1,0,0,0,0,0,0,0,0,0,0,0,0,0,0,0,0,0,0,0,9,9,0,0,0,0,0,0,0,0,0,0,0,0,0,0,0,0,0,0,0,0,0,0,0,0,0,0,0,0,0,0,0,0,0,0,0,0,0,0,0,0,0,0,0,0,0
20200731,3572,587,683,1270,874,818,1692,2962,79,50,129,0,0,0,7,3,10,8,169,177,0,0,0,0,0,0,0,0,0,0,0,0,0,0,0,117,167,284,0,0,0,0,0,0,0,0,0,0,0,0,0,3,3,0,0,0,0,0,0,0,0,0,0,0,0,0,0,0,0,0,0,0,0,0,1,1,2,0,5,5,0,0,0,0,0,0,0,0,0,0,0,0,0,0,0,0,0,0,0,0,0,0,0,0,0,0,0,0,0,0,0,0,0,0,0,0,0,0,0,0,0,0,0,0,0
20200801,1461,74,140,214,493,340,833,1047,234,139,373,0,0,0,1,3,4,12,14,26,0,0,0,0,0,0,0,0,0,0,0,0,0,0,0,0,0,0,0,0,0,0,0,0,0,0,0,0,0,0,0,0,0,0,0,0,0,0,0,0,0,0,0,0,0,0,0,0,0,0,0,0,0,0,0,1,1,0,10,10,0,0,0,0,0,0,0,0,0,0,0,0,0,0,0,0,0,0,0,0,0,0,0,0,0,0,0,0,0,0,0,0,0,0,0,0,0,0,0,0,0,0,0,0,0
20200802,4230,1075,767,1842,1445,779,2224,4066,50,71,121,6,10,16,0,0,0,2,2,4,0,0,0,0,0,0,0,0,0,0,0,0,0,0,0,0,0,0,0,0,0,0,0,0,0,0,0,0,0,0,0,0,0,0,0,0,19,3,22,0,0,0,0,0,0,0,0,0,0,0,0,0,0,0,0,1,1,0,0,0,0,0,0,0,0,0,0,0,0,0,0,0,0,0,0,0,0,0,0,0,0,0,0,0,0,0,0,0,0,0,0,0,0,0,0,0,0,0,0,0,0,0,0,0,0
20200803,2762,336,260,596,358,820,1178,1774,0,0,0,0,0,0,0,3,3,5,4,9,0,0,0,0,0,0,0,0,0,0,0,0,0,0,0,259,693,952,0,0,0,0,0,0,0,0,0,0,0,0,1,0,1,0,0,0,0,0,0,0,0,0,0,0,0,0,0,0,0,0,0,0,0,0,0,0,0,0,23,23,0,0,0,0,0,0,0,0,0,0,0,0,0,0,0,0,0,0,0,0,0,0,0,0,0,0,0,0,0,0,0,0,0,0,0,0,0,0,0,0,0,0,0,0,0
20200804,2613,244,1063,1307,724,548,1272,2579,0,0,0,3,3,6,1,5,6,17,0,17,0,0,0,0,0,0,0,0,0,0,0,0,0,0,0,0,0,0,0,0,0,0,0,0,0,0,0,0,0,0,1,1,2,0,0,0,0,0,0,0,0,0,0,0,0,0,0,0,0,0,0,0,0,0,1,1,2,0,1,1,0,0,0,0,0,0,0,0,0,0,0,0,0,0,0,0,0,0,0,0,0,0,0,0,0,0,0,0,0,0,0,0,0,0,0,0,0,0,0,0,0,0,0,0,0
20200805,4351,295,472,767,1454,1271,2725,3492,53,120,173,7,6,13,7,7,14,20,84,104,0,0,0,0,5,5,0,0,0,0,0,0,0,0,0,174,364,538,0,0,0,0,0,0,0,0,0,0,0,0,0,0,0,0,0,0,0,0,0,0,0,0,0,0,0,0,0,0,0,0,0,0,0,0,0,1,1,0,11,11,0,0,0,0,0,0,0,0,0,0,0,0,0,0,0,0,0,0,0,0,0,0,0,0,0,0,0,0,0,0,0,0,0,0,0,0,0,0,0,0,0,0,0,0,0
20200806,3693,846,1334,2180,311,601,912,3092,113,211,324,1,1,2,4,0,4,9,9,18,0,0,0,0,9,9,0,0,0,0,0,0,0,0,0,89,128,217,0,0,0,1,0,1,0,0,0,0,0,0,3,2,5,0,0,0,9,2,11,0,0,0,0,0,0,0,0,0,0,0,0,0,0,0,0,0,0,4,6,10,0,0,0,0,0,0,0,0,0,0,0,0,0,0,0,0,0,0,0,0,0,0,0,0,0,0,0,0,0,0,0,0,0,0,0,0,0,0,0,0,0,0,0,0,0
20200807,4348,525,815,1340,1600,897,2497,3837,83,48,131,2,1,3,2,0,2,18,21,39,0,0,0,0,0,0,0,0,0,0,0,0,0,0,0,130,174,304,0,0,0,0,0,0,0,0,0,0,0,0,1,0,1,0,0,0,0,0,0,0,0,0,0,0,0,0,0,0,0,0,0,0,0,0,5,0,5,0,26,26,0,0,0,0,0,0,0,0,0,0,0,0,0,0,0,0,0,0,0,0,0,0,0,0,0,0,0,0,0,0,0,0,0,0,0,0,0,0,0,0,0,0,0,0,0
20200808,1081,98,54,152,371,309,680,832,66,87,153,0,0,0,1,1,2,9,68,77,0,0,0,0,0,0,0,0,0,0,0,0,0,0,0,0,0,0,0,0,0,0,0,0,0,0,0,0,0,0,0,0,0,0,0,0,0,0,0,0,0,0,0,0,0,0,0,0,0,0,0,0,0,0,1,1,2,0,15,15,0,0,0,0,0,0,0,0,0,0,0,0,0,0,0,0,0,0,0,0,0,0,0,0,0,0,0,0,0,0,0,0,0,0,0,0,0,0,0,0,0,0,0,0,0
20200809,4447,1154,789,1943,1358,896,2254,4197,47,93,140,1,8,9,0,0,0,1,21,22,0,0,0,0,0,0,0,0,0,0,0,0,0,0,0,40,15,55,0,0,0,0,0,0,0,0,0,0,0,0,0,0,0,0,0,0,19,5,24,0,0,0,0,0,0,0,0,0,0,0,0,0,0,0,0,0,0,0,0,0,0,0,0,0,0,0,0,0,0,0,0,0,0,0,0,0,0,0,0,0,0,0,0,0,0,0,0,0,0,0,0,0,0,0,0,0,0,0,0,0,0,0,0,0,0
20200810,2777,145,302,447,349,974,1323,1770,0,0,0,1,0,1,1,1,2,18,11,29,0,0,0,0,5,5,0,0,0,0,0,0,0,0,0,242,726,968,0,0,0,0,0,0,0,0,0,0,0,0,0,0,0,0,0,0,0,0,0,0,0,0,0,0,0,0,0,0,0,0,0,0,0,0,1,1,2,0,0,0,0,0,0,0,0,0,0,0,0,0,0,0,0,0,0,0,0,0,0,0,0,0,0,0,0,0,0,0,0,0,0,0,0,0,0,0,0,0,0,0,0,0,0,0,0
20200811,2076,260,695,955,530,562,1092,2047,0,0,0,0,0,0,1,1,2,2,3,5,0,0,0,1,0,1,0,0,0,0,0,0,0,0,0,0,0,0,0,0,0,0,0,0,0,0,0,0,0,0,0,0,0,0,0,0,0,0,0,0,0,0,0,0,0,0,0,0,0,0,0,0,0,0,3,3,6,0,15,15,0,0,0,0,0,0,0,0,0,0,0,0,0,0,0,0,0,0,0,0,0,0,0,0,0,0,0,0,0,0,0,0,0,0,0,0,0,0,0,0,0,0,0,0,0
20200812,3853,184,367,551,1208,1273,2481,3032,46,89,135,3,3,6,2,1,3,8,39,47,0,0,0,0,0,0,0,0,0,0,0,0,0,0,0,159,450,609,0,0,0,0,0,0,0,0,0,0,0,0,0,0,0,0,0,0,0,0,0,0,0,0,0,0,0,0,0,0,0,0,0,0,0,0,6,1,7,0,14,14,0,0,0,0,0,0,0,0,0,0,0,0,0,0,0,0,0,0,0,0,0,0,0,0,0,0,0,0,0,0,0,0,0,0,0,0,0,0,0,0,0,0,0,0,0
20200813,3810,778,968,1746,332,929,1261,3007,151,352,503,0,2,2,2,0,2,31,7,38,0,0,0,0,0,0,0,0,0,0,0,0,0,1,1,63,155,218,0,0,0,0,0,0,0,0,0,0,0,0,0,0,0,0,0,0,16,3,19,0,0,0,0,0,0,0,0,0,0,0,0,0,0,0,1,1,2,0,18,18,0,0,0,0,0,0,0,0,0,0,0,0,0,0,0,0,0,0,0,0,0,0,0,0,0,0,0,0,0,0,0,0,0,0,0,0,0,0,0,0,0,0,0,0,0
20200814,4682,353,916,1269,1581,1371,2952,4221,0,54,54,0,1,1,1,1,2,17,6,23,0,0,0,0,0,0,0,0,0,0,0,0,0,0,0,154,217,371,0,0,0,0,0,0,0,0,0,0,0,0,2,1,3,0,0,0,0,0,0,0,0,0,0,0,0,0,0,0,0,0,0,0,0,0,3,4,7,0,0,0,0,0,0,0,0,0,0,0,0,0,0,0,0,0,0,0,0,0,0,0,0,0,0,0,0,0,0,0,0,0,0,0,0,0,0,0,0,0,0,0,0,0,0,0,0
20200815,1056,90,75,165,317,286,603,768,147,95,242,1,1,2,1,2,3,12,8,20,0,0,0,0,0,0,0,0,0,0,0,0,0,2,2,0,0,0,0,0,0,0,0,0,0,0,0,0,0,0,1,0,1,0,0,0,0,0,0,0,0,0,0,0,0,0,0,0,0,0,0,0,0,0,4,4,8,0,10,10,0,0,0,0,0,0,0,0,0,0,0,0,0,0,0,0,0,0,0,0,0,0,0,0,0,0,0,0,0,0,0,0,0,0,0,0,0,0,0,0,0,0,0,0,0
20200816,4891,1155,790,1945,1706,898,2604,4549,57,108,165,0,4,4,1,0,1,14,66,80,0,0,0,0,0,0,0,0,0,0,0,0,0,0,0,0,5,5,0,0,0,0,0,0,0,0,0,0,0,0,0,0,0,0,0,0,44,20,64,0,0,0,0,0,0,0,0,0,0,0,0,0,0,0,6,5,11,0,12,12,0,0,0,0,0,0,0,0,0,0,0,0,0,0,0,0,0,0,0,0,0,0,0,0,0,0,0,0,0,0,0,0,0,0,0,0,0,0,0,0,0,0,0,0,0
20200817,3085,167,341,508,542,1033,1575,2083,0,0,0,0,1,1,0,0,0,11,9,20,0,0,0,0,9,9,0,0,0,0,0,0,0,0,0,218,752,970,0,0,0,0,0,0,0,0,0,0,0,0,1,0,1,0,0,0,0,0,0,0,0,0,0,0,0,0,0,0,0,0,0,0,0,0,1,0,1,0,0,0,0,0,0,0,0,0,0,0,0,0,0,0,0,0,0,0,0,0,0,0,0,0,0,0,0,0,0,0,0,0,0,0,0,0,0,0,0,0,0,0,0,0,0,0,0
20200818,1942,178,565,743,554,483,1037,1780,0,0,0,0,0,0,0,0,0,12,50,62,0,0,0,0,0,0,0,0,0,0,0,0,1,1,2,29,65,94,0,0,0,0,0,0,0,0,0,0,0,0,0,0,0,0,0,0,0,0,0,0,0,0,0,0,0,0,0,0,0,0,0,0,0,0,1,3,4,0,0,0,0,0,0,0,0,0,0,0,0,0,0,0,0,0,0,0,0,0,0,0,0,0,0,0,0,0,0,0,0,0,0,0,0,0,0,0,0,0,0,0,0,0,0,0,0
20200819,4276,306,689,995,1246,1449,2695,3690,64,92,156,3,0,3,0,2,2,2,1,3,0,0,0,0,7,7,0,0,0,0,0,0,1,0,1,114,294,408,0,0,0,0,0,0,0,0,0,0,0,0,0,0,0,0,0,0,0,0,0,0,0,0,0,0,0,0,0,0,0,0,0,0,0,0,4,0,4,2,0,2,0,0,0,0,0,0,0,0,0,0,0,0,0,0,0,0,0,0,0,0,0,0,0,0,0,0,0,0,0,0,0,0,0,0,0,0,0,0,0,0,0,0,0,0,0
20200820,3992,1195,1288,2483,292,577,869,3352,109,199,308,1,1,2,64,41,105,6,3,9,0,0,0,0,0,0,0,0,0,0,0,0,0,0,0,55,114,169,0,0,0,0,0,0,0,0,0,0,0,0,1,1,2,0,0,0,19,24,43,0,0,0,0,0,0,0,0,0,0,0,0,0,0,0,0,1,1,0,1,1,0,0,0,0,0,0,0,0,0,0,0,0,0,0,0,0,0,0,0,0,0,0,0,0,0,0,0,0,0,0,0,0,0,0,0,0,0,0,0,0,0,0,0,0,0
20200821,3893,400,663,1063,1396,1034,2430,3493,50,70,120,0,0,0,12,13,25,12,10,22,0,0,0,0,0,0,0,0,0,0,0,0,0,0,0,106,122,228,0,0,0,0,0,0,0,0,0,0,0,0,1,0,1,0,0,0,0,0,0,0,0,0,0,0,0,0,0,0,0,0,0,0,0,0,1,2,3,1,0,1,0,0,0,0,0,0,0,0,0,0,0,0,0,0,0,0,0,0,0,0,0,0,0,0,0,0,0,0,0,0,0,0,0,0,0,0,0,0,0,0,0,0,0,0,0
20200822,1194,222,200,422,228,297,525,947,60,84,144,0,1,1,25,50,75,20,7,27,0,0,0,0,0,0,0,0,0,0,0,0,0,0,0,0,0,0,0,0,0,0,0,0,0,0,0,0,0,0,0,0,0,0,0,0,0,0,0,0,0,0,0,0,0,0,0,0,0,0,0,0,0,0,0,0,0,0,0,0,0,0,0,0,0,0,0,0,0,0,0,0,0,0,0,0,0,0,0,0,0,0,0,0,0,0,0,0,0,0,0,0,0,0,0,0,0,0,0,0,0,0,0,0,0
20200823,4421,1311,731,2042,1386,794,2180,4222,39,81,120,0,41,41,0,2,2,4,0,4,0,0,0,0,0,0,0,0,0,0,0,0,0,0,0,0,5,5,0,0,0,0,0,0,0,0,0,0,0,0,0,0,0,0,0,0,9,15,24,0,0,0,0,0,0,0,0,0,0,0,0,0,0,0,2,1,3,0,0,0,0,0,0,0,0,0,0,0,0,0,0,0,0,0,0,0,0,0,0,0,0,0,0,0,0,0,0,0,0,0,0,0,0,0,0,0,0,0,0,0,0,0,0,0,0
20200824,2502,215,218,433,463,987,1450,1883,0,0,0,0,0,0,4,7,11,16,11,27,0,0,0,0,0,0,0,0,0,0,0,0,2,8,10,153,416,569,0,0,0,0,0,0,0,0,0,0,0,0,0,0,0,0,0,0,0,0,0,0,0,0,0,0,0,0,0,0,0,0,0,0,0,0,0,1,1,0,1,1,0,0,0,0,0,0,0,0,0,0,0,0,0,0,0,0,0,0,0,0,0,0,0,0,0,0,0,0,0,0,0,0,0,0,0,0,0,0,0,0,0,0,0,0,0
20200825,1895,209,489,698,565,516,1081,1779,0,0,0,0,0,0,13,8,21,6,3,9,0,0,0,1,0,1,0,0,0,0,0,0,0,0,0,22,41,63,0,0,0,0,0,0,0,0,0,0,0,0,0,0,0,0,0,0,0,0,0,0,0,0,0,0,0,0,0,0,0,0,0,0,0,0,3,2,5,0,17,17,0,0,0,0,0,0,0,0,0,0,0,0,0,0,0,0,0,0,0,0,0,0,0,0,0,0,0,0,0,0,0,0,0,0,0,0,0,0,0,0,0,0,0,0,0
20200826,4402,442,550,992,1477,1396,2873,3865,33,50,83,0,1,1,77,1,78,17,8,25,0,0,0,0,0,0,0,0,0,0,0,0,6,0,6,128,198,326,0,0,0,0,4,4,0,0,0,0,0,0,5,3,8,0,0,0,0,0,0,0,0,0,0,0,0,0,0,0,0,0,0,0,0,0,4,2,6,0,0,0,0,0,0,0,0,0,0,0,0,0,0,0,0,0,0,0,0,0,0,0,0,0,0,0,0,0,0,0,0,0,0,0,0,0,0,0,0,0,0,0,0,0,0,0,0
20200827,3597,940,1409,2349,245,522,767,3116,105,185,290,1,1,2,0,3,3,29,4,33,0,0,0,0,0,0,0,0,0,0,0,0,0,1,1,43,79,122,0,0,0,0,0,0,0,0,0,0,0,0,0,0,0,0,0,0,12,13,25,0,0,0,0,0,0,0,0,0,0,0,0,0,0,0,1,1,2,0,3,3,0,0,0,0,0,0,0,0,0,0,0,0,0,0,0,0,0,0,0,0,0,0,0,0,0,0,0,0,0,0,0,0,0,0,0,0,0,0,0,0,0,0,0,0,0
20200828,4336,394,624,1018,1605,1214,2819,3837,70,45,115,0,0,0,0,0,0,23,56,79,1,3,4,0,0,0,0,0,0,0,0,0,0,0,0,123,161,284,0,0,0,0,0,0,0,0,0,0,0,0,1,1,2,0,0,0,0,0,0,0,0,0,0,0,0,0,0,0,0,0,0,0,0,0,2,4,6,0,9,9,0,0,0,0,0,0,0,0,0,0,0,0,0,0,0,0,0,0,0,0,0,0,0,0,0,0,0,0,0,0,0,0,0,0,0,0,0,0,0,0,0,0,0,0,0
20200829,1533,200,555,755,397,204,601,1356,78,86,164,0,0,0,0,2,2,3,5,8,0,1,1,0,0,0,0,0,0,0,0,0,0,0,0,0,0,0,0,0,0,0,0,0,0,0,0,0,0,0,0,0,0,0,0,0,0,0,0,0,0,0,0,0,0,0,0,0,0,0,0,0,0,0,0,1,1,0,1,1,0,0,0,0,0,0,0,0,0,0,0,0,0,0,0,0,0,0,0,0,0,0,0,0,0,0,0,0,0,0,0,0,0,0,0,0,0,0,0,0,0,0,0,0,0
20200830,4666,1223,678,1901,1658,884,2542,4443,56,73,129,1,23,24,0,0,0,12,4,16,0,0,0,0,0,0,0,0,0,0,0,0,4,0,4,0,0,0,0,0,0,0,0,0,0,0,0,0,0,0,0,0,0,0,0,0,28,18,46,0,0,0,0,0,0,0,0,0,0,0,0,0,0,0,2,2,4,0,0,0,0,0,0,0,0,0,0,0,0,0,0,0,0,0,0,0,0,0,0,0,0,0,0,0,0,0,0,0,0,0,0,0,0,0,0,0,0,0,0,0,0,0,0,0,0
20200831,2873,243,221,464,497,918,1415,1879,270,2,272,0,0,0,6,6,12,24,7,31,0,0,0,0,0,0,0,0,0,0,0,0,0,0,0,180,494,674,0,0,0,0,0,0,0,0,0,0,0,0,2,0,2,0,0,0,0,0,0,0,0,0,0,0,0,0,0,0,0,0,0,0,0,0,1,2,3,0,0,0,0,0,0,0,0,0,0,0,0,0,0,0,0,0,0,0,0,0,0,0,0,0,0,0,0,0,0,0,0,0,0,0,0,0,0,0,0,0,0,0,0,0,0,0,0
20200901,2876,291,619,910,905,770,1675,2585,0,0,0,0,1,1,27,22,49,24,4,28,0,0,0,0,0,0,0,0,0,0,0,0,14,0,14,43,105,148,0,0,0,0,0,0,0,0,0,0,0,0,3,5,8,0,0,0,1,0,1,0,0,0,0,0,0,0,0,0,0,0,0,0,0,0,6,4,10,0,32,32,0,0,0,0,0,0,0,0,0,0,0,0,0,0,0,0,0,0,0,0,0,0,0,0,0,0,0,0,0,0,0,0,0,0,0,0,0,0,0,0,0,0,0,0,0
20200902,3832,379,265,644,1100,1474,2574,3218,74,86,160,2,1,3,0,0,0,24,17,41,0,0,0,0,0,0,0,0,0,0,0,0,0,0,0,160,240,400,0,0,0,0,0,0,0,0,0,0,0,0,0,0,0,0,0,0,0,0,0,0,0,0,0,0,0,0,0,0,0,0,0,0,0,0,0,0,0,0,10,10,0,0,0,0,0,0,0,0,0,0,0,0,0,0,0,0,0,0,0,0,0,0,0,0,0,0,0,0,0,0,0,0,0,0,0,0,0,0,0,0,0,0,0,0,0
20200903,3228,680,904,1584,397,687,1084,2668,116,213,329,3,0,3,1,4,5,12,19,31,0,0,0,0,0,0,0,0,0,0,0,0,0,0,0,52,64,116,0,0,0,0,0,0,0,0,0,0,0,0,4,0,4,0,0,0,48,23,71,0,0,0,0,0,0,0,0,0,0,0,0,0,0,0,1,0,1,0,0,0,0,0,0,0,0,0,0,0,0,0,0,0,0,0,0,0,0,0,0,0,0,0,0,0,0,0,0,0,0,0,0,0,0,0,0,0,0,0,0,0,0,0,0,0,0
20200904,4710,508,1207,1715,1511,966,2477,4192,73,54,127,1,0,1,1,0,1,24,18,42,0,0,0,0,0,0,0,0,0,0,0,0,0,0,0,179,152,331,0,0,0,0,0,0,0,0,0,0,0,0,0,0,0,0,0,0,0,0,0,0,0,0,0,0,0,0,0,0,0,0,0,0,0,0,0,0,0,1,15,16,0,0,0,0,0,0,0,0,0,0,0,0,0,0,0,0,0,0,0,0,0,0,0,0,0,0,0,0,0,0,0,0,0,0,0,0,0,0,0,0,0,0,0,0,0
20200905,1200,140,220,360,276,323,599,959,102,77,179,0,0,0,0,0,0,12,46,58,0,0,0,0,0,0,0,0,0,0,0,0,2,0,2,0,0,0,0,0,0,0,0,0,0,0,0,0,0,0,0,0,0,0,0,0,0,0,0,0,0,0,0,0,0,0,0,0,0,0,0,0,0,0,1,1,2,0,0,0,0,0,0,0,0,0,0,0,0,0,0,0,0,0,0,0,0,0,0,0,0,0,0,0,0,0,0,0,0,0,0,0,0,0,0,0,0,0,0,0,0,0,0,0,0
20200906,4327,1025,666,1691,1439,953,2392,4083,71,78,149,1,7,8,1,6,7,7,0,7,0,0,0,0,0,0,0,0,0,0,0,0,0,0,0,0,0,0,0,0,0,0,0,0,0,0,0,0,0,0,0,0,0,0,0,0,50,16,66,0,0,0,0,0,0,0,0,0,0,0,0,0,0,0,3,4,7,0,0,0,0,0,0,0,0,0,0,0,0,0,0,0,0,0,0,0,0,0,0,0,0,0,0,0,0,0,0,0,0,0,0,0,0,0,0,0,0,0,0,0,0,0,0,0,0
20200907,2788,404,304,708,530,803,1333,2041,0,0,0,0,0,0,1,1,2,12,13,25,0,0,0,0,20,20,0,0,0,0,0,0,0,0,0,206,481,687,0,0,0,0,0,0,0,0,0,0,0,0,3,0,3,0,0,0,0,0,0,0,0,0,0,0,0,0,0,0,0,0,0,0,0,0,2,0,2,0,8,8,0,0,0,0,0,0,0,0,0,0,0,0,0,0,0,0,0,0,0,0,0,0,0,0,0,0,0,0,0,0,0,0,0,0,0,0,0,0,0,0,0,0,0,0,0
20200908,2533,402,373,775,883,696,1579,2354,0,0,0,0,0,0,8,10,18,35,7,42,0,0,0,0,0,0,0,0,0,0,0,0,0,0,0,24,52,76,0,0,0,0,0,0,0,0,0,0,0,0,0,0,0,0,0,0,2,0,2,0,0,0,0,0,0,0,0,0,0,0,0,0,0,0,3,1,4,0,37,37,0,0,0,0,0,0,0,0,0,0,0,0,0,0,0,0,0,0,0,0,0,0,0,0,0,0,0,0,0,0,0,0,0,0,0,0,0,0,0,0,0,0,0,0,0
20200909,4619,443,1085,1528,1252,1065,2317,3845,76,85,161,4,2,6,25,43,68,17,37,54,0,0,0,0,0,0,0,0,0,0,0,0,0,82,82,193,202,395,0,0,0,0,0,0,0,0,0,0,0,0,0,0,0,0,0,0,0,0,0,0,0,0,0,0,0,0,0,0,0,0,0,0,0,0,0,0,0,0,8,8,0,0,0,0,0,0,0,0,0,0,0,0,0,0,0,0,0,0,0,0,0,0,0,0,0,0,0,0,0,0,0,0,0,0,0,0,0,0,0,0,0,0,0,0,0
20200910,4004,1006,1131,2137,496,602,1098,3235,270,194,464,1,1,2,3,1,4,22,30,52,0,0,0,0,0,0,0,0,0,0,0,0,0,0,0,78,78,156,0,0,0,0,0,0,0,0,0,0,0,0,0,0,0,0,0,0,69,16,85,0,0,0,0,0,0,0,0,0,0,0,0,0,0,0,1,2,3,0,3,3,0,0,0,0,0,0,0,0,0,0,0,0,0,0,0,0,0,0,0,0,0,0,0,0,0,0,0,0,0,0,0,0,0,0,0,0,0,0,0,0,0,0,0,0,0
20200911,4360,536,664,1200,1703,829,2532,3732,103,38,141,0,7,7,0,43,43,52,82,134,0,0,0,0,0,0,0,0,0,0,0,0,0,0,0,185,112,297,0,0,0,0,0,0,0,0,0,0,0,0,0,0,0,0,0,0,1,0,1,0,0,0,0,0,0,0,0,0,0,0,0,0,0,0,4,1,5,0,0,0,0,0,0,0,0,0,0,0,0,0,0,0,0,0,0,0,0,0,0,0,0,0,0,0,0,0,0,0,0,0,0,0,0,0,0,0,0,0,0,0,0,0,0,0,0
20200912,1290,119,203,322,560,187,747,1069,113,68,181,0,0,0,0,0,0,9,10,19,0,0,0,0,0,0,0,0,0,0,0,0,7,6,13,0,0,0,0,0,0,0,0,0,0,0,0,0,0,0,0,0,0,0,0,0,1,0,1,0,0,0,0,0,0,0,0,0,0,0,0,0,0,0,0,0,0,0,7,7,0,0,0,0,0,0,0,0,0,0,0,0,0,0,0,0,0,0,0,0,0,0,0,0,0,0,0,0,0,0,0,0,0,0,0,0,0,0,0,0,0,0,0,0,0
20200913,4251,988,679,1667,1458,856,2314,3981,100,66,166,0,3,3,0,5,5,4,1,5,0,0,0,0,0,0,0,0,0,0,0,0,0,0,0,4,16,20,0,0,0,0,0,0,0,0,0,0,0,0,4,3,7,0,0,0,41,22,63,0,0,0,0,0,0,0,0,0,0,0,0,0,0,0,0,1,1,0,0,0,0,0,0,0,0,0,0,0,0,0,0,0,0,0,0,0,0,0,0,0,0,0,0,0,0,0,0,0,0,0,0,0,0,0,0,0,0,0,0,0,0,0,0,0,0
20200914,3165,427,342,769,926,751,1677,2446,0,0,0,1,0,1,27,5,32,13,10,23,0,0,0,0,0,0,0,0,0,0,0,0,0,0,0,298,364,662,0,0,0,0,0,0,0,0,0,0,0,0,0,0,0,0,0,0,0,0,0,0,0,0,0,0,0,0,0,0,0,0,0,0,0,0,1,0,1,0,0,0,0,0,0,0,0,0,0,0,0,0,0,0,0,0,0,0,0,0,0,0,0,0,0,0,0,0,0,0,0,0,0,0,0,0,0,0,0,0,0,0,0,0,0,0,0
20200915,3015,407,419,826,1285,654,1939,2765,0,0,0,0,0,0,23,23,46,16,4,20,0,0,0,0,0,0,0,0,0,0,0,0,0,0,0,107,39,146,0,0,0,0,0,0,0,0,0,0,0,0,0,0,0,0,0,0,0,0,0,0,0,0,0,0,0,0,0,0,0,0,0,0,0,0,11,7,18,1,19,20,0,0,0,0,0,0,0,0,0,0,0,0,0,0,0,0,0,0,0,0,0,0,0,0,0,0,0,0,0,0,0,0,0,0,0,0,0,0,0,0,0,0,0,0,0
20200916,3906,327,300,627,1385,1053,2438,3065,121,55,176,1,2,3,1,1,2,24,50,74,0,0,0,0,0,0,0,0,0,0,0,0,0,0,0,405,180,585,0,0,0,0,0,0,0,0,0,0,0,0,0,0,0,0,0,0,0,0,0,0,0,0,0,0,0,0,0,0,0,0,0,0,0,0,0,1,1,0,0,0,0,0,0,0,0,0,0,0,0,0,0,0,0,0,0,0,0,0,0,0,0,0,0,0,0,0,0,0,0,0,0,0,0,0,0,0,0,0,0,0,0,0,0,0,0
20200917,3434,805,1069,1874,332,590,922,2796,215,135,350,0,0,0,14,11,25,17,43,60,0,0,0,0,0,0,0,0,0,0,0,0,38,25,63,84,22,106,0,0,0,0,0,0,0,0,0,0,0,0,0,0,0,0,0,0,22,12,34,0,0,0,0,0,0,0,0,0,0,0,0,0,0,0,0,0,0,0,0,0,0,0,0,0,0,0,0,0,0,0,0,0,0,0,0,0,0,0,0,0,0,0,0,0,0,0,0,0,0,0,0,0,0,0,0,0,0,0,0,0,0,0,0,0,0
20200918,4478,572,1056,1628,1485,741,2226,3854,132,88,220,1,0,1,43,5,48,17,8,25,0,0,0,0,0,0,0,0,0,0,0,0,0,19,19,151,124,275,0,0,0,0,0,0,0,0,0,0,0,0,0,0,0,0,0,0,0,0,0,0,0,0,0,0,0,0,0,0,0,0,0,0,0,0,6,2,8,0,28,28,0,0,0,0,0,0,0,0,0,0,0,0,0,0,0,0,0,0,0,0,0,0,0,0,0,0,0,0,0,0,0,0,0,0,0,0,0,0,0,0,0,0,0,0,0
20200919,1428,181,220,401,396,245,641,1042,98,90,188,0,0,0,82,44,126,14,16,30,0,0,0,0,0,0,0,0,0,0,0,0,9,8,17,0,23,23,0,0,0,0,0,0,0,0,0,0,0,0,0,1,1,0,0,0,0,0,0,0,0,0,0,0,0,0,0,0,0,0,0,0,0,0,0,1,1,0,0,0,0,0,0,0,0,0,0,0,0,0,0,0,0,0,0,0,0,0,0,0,0,0,0,0,0,0,0,0,0,0,0,0,0,0,0,0,0,0,0,0,0,0,0,0,0
20200920,3853,991,591,1582,1438,674,2112,3694,47,49,96,1,0,1,0,0,0,3,7,10,0,0,0,0,0,0,0,0,0,0,0,0,0,0,0,4,0,4,0,0,0,0,0,0,0,0,0,0,0,0,1,0,1,0,0,0,21,23,44,0,0,0,0,0,0,0,0,0,0,0,0,0,0,0,0,1,1,0,2,2,0,0,0,0,0,0,0,0,0,0,0,0,0,0,0,0,0,0,0,0,0,0,0,0,0,0,0,0,0,0,0,0,0,0,0,0,0,0,0,0,0,0,0,0,0
20200921,2786,317,571,888,696,600,1296,2184,0,0,0,0,0,0,22,25,47,8,8,16,0,0,0,0,0,0,0,0,0,0,0,0,1,0,1,196,337,533,0,0,0,0,0,0,0,0,0,0,0,0,1,4,5,0,0,0,0,0,0,0,0,0,0,0,0,0,0,0,0,0,0,0,0,0,0,0,0,0,0,0,0,0,0,0,0,0,0,0,0,0,0,0,0,0,0,0,0,0,0,0,0,0,0,0,0,0,0,0,0,0,0,0,0,0,0,0,0,0,0,0,0,0,0,0,0
20200922,2218,621,251,872,705,448,1153,2025,0,0,0,0,0,0,8,9,17,35,30,65,0,0,0,0,19,19,0,0,0,0,0,0,0,0,0,26,53,79,0,0,0,0,0,0,0,0,0,0,0,0,0,0,0,0,0,0,0,0,0,0,0,0,0,0,0,0,0,0,0,0,0,0,0,0,2,5,7,1,5,6,0,0,0,0,0,0,0,0,0,0,0,0,0,0,0,0,0,0,0,0,0,0,0,0,0,0,0,0,0,0,0,0,0,0,0,0,0,0,0,0,0,0,0,0,0
20200923,3575,594,353,947,1197,899,2096,3043,75,46,121,2,2,4,1,0,1,10,33,43,0,0,0,0,0,0,0,0,0,0,0,0,0,0,0,187,174,361,0,0,0,0,0,0,0,0,0,0,0,0,0,0,0,0,0,0,0,0,0,0,0,0,0,0,0,0,0,0,0,0,0,0,0,0,2,0,2,0,0,0,0,0,0,0,0,0,0,0,0,0,0,0,0,0,0,0,0,0,0,0,0,0,0,0,0,0,0,0,0,0,0,0,0,0,0,0,0,0,0,0,0,0,0,0,0
20200924,3222,1056,720,1776,355,460,815,2591,150,224,374,1,1,2,31,21,52,13,15,28,0,0,0,0,0,0,0,0,0,0,0,0,0,0,0,47,65,112,0,0,0,0,0,0,0,0,0,0,0,0,0,0,0,0,0,0,36,19,55,0,0,0,0,0,0,0,0,0,0,0,0,0,0,0,2,4,6,0,2,2,0,0,0,0,0,0,0,0,0,0,0,0,0,0,0,0,0,0,0,0,0,0,0,0,0,0,0,0,0,0,0,0,0,0,0,0,0,0,0,0,0,0,0,0,0
20200925,4406,406,991,1397,1567,867,2434,3831,135,86,221,0,0,0,3,15,18,20,11,31,0,0,0,0,0,0,0,0,0,0,0,0,12,11,23,129,136,265,0,0,0,0,0,0,0,0,0,0,0,0,1,0,1,0,0,0,3,0,3,0,0,0,0,0,0,0,0,0,0,0,0,0,0,0,0,2,2,5,6,11,0,0,0,0,0,0,0,0,0,0,0,0,0,0,0,0,0,0,0,0,0,0,0,0,0,0,0,0,0,0,0,0,0,0,0,0,0,0,0,0,0,0,0,0,0
20200926,1614,281,206,487,610,339,949,1436,67,55,122,0,0,0,0,2,2,27,15,42,0,0,0,0,7,7,0,0,0,0,0,0,1,0,1,2,0,2,0,0,0,0,0,0,0,0,0,0,0,0,0,0,0,0,0,0,0,0,0,0,0,0,0,0,0,0,0,0,0,0,0,0,0,0,1,1,2,0,0,0,0,0,0,0,0,0,0,0,0,0,0,0,0,0,0,0,0,0,0,0,0,0,0,0,0,0,0,0,0,0,0,0,0,0,0,0,0,0,0,0,0,0,0,0,0
20200927,3728,873,374,1247,1410,870,2280,3527,52,56,108,0,1,1,0,0,0,8,3,11,0,0,0,0,0,0,0,0,0,0,0,0,0,0,0,2,7,9,0,0,0,0,1,1,0,0,0,0,0,0,0,0,0,0,0,0,50,17,67,0,0,0,0,0,0,0,0,0,0,0,0,0,0,0,1,3,4,0,0,0,0,0,0,0,0,0,0,0,0,0,0,0,0,0,0,0,0,0,0,0,0,0,0,0,0,0,0,0,0,0,0,0,0,0,0,0,0,0,0,0,0,0,0,0,0
20200928,2532,377,248,625,790,647,1437,2062,0,0,0,0,0,0,0,4,4,18,8,26,0,0,0,0,0,0,0,0,0,0,0,0,0,0,0,162,269,431,0,0,0,0,0,0,0,0,0,0,0,0,0,0,0,0,0,0,0,0,0,0,0,0,0,0,0,0,0,0,0,0,0,0,0,0,0,2,2,0,7,7,0,0,0,0,0,0,0,0,0,0,0,0,0,0,0,0,0,0,0,0,0,0,0,0,0,0,0,0,0,0,0,0,0,0,0,0,0,0,0,0,0,0,0,0,0
20200929,2161,438,314,752,795,427,1222,1974,55,13,68,0,0,0,0,8,8,6,9,15,0,0,0,2,0,2,0,0,0,0,0,0,1,0,1,64,28,92,0,0,0,0,0,0,0,0,0,0,0,0,0,0,0,0,0,0,0,0,0,0,0,0,0,0,0,0,0,0,0,0,0,0,0,0,1,0,1,0,0,0,0,0,0,0,0,0,0,0,0,0,0,0,0,0,0,0,0,0,0,0,0,0,0,0,0,0,0,0,0,0,0,0,0,0,0,0,0,0,0,0,0,0,0,0,0
20200930,4612,669,512,1181,1819,1037,2856,4037,54,36,90,1,0,1,23,13,36,15,39,54,0,1,1,0,1,1,0,0,0,0,0,0,0,3,3,276,94,370,0,0,0,0,0,0,0,0,0,0,0,0,0,3,3,0,0,0,0,0,0,0,0,0,0,0,0,0,0,0,0,0,0,0,0,0,1,0,1,0,15,15,0,0,0,0,0,0,0,0,0,0,0,0,0,0,0,0,0,0,0,0,0,0,0,0,0,0,0,0,0,0,0,0,0,0,0,0,0,0,0,0,0,0,0,0,0
20201001,2379,534,624,1158,351,435,786,1944,169,88,257,1,0,1,3,4,7,7,5,12,4,0,4,0,0,0,0,0,0,0,0,0,0,0,0,67,36,103,0,0,0,0,0,0,0,0,0,0,0,0,0,0,0,0,0,0,29,14,43,0,0,0,0,0,0,0,0,0,0,0,0,0,0,0,0,2,2,0,6,6,0,0,0,0,0,0,0,0,0,0,0,0,0,0,0,0,0,0,0,0,0,0,0,0,0,0,0,0,0,0,0,0,0,0,0,0,0,0,0,0,0,0,0,0,0
20201002,3295,350,578,928,1224,809,2033,2961,22,32,54,3,1,4,0,1,1,26,26,52,0,0,0,0,0,0,0,0,0,0,0,0,0,0,0,110,87,197,0,0,0,0,0,0,0,0,0,0,0,0,0,0,0,0,0,0,0,0,0,0,0,0,0,0,0,0,0,0,0,0,0,0,0,0,0,0,0,0,26,26,0,0,0,0,0,0,0,0,0,0,0,0,0,0,0,0,0,0,0,0,0,0,0,0,0,0,0,0,0,0,0,0,0,0,0,0,0,0,0,0,0,0,0,0,0
20201003,1169,400,118,518,177,168,345,863,74,74,148,0,0,0,0,1,1,14,14,28,0,0,0,0,0,0,0,0,0,0,0,0,0,0,0,61,45,106,0,0,0,0,0,0,0,0,0,0,0,0,0,0,0,0,0,0,0,0,0,0,0,0,0,0,0,0,0,0,0,0,0,0,0,0,0,1,1,0,22,22,0,0,0,0,0,0,0,0,0,0,0,0,0,0,0,0,0,0,0,0,0,0,0,0,0,0,0,0,0,0,0,0,0,0,0,0,0,0,0,0,0,0,0,0,0
20201004,3620,705,560,1265,1338,756,2094,3359,55,65,120,34,3,37,0,0,0,6,26,32,0,0,0,0,0,0,0,0,0,0,0,0,0,0,0,5,0,5,0,0,0,0,0,0,0,0,0,0,0,0,0,0,0,0,0,0,22,19,41,0,0,0,0,0,0,0,0,0,0,0,0,0,0,0,2,2,4,0,22,22,0,0,0,0,0,0,0,0,0,0,0,0,0,0,0,0,0,0,0,0,0,0,0,0,0,0,0,0,0,0,0,0,0,0,0,0,0,0,0,0,0,0,0,0,0
20201005,2683,311,597,908,498,645,1143,2051,0,0,0,0,0,0,5,4,9,10,1,11,0,0,0,0,0,0,0,0,0,0,0,0,0,1,1,182,426,608,0,0,0,0,0,0,0,0,0,0,0,0,0,0,0,0,0,0,0,0,0,0,0,0,0,0,0,0,0,0,0,0,0,0,0,0,1,0,1,0,2,2,0,0,0,0,0,0,0,0,0,0,0,0,0,0,0,0,0,0,0,0,0,0,0,0,0,0,0,0,0,0,0,0,0,0,0,0,0,0,0,0,0,0,0,0,0
20201006,2132,551,333,884,551,547,1098,1982,0,0,0,0,1,1,7,3,10,32,18,50,0,0,0,0,0,0,0,0,0,0,0,0,0,0,0,23,61,84,0,0,0,0,2,2,0,0,0,0,0,0,0,0,0,0,0,0,0,0,0,0,0,0,0,0,0,0,0,0,0,0,0,0,0,0,1,1,2,0,1,1,0,0,0,0,0,0,0,0,0,0,0,0,0,0,0,0,0,0,0,0,0,0,0,0,0,0,0,0,0,0,0,0,0,0,0,0,0,0,0,0,0,0,0,0,0
20201007,3983,471,337,808,1318,1324,2642,3450,47,65,112,2,2,4,0,3,3,12,3,15,0,0,0,0,0,0,0,0,0,0,0,0,0,1,1,102,280,382,0,0,0,0,0,0,0,0,0,0,0,0,0,0,0,0,0,0,0,0,0,0,0,0,0,0,0,0,0,0,0,0,0,0,0,0,3,3,6,0,10,10,0,0,0,0,0,0,0,0,0,0,0,0,0,0,0,0,0,0,0,0,0,0,0,0,0,0,0,0,0,0,0,0,0,0,0,0,0,0,0,0,0,0,0,0,0
20201008,4128,655,1160,1815,372,1291,1663,3478,111,296,407,2,2,4,20,20,40,14,41,55,0,0,0,0,0,0,0,0,0,0,0,0,0,0,0,23,75,98,0,0,0,0,0,0,0,0,0,0,0,0,0,0,0,0,0,0,20,26,46,0,0,0,0,0,0,0,0,0,0,0,0,0,0,0,0,0,0,0,0,0,0,0,0,0,0,0,0,0,0,0,0,0,0,0,0,0,0,0,0,0,0,0,0,0,0,0,0,0,0,0,0,0,0,0,0,0,0,0,0,0,0,0,0,0,0
20201009,3418,456,593,1049,1146,812,1958,3007,33,80,113,1,1,2,6,10,16,33,13,46,0,0,0,0,0,0,0,0,0,0,0,0,0,0,0,96,128,224,0,0,0,0,0,0,0,0,0,0,0,0,0,0,0,0,0,0,0,0,0,0,0,0,0,0,0,0,0,0,0,0,0,0,0,0,0,1,1,0,9,9,0,0,0,0,0,0,0,0,0,0,0,0,0,0,0,0,0,0,0,0,0,0,0,0,0,0,0,0,0,0,0,0,0,0,0,0,0,0,0,0,0,0,0,0,0
20201010,1791,131,248,379,333,668,1001,1380,40,103,143,1,1,2,1,0,1,7,6,13,0,0,0,0,0,0,0,0,0,0,0,0,0,0,0,72,180,252,0,0,0,0,0,0,0,0,0,0,0,0,0,0,0,0,0,0,0,0,0,0,0,0,0,0,0,0,0,0,0,0,0,0,0,0,0,0,0,0,0,0,0,0,0,0,0,0,0,0,0,0,0,0,0,0,0,0,0,0,0,0,0,0,0,0,0,0,0,0,0,0,0,0,0,0,0,0,0,0,0,0,0,0,0,0,0
20201011,4918,857,577,1434,1543,1415,2958,4392,51,136,187,3,8,11,0,0,0,7,3,10,0,0,0,0,0,0,0,0,0,0,0,0,0,0,0,31,230,261,0,0,0,0,0,0,0,0,0,0,0,0,0,0,0,0,0,0,24,31,55,0,0,0,0,0,0,0,0,0,0,0,0,0,0,0,1,1,2,0,0,0,0,0,0,0,0,0,0,0,0,0,0,0,0,0,0,0,0,0,0,0,0,0,0,0,0,0,0,0,0,0,0,0,0,0,0,0,0,0,0,0,0,0,0,0,0
20201012,1695,215,162,377,470,474,944,1321,13,0,13,1,0,1,3,3,6,20,15,35,0,0,0,0,5,5,0,0,0,0,0,0,0,1,1,109,200,309,0,0,0,0,0,0,0,0,0,0,0,0,0,0,0,0,0,0,0,0,0,0,0,0,0,0,0,0,0,0,0,0,0,0,0,0,1,3,4,0,0,0,0,0,0,0,0,0,0,0,0,0,0,0,0,0,0,0,0,0,0,0,0,0,0,0,0,0,0,0,0,0,0,0,0,0,0,0,0,0,0,0,0,0,0,0,0
20201013,1556,318,184,502,521,448,969,1471,0,0,0,0,1,1,3,2,5,16,6,22,0,0,0,0,0,0,0,0,0,0,0,0,1,1,2,11,34,45,0,0,0,0,0,0,0,0,0,0,0,0,0,2,2,0,0,0,0,0,0,0,0,0,0,0,0,0,0,0,0,0,0,0,0,0,4,4,8,0,0,0,0,0,0,0,0,0,0,0,0,0,0,0,0,0,0,0,0,0,0,0,0,0,0,0,0,0,0,0,0,0,0,0,0,0,0,0,0,0,0,0,0,0,0,0,0
20201014,3309,425,400,825,946,991,1937,2762,45,32,77,8,2,10,0,14,14,31,22,53,0,0,0,0,20,20,0,0,0,0,0,0,1,0,1,110,258,368,0,0,0,0,0,0,0,0,0,0,0,0,0,0,0,0,0,0,0,0,0,0,0,0,0,0,0,0,0,0,0,0,0,0,0,0,0,0,0,1,3,4,0,0,0,0,0,0,0,0,0,0,0,0,0,0,0,0,0,0,0,0,0,0,0,0,0,0,0,0,0,0,0,0,0,0,0,0,0,0,0,0,0,0,0,0,0
20201015,3049,649,821,1470,402,657,1059,2529,88,135,223,1,0,1,21,3,24,19,49,68,0,0,0,0,4,4,0,0,0,0,0,0,6,10,16,47,63,110,0,0,0,0,1,1,0,0,0,0,0,0,0,6,6,0,0,0,28,27,55,0,0,0,0,0,0,0,0,0,0,0,0,0,0,0,1,2,3,0,9,9,0,0,0,0,0,0,0,0,0,0,0,0,0,0,0,0,0,0,0,0,0,0,0,0,0,0,0,0,0,0,0,0,0,0,0,0,0,0,0,0,0,0,0,0,0
20201016,3925,449,899,1348,1416,704,2120,3468,48,47,95,0,1,1,3,1,4,12,35,47,0,0,0,0,0,0,0,0,0,0,0,0,0,0,0,143,159,302,0,0,0,0,0,0,0,0,0,0,0,0,3,4,7,0,0,0,0,0,0,0,0,0,0,0,0,0,0,0,0,0,0,0,0,0,0,1,1,0,0,0,0,0,0,0,0,0,0,0,0,0,0,0,0,0,0,0,0,0,0,0,0,0,0,0,0,0,0,0,0,0,0,0,0,0,0,0,0,0,0,0,0,0,0,0,0
20201017,1844,194,335,529,368,448,816,1345,140,86,226,0,1,1,13,5,18,2,67,69,0,0,0,0,0,0,0,0,0,0,0,0,16,12,28,48,105,153,0,0,0,0,0,0,0,0,0,0,0,0,0,1,1,0,0,0,0,0,0,0,0,0,0,0,0,0,0,0,0,0,0,0,0,0,0,1,1,2,0,2,0,0,0,0,0,0,0,0,0,0,0,0,0,0,0,0,0,0,0,0,0,0,0,0,0,0,0,0,0,0,0,0,0,0,0,0,0,0,0,0,0,0,0,0,0
20201018,3538,776,496,1272,1189,830,2019,3291,60,128,188,2,1,3,0,3,3,8,6,14,0,0,0,0,0,0,0,0,0,0,0,0,0,0,0,0,0,0,0,0,0,0,0,0,0,0,0,0,0,0,0,0,0,0,0,0,20,19,39,0,0,0,0,0,0,0,0,0,0,0,0,0,0,0,0,0,0,0,0,0,0,0,0,0,0,0,0,0,0,0,0,0,0,0,0,0,0,0,0,0,0,0,0,0,0,0,0,0,0,0,0,0,0,0,0,0,0,0,0,0,0,0,0,0,0
20201019,2336,234,544,778,480,502,982,1760,58,32,90,2,1,3,1,1,2,9,23,32,0,0,0,0,0,0,0,0,0,0,0,0,0,0,0,128,302,430,0,0,0,0,0,0,0,0,0,0,0,0,0,0,0,0,0,0,0,0,0,0,0,0,0,0,0,0,0,0,0,0,0,0,0,0,4,6,10,0,9,9,0,0,0,0,0,0,0,0,0,0,0,0,0,0,0,0,0,0,0,0,0,0,0,0,0,0,0,0,0,0,0,0,0,0,0,0,0,0,0,0,0,0,0,0,0
20201020,1879,568,235,803,480,434,914,1717,0,0,0,0,0,0,0,0,0,19,44,63,0,0,0,0,0,0,0,0,0,0,0,0,0,0,0,38,48,86,0,0,0,0,0,0,0,0,0,0,0,0,1,2,3,0,0,0,0,0,0,0,0,0,0,0,0,0,0,0,0,0,0,0,0,0,6,4,10,0,0,0,0,0,0,0,0,0,0,0,0,0,0,0,0,0,0,0,0,0,0,0,0,0,0,0,0,0,0,0,0,0,0,0,0,0,0,0,0,0,0,0,0,0,0,0,0
20201021,3158,456,256,712,935,971,1906,2618,48,42,90,1,0,1,9,14,23,23,38,61,0,2,2,0,0,0,0,0,0,0,0,0,13,5,18,102,227,329,0,0,0,0,0,0,0,0,0,0,0,0,0,0,0,0,0,0,0,0,0,0,0,0,0,0,0,0,0,0,0,0,0,0,0,0,2,2,4,0,12,12,0,0,0,0,0,0,0,0,0,0,0,0,0,0,0,0,0,0,0,0,0,0,0,0,0,0,0,0,0,0,0,0,0,0,0,0,0,0,0,0,0,0,0,0,0
20201022,2863,662,633,1295,419,557,976,2271,103,130,233,2,2,4,84,54,138,17,49,66,0,0,0,0,0,0,0,0,0,0,0,0,0,0,0,50,68,118,0,0,0,0,0,0,0,0,0,0,0,0,4,2,6,0,0,0,10,15,25,0,0,0,0,0,0,0,0,0,0,0,0,0,0,0,0,1,1,1,0,1,0,0,0,0,0,0,0,0,0,0,0,0,0,0,0,0,0,0,0,0,0,0,0,0,0,0,0,0,0,0,0,0,0,0,0,0,0,0,0,0,0,0,0,0,0
20201023,3786,424,917,1341,1296,717,2013,3354,64,37,101,1,0,1,1,3,4,25,25,50,3,1,4,0,0,0,0,0,0,0,0,0,1,0,1,124,134,258,0,0,0,0,0,0,0,0,0,0,0,0,0,0,0,0,0,0,0,0,0,0,0,0,0,0,0,0,0,0,0,0,0,0,0,0,0,0,0,1,12,13,0,0,0,0,0,0,0,0,0,0,0,0,0,0,0,0,0,0,0,0,0,0,0,0,0,0,0,0,0,0,0,0,0,0,0,0,0,0,0,0,0,0,0,0,0
20201024,1293,176,200,376,259,302,561,937,48,54,102,1,1,2,1,0,1,15,21,36,0,0,0,0,0,0,0,0,0,0,0,0,0,0,0,85,98,183,0,0,0,0,0,0,0,0,0,0,0,0,1,0,1,0,0,0,0,0,0,0,0,0,0,0,0,0,0,0,0,0,0,0,0,0,0,1,1,0,30,30,0,0,0,0,0,0,0,0,0,0,0,0,0,0,0,0,0,0,0,0,0,0,0,0,0,0,0,0,0,0,0,0,0,0,0,0,0,0,0,0,0,0,0,0,0
20201025,3443,737,447,1184,1195,842,2037,3221,71,83,154,2,7,9,0,0,0,1,0,1,0,0,0,0,0,0,0,0,0,0,0,0,0,1,1,5,0,5,0,0,0,0,0,0,0,0,0,0,0,0,0,0,0,0,0,0,22,20,42,0,0,0,0,0,0,0,0,0,0,0,0,0,0,0,0,0,0,0,10,10,0,0,0,0,0,0,0,0,0,0,0,0,0,0,0,0,0,0,0,0,0,0,0,0,0,0,0,0,0,0,0,0,0,0,0,0,0,0,0,0,0,0,0,0,0
20201026,1854,239,188,427,448,488,936,1363,20,18,38,2,0,2,0,2,2,4,68,72,0,1,1,0,0,0,0,0,0,0,0,0,1,1,2,127,227,354,0,0,0,0,0,0,0,0,0,0,0,0,0,0,0,0,0,0,0,0,0,0,0,0,0,0,0,0,0,0,0,0,0,0,0,0,0,1,1,0,19,19,0,0,0,0,0,0,0,0,0,0,0,0,0,0,0,0,0,0,0,0,0,0,0,0,0,0,0,0,0,0,0,0,0,0,0,0,0,0,0,0,0,0,0,0,0
20201027,1915,310,398,708,526,440,966,1674,1,0,1,0,0,0,2,0,2,40,87,127,0,0,0,0,0,0,0,0,0,0,0,0,15,18,33,21,37,58,0,0,0,0,0,0,0,0,0,0,0,0,0,0,0,0,0,0,0,0,0,0,0,0,0,0,0,0,0,0,0,0,0,0,0,0,6,2,8,0,12,12,0,0,0,0,0,0,0,0,0,0,0,0,0,0,0,0,0,0,0,0,0,0,0,0,0,0,0,0,0,0,0,0,0,0,0,0,0,0,0,0,0,0,0,0,0
20201028,3373,532,347,879,1018,997,2015,2894,34,41,75,1,0,1,1,0,1,27,40,67,0,0,0,0,0,0,0,0,0,0,0,0,0,0,0,136,194,330,0,0,0,0,0,0,0,0,0,1,0,1,0,0,0,0,0,0,0,0,0,0,0,0,0,0,0,0,0,0,0,0,0,0,0,0,1,0,1,0,3,3,0,0,0,0,0,0,0,0,0,0,0,0,0,0,0,0,0,0,0,0,0,0,0,0,0,0,0,0,0,0,0,0,0,0,0,0,0,0,0,0,0,0,0,0,0
20201029,2500,656,594,1250,308,499,807,2057,102,123,225,0,0,0,3,0,3,14,70,84,1,0,1,0,0,0,0,0,0,0,0,0,9,10,19,41,44,85,0,0,0,0,0,0,0,0,0,0,0,0,0,0,0,0,0,0,18,5,23,0,0,0,0,0,0,0,0,0,0,0,0,0,0,0,1,2,3,0,0,0,0,0,0,0,0,0,0,0,0,0,0,0,0,0,0,0,0,0,0,0,0,0,0,0,0,0,0,0,0,0,0,0,0,0,0,0,0,0,0,0,0,0,0,0,0
20201030,4004,643,751,1394,1407,747,2154,3548,77,35,112,1,2,3,5,5,10,10,82,92,0,0,0,0,0,0,0,0,0,0,0,0,2,3,5,128,105,233,0,0,0,0,0,0,0,0,0,0,0,0,0,0,0,0,0,0,0,0,0,0,0,0,0,0,0,0,0,0,0,0,0,0,0,0,1,0,1,0,0,0,0,0,0,0,0,0,0,0,0,0,0,0,0,0,0,0,0,0,0,0,0,0,0,0,0,0,0,0,0,0,0,0,0,0,0,0,0,0,0,0,0,0,0,0,0
20201031,1443,132,186,318,424,327,751,1069,85,108,193,0,0,0,0,0,0,8,15,23,0,0,0,0,0,0,0,0,0,0,0,0,2,0,2,80,76,156,0,0,0,0,0,0,0,0,0,0,0,0,0,0,0,0,0,0,0,0,0,0,0,0,0,0,0,0,0,0,0,0,0,0,0,0,0,0,0,0,0,0,0,0,0,0,0,0,0,0,0,0,0,0,0,0,0,0,0,0,0,0,0,0,0,0,0,0,0,0,0,0,0,0,0,0,0,0,0,0,0,0,0,0,0,0,0
20201101,3902,832,433,1265,1500,882,2382,3647,54,84,138,17,0,17,7,7,14,24,7,31,0,0,0,0,0,0,0,0,0,0,0,0,5,0,5,0,0,0,0,0,0,0,0,0,0,0,0,0,0,0,0,5,5,0,0,0,14,27,41,0,0,0,0,0,0,0,0,0,0,0,0,0,0,0,2,2,4,0,0,0,0,0,0,0,0,0,0,0,0,0,0,0,0,0,0,0,0,0,0,0,0,0,0,0,0,0,0,0,0,0,0,0,0,0,0,0,0,0,0,0,0,0,0,0,0
20201102,2398,241,193,434,689,671,1360,1794,56,43,99,3,3,6,2,0,2,36,52,88,0,0,0,0,0,0,0,0,0,0,0,0,1,0,1,114,232,346,0,0,0,0,0,0,0,0,0,0,0,0,3,0,3,0,0,0,9,12,21,0,0,0,0,0,0,0,0,0,0,0,0,0,0,0,11,6,17,0,21,21,0,0,0,0,0,0,0,0,0,0,0,0,0,0,0,0,0,0,0,0,0,0,0,0,0,0,0,0,0,0,0,0,0,0,0,0,0,0,0,0,0,0,0,0,0
20201103,1773,359,180,539,623,526,1149,1688,0,0,0,1,0,1,4,0,4,19,11,30,0,0,0,1,0,1,0,0,0,0,0,0,0,0,0,22,20,42,0,0,0,0,0,0,0,0,0,0,0,0,0,0,0,0,0,0,0,0,0,0,0,0,0,0,0,0,0,0,0,0,0,0,0,0,3,4,7,0,0,0,0,0,0,0,0,0,0,0,0,0,0,0,0,0,0,0,0,0,0,0,0,0,0,0,0,0,0,0,0,0,0,0,0,0,0,0,0,0,0,0,0,0,0,0,0
20201104,3783,514,646,1160,1182,969,2151,3311,41,28,69,3,2,5,13,12,25,48,13,61,0,0,0,0,0,0,0,0,0,0,0,0,0,0,0,97,211,308,0,0,0,0,0,0,0,0,0,0,0,0,1,0,1,0,0,0,0,0,0,0,0,0,0,0,0,0,0,0,0,0,0,0,0,0,2,1,3,0,0,0,0,0,0,0,0,0,0,0,0,0,0,0,0,0,0,0,0,0,0,0,0,0,0,0,0,0,0,0,0,0,0,0,0,0,0,0,0,0,0,0,0,0,0,0,0
20201105,2735,743,593,1336,534,516,1050,2386,86,96,182,0,1,1,13,15,28,3,11,14,0,0,0,0,0,0,0,0,0,0,0,0,8,9,17,27,40,67,0,0,0,0,0,0,2,0,2,0,0,0,0,0,0,0,0,0,13,25,38,0,0,0,0,0,0,0,0,0,0,0,0,0,0,0,0,0,0,0,0,0,0,0,0,0,0,0,0,0,0,0,0,0,0,0,0,0,0,0,0,0,0,0,0,0,0,0,0,0,0,0,0,0,0,0,0,0,0,0,0,0,0,0,0,0,0
20201106,3502,467,610,1077,1313,760,2073,3150,66,39,105,0,0,0,21,2,23,1,11,12,0,0,0,0,0,0,0,0,0,0,0,0,0,0,0,112,93,205,0,0,0,0,2,2,0,0,0,0,0,0,1,4,5,0,0,0,0,0,0,0,0,0,0,0,0,0,0,0,0,0,0,0,0,0,0,0,0,0,0,0,0,0,0,0,0,0,0,0,0,0,0,0,0,0,0,0,0,0,0,0,0,0,0,0,0,0,0,0,0,0,0,0,0,0,0,0,0,0,0,0,0,0,0,0,0
20201107,1536,192,180,372,516,320,836,1208,91,84,175,1,0,1,7,0,7,2,2,4,0,0,0,0,0,0,0,0,0,0,0,0,0,0,0,72,66,138,0,0,0,0,0,0,0,0,0,0,0,0,1,0,1,0,0,0,0,0,0,0,0,0,0,0,0,0,0,0,0,0,0,0,0,0,2,0,2,0,0,0,0,0,0,0,0,0,0,0,0,0,0,0,0,0,0,0,0,0,0,0,0,0,0,0,0,0,0,0,0,0,0,0,0,0,0,0,0,0,0,0,0,0,0,0,0
20201108,3926,781,461,1242,1608,811,2419,3661,42,69,111,7,2,9,2,0,2,32,13,45,0,0,0,0,0,0,0,0,0,0,0,0,0,0,0,0,0,0,0,0,0,0,0,0,0,0,0,0,0,0,0,0,0,0,0,0,22,26,48,0,0,0,0,0,0,0,0,0,0,0,0,0,0,0,0,0,0,0,50,50,0,0,0,0,0,0,0,0,0,0,0,0,0,0,0,0,0,0,0,0,0,0,0,0,0,0,0,0,0,0,0,0,0,0,0,0,0,0,0,0,0,0,0,0,0
20201109,1827,214,158,372,595,451,1046,1418,37,32,69,0,0,0,19,16,35,17,14,31,0,0,0,0,0,0,0,0,0,0,0,0,0,0,0,88,167,255,0,0,0,0,0,0,0,0,0,0,0,0,0,0,0,0,0,0,10,8,18,0,0,0,0,0,0,0,0,0,0,0,0,0,0,0,0,1,1,0,0,0,0,0,0,0,0,0,0,0,0,0,0,0,0,0,0,0,0,0,0,0,0,0,0,0,0,0,0,0,0,0,0,0,0,0,0,0,0,0,0,0,0,0,0,0,0
20201110,2082,659,342,1001,595,379,974,1975,1,0,1,2,2,4,5,3,8,21,6,27,0,0,0,0,0,0,0,0,0,0,0,0,8,0,8,23,27,50,0,0,0,0,0,0,0,0,0,0,0,0,1,1,2,0,0,0,0,0,0,0,0,0,0,0,0,0,0,0,0,0,0,0,0,0,0,0,0,3,4,7,0,0,0,0,0,0,0,0,0,0,0,0,0,0,0,0,0,0,0,0,0,0,0,0,0,0,0,0,0,0,0,0,0,0,0,0,0,0,0,0,0,0,0,0,0
20201111,3317,387,418,805,1096,964,2060,2865,43,33,76,0,0,0,1,1,2,16,13,29,0,0,0,0,0,0,0,0,0,0,0,0,0,0,0,128,202,330,0,0,0,0,0,0,0,0,0,0,0,0,0,1,1,0,0,0,0,0,0,0,0,0,0,0,0,0,0,0,0,0,0,0,0,0,0,1,1,0,13,13,0,0,0,0,0,0,0,0,0,0,0,0,0,0,0,0,0,0,0,0,0,0,0,0,0,0,0,0,0,0,0,0,0,0,0,0,0,0,0,0,0,0,0,0,0
20201112,2360,721,450,1171,275,494,769,1940,86,82,168,7,1,8,2,0,2,24,64,88,0,0,0,0,0,0,0,0,0,0,0,0,4,5,9,40,49,89,0,0,0,0,0,0,0,0,0,0,0,0,1,1,2,0,0,0,14,16,30,0,0,0,0,0,0,0,0,0,0,0,0,0,0,0,1,1,2,0,22,22,0,0,0,0,0,0,0,0,0,0,0,0,0,0,0,0,0,0,0,0,0,0,0,0,0,0,0,0,0,0,0,0,0,0,0,0,0,0,0,0,0,0,0,0,0
20201113,3922,738,659,1397,1461,681,2142,3539,55,37,92,1,1,2,6,6,12,10,7,17,0,0,0,0,0,0,0,0,0,0,0,0,19,17,36,124,88,212,0,0,0,0,0,0,0,0,0,0,0,0,0,0,0,0,0,0,0,0,0,0,0,0,0,0,0,0,0,0,0,0,0,0,0,0,0,0,0,0,12,12,0,0,0,0,0,0,0,0,0,0,0,0,0,0,0,0,0,0,0,0,0,0,0,0,0,0,0,0,0,0,0,0,0,0,0,0,0,0,0,0,0,0,0,0,0
20201114,1799,293,251,544,508,416,924,1468,58,52,110,0,0,0,8,3,11,5,25,30,0,0,0,0,0,0,0,0,0,0,0,0,1,1,2,86,79,165,0,0,0,0,0,0,0,0,0,0,0,0,0,0,0,0,0,0,4,0,4,0,0,0,0,0,0,0,0,0,0,0,0,0,0,0,1,0,1,0,8,8,0,0,0,0,0,0,0,0,0,0,0,0,0,0,0,0,0,0,0,0,0,0,0,0,0,0,0,0,0,0,0,0,0,0,0,0,0,0,0,0,0,0,0,0,0
20201115,4381,822,849,1671,1705,822,2527,4198,53,67,120,9,0,9,0,0,0,7,5,12,0,0,0,0,0,0,0,0,0,0,0,0,0,0,0,0,3,3,0,0,0,0,0,0,0,0,0,0,0,0,0,0,0,0,0,0,19,17,36,0,0,0,0,0,0,0,0,0,0,0,0,0,0,0,0,3,3,0,0,0,0,0,0,0,0,0,0,0,0,0,0,0,0,0,0,0,0,0,0,0,0,0,0,0,0,0,0,0,0,0,0,0,0,0,0,0,0,0,0,0,0,0,0,0,0
20201116,2435,300,407,707,662,559,1221,1928,45,41,86,1,10,11,0,0,0,16,6,22,0,0,0,0,0,0,0,0,0,0,0,0,0,1,1,130,223,353,0,0,0,0,0,0,0,0,0,0,0,0,0,3,3,0,0,0,8,4,12,0,0,0,0,0,0,0,0,0,0,0,0,0,0,0,1,0,1,0,18,18,0,0,0,0,0,0,0,0,0,0,0,0,0,0,0,0,0,0,0,0,0,0,0,0,0,0,0,0,0,0,0,0,0,0,0,0,0,0,0,0,0,0,0,0,0
20201117,1733,445,226,671,548,412,960,1631,0,0,0,1,1,2,3,1,4,32,9,41,0,0,0,0,0,0,0,0,0,0,0,0,0,2,2,15,20,35,0,0,0,0,0,0,0,0,0,0,0,0,3,1,4,0,0,0,0,0,0,0,0,0,0,0,0,0,0,0,0,0,0,0,0,0,2,0,2,0,12,12,0,0,0,0,0,0,0,0,0,0,0,0,0,0,0,0,0,0,0,0,0,0,0,0,0,0,0,0,0,0,0,0,0,0,0,0,0,0,0,0,0,0,0,0,0
20201118,3805,465,502,967,1131,1240,2371,3338,36,34,70,0,1,1,11,10,21,29,68,97,0,0,0,0,0,0,0,0,0,0,0,0,0,0,0,113,150,263,0,0,0,0,0,0,0,0,0,0,0,0,1,10,11,0,0,0,0,0,0,0,0,0,0,0,0,0,0,0,0,0,0,0,0,0,1,3,4,0,0,0,0,0,0,0,0,0,0,0,0,0,0,0,0,0,0,0,0,0,0,0,0,0,0,0,0,0,0,0,0,0,0,0,0,0,0,0,0,0,0,0,0,0,0,0,0
20201119,2624,572,594,1166,488,464,952,2118,91,91,182,9,26,35,16,19,35,95,23,118,0,0,0,0,0,0,0,0,0,0,0,0,0,3,3,29,32,61,0,0,0,0,0,0,0,0,0,0,0,0,0,2,2,0,0,0,29,15,44,0,0,0,0,0,0,0,0,0,0,0,0,0,0,0,3,3,6,0,20,20,0,0,0,0,0,0,0,0,0,0,0,0,0,0,0,0,0,0,0,0,0,0,0,0,0,0,0,0,0,0,0,0,0,0,0,0,0,0,0,0,0,0,0,0,0
20201120,3699,534,631,1165,1468,620,2088,3253,72,62,134,0,2,2,5,2,7,10,81,91,0,0,0,0,0,0,0,0,0,0,0,0,4,9,13,85,96,181,0,0,0,0,0,0,0,0,0,0,0,0,0,0,0,0,0,0,0,0,0,0,0,0,0,0,0,0,0,0,0,0,0,0,0,0,1,0,1,0,17,17,0,0,0,0,0,0,0,0,0,0,0,0,0,0,0,0,0,0,0,0,0,0,0,0,0,0,0,0,0,0,0,0,0,0,0,0,0,0,0,0,0,0,0,0,0
20201121,1662,224,203,427,521,308,829,1256,68,130,198,0,0,0,0,0,0,16,14,30,0,0,0,0,0,0,0,0,0,0,0,0,2,0,2,83,84,167,0,0,0,0,0,0,0,0,0,0,0,0,0,0,0,0,0,0,0,0,0,0,0,0,0,0,0,0,0,0,0,0,0,0,0,0,0,1,1,0,8,8,0,0,0,0,0,0,0,0,0,0,0,0,0,0,0,0,0,0,0,0,0,0,0,0,0,0,0,0,0,0,0,0,0,0,0,0,0,0,0,0,0,0,0,0,0
20201122,3630,720,455,1175,1649,688,2337,3512,27,30,57,3,1,4,1,1,2,6,12,18,0,0,0,0,0,0,0,0,0,0,0,0,0,0,0,7,0,7,0,0,0,0,0,0,0,0,0,0,0,0,0,0,0,0,0,0,19,11,30,0,0,0,0,0,0,0,0,0,0,0,0,0,0,0,0,0,0,0,0,0,0,0,0,0,0,0,0,0,0,0,0,0,0,0,0,0,0,0,0,0,0,0,0,0,0,0,0,0,0,0,0,0,0,0,0,0,0,0,0,0,0,0,0,0,0
20201123,2119,265,144,409,804,440,1244,1653,44,49,93,3,0,3,2,0,2,45,11,56,0,0,0,0,0,0,0,0,0,0,0,0,0,0,0,110,201,311,0,0,0,0,0,0,0,0,0,0,0,0,0,0,0,0,0,0,0,0,0,0,0,0,0,0,0,0,0,0,0,0,0,0,0,0,1,0,1,0,0,0,0,0,0,0,0,0,0,0,0,0,0,0,0,0,0,0,0,0,0,0,0,0,0,0,0,0,0,0,0,0,0,0,0,0,0,0,0,0,0,0,0,0,0,0,0
20201124,2046,480,375,855,625,428,1053,1908,0,0,0,0,0,0,3,1,4,23,54,77,0,0,0,1,0,1,0,0,0,0,0,0,0,2,2,13,37,50,0,0,0,0,0,0,0,0,0,0,0,0,0,0,0,0,0,0,0,0,0,0,0,0,0,0,0,0,0,0,0,0,0,0,0,0,0,0,0,0,4,4,0,0,0,0,0,0,0,0,0,0,0,0,0,0,0,0,0,0,0,0,0,0,0,0,0,0,0,0,0,0,0,0,0,0,0,0,0,0,0,0,0,0,0,0,0
20201125,4105,535,995,1530,1382,811,2193,3723,29,26,55,0,0,0,1,1,2,11,26,37,0,0,0,0,0,0,0,0,0,0,0,0,0,0,0,116,172,288,0,0,0,0,0,0,0,0,0,0,0,0,0,0,0,0,0,0,0,0,0,0,0,0,0,0,0,0,0,0,0,0,0,0,0,0,0,0,0,0,0,0,0,0,0,0,0,0,0,0,0,0,0,0,0,0,0,0,0,0,0,0,0,0,0,0,0,0,0,0,0,0,0,0,0,0,0,0,0,0,0,0,0,0,0,0,0
20201126,3050,735,693,1428,806,410,1216,2644,82,74,156,14,0,14,25,14,39,17,8,25,0,0,0,0,0,0,0,0,0,0,0,0,18,19,37,34,19,53,0,0,0,0,0,0,0,0,0,0,0,0,0,0,0,0,0,0,37,10,47,0,0,0,0,0,0,0,0,0,0,0,0,0,0,0,5,4,9,0,26,26,0,0,0,0,0,0,0,0,0,0,0,0,0,0,0,0,0,0,0,0,0,0,0,0,0,0,0,0,0,0,0,0,0,0,0,0,0,0,0,0,0,0,0,0,0
20201127,4855,687,662,1349,2403,703,3106,4455,67,36,103,0,32,32,0,0,0,30,4,34,0,0,0,0,0,0,0,0,0,0,0,0,8,0,8,139,76,215,0,0,0,0,0,0,0,0,0,0,0,0,0,1,1,0,0,0,0,0,0,0,0,0,0,0,0,0,0,0,0,0,0,0,0,0,1,1,2,0,5,5,0,0,0,0,0,0,0,0,0,0,0,0,0,0,0,0,0,0,0,0,0,0,0,0,0,0,0,0,0,0,0,0,0,0,0,0,0,0,0,0,0,0,0,0,0
20201128,2706,371,661,1032,806,343,1149,2181,131,115,246,0,0,0,30,27,57,11,7,18,0,0,0,0,0,0,0,0,0,0,0,0,3,6,9,112,83,195,0,0,0,0,0,0,0,0,0,0,0,0,0,0,0,0,0,0,0,0,0,0,0,0,0,0,0,0,0,0,0,0,0,0,0,0,0,0,0,0,0,0,0,0,0,0,0,0,0,0,0,0,0,0,0,0,0,0,0,0,0,0,0,0,0,0,0,0,0,0,0,0,0,0,0,0,0,0,0,0,0,0,0,0,0,0,0
20201129,5746,1303,373,1676,3084,772,3856,5532,60,50,110,6,8,14,6,6,12,8,4,12,0,0,0,0,0,0,0,0,0,0,0,0,0,0,0,6,3,9,0,0,0,0,0,0,0,0,0,0,0,0,0,0,0,0,0,0,37,15,52,0,0,0,0,0,0,0,0,0,0,0,0,0,0,0,4,1,5,0,0,0,0,0,0,0,0,0,0,0,0,0,0,0,0,0,0,0,0,0,0,0,0,0,0,0,0,0,0,0,0,0,0,0,0,0,0,0,0,0,0,0,0,0,0,0,0
20201130,2900,456,171,627,1167,459,1626,2253,69,33,102,0,0,0,6,17,23,56,43,99,0,0,0,0,0,0,0,0,0,0,0,0,17,6,23,230,155,385,0,0,0,0,0,0,0,0,0,0,0,0,3,0,3,0,0,0,0,0,0,0,0,0,0,0,0,0,0,0,0,0,0,0,0,0,7,5,12,0,0,0,0,0,0,0,0,0,0,0,0,0,0,0,0,0,0,0,0,0,0,0,0,0,0,0,0,0,0,0,0,0,0,0,0,0,0,0,0,0,0,0,0,0,0,0,0
20201201,1978,542,299,841,566,453,1019,1860,0,0,0,1,0,1,0,0,0,10,5,15,0,0,0,0,0,0,0,0,0,0,0,0,1,0,1,30,30,60,0,0,0,0,0,0,0,0,0,0,0,0,0,0,0,0,0,0,0,0,0,0,0,0,0,0,0,0,0,0,0,0,0,0,0,0,11,7,18,1,22,23,0,0,0,0,0,0,0,0,0,0,0,0,0,0,0,0,0,0,0,0,0,0,0,0,0,0,0,0,0,0,0,0,0,0,0,0,0,0,0,0,0,0,0,0,0
20201202,3214,403,477,880,900,930,1830,2710,35,23,58,15,0,15,11,13,24,38,64,102,0,0,0,0,0,0,0,0,0,0,0,0,0,0,0,142,160,302,0,0,0,0,0,0,0,0,0,0,0,0,0,0,0,0,0,0,1,0,1,0,0,0,0,0,0,0,0,0,0,0,0,0,0,0,0,0,0,0,2,2,0,0,0,0,0,0,0,0,0,0,0,0,0,0,0,0,0,0,0,0,0,0,0,0,0,0,0,0,0,0,0,0,0,0,0,0,0,0,0,0,0,0,0,0,0
20201203,2315,495,448,943,471,410,881,1824,79,89,168,0,1,1,15,14,29,38,58,96,0,0,0,0,0,0,0,0,0,0,0,0,36,38,74,30,15,45,0,0,0,0,0,0,0,0,0,0,0,0,0,0,0,0,0,0,32,20,52,0,0,0,0,0,0,0,0,0,0,0,0,0,0,0,1,4,5,0,21,21,0,0,0,0,0,0,0,0,0,0,0,0,0,0,0,0,0,0,0,0,0,0,0,0,0,0,0,0,0,0,0,0,0,0,0,0,0,0,0,0,0,0,0,0,0
20201204,4150,653,944,1597,1537,655,2192,3789,75,53,128,1,23,24,5,4,9,14,22,36,0,0,0,0,0,0,0,0,0,0,0,0,0,0,0,73,83,156,0,0,0,0,0,0,0,0,0,0,0,0,0,0,0,0,0,0,0,0,0,0,0,0,0,0,0,0,0,0,0,0,0,0,0,0,2,5,7,1,0,1,0,0,0,0,0,0,0,0,0,0,0,0,0,0,0,0,0,0,0,0,0,0,0,0,0,0,0,0,0,0,0,0,0,0,0,0,0,0,0,0,0,0,0,0,0
20201205,1751,196,275,471,579,400,979,1450,56,67,123,1,0,1,6,8,14,10,7,17,0,0,0,0,0,0,0,0,0,0,0,0,0,0,0,57,81,138,0,0,0,0,0,0,0,0,0,0,0,0,0,0,0,0,0,0,0,0,0,0,0,0,0,0,0,0,0,0,0,0,0,0,0,0,4,2,6,0,2,2,0,0,0,0,0,0,0,0,0,0,0,0,0,0,0,0,0,0,0,0,0,0,0,0,0,0,0,0,0,0,0,0,0,0,0,0,0,0,0,0,0,0,0,0,0
20201206,3903,657,446,1103,1896,738,2634,3737,21,33,54,15,1,16,1,0,1,0,34,34,0,0,0,0,0,0,0,0,0,0,0,0,0,0,0,10,11,21,0,0,0,0,0,0,0,0,0,0,0,0,0,0,0,0,0,0,19,10,29,0,0,0,0,0,0,0,0,0,0,0,0,0,0,0,1,0,1,0,10,10,0,0,0,0,0,0,0,0,0,0,0,0,0,0,0,0,0,0,0,0,0,0,0,0,0,0,0,0,0,0,0,0,0,0,0,0,0,0,0,0,0,0,0,0,0
20201207,1966,181,165,346,701,430,1131,1477,58,39,97,0,1,1,0,0,0,44,40,84,0,0,0,0,0,0,0,0,0,0,0,0,0,1,1,134,170,304,0,0,0,0,0,0,0,0,0,0,0,0,0,0,0,0,0,0,0,0,0,0,0,0,0,0,0,0,0,0,0,0,0,0,0,0,1,1,2,0,0,0,0,0,0,0,0,0,0,0,0,0,0,0,0,0,0,0,0,0,0,0,0,0,0,0,0,0,0,0,0,0,0,0,0,0,0,0,0,0,0,0,0,0,0,0,0
20201208,2125,709,230,939,589,439,1028,1967,0,0,0,0,0,0,2,0,2,22,23,45,0,1,1,0,0,0,0,0,0,0,0,0,0,52,52,24,19,43,0,0,0,0,0,0,0,0,0,0,0,0,1,0,1,0,0,0,0,0,0,0,0,0,0,0,0,0,0,0,0,0,0,0,0,0,4,5,9,0,5,5,0,0,0,0,0,0,0,0,0,0,0,0,0,0,0,0,0,0,0,0,0,0,0,0,0,0,0,0,0,0,0,0,0,0,0,0,0,0,0,0,0,0,0,0,0
20201209,3215,327,380,707,1129,878,2007,2714,37,35,72,0,0,0,5,12,17,27,21,48,0,0,0,0,0,0,0,0,0,0,0,0,0,0,0,182,162,344,0,0,0,0,0,0,0,0,0,0,0,0,0,4,4,0,0,0,0,0,0,0,0,0,0,0,0,0,0,0,0,0,0,0,0,0,5,10,15,0,1,1,0,0,0,0,0,0,0,0,0,0,0,0,0,0,0,0,0,0,0,0,0,0,0,0,0,0,0,0,0,0,0,0,0,0,0,0,0,0,0,0,0,0,0,0,0
20201210,2952,794,624,1418,539,463,1002,2420,105,89,194,11,0,11,33,32,65,9,76,85,0,0,0,0,0,0,0,0,0,0,0,0,0,0,0,61,39,100,0,0,0,0,0,0,0,0,0,0,0,0,2,0,2,0,0,0,38,22,60,0,0,0,0,0,0,0,0,0,0,0,0,0,0,0,5,3,8,7,0,7,0,0,0,0,0,0,0,0,0,0,0,0,0,0,0,0,0,0,0,0,0,0,0,0,0,0,0,0,0,0,0,0,0,0,0,0,0,0,0,0,0,0,0,0,0
20201211,4065,632,696,1328,1576,641,2217,3545,127,19,146,0,36,36,6,3,9,32,54,86,0,0,0,0,0,0,0,0,0,0,0,0,0,0,0,120,100,220,0,0,0,0,0,0,13,0,13,0,0,0,0,0,0,0,0,0,0,0,0,0,0,0,0,0,0,0,0,0,0,0,0,0,0,0,0,0,0,0,10,10,0,0,0,0,0,0,0,0,0,0,0,0,0,0,0,0,0,0,0,0,0,0,0,0,0,0,0,0,0,0,0,0,0,0,0,0,0,0,0,0,0,0,0,0,0
20201212,2302,194,397,591,707,410,1117,1708,97,146,243,1,0,1,2,2,4,5,102,107,0,0,0,0,0,0,0,0,0,0,0,0,64,18,82,93,64,157,0,0,0,0,0,0,0,0,0,0,0,0,0,0,0,0,0,0,0,0,0,0,0,0,0,0,0,0,0,0,0,0,0,0,0,0,0,0,0,0,0,0,0,0,0,0,0,0,0,0,0,0,0,0,0,0,0,0,0,0,0,0,0,0,0,0,0,0,0,0,0,0,0,0,0,0,0,0,0,0,0,0,0,0,0,0,0
20201213,3792,853,498,1351,1556,663,2219,3570,64,35,99,15,4,19,2,5,7,3,20,23,0,0,0,0,0,0,0,0,0,0,0,0,0,0,0,16,15,31,0,0,0,0,0,0,0,0,0,0,0,0,0,0,0,0,0,0,24,19,43,0,0,0,0,0,0,0,0,0,0,0,0,0,0,0,0,0,0,0,0,0,0,0,0,0,0,0,0,0,0,0,0,0,0,0,0,0,0,0,0,0,0,0,0,0,0,0,0,0,0,0,0,0,0,0,0,0,0,0,0,0,0,0,0,0,0
20201214,2399,301,523,824,670,397,1067,1891,72,38,110,1,0,1,5,9,14,10,38,48,0,0,0,0,0,0,0,0,0,0,0,0,1,0,1,148,184,332,0,0,0,0,0,0,0,0,0,0,0,0,0,0,0,0,0,0,0,0,0,0,0,0,0,0,0,0,0,0,0,0,0,0,0,0,0,2,2,0,0,0,0,0,0,0,0,0,0,0,0,0,0,0,0,0,0,0,0,0,0,0,0,0,0,0,0,0,0,0,0,0,0,0,0,0,0,0,0,0,0,0,0,0,0,0,0
20201215,2181,552,320,872,642,443,1085,1957,0,0,0,5,53,58,3,3,6,35,33,68,0,0,0,0,0,0,0,0,0,0,0,0,0,0,0,48,15,63,0,0,0,0,0,0,0,0,0,0,0,0,0,1,1,0,0,0,0,0,0,0,0,0,0,0,0,0,0,0,0,0,0,0,0,0,0,1,1,0,27,27,0,0,0,0,0,0,0,0,0,0,0,0,0,0,0,0,0,0,0,0,0,0,0,0,0,0,0,0,0,0,0,0,0,0,0,0,0,0,0,0,0,0,0,0,0
20201216,3366,468,378,846,1036,959,1995,2841,43,34,77,1,1,2,26,27,53,16,29,45,0,0,0,0,0,0,0,0,0,0,0,0,2,6,8,198,139,337,0,0,0,0,0,0,0,0,0,0,0,0,0,0,0,0,0,0,0,0,0,0,0,0,0,0,0,0,0,0,0,0,0,0,0,0,1,0,1,0,2,2,0,0,0,0,0,0,0,0,0,0,0,0,0,0,0,0,0,0,0,0,0,0,0,0,0,0,0,0,0,0,0,0,0,0,0,0,0,0,0,0,0,0,0,0,0
20201217,2697,567,693,1260,360,570,930,2190,107,88,195,4,0,4,26,2,28,48,15,63,0,0,0,0,0,0,0,0,0,0,0,0,48,43,91,47,20,67,0,0,0,0,0,0,0,0,0,0,0,0,0,0,0,0,0,0,30,15,45,0,0,0,0,0,0,0,0,0,0,0,0,0,0,0,1,2,3,1,10,11,0,0,0,0,0,0,0,0,0,0,0,0,0,0,0,0,0,0,0,0,0,0,0,0,0,0,0,0,0,0,0,0,0,0,0,0,0,0,0,0,0,0,0,0,0
20201218,3441,415,867,1282,997,693,1690,2972,39,10,49,13,0,13,46,53,99,75,24,99,0,0,0,0,0,0,0,0,0,0,0,0,5,5,10,91,108,199,0,0,0,0,0,0,0,0,0,0,0,0,0,0,0,0,0,0,0,0,0,0,0,0,0,0,0,0,0,0,0,0,0,0,0,0,0,0,0,0,0,0,0,0,0,0,0,0,0,0,0,0,0,0,0,0,0,0,0,0,0,0,0,0,0,0,0,0,0,0,0,0,0,0,0,0,0,0,0,0,0,0,0,0,0,0,0
20201219,1680,149,393,542,475,369,844,1386,65,43,108,0,0,0,1,1,2,6,22,28,0,0,0,0,0,0,0,0,0,0,0,0,0,5,5,55,81,136,0,0,0,0,0,0,0,0,0,0,0,0,2,0,2,0,0,0,0,0,0,0,0,0,0,0,0,0,0,0,0,0,0,0,0,0,7,6,13,0,0,0,0,0,0,0,0,0,0,0,0,0,0,0,0,0,0,0,0,0,0,0,0,0,0,0,0,0,0,0,0,0,0,0,0,0,0,0,0,0,0,0,0,0,0,0,0
20201220,4092,789,626,1415,1584,834,2418,3833,74,33,107,0,1,1,1,1,2,2,62,64,0,0,0,0,0,0,0,0,0,0,0,0,0,0,0,20,29,49,0,0,0,0,0,0,0,0,0,0,0,0,0,1,1,0,0,0,14,21,35,0,0,0,0,0,0,0,0,0,0,0,0,0,0,0,0,0,0,0,0,0,0,0,0,0,0,0,0,0,0,0,0,0,0,0,0,0,0,0,0,0,0,0,0,0,0,0,0,0,0,0,0,0,0,0,0,0,0,0,0,0,0,0,0,0,0
20201221,1737,136,184,320,570,405,975,1295,48,19,67,9,9,18,3,2,5,52,22,74,0,0,0,0,0,0,0,0,0,0,0,0,0,0,0,101,174,275,0,0,0,0,0,0,0,0,0,0,0,0,0,0,0,0,0,0,0,0,0,0,0,0,0,0,0,0,0,0,0,0,0,0,0,0,1,2,3,0,0,0,0,0,0,0,0,0,0,0,0,0,0,0,0,0,0,0,0,0,0,0,0,0,0,0,0,0,0,0,0,0,0,0,0,0,0,0,0,0,0,0,0,0,0,0,0
20201222,1733,556,305,861,422,300,722,1583,0,0,0,1,1,2,2,0,2,44,40,84,0,0,0,1,0,1,0,0,0,0,0,0,1,3,4,17,26,43,0,0,0,0,0,0,0,0,0,0,0,0,0,0,0,0,0,0,0,0,0,0,0,0,0,0,0,0,0,0,0,0,0,0,0,0,1,2,3,0,11,11,0,0,0,0,0,0,0,0,0,0,0,0,0,0,0,0,0,0,0,0,0,0,0,0,0,0,0,0,0,0,0,0,0,0,0,0,0,0,0,0,0,0,0,0,0
20201223,3372,411,639,1050,922,1045,1967,3017,26,24,50,0,0,0,3,6,9,33,14,47,0,0,0,0,0,0,0,0,0,0,0,0,0,0,0,130,107,237,0,0,0,0,0,0,0,0,0,0,0,0,0,0,0,0,0,0,0,0,0,0,0,0,0,0,0,0,0,0,0,0,0,0,0,0,3,0,3,0,9,9,0,0,0,0,0,0,0,0,0,0,0,0,0,0,0,0,0,0,0,0,0,0,0,0,0,0,0,0,0,0,0,0,0,0,0,0,0,0,0,0,0,0,0,0,0
20201224,2191,736,486,1222,358,297,655,1877,93,69,162,0,0,0,0,0,0,26,34,60,0,0,0,0,0,0,0,0,0,0,0,0,0,5,5,47,6,53,0,0,0,0,0,0,0,0,0,0,0,0,0,0,0,0,0,0,18,15,33,0,0,0,0,0,0,0,0,0,0,0,0,0,0,0,0,1,1,0,0,0,0,0,0,0,0,0,0,0,0,0,0,0,0,0,0,0,0,0,0,0,0,0,0,0,0,0,0,0,0,0,0,0,0,0,0,0,0,0,0,0,0,0,0,0,0
20201225,2882,357,505,862,1099,483,1582,2444,77,23,100,0,0,0,0,3,3,40,82,122,0,0,0,1,0,1,0,0,0,0,0,0,4,3,7,86,100,186,0,0,0,0,0,0,0,0,0,0,0,0,1,0,1,0,0,0,0,0,0,0,0,0,0,0,0,0,0,0,0,0,0,0,0,0,1,3,4,0,14,14,0,0,0,0,0,0,0,0,0,0,0,0,0,0,0,0,0,0,0,0,0,0,0,0,0,0,0,0,0,0,0,0,0,0,0,0,0,0,0,0,0,0,0,0,0
20201226,1386,131,195,326,447,232,679,1005,69,83,152,0,0,0,1,0,1,17,52,69,0,0,0,0,0,0,0,0,0,0,0,0,0,2,2,85,71,156,0,0,0,0,0,0,0,0,0,0,0,0,0,0,0,0,0,0,0,0,0,0,0,0,0,0,0,0,0,0,0,0,0,0,0,0,0,1,1,0,0,0,0,0,0,0,0,0,0,0,0,0,0,0,0,0,0,0,0,0,0,0,0,0,0,0,0,0,0,0,0,0,0,0,0,0,0,0,0,0,0,0,0,0,0,0,0
20201227,3116,688,385,1073,1263,604,1867,2940,29,29,58,2,1,3,0,0,0,2,22,24,0,0,0,0,0,0,0,0,0,0,0,0,0,0,0,24,26,50,0,0,0,0,0,0,0,0,0,0,0,0,0,0,0,0,0,0,13,16,29,0,0,0,0,0,0,0,0,0,0,0,0,0,0,0,2,1,3,0,9,9,0,0,0,0,0,0,0,0,0,0,0,0,0,0,0,0,0,0,0,0,0,0,0,0,0,0,0,0,0,0,0,0,0,0,0,0,0,0,0,0,0,0,0,0,0
20201228,1844,104,451,555,525,342,867,1422,63,19,82,0,0,0,1,6,7,17,46,63,0,0,0,0,0,0,0,0,0,0,0,0,0,0,0,118,142,260,0,0,0,0,0,0,0,0,0,0,0,0,1,3,4,0,0,0,0,0,0,0,0,0,0,0,0,0,0,0,0,0,0,0,0,0,0,1,1,0,5,5,0,0,0,0,0,0,0,0,0,0,0,0,0,0,0,0,0,0,0,0,0,0,0,0,0,0,0,0,0,0,0,0,0,0,0,0,0,0,0,0,0,0,0,0,0
20201229,1938,602,216,818,638,350,988,1806,0,0,0,0,0,0,22,23,45,21,21,42,0,0,0,1,0,1,0,0,0,0,0,0,0,7,7,21,5,26,0,0,0,0,0,0,0,0,0,0,0,0,0,0,0,0,0,0,0,0,0,0,0,0,0,0,0,0,0,0,0,0,0,0,0,0,1,1,2,0,9,9,0,0,0,0,0,0,0,0,0,0,0,0,0,0,0,0,0,0,0,0,0,0,0,0,0,0,0,0,0,0,0,0,0,0,0,0,0,0,0,0,0,0,0,0,0
20201230,3839,489,597,1086,1116,1015,2131,3217,45,28,73,1,0,1,3,3,6,44,182,226,0,0,0,0,0,0,0,0,0,0,0,0,3,0,3,202,108,310,0,0,0,0,0,0,0,0,0,0,0,0,0,0,0,0,0,0,0,0,0,0,0,0,0,0,0,0,0,0,0,0,0,0,0,0,1,2,3,0,0,0,0,0,0,0,0,0,0,0,0,0,0,0,0,0,0,0,0,0,0,0,0,0,0,0,0,0,0,0,0,0,0,0,0,0,0,0,0,0,0,0,0,0,0,0,0
20201231,2487,691,517,1208,523,319,842,2050,135,80,215,0,28,28,3,0,3,5,53,58,0,0,0,0,0,0,0,0,0,0,0,0,0,0,0,66,7,73,0,0,0,0,0,0,0,0,0,0,0,0,0,4,4,0,0,0,37,17,54,0,0,0,0,0,0,0,0,0,0,0,0,0,0,0,1,1,2,0,0,0,0,0,0,0,0,0,0,0,0,0,0,0,0,0,0,0,0,0,0,0,0,0,0,0,0,0,0,0,0,0,0,0,0,0,0,0,0,0,0,0,0,0,0,0,0
