20210101,2865,344,338,682,1152,688,1840,2522,107,13,120,0,0,0,0,1,1,40,12,52,0,0,0,0,0,0,0,0,0,0,0,0,6,6,12,94,55,149,0,0,0,0,0,0,0,0,0,0,0,0,0,0,0,0,0,0,0,0,0,0,0,0,0,0,0,0,0,0,0,0,0,0,0,0,2,6,8,0,1,1,0,0,0,0,0,0,0,0,0,0,0,0,0,0,0,0,0,0,0,0,0,0,0,0,0,0,0,0,0,0,0,0,0,0,0,0,0,0,0,0,0,0,0,0,0
20210102,1128,51,62,113,402,299,701,814,38,37,75,1,1,2,1,1,2,11,115,126,0,0,0,0,0,0,0,0,0,0,0,0,0,0,0,74,35,109,0,0,0,0,0,0,0,0,0,0,0,0,0,0,0,0,0,0,0,0,0,0,0,0,0,0,0,0,0,0,0,0,0,0,0,0,0,0,0,0,0,0,0,0,0,0,0,0,0,0,0,0,0,0,0,0,0,0,0,0,0,0,0,0,0,0,0,0,0,0,0,0,0,0,0,0,0,0,0,0,0,0,0,0,0,0,0
20210103,3407,511,412,923,1249,1018,2267,3190,37,22,59,22,0,22,1,0,1,10,53,63,0,0,0,0,0,0,0,0,0,0,0,0,5,0,5,10,14,24,0,0,0,0,0,0,0,0,0,0,0,0,0,0,0,0,0,0,13,7,20,0,0,0,0,0,0,0,0,0,0,0,0,0,0,0,2,1,3,0,20,20,0,0,0,0,0,0,0,0,0,0,0,0,0,0,0,0,0,0,0,0,0,0,0,0,0,0,0,0,0,0,0,0,0,0,0,0,0,0,0,0,0,0,0,0,0
20210104,1741,162,92,254,573,417,990,1244,71,36,107,1,35,36,2,4,6,2,22,24,0,0,0,0,6,6,0,0,0,0,0,0,0,0,0,153,136,289,0,0,0,0,0,0,0,0,0,0,0,0,1,2,3,0,0,0,0,0,0,0,0,0,0,0,0,0,0,0,0,0,0,0,0,0,1,1,2,0,24,24,0,0,0,0,0,0,0,0,0,0,0,0,0,0,0,0,0,0,0,0,0,0,0,0,0,0,0,0,0,0,0,0,0,0,0,0,0,0,0,0,0,0,0,0,0
20210105,2400,700,237,937,789,466,1255,2192,0,0,0,1,0,1,0,0,0,34,87,121,0,0,0,0,0,0,0,0,0,0,0,0,0,4,4,49,22,71,0,0,0,0,0,0,0,0,0,0,0,0,0,0,0,0,0,0,0,0,0,0,0,0,0,0,0,0,0,0,0,0,0,0,0,0,0,1,1,1,9,10,0,0,0,0,0,0,0,0,0,0,0,0,0,0,0,0,0,0,0,0,0,0,0,0,0,0,0,0,0,0,0,0,0,0,0,0,0,0,0,0,0,0,0,0,0
20210106,4099,492,404,896,1405,1249,2654,3550,30,44,74,0,0,0,2,2,4,52,12,64,0,0,0,0,4,4,0,0,0,0,0,0,16,0,16,256,131,387,0,0,0,0,0,0,0,0,0,0,0,0,0,0,0,0,0,0,0,0,0,0,0,0,0,0,0,0,0,0,0,0,0,0,0,0,0,0,0,0,0,0,0,0,0,0,0,0,0,0,0,0,0,0,0,0,0,0,0,0,0,0,0,0,0,0,0,0,0,0,0,0,0,0,0,0,0,0,0,0,0,0,0,0,0,0,0
20210107,3930,1073,947,2020,755,366,1121,3141,187,120,307,0,12,12,0,1,1,4,271,275,0,0,0,0,0,0,0,0,0,0,0,0,6,0,6,94,14,108,0,0,0,0,0,0,0,0,0,0,0,0,0,0,0,0,0,0,62,11,73,0,0,0,0,0,0,0,0,0,0,0,0,0,0,0,3,4,7,0,0,0,0,0,0,0,0,0,0,0,0,0,0,0,0,0,0,0,0,0,0,0,0,0,0,0,0,0,0,0,0,0,0,0,0,0,0,0,0,0,0,0,0,0,0,0,0
20210108,5357,609,801,1410,2355,893,3248,4658,155,60,215,1,0,1,1,2,3,12,100,112,0,0,0,0,0,0,0,0,0,0,0,0,0,2,2,273,77,350,0,0,0,0,0,0,0,0,0,0,0,0,0,1,1,0,0,0,0,0,0,0,0,0,0,0,0,0,0,0,0,0,0,0,0,0,4,2,6,0,9,9,0,0,0,0,0,0,0,0,0,0,0,0,0,0,0,0,0,0,0,0,0,0,0,0,0,0,0,0,0,0,0,0,0,0,0,0,0,0,0,0,0,0,0,0,0
20210109,2336,430,231,661,872,369,1241,1902,136,41,177,0,0,0,1,0,1,3,74,77,0,0,0,0,0,0,0,0,0,0,0,0,4,0,4,140,33,173,0,0,0,0,0,0,0,0,0,0,0,0,0,0,0,0,0,0,0,0,0,0,0,0,0,0,0,0,0,0,0,0,0,0,0,0,2,0,2,0,0,0,0,0,0,0,0,0,0,0,0,0,0,0,0,0,0,0,0,0,0,0,0,0,0,0,0,0,0,0,0,0,0,0,0,0,0,0,0,0,0,0,0,0,0,0,0
20210110,5107,971,429,1400,1971,791,2762,4162,203,35,238,24,0,24,1,8,9,5,503,508,0,0,0,0,0,0,0,0,0,0,0,0,0,0,0,95,40,135,0,0,0,0,0,0,0,0,0,0,0,0,0,0,0,0,0,0,21,8,29,0,0,0,0,0,0,0,0,0,0,0,0,0,0,0,1,1,2,0,0,0,0,0,0,0,0,0,0,0,0,0,0,0,0,0,0,0,0,0,0,0,0,0,0,0,0,0,0,0,0,0,0,0,0,0,0,0,0,0,0,0,0,0,0,0,0
20210111,2810,369,80,449,1093,655,1748,2197,112,38,150,0,0,0,0,2,2,17,14,31,0,0,0,0,0,0,0,0,0,0,0,0,0,1,1,291,131,422,0,0,0,0,0,0,0,0,0,0,0,0,0,0,0,0,0,0,0,0,0,0,0,0,0,0,0,0,0,0,0,0,0,0,0,0,0,0,0,0,7,7,0,0,0,0,0,0,0,0,0,0,0,0,0,0,0,0,0,0,0,0,0,0,0,0,0,0,0,0,0,0,0,0,0,0,0,0,0,0,0,0,0,0,0,0,0
20210112,3606,969,275,1244,1433,317,1750,2994,150,0,150,3,4,7,2,0,2,19,295,314,0,0,0,8,0,8,0,0,0,0,0,0,10,14,24,91,15,106,0,0,0,0,0,0,0,0,0,0,0,0,0,0,0,0,0,0,0,0,0,0,0,0,0,0,0,0,0,0,0,0,0,0,0,0,1,0,1,0,0,0,0,0,0,0,0,0,0,0,0,0,0,0,0,0,0,0,0,0,0,0,0,0,0,0,0,0,0,0,0,0,0,0,0,0,0,0,0,0,0,0,0,0,0,0,0
20210113,7196,1280,551,1831,2863,1242,4105,5936,168,22,190,0,0,0,0,1,1,38,1,39,0,0,0,0,17,17,0,0,0,0,0,0,0,4,4,880,127,1007,0,0,0,0,0,0,0,0,0,0,0,0,0,0,0,0,0,0,0,0,0,0,0,0,0,0,0,0,0,0,0,0,0,0,0,0,1,0,1,1,0,1,0,0,0,0,0,0,0,0,0,0,0,0,0,0,0,0,0,0,0,0,0,0,0,0,0,0,0,0,0,0,0,0,0,0,0,0,0,0,0,0,0,0,0,0,0
20210114,7020,2057,504,2561,2567,368,2935,5496,671,130,801,0,8,8,17,16,33,26,139,165,0,0,0,0,0,0,0,0,0,0,0,0,0,0,0,310,24,334,0,0,0,0,0,0,0,0,0,0,0,0,0,0,0,0,0,0,147,15,162,0,0,0,0,0,0,0,0,0,0,0,0,0,0,0,2,2,4,0,17,17,0,0,0,0,0,0,0,0,0,0,0,0,0,0,0,0,0,0,0,0,0,0,0,0,0,0,0,0,0,0,0,0,0,0,0,0,0,0,0,0,0,0,0,0,0
20210115,4734,629,474,1103,1989,828,2817,3920,102,30,132,0,0,0,0,0,0,45,238,283,0,0,0,0,0,0,0,0,0,0,0,0,0,1,1,304,76,380,0,0,0,0,0,0,0,0,0,0,0,0,3,7,10,0,0,0,0,0,0,0,0,0,0,0,0,0,0,0,0,0,0,0,0,0,4,4,8,0,0,0,0,0,0,0,0,0,0,0,0,0,0,0,0,0,0,0,0,0,0,0,0,0,0,0,0,0,0,0,0,0,0,0,0,0,0,0,0,0,0,0,0,0,0,0,0
20210116,2546,293,219,512,807,404,1211,1723,211,127,338,0,2,2,2,4,6,0,255,255,0,0,0,0,0,0,0,0,0,0,0,0,0,0,0,177,44,221,0,0,0,0,0,0,0,0,0,0,0,0,0,0,0,0,0,0,0,0,0,0,0,0,0,0,0,0,0,0,0,0,0,0,0,0,0,1,1,0,0,0,0,0,0,0,0,0,0,0,0,0,0,0,0,0,0,0,0,0,0,0,0,0,0,0,0,0,0,0,0,0,0,0,0,0,0,0,0,0,0,0,0,0,0,0,0
20210117,4223,848,561,1409,1735,746,2481,3890,141,36,177,1,0,1,11,15,26,3,3,6,0,0,0,0,0,0,0,0,0,0,0,0,0,0,0,70,23,93,0,0,0,0,0,0,0,0,0,0,0,0,0,0,0,0,0,0,16,13,29,0,0,0,0,0,0,0,0,0,0,0,0,0,0,0,1,0,1,0,0,0,0,0,0,0,0,0,0,0,0,0,0,0,0,0,0,0,0,0,0,0,0,0,0,0,0,0,0,0,0,0,0,0,0,0,0,0,0,0,0,0,0,0,0,0,0
20210118,2616,316,97,413,981,546,1527,1940,98,23,121,0,0,0,1,2,3,26,149,175,0,0,0,0,0,0,0,0,0,0,0,0,1,0,1,271,94,365,0,0,0,0,0,0,0,0,0,0,0,0,1,1,2,0,0,0,0,0,0,0,0,0,0,0,0,0,0,0,0,0,0,0,0,0,0,0,0,0,9,9,0,0,0,0,0,0,0,0,0,0,0,0,0,0,0,0,0,0,0,0,0,0,0,0,0,0,0,0,0,0,0,0,0,0,0,0,0,0,0,0,0,0,0,0,0
20210119,2803,658,181,839,1074,391,1465,2304,216,0,216,0,0,0,7,9,16,20,89,109,0,0,0,0,9,9,0,0,0,0,0,0,0,0,0,109,10,119,0,0,0,0,0,0,0,0,0,0,0,0,0,0,0,0,0,0,0,0,0,0,0,0,0,0,0,0,0,0,0,0,0,0,0,0,0,1,1,0,29,29,0,0,0,0,0,0,0,0,0,0,0,0,0,0,0,0,0,0,0,0,0,0,0,0,0,0,0,0,0,0,0,0,0,0,0,0,0,0,0,0,0,0,0,0,0
20210120,5487,764,611,1375,2069,1120,3189,4564,114,19,133,4,21,25,27,30,57,47,112,159,0,0,0,0,0,0,0,0,0,0,0,0,0,1,1,437,111,548,0,0,0,0,0,0,0,0,0,0,0,0,0,0,0,0,0,0,0,0,0,0,0,0,0,0,0,0,0,0,0,0,0,0,0,0,0,0,0,0,0,0,0,0,0,0,0,0,0,0,0,0,0,0,0,0,0,0,0,0,0,0,0,0,0,0,0,0,0,0,0,0,0,0,0,0,0,0,0,0,0,0,0,0,0,0,0
20210121,4301,1162,565,1727,1128,308,1436,3163,517,74,591,1,0,1,22,24,46,55,136,191,0,0,0,0,0,0,0,0,0,0,0,0,0,0,0,217,13,230,0,0,0,0,0,0,0,0,0,0,0,0,0,0,0,0,0,0,54,21,75,0,0,0,0,0,0,0,0,0,0,0,0,0,0,0,0,0,0,0,4,4,0,0,0,0,0,0,0,0,0,0,0,0,0,0,0,0,0,0,0,0,0,0,0,0,0,0,0,0,0,0,0,0,0,0,0,0,0,0,0,0,0,0,0,0,0
20210122,6167,942,425,1367,3030,797,3827,5194,189,10,199,5,0,5,0,1,1,28,239,267,0,0,0,1,0,1,0,0,0,0,0,0,2,0,2,423,59,482,0,0,0,0,0,0,0,0,0,0,0,0,0,0,0,0,0,0,0,0,0,0,0,0,0,0,0,0,0,0,0,0,0,0,0,0,1,0,1,0,15,15,0,0,0,0,0,0,0,0,0,0,0,0,0,0,0,0,0,0,0,0,0,0,0,0,0,0,0,0,0,0,0,0,0,0,0,0,0,0,0,0,0,0,0,0,0
20210123,4658,688,508,1196,2034,318,2352,3548,466,143,609,1,0,1,14,14,28,23,1,24,0,0,0,0,0,0,0,0,0,0,0,0,4,0,4,365,37,402,0,0,0,0,0,0,0,0,0,0,0,0,0,0,0,0,0,0,33,0,33,0,0,0,0,0,0,0,0,0,0,0,0,0,0,0,5,0,5,0,4,4,0,0,0,0,0,0,0,0,0,0,0,0,0,0,0,0,0,0,0,0,0,0,0,0,0,0,0,0,0,0,0,0,0,0,0,0,0,0,0,0,0,0,0,0,0
20210124,5728,1302,598,1900,2383,746,3129,5029,264,23,287,11,0,11,2,0,2,17,77,94,0,0,0,1,0,1,0,0,0,0,0,0,0,0,0,216,41,257,0,0,0,0,0,0,0,0,0,0,0,0,0,0,0,0,0,0,30,16,46,0,0,0,0,0,0,0,0,0,0,0,0,0,0,0,0,1,1,0,0,0,0,0,0,0,0,0,0,0,0,0,0,0,0,0,0,0,0,0,0,0,0,0,0,0,0,0,0,0,0,0,0,0,0,0,0,0,0,0,0,0,0,0,0,0,0
20210125,3322,578,100,678,1305,432,1737,2415,315,45,360,3,1,4,1,0,1,15,7,22,2,3,5,0,0,0,0,0,0,0,0,0,0,4,4,421,87,508,0,0,0,0,0,0,0,0,0,0,0,0,0,0,0,0,0,0,0,0,0,0,0,0,0,0,0,0,0,0,0,0,0,0,0,0,1,2,3,0,0,0,0,0,0,0,0,0,0,0,0,0,0,0,0,0,0,0,0,0,0,0,0,0,0,0,0,0,0,0,0,0,0,0,0,0,0,0,0,0,0,0,0,0,0,0,0
20210126,4225,1074,381,1455,1969,224,2193,3648,208,32,240,4,0,4,1,2,3,30,100,130,0,0,0,0,0,0,0,0,0,0,0,0,17,30,47,147,0,147,0,0,0,0,0,0,0,0,0,0,0,0,0,0,0,0,0,0,0,0,0,0,0,0,0,0,0,0,0,0,0,0,0,0,0,0,2,0,2,0,4,4,0,0,0,0,0,0,0,0,0,0,0,0,0,0,0,0,0,0,0,0,0,0,0,0,0,0,0,0,0,0,0,0,0,0,0,0,0,0,0,0,0,0,0,0,0
20210127,3909,521,360,881,1866,668,2534,3415,86,23,109,0,0,0,1,2,3,24,37,61,0,0,0,0,0,0,0,0,0,0,0,0,0,0,0,249,56,305,0,0,0,0,0,0,0,0,0,0,0,0,0,0,0,0,0,0,0,0,0,0,0,0,0,0,0,0,0,0,0,0,0,0,0,0,0,0,0,0,16,16,0,0,0,0,0,0,0,0,0,0,0,0,0,0,0,0,0,0,0,0,0,0,0,0,0,0,0,0,0,0,0,0,0,0,0,0,0,0,0,0,0,0,0,0,0
20210128,1662,218,353,571,466,251,717,1288,145,53,198,0,0,0,21,15,36,30,25,55,0,0,0,0,0,0,0,0,0,0,0,0,0,0,0,43,0,43,0,0,0,0,0,0,0,0,0,0,0,0,0,0,0,0,0,0,23,11,34,0,0,0,0,0,0,0,0,0,0,0,0,0,0,0,0,1,1,0,7,7,0,0,0,0,0,0,0,0,0,0,0,0,0,0,0,0,0,0,0,0,0,0,0,0,0,0,0,0,0,0,0,0,0,0,0,0,0,0,0,0,0,0,0,0,0
20210129,1867,237,377,614,532,486,1018,1632,80,0,80,0,8,8,5,9,14,11,3,14,0,0,0,0,0,0,0,0,0,0,0,0,0,0,0,73,40,113,0,0,0,0,0,0,0,0,0,0,0,0,1,2,3,0,0,0,2,0,2,0,0,0,0,0,0,0,0,0,0,0,0,0,0,0,1,0,1,0,0,0,0,0,0,0,0,0,0,0,0,0,0,0,0,0,0,0,0,0,0,0,0,0,0,0,0,0,0,0,0,0,0,0,0,0,0,0,0,0,0,0,0,0,0,0,0
20210130,840,52,133,185,266,146,412,597,30,105,135,2,0,2,1,0,1,9,0,9,0,0,0,0,0,0,0,0,0,0,0,0,0,0,0,51,39,90,0,0,0,0,0,0,0,0,0,0,0,0,3,2,5,0,0,0,0,0,0,0,0,0,0,0,0,0,0,0,0,0,0,0,0,0,0,1,1,0,0,0,0,0,0,0,0,0,0,0,0,0,0,0,0,0,0,0,0,0,0,0,0,0,0,0,0,0,0,0,0,0,0,0,0,0,0,0,0,0,0,0,0,0,0,0,0
20210131,1942,459,343,802,651,404,1055,1857,0,3,3,0,0,0,0,0,0,9,10,19,0,0,0,0,0,0,0,0,0,0,0,0,0,0,0,17,25,42,0,0,0,0,0,0,0,0,0,0,0,0,0,0,0,0,0,0,6,15,21,0,0,0,0,0,0,0,0,0,0,0,0,0,0,0,0,0,0,0,0,0,0,0,0,0,0,0,0,0,0,0,0,0,0,0,0,0,0,0,0,0,0,0,0,0,0,0,0,0,0,0,0,0,0,0,0,0,0,0,0,0,0,0,0,0,0
20210201,752,57,44,101,230,156,386,487,37,15,52,0,0,0,3,3,6,3,7,10,0,0,0,0,0,0,0,0,0,0,0,0,0,0,0,130,56,186,0,0,0,0,0,0,0,0,0,0,0,0,0,0,0,0,0,0,0,0,0,0,0,0,0,0,0,0,0,0,0,0,0,0,0,0,0,2,2,0,9,9,0,0,0,0,0,0,0,0,0,0,0,0,0,0,0,0,0,0,0,0,0,0,0,0,0,0,0,0,0,0,0,0,0,0,0,0,0,0,0,0,0,0,0,0,0
20210202,1285,598,74,672,264,107,371,1043,0,0,0,9,48,57,39,35,74,23,22,45,0,0,0,0,0,0,0,0,0,0,0,0,32,34,66,0,0,0,0,0,0,0,0,0,0,0,0,0,0,0,0,0,0,0,0,0,0,0,0,0,0,0,0,0,0,0,0,0,0,0,0,0,0,0,0,0,0,0,0,0,0,0,0,0,0,0,0,0,0,0,0,0,0,0,0,0,0,0,0,0,0,0,0,0,0,0,0,0,0,0,0,0,0,0,0,0,0,0,0,0,0,0,0,0,0
20210203,2411,306,318,624,782,832,1614,2238,0,0,0,0,0,0,11,10,21,23,3,26,0,0,0,0,0,0,0,0,0,0,0,0,0,3,3,74,31,105,0,0,0,0,0,0,0,0,0,0,0,0,1,1,2,0,0,0,0,0,0,0,0,0,0,0,0,0,0,0,0,0,0,0,0,0,2,2,4,3,9,12,0,0,0,0,0,0,0,0,0,0,0,0,0,0,0,0,0,0,0,0,0,0,0,0,0,0,0,0,0,0,0,0,0,0,0,0,0,0,0,0,0,0,0,0,0
20210204,1907,749,378,1127,297,251,548,1675,68,53,121,0,0,0,14,15,29,24,1,25,0,0,0,0,0,0,0,0,0,0,0,0,0,14,14,0,0,0,0,0,0,0,0,0,0,0,0,0,0,0,0,0,0,0,0,0,13,12,25,0,0,0,0,0,0,0,0,0,0,0,0,0,0,0,1,1,2,0,16,16,0,0,0,0,0,0,0,0,0,0,0,0,0,0,0,0,0,0,0,0,0,0,0,0,0,0,0,0,0,0,0,0,0,0,0,0,0,0,0,0,0,0,0,0,0
20210205,2600,159,793,952,646,637,1283,2235,46,52,98,0,1,1,7,6,13,7,46,53,0,0,0,0,0,0,0,0,0,0,0,0,0,0,0,84,85,169,0,0,0,0,0,0,0,0,0,0,0,0,0,0,0,0,0,0,0,0,0,0,0,0,0,0,0,0,0,0,0,0,0,0,0,0,2,3,5,0,26,26,0,0,0,0,0,0,0,0,0,0,0,0,0,0,0,0,0,0,0,0,0,0,0,0,0,0,0,0,0,0,0,0,0,0,0,0,0,0,0,0,0,0,0,0,0
20210206,906,130,167,297,220,185,405,702,22,13,35,1,1,2,0,0,0,3,2,5,0,0,0,0,0,0,0,0,0,0,0,0,0,0,0,77,77,154,0,0,0,0,0,0,0,0,0,0,0,0,0,0,0,0,0,0,0,0,0,0,0,0,0,0,0,0,0,0,0,0,0,0,0,0,0,0,0,0,8,8,0,0,0,0,0,0,0,0,0,0,0,0,0,0,0,0,0,0,0,0,0,0,0,0,0,0,0,0,0,0,0,0,0,0,0,0,0,0,0,0,0,0,0,0,0
20210207,2141,299,270,569,996,414,1410,1979,0,0,0,4,0,4,1,1,2,2,1,3,0,0,0,0,0,0,0,0,0,0,0,0,0,2,2,34,63,97,0,0,0,0,0,0,0,0,0,0,0,0,2,4,6,0,0,0,17,18,35,0,0,0,0,0,0,0,0,0,0,0,0,0,0,0,0,0,0,0,13,13,0,0,0,0,0,0,0,0,0,0,0,0,0,0,0,0,0,0,0,0,0,0,0,0,0,0,0,0,0,0,0,0,0,0,0,0,0,0,0,0,0,0,0,0,0
20210208,764,58,74,132,281,105,386,518,30,0,30,0,0,0,4,1,5,20,39,59,0,0,0,0,0,0,0,0,0,0,0,0,0,4,4,104,35,139,0,0,0,0,0,0,0,0,0,0,0,0,0,0,0,0,0,0,0,0,0,0,0,0,0,0,0,0,0,0,0,0,0,0,0,0,1,1,2,0,7,7,0,0,0,0,0,0,0,0,0,0,0,0,0,0,0,0,0,0,0,0,0,0,0,0,0,0,0,0,0,0,0,0,0,0,0,0,0,0,0,0,0,0,0,0,0
20210209,1079,401,151,552,228,196,424,976,0,0,0,0,2,2,1,1,2,13,57,70,1,0,1,0,0,0,0,0,0,0,0,0,4,8,12,13,0,13,0,0,0,0,0,0,0,0,0,0,0,0,0,0,0,0,0,0,0,0,0,0,0,0,0,0,0,0,0,0,0,0,0,0,0,0,2,1,3,0,0,0,0,0,0,0,0,0,0,0,0,0,0,0,0,0,0,0,0,0,0,0,0,0,0,0,0,0,0,0,0,0,0,0,0,0,0,0,0,0,0,0,0,0,0,0,0
20210210,1481,201,460,661,219,439,658,1319,2,0,2,0,0,0,2,0,2,12,4,16,0,0,0,0,0,0,0,0,0,0,0,0,4,4,8,64,63,127,0,0,0,0,0,0,0,0,0,0,0,0,0,0,0,0,0,0,0,0,0,0,0,0,0,0,0,0,0,0,0,0,0,0,0,0,2,5,7,0,0,0,0,0,0,0,0,0,0,0,0,0,0,0,0,0,0,0,0,0,0,0,0,0,0,0,0,0,0,0,0,0,0,0,0,0,0,0,0,0,0,0,0,0,0,0,0
20210211,812,144,227,371,136,150,286,657,0,0,0,0,0,0,45,47,92,2,1,3,0,0,0,0,0,0,0,0,0,0,0,0,0,0,0,37,0,37,0,0,0,0,0,0,0,0,0,0,0,0,0,0,0,0,0,0,7,14,21,0,0,0,0,0,0,0,0,0,0,0,0,0,0,0,1,1,2,0,0,0,0,0,0,0,0,0,0,0,0,0,0,0,0,0,0,0,0,0,0,0,0,0,0,0,0,0,0,0,0,0,0,0,0,0,0,0,0,0,0,0,0,0,0,0,0
20210212,864,93,105,198,245,297,542,740,0,0,0,0,0,0,9,11,20,10,11,21,0,0,0,0,0,0,0,0,0,0,0,0,0,0,0,52,31,83,0,0,0,0,0,0,0,0,0,0,0,0,0,0,0,0,0,0,0,0,0,0,0,0,0,0,0,0,0,0,0,0,0,0,0,0,0,0,0,0,0,0,0,0,0,0,0,0,0,0,0,0,0,0,0,0,0,0,0,0,0,0,0,0,0,0,0,0,0,0,0,0,0,0,0,0,0,0,0,0,0,0,0,0,0,0,0
20210213,433,50,95,145,66,69,135,280,0,0,0,0,0,0,0,0,0,6,1,7,0,0,0,0,0,0,0,0,0,0,0,0,0,0,0,39,91,130,0,0,0,0,0,0,0,0,0,0,0,0,0,0,0,0,0,0,0,0,0,0,0,0,0,0,0,0,0,0,0,0,0,0,0,0,0,0,0,0,16,16,0,0,0,0,0,0,0,0,0,0,0,0,0,0,0,0,0,0,0,0,0,0,0,0,0,0,0,0,0,0,0,0,0,0,0,0,0,0,0,0,0,0,0,0,0
20210214,1798,205,259,464,457,721,1178,1642,17,42,59,0,0,0,0,0,0,11,8,19,0,0,0,0,0,0,0,0,0,0,0,0,0,0,0,17,11,28,0,0,0,0,0,0,0,0,0,0,0,0,0,0,0,0,0,0,7,14,21,0,0,0,0,0,0,0,0,0,0,0,0,0,0,0,2,2,4,0,25,25,0,0,0,0,0,0,0,0,0,0,0,0,0,0,0,0,0,0,0,0,0,0,0,0,0,0,0,0,0,0,0,0,0,0,0,0,0,0,0,0,0,0,0,0,0
20210215,1059,113,241,354,84,401,485,839,31,61,92,0,0,0,0,0,0,25,9,34,0,0,0,0,0,0,0,0,0,0,0,0,0,0,0,28,59,87,0,0,0,0,0,0,0,0,0,0,0,0,0,0,0,0,0,0,2,1,3,0,0,0,0,0,0,0,0,0,0,0,0,0,0,0,2,2,4,0,0,0,0,0,0,0,0,0,0,0,0,0,0,0,0,0,0,0,0,0,0,0,0,0,0,0,0,0,0,0,0,0,0,0,0,0,0,0,0,0,0,0,0,0,0,0,0
20210216,1145,116,227,343,174,525,699,1042,0,43,43,0,0,0,0,3,3,1,0,1,0,0,0,1,0,1,0,0,0,0,0,0,1,0,1,0,42,42,0,0,0,0,0,0,0,0,0,0,0,0,0,0,0,0,0,0,0,0,0,0,0,0,0,0,0,0,0,0,0,0,0,0,0,0,1,0,1,0,11,11,0,0,0,0,0,0,0,0,0,0,0,0,0,0,0,0,0,0,0,0,0,0,0,0,0,0,0,0,0,0,0,0,0,0,0,0,0,0,0,0,0,0,0,0,0
20210217,4169,486,258,744,758,1994,2752,3496,6,73,79,0,1,1,6,5,11,12,28,40,0,0,0,0,0,0,0,0,0,0,0,0,4,4,8,72,462,534,0,0,0,0,0,0,0,0,0,0,0,0,0,0,0,0,0,0,0,0,0,0,0,0,0,0,0,0,0,0,0,0,0,0,0,0,0,0,0,0,0,0,0,0,0,0,0,0,0,0,0,0,0,0,0,0,0,0,0,0,0,0,0,0,0,0,0,0,0,0,0,0,0,0,0,0,0,0,0,0,0,0,0,0,0,0,0
20210218,3958,481,1016,1497,394,1207,1601,3098,54,500,554,6,0,6,6,2,8,12,41,53,0,0,0,0,5,5,0,0,0,0,0,0,0,0,0,0,207,207,0,0,0,0,0,0,0,0,0,0,0,0,0,0,0,0,0,0,13,13,26,0,0,0,0,0,0,0,0,0,0,0,0,0,0,0,0,1,1,0,0,0,0,0,0,0,0,0,0,0,0,0,0,0,0,0,0,0,0,0,0,0,0,0,0,0,0,0,0,0,0,0,0,0,0,0,0,0,0,0,0,0,0,0,0,0,0
20210219,5247,378,911,1289,1007,2390,3397,4686,45,128,173,0,0,0,0,1,1,13,17,30,0,0,0,0,0,0,0,0,0,0,0,0,2,3,5,58,252,310,0,0,0,0,0,0,0,0,0,0,0,0,0,2,2,0,0,0,0,0,0,0,0,0,0,0,0,0,0,0,0,0,0,0,0,0,2,0,2,2,36,38,0,0,0,0,0,0,0,0,0,0,0,0,0,0,0,0,0,0,0,0,0,0,0,0,0,0,0,0,0,0,0,0,0,0,0,0,0,0,0,0,0,0,0,0,0
20210220,3604,169,570,739,236,1876,2112,2851,39,190,229,0,0,0,8,10,18,10,26,36,0,0,0,0,0,0,0,0,0,0,0,0,0,0,0,97,336,433,0,0,0,0,0,0,0,0,0,0,0,0,0,0,0,0,0,0,0,0,0,0,0,0,0,0,0,0,0,0,0,0,0,0,0,0,0,0,0,0,37,37,0,0,0,0,0,0,0,0,0,0,0,0,0,0,0,0,0,0,0,0,0,0,0,0,0,0,0,0,0,0,0,0,0,0,0,0,0,0,0,0,0,0,0,0,0
20210221,5972,803,1207,2010,1069,1898,2967,4977,30,333,363,0,0,0,0,0,0,4,3,7,0,0,0,0,0,0,0,0,0,0,0,0,0,0,0,46,514,560,0,0,0,0,0,0,0,0,0,0,0,0,0,0,0,0,0,0,15,27,42,0,0,0,0,0,0,0,0,0,0,0,0,0,0,0,0,0,0,0,23,23,0,0,0,0,0,0,0,0,0,0,0,0,0,0,0,0,0,0,0,0,0,0,0,0,0,0,0,0,0,0,0,0,0,0,0,0,0,0,0,0,0,0,0,0,0
20210222,3874,125,565,690,296,2007,2303,2993,27,209,236,0,0,0,2,0,2,19,27,46,0,0,0,0,0,0,0,0,0,0,0,0,0,0,0,42,531,573,0,0,0,0,0,0,0,0,0,0,0,0,0,0,0,0,0,0,0,0,0,0,0,0,0,0,0,0,0,0,0,0,0,0,0,0,0,0,0,0,24,24,0,0,0,0,0,0,0,0,0,0,0,0,0,0,0,0,0,0,0,0,0,0,0,0,0,0,0,0,0,0,0,0,0,0,0,0,0,0,0,0,0,0,0,0,0
20210223,2187,258,414,672,216,966,1182,1854,0,102,102,3,0,3,0,0,0,19,15,34,0,0,0,0,0,0,0,0,0,0,0,0,0,0,0,25,123,148,0,0,0,0,0,0,0,0,0,0,0,0,0,0,0,0,0,0,0,0,0,0,0,0,0,0,0,0,0,0,0,0,0,0,0,0,1,3,4,0,42,42,0,0,0,0,0,0,0,0,0,0,0,0,0,0,0,0,0,0,0,0,0,0,0,0,0,0,0,0,0,0,0,0,0,0,0,0,0,0,0,0,0,0,0,0,0
20210224,4745,476,797,1273,492,2087,2579,3852,32,141,173,1,1,2,23,27,50,21,39,60,0,0,0,0,0,0,0,0,0,0,0,0,0,0,0,57,514,571,0,0,0,0,0,0,0,0,0,0,0,0,0,0,0,0,0,0,0,2,2,0,0,0,0,0,0,0,0,0,0,0,0,0,0,0,2,3,5,0,30,30,0,0,0,0,0,0,0,0,0,0,0,0,0,0,0,0,0,0,0,0,0,0,0,0,0,0,0,0,0,0,0,0,0,0,0,0,0,0,0,0,0,0,0,0,0
20210225,3394,597,884,1481,220,941,1161,2642,56,405,461,0,0,0,4,1,5,13,11,24,0,0,0,0,0,0,0,0,0,0,0,0,2,3,5,24,197,221,0,0,0,0,0,0,0,0,0,0,0,0,0,0,0,0,0,0,12,17,29,0,0,0,0,0,0,0,0,0,0,0,0,0,0,0,0,0,0,4,3,7,0,0,0,0,0,0,0,0,0,0,0,0,0,0,0,0,0,0,0,0,0,0,0,0,0,0,0,0,0,0,0,0,0,0,0,0,0,0,0,0,0,0,0,0,0
20210226,3868,236,922,1158,675,1554,2229,3387,31,121,152,0,0,0,31,26,57,14,11,25,0,0,0,0,0,0,0,0,0,0,0,0,3,3,6,76,142,218,0,0,0,0,0,0,0,0,0,0,0,0,0,0,0,0,0,0,1,0,1,0,0,0,0,0,0,0,0,0,0,0,0,0,0,0,1,2,3,0,19,19,0,0,0,0,0,0,0,0,0,0,0,0,0,0,0,0,0,0,0,0,0,0,0,0,0,0,0,0,0,0,0,0,0,0,0,0,0,0,0,0,0,0,0,0,0
20210227,2595,119,285,404,272,1332,1604,2008,55,180,235,1,1,2,11,14,25,7,21,28,0,0,0,0,17,17,0,0,0,0,0,0,1,0,1,73,206,279,0,0,0,0,0,0,0,0,0,0,0,0,0,0,0,0,0,0,0,0,0,0,0,0,0,0,0,0,0,0,0,0,0,0,0,0,0,0,0,0,0,0,0,0,0,0,0,0,0,0,0,0,0,0,0,0,0,0,0,0,0,0,0,0,0,0,0,0,0,0,0,0,0,0,0,0,0,0,0,0,0,0,0,0,0,0,0
20210228,4533,476,926,1402,853,1579,2432,3834,41,197,238,13,0,13,1,0,1,15,30,45,0,0,0,0,0,0,0,0,0,0,0,0,0,0,0,72,291,363,0,0,0,0,0,0,0,0,0,0,0,0,0,0,0,0,0,0,14,19,33,0,0,0,0,0,0,0,0,0,0,0,0,0,0,0,2,0,2,0,4,4,0,0,0,0,0,0,0,0,0,0,0,0,0,0,0,0,0,0,0,0,0,0,0,0,0,0,0,0,0,0,0,0,0,0,0,0,0,0,0,0,0,0,0,0,0
20210301,2965,166,390,556,292,1348,1640,2196,45,88,133,0,0,0,1,0,1,1,6,7,0,0,0,0,0,0,0,0,0,0,0,0,0,0,0,118,487,605,0,0,0,0,0,0,0,0,0,0,0,0,1,0,1,0,0,0,0,0,0,0,0,0,0,0,0,0,0,0,0,0,0,0,0,0,2,2,4,0,18,18,0,0,0,0,0,0,0,0,0,0,0,0,0,0,0,0,0,0,0,0,0,0,0,0,0,0,0,0,0,0,0,0,0,0,0,0,0,0,0,0,0,0,0,0,0
20210302,1994,374,347,721,465,708,1173,1894,0,0,0,0,0,0,4,0,4,14,3,17,0,0,0,0,0,0,0,0,0,0,0,0,0,0,0,0,75,75,0,0,0,0,0,0,0,0,0,0,0,0,0,0,0,0,0,0,0,0,0,0,0,0,0,0,0,0,0,0,0,0,0,0,0,0,1,1,2,0,2,2,0,0,0,0,0,0,0,0,0,0,0,0,0,0,0,0,0,0,0,0,0,0,0,0,0,0,0,0,0,0,0,0,0,0,0,0,0,0,0,0,0,0,0,0,0
20210303,3896,333,579,912,694,1521,2215,3127,28,71,99,0,2,2,0,2,2,13,7,20,0,0,0,0,0,0,0,0,0,0,0,0,17,22,39,64,498,562,0,0,0,0,0,0,4,0,4,0,0,0,1,1,2,0,0,0,0,0,0,0,0,0,0,0,0,0,0,0,0,0,0,0,0,0,0,2,2,2,35,37,0,0,0,0,0,0,0,0,0,0,0,0,0,0,0,0,0,0,0,0,0,0,0,0,0,0,0,0,0,0,0,0,0,0,0,0,0,0,0,0,0,0,0,0,0
20210304,3153,499,775,1274,301,869,1170,2444,94,219,313,0,0,0,28,23,51,9,43,52,0,0,0,0,0,0,0,0,0,0,0,0,0,5,5,82,156,238,0,0,0,0,0,0,0,0,0,0,0,0,0,0,0,0,0,0,14,26,40,0,0,0,0,0,0,0,0,0,0,0,0,0,0,0,0,0,0,0,10,10,0,0,0,0,0,0,0,0,0,0,0,0,0,0,0,0,0,0,0,0,0,0,0,0,0,0,0,0,0,0,0,0,0,0,0,0,0,0,0,0,0,0,0,0,0
20210305,4570,485,1416,1901,877,1335,2212,4113,45,87,132,16,0,16,0,6,6,13,5,18,0,0,0,0,8,8,0,0,0,0,0,0,0,0,0,63,201,264,0,0,0,0,0,0,0,0,0,0,0,0,2,2,4,0,0,0,0,0,0,0,0,0,0,0,0,0,0,0,0,0,0,0,0,0,4,5,9,0,0,0,0,0,0,0,0,0,0,0,0,0,0,0,0,0,0,0,0,0,0,0,0,0,0,0,0,0,0,0,0,0,0,0,0,0,0,0,0,0,0,0,0,0,0,0,0
20210306,1773,134,283,417,320,812,1132,1549,14,19,33,0,0,0,1,2,3,6,37,43,0,0,0,0,0,0,0,0,0,0,0,0,3,4,7,33,105,138,0,0,0,0,0,0,0,0,0,0,0,0,0,0,0,0,0,0,0,0,0,0,0,0,0,0,0,0,0,0,0,0,0,0,0,0,0,0,0,0,0,0,0,0,0,0,0,0,0,0,0,0,0,0,0,0,0,0,0,0,0,0,0,0,0,0,0,0,0,0,0,0,0,0,0,0,0,0,0,0,0,0,0,0,0,0,0
20210307,3641,458,709,1167,1151,905,2056,3223,45,129,174,1,0,1,1,3,4,4,11,15,0,0,0,0,0,0,0,0,0,0,0,0,2,4,6,58,109,167,0,0,0,0,0,0,0,0,0,0,0,0,0,0,0,0,0,0,21,22,43,0,0,0,0,0,0,0,0,0,0,0,0,0,0,0,0,0,0,0,8,8,0,0,0,0,0,0,0,0,0,0,0,0,0,0,0,0,0,0,0,0,0,0,0,0,0,0,0,0,0,0,0,0,0,0,0,0,0,0,0,0,0,0,0,0,0
20210308,1978,176,197,373,298,665,963,1336,51,77,128,0,1,1,24,26,50,17,12,29,0,0,0,0,9,9,0,0,0,0,0,0,0,4,4,63,351,414,0,0,0,0,0,0,0,0,0,0,0,0,0,0,0,0,0,0,0,0,0,0,0,0,0,0,0,0,0,0,0,0,0,0,0,0,1,2,3,0,4,4,0,0,0,0,0,0,0,0,0,0,0,0,0,0,0,0,0,0,0,0,0,0,0,0,0,0,0,0,0,0,0,0,0,0,0,0,0,0,0,0,0,0,0,0,0
20210309,1709,376,270,646,329,472,801,1447,0,0,0,2,0,2,0,0,0,3,115,118,0,0,0,0,0,0,0,0,0,0,0,0,5,5,10,37,90,127,0,0,0,0,0,0,0,0,0,0,0,0,0,0,0,0,0,0,0,0,0,0,0,0,0,0,0,0,0,0,0,0,0,0,0,0,2,3,5,0,0,0,0,0,0,0,0,0,0,0,0,0,0,0,0,0,0,0,0,0,0,0,0,0,0,0,0,0,0,0,0,0,0,0,0,0,0,0,0,0,0,0,0,0,0,0,0
20210310,4050,480,572,1052,767,1460,2227,3279,35,54,89,0,0,0,15,13,28,20,11,31,0,0,0,0,6,6,0,0,0,0,0,0,0,0,0,101,513,614,0,0,0,0,0,0,0,0,0,0,0,0,0,0,0,0,0,0,0,0,0,0,0,0,0,0,0,0,0,0,0,0,0,0,0,0,2,1,3,0,0,0,0,0,0,0,0,0,0,0,0,0,0,0,0,0,0,0,0,0,0,0,0,0,0,0,0,0,0,0,0,0,0,0,0,0,0,0,0,0,0,0,0,0,0,0,0
20210311,2615,516,551,1067,309,631,940,2007,82,210,292,3,0,3,22,22,44,3,36,39,0,0,0,0,0,0,0,0,0,0,0,0,0,0,0,65,117,182,0,0,0,0,0,0,0,0,0,0,0,0,2,9,11,0,0,0,17,11,28,0,0,0,0,0,0,0,0,0,0,0,0,0,0,0,1,4,5,0,4,4,0,0,0,0,0,0,0,0,0,0,0,0,0,0,0,0,0,0,0,0,0,0,0,0,0,0,0,0,0,0,0,0,0,0,0,0,0,0,0,0,0,0,0,0,0
20210312,4178,492,1149,1641,1039,1057,2096,3737,73,30,103,0,0,0,0,0,0,17,50,67,0,0,0,0,0,0,0,0,0,0,0,0,1,1,2,80,180,260,0,0,0,0,0,0,0,0,0,0,0,0,0,1,1,0,0,0,0,0,0,0,0,0,0,0,0,0,0,0,0,0,0,0,0,0,0,1,1,0,7,7,0,0,0,0,0,0,0,0,0,0,0,0,0,0,0,0,0,0,0,0,0,0,0,0,0,0,0,0,0,0,0,0,0,0,0,0,0,0,0,0,0,0,0,0,0
20210313,1636,258,297,555,311,472,783,1338,41,64,105,0,0,0,0,3,3,17,27,44,0,0,0,0,0,0,0,0,0,0,0,0,0,0,0,48,90,138,0,0,0,0,0,0,0,0,0,0,0,0,0,1,1,0,0,0,0,0,0,0,0,0,0,0,0,0,0,0,0,0,0,0,0,0,0,1,1,0,6,6,0,0,0,0,0,0,0,0,0,0,0,0,0,0,0,0,0,0,0,0,0,0,0,0,0,0,0,0,0,0,0,0,0,0,0,0,0,0,0,0,0,0,0,0,0
20210314,3331,650,553,1203,974,758,1732,2935,45,81,126,6,1,7,0,0,0,2,18,20,0,0,0,0,0,0,0,0,0,0,0,0,0,0,0,105,103,208,0,0,0,0,0,0,0,0,0,0,0,0,0,2,2,0,0,0,15,12,27,0,0,0,0,0,0,0,0,0,0,0,0,0,0,0,4,2,6,0,0,0,0,0,0,0,0,0,0,0,0,0,0,0,0,0,0,0,0,0,0,0,0,0,0,0,0,0,0,0,0,0,0,0,0,0,0,0,0,0,0,0,0,0,0,0,0
20210315,2221,256,223,479,527,556,1083,1562,83,59,142,0,0,0,2,1,3,37,55,92,0,0,0,0,0,0,0,0,0,0,0,0,7,4,11,99,299,398,0,0,0,0,0,0,0,0,0,0,0,0,0,0,0,0,0,0,0,0,0,0,0,0,0,0,0,0,0,0,0,0,0,0,0,0,0,0,0,0,13,13,0,0,0,0,0,0,0,0,0,0,0,0,0,0,0,0,0,0,0,0,0,0,0,0,0,0,0,0,0,0,0,0,0,0,0,0,0,0,0,0,0,0,0,0,0
20210316,1984,548,274,822,486,494,980,1802,0,0,0,0,0,0,0,5,5,10,44,54,0,0,0,0,0,0,0,0,0,0,0,0,1,1,2,49,56,105,0,0,0,0,0,0,4,0,4,0,0,0,0,0,0,0,0,0,0,0,0,0,0,0,0,0,0,0,0,0,0,0,0,0,0,0,2,0,2,1,9,10,0,0,0,0,0,0,0,0,0,0,0,0,0,0,0,0,0,0,0,0,0,0,0,0,0,0,0,0,0,0,0,0,0,0,0,0,0,0,0,0,0,0,0,0,0
20210317,3707,584,524,1108,759,1264,2023,3131,32,48,80,0,0,0,1,9,10,15,25,40,2,4,6,0,0,0,0,0,0,0,0,0,3,4,7,108,315,423,0,0,0,0,0,0,0,0,0,0,0,0,0,0,0,0,0,0,0,0,0,0,0,0,0,0,0,0,0,0,0,0,0,0,0,0,3,2,5,0,5,5,0,0,0,0,0,0,0,0,0,0,0,0,0,0,0,0,0,0,0,0,0,0,0,0,0,0,0,0,0,0,0,0,0,0,0,0,0,0,0,0,0,0,0,0,0
20210318,2808,547,572,1119,362,676,1038,2157,102,186,288,6,0,6,10,15,25,9,71,80,0,0,0,0,0,0,0,0,0,0,0,0,2,0,2,96,115,211,0,0,0,0,0,0,0,0,0,0,0,0,0,0,0,0,0,0,19,11,30,0,0,0,0,0,0,0,0,0,0,0,0,0,0,0,0,0,0,0,9,9,0,0,0,0,0,0,0,0,0,0,0,0,0,0,0,0,0,0,0,0,0,0,0,0,0,0,0,0,0,0,0,0,0,0,0,0,0,0,0,0,0,0,0,0,0
20210319,3730,463,1055,1518,954,839,1793,3311,39,41,80,1,0,1,1,0,1,27,37,64,0,0,0,0,0,0,0,0,0,0,0,0,0,0,0,95,160,255,0,0,0,0,0,0,0,0,0,0,0,0,0,0,0,0,0,0,0,0,0,0,0,0,0,0,0,0,0,0,0,0,0,0,0,0,0,0,0,0,18,18,0,0,0,0,0,0,0,0,0,0,0,0,0,0,0,0,0,0,0,0,0,0,0,0,0,0,0,0,0,0,0,0,0,0,0,0,0,0,0,0,0,0,0,0,0
20210320,1424,156,235,391,286,422,708,1099,40,55,95,0,0,0,0,0,0,49,11,60,0,0,0,0,0,0,0,0,0,0,0,0,0,0,0,51,82,133,0,0,0,0,0,0,0,0,0,0,0,0,0,0,0,0,0,0,0,0,0,0,0,0,0,0,0,0,0,0,0,0,0,0,0,0,2,3,5,0,32,32,0,0,0,0,0,0,0,0,0,0,0,0,0,0,0,0,0,0,0,0,0,0,0,0,0,0,0,0,0,0,0,0,0,0,0,0,0,0,0,0,0,0,0,0,0
20210321,2592,330,419,749,928,543,1471,2220,23,29,52,2,1,3,0,2,2,7,31,38,0,0,0,0,0,0,0,0,0,0,0,0,53,55,108,70,54,124,0,0,0,0,0,0,0,0,0,0,0,0,0,0,0,0,0,0,16,16,32,0,0,0,0,0,0,0,0,0,0,0,0,0,0,0,0,2,2,0,11,11,0,0,0,0,0,0,0,0,0,0,0,0,0,0,0,0,0,0,0,0,0,0,0,0,0,0,0,0,0,0,0,0,0,0,0,0,0,0,0,0,0,0,0,0,0
20210322,1704,308,161,469,556,300,856,1325,22,36,58,3,2,5,1,3,4,17,6,23,0,0,0,0,0,0,0,0,0,0,0,0,22,20,42,71,170,241,0,0,0,0,0,0,0,0,0,0,0,0,0,0,0,0,0,0,0,0,0,0,0,0,0,0,0,0,0,0,0,0,0,0,0,0,0,2,2,3,1,4,0,0,0,0,0,0,0,0,0,0,0,0,0,0,0,0,0,0,0,0,0,0,0,0,0,0,0,0,0,0,0,0,0,0,0,0,0,0,0,0,0,0,0,0,0
20210323,1851,459,352,811,447,396,843,1654,0,0,0,1,0,1,7,8,15,35,6,41,0,0,0,0,0,0,2,0,2,0,0,0,2,2,4,60,73,133,0,0,0,0,0,0,0,0,0,0,0,0,0,0,0,0,0,0,0,0,0,0,0,0,0,0,0,0,0,0,0,0,0,0,0,0,0,0,0,1,0,1,0,0,0,0,0,0,0,0,0,0,0,0,0,0,0,0,0,0,0,0,0,0,0,0,0,0,0,0,0,0,0,0,0,0,0,0,0,0,0,0,0,0,0,0,0
20210324,3401,489,532,1021,687,1136,1823,2844,20,43,63,1,1,2,38,25,63,12,44,56,0,0,0,1,0,1,0,0,0,0,0,0,0,0,0,87,256,343,0,0,0,0,0,0,0,0,0,0,0,0,0,0,0,0,0,0,0,0,0,0,0,0,0,0,0,0,0,0,0,0,0,0,0,0,1,1,2,0,27,27,0,0,0,0,0,0,0,0,0,0,0,0,0,0,0,0,0,0,0,0,0,0,0,0,0,0,0,0,0,0,0,0,0,0,0,0,0,0,0,0,0,0,0,0,0
20210325,3156,557,1207,1764,353,594,947,2711,84,150,234,4,0,4,20,8,28,26,40,66,0,0,0,0,0,0,0,0,0,0,0,0,3,1,4,15,46,61,0,0,0,0,0,0,0,0,0,0,0,0,3,6,9,0,0,0,19,16,35,0,0,0,0,0,0,0,0,0,0,0,0,0,0,0,3,1,4,0,0,0,0,0,0,0,0,0,0,0,0,0,0,0,0,0,0,0,0,0,0,0,0,0,0,0,0,0,0,0,0,0,0,0,0,0,0,0,0,0,0,0,0,0,0,0,0
20210326,3646,456,954,1410,1053,903,1956,3366,0,0,0,0,0,0,15,26,41,35,8,43,0,0,0,0,0,0,0,0,0,0,0,0,0,0,0,60,119,179,0,0,0,0,0,0,0,0,0,0,0,0,0,0,0,0,0,0,0,0,0,0,0,0,0,0,0,0,0,0,0,0,0,0,0,0,0,0,0,4,13,17,0,0,0,0,0,0,0,0,0,0,0,0,0,0,0,0,0,0,0,0,0,0,0,0,0,0,0,0,0,0,0,0,0,0,0,0,0,0,0,0,0,0,0,0,0
20210327,1159,98,205,303,241,341,582,885,29,59,88,0,5,5,10,14,24,15,16,31,0,0,0,1,1,2,0,0,0,0,0,0,1,0,1,56,55,111,0,0,0,0,0,0,0,0,0,0,0,0,0,0,0,0,0,0,0,0,0,0,0,0,0,0,0,0,0,0,0,0,0,0,0,0,0,1,1,0,11,11,0,0,0,0,0,0,0,0,0,0,0,0,0,0,0,0,0,0,0,0,0,0,0,0,0,0,0,0,0,0,0,0,0,0,0,0,0,0,0,0,0,0,0,0,0
20210328,3543,772,536,1308,1291,705,1996,3304,52,71,123,0,0,0,0,0,0,7,5,12,0,0,0,0,0,0,0,0,0,0,0,0,0,0,0,42,27,69,0,0,0,0,0,0,0,0,0,0,0,0,0,0,0,0,0,0,15,17,32,0,0,0,0,0,0,0,0,0,0,0,0,0,0,0,1,1,2,0,1,1,0,0,0,0,0,0,0,0,0,0,0,0,0,0,0,0,0,0,0,0,0,0,0,0,0,0,0,0,0,0,0,0,0,0,0,0,0,0,0,0,0,0,0,0,0
20210329,1264,74,108,182,305,366,671,853,88,49,137,0,0,0,2,4,6,8,4,12,0,0,0,0,0,0,0,0,0,0,0,0,0,0,0,90,166,256,0,0,0,0,0,0,0,0,0,0,0,0,0,0,0,0,0,0,0,0,0,0,0,0,0,0,0,0,0,0,0,0,0,0,0,0,0,0,0,0,0,0,0,0,0,0,0,0,0,0,0,0,0,0,0,0,0,0,0,0,0,0,0,0,0,0,0,0,0,0,0,0,0,0,0,0,0,0,0,0,0,0,0,0,0,0,0
20210330,1924,569,209,778,557,329,886,1664,0,0,0,0,0,0,4,52,56,24,38,62,0,0,0,0,0,0,0,0,0,0,0,0,11,0,11,17,22,39,0,0,0,0,0,0,0,0,0,0,0,0,0,0,0,0,0,0,67,0,67,0,0,0,0,0,0,0,0,0,0,0,0,0,0,0,1,3,4,0,21,21,0,0,0,0,0,0,0,0,0,0,0,0,0,0,0,0,0,0,0,0,0,0,0,0,0,0,0,0,0,0,0,0,0,0,0,0,0,0,0,0,0,0,0,0,0
20210331,4234,584,824,1408,887,1365,2252,3660,26,28,54,0,0,0,23,78,101,21,45,66,0,0,0,0,0,0,0,0,0,0,0,0,0,0,0,112,236,348,0,0,0,0,0,0,0,0,0,0,0,0,0,0,0,0,0,0,0,0,0,0,0,0,0,0,0,0,0,0,0,0,0,0,0,0,0,0,0,4,1,5,0,0,0,0,0,0,0,0,0,0,0,0,0,0,0,0,0,0,0,0,0,0,0,0,0,0,0,0,0,0,0,0,0,0,0,0,0,0,0,0,0,0,0,0,0
20210401,3546,651,782,1433,466,1192,1658,3091,73,114,187,7,4,11,11,16,27,21,115,136,0,0,0,0,0,0,0,0,0,0,0,0,2,0,2,26,34,60,0,0,0,0,0,0,0,0,0,0,0,0,0,0,0,0,0,0,17,12,29,0,0,0,0,0,0,0,0,0,0,0,0,0,0,0,2,0,2,1,0,1,0,0,0,0,0,0,0,0,0,0,0,0,0,0,0,0,0,0,0,0,0,0,0,0,0,0,0,0,0,0,0,0,0,0,0,0,0,0,0,0,0,0,0,0,0
20210402,3379,368,384,752,1405,828,2233,2985,67,49,116,0,1,1,10,7,17,28,31,59,0,0,0,0,0,0,0,0,0,0,0,0,1,5,6,93,92,185,0,0,0,0,0,0,0,0,0,0,0,0,2,2,4,0,0,0,0,0,0,0,0,0,0,0,0,0,0,0,0,0,0,0,0,0,4,2,6,0,0,0,0,0,0,0,0,0,0,0,0,0,0,0,0,0,0,0,0,0,0,0,0,0,0,0,0,0,0,0,0,0,0,0,0,0,0,0,0,0,0,0,0,0,0,0,0
20210403,1218,60,104,164,392,334,726,890,68,44,112,1,0,1,2,15,17,9,10,19,0,2,2,0,0,0,0,0,0,0,0,0,0,0,0,96,62,158,0,0,0,0,0,0,0,0,0,0,0,0,0,0,0,0,0,0,0,0,0,0,0,0,0,0,0,0,0,0,0,0,0,0,0,0,0,1,1,14,4,18,0,0,0,0,0,0,0,0,0,0,0,0,0,0,0,0,0,0,0,0,0,0,0,0,0,0,0,0,0,0,0,0,0,0,0,0,0,0,0,0,0,0,0,0,0
20210404,2223,318,289,607,909,533,1442,2049,22,25,47,0,0,0,14,8,22,10,11,21,0,0,0,0,0,0,0,0,0,0,0,0,2,4,6,36,12,48,0,0,0,0,0,0,0,0,0,0,0,0,0,0,0,0,0,0,15,9,24,0,0,0,0,0,0,0,0,0,0,0,0,0,0,0,0,0,0,0,6,6,0,0,0,0,0,0,0,0,0,0,0,0,0,0,0,0,0,0,0,0,0,0,0,0,0,0,0,0,0,0,0,0,0,0,0,0,0,0,0,0,0,0,0,0,0
20210405,1151,107,86,193,289,349,638,831,46,0,46,8,0,8,0,6,6,9,7,16,0,0,0,0,0,0,0,0,0,0,0,0,0,0,0,119,124,243,0,0,0,0,0,0,0,0,0,0,0,0,0,0,0,0,0,0,1,0,1,0,0,0,0,0,0,0,0,0,0,0,0,0,0,0,0,0,0,0,0,0,0,0,0,0,0,0,0,0,0,0,0,0,0,0,0,0,0,0,0,0,0,0,0,0,0,0,0,0,0,0,0,0,0,0,0,0,0,0,0,0,0,0,0,0,0
20210406,2192,473,540,1013,585,381,966,1979,0,0,0,1,0,1,1,1,2,19,36,55,0,5,5,1,0,1,0,0,0,0,0,0,2,6,8,42,59,101,0,0,0,0,0,0,0,0,0,0,0,0,0,0,0,0,0,0,0,0,0,0,0,0,0,0,0,0,0,0,0,0,0,0,0,0,1,4,5,1,34,35,0,0,0,0,0,0,0,0,0,0,0,0,0,0,0,0,0,0,0,0,0,0,0,0,0,0,0,0,0,0,0,0,0,0,0,0,0,0,0,0,0,0,0,0,0
20210407,3726,446,359,805,1106,1305,2411,3216,14,42,56,0,2,2,16,12,28,44,15,59,0,0,0,0,7,7,0,0,0,0,0,0,46,42,88,55,212,267,0,0,0,0,0,0,0,0,0,0,0,0,0,0,0,0,0,0,0,0,0,0,0,0,0,0,0,0,0,0,0,0,0,0,0,0,2,1,3,0,0,0,0,0,0,0,0,0,0,0,0,0,0,0,0,0,0,0,0,0,0,0,0,0,0,0,0,0,0,0,0,0,0,0,0,0,0,0,0,0,0,0,0,0,0,0,0
20210408,3395,745,957,1702,368,798,1166,2868,78,167,245,0,0,0,2,3,5,5,48,53,0,0,0,0,0,0,0,0,0,0,0,0,0,0,0,63,128,191,0,0,0,0,0,0,0,0,0,0,0,0,0,0,0,0,0,0,18,15,33,0,0,0,0,0,0,0,0,0,0,0,0,0,0,0,0,0,0,0,0,0,0,0,0,0,0,0,0,0,0,0,0,0,0,0,0,0,0,0,0,0,0,0,0,0,0,0,0,0,0,0,0,0,0,0,0,0,0,0,0,0,0,0,0,0,0
20210409,4057,480,1016,1496,1073,1076,2149,3645,32,66,98,0,9,9,4,8,12,13,23,36,0,0,0,0,0,0,0,0,0,0,0,0,0,1,1,95,146,241,0,0,0,0,0,0,0,0,0,0,0,0,0,0,0,0,0,0,0,0,0,0,0,0,0,0,0,0,0,0,0,0,0,0,0,0,3,4,7,2,6,8,0,0,0,0,0,0,0,0,0,0,0,0,0,0,0,0,0,0,0,0,0,0,0,0,0,0,0,0,0,0,0,0,0,0,0,0,0,0,0,0,0,0,0,0,0
20210410,1630,79,138,217,434,632,1066,1283,62,70,132,3,1,4,0,0,0,15,23,38,0,8,8,0,2,2,0,0,0,0,0,0,0,1,1,56,101,157,0,0,0,0,0,0,0,0,0,0,0,0,0,0,0,0,0,0,0,0,0,0,0,0,0,0,0,0,0,0,0,0,0,0,0,0,0,0,0,0,5,5,0,0,0,0,0,0,0,0,0,0,0,0,0,0,0,0,0,0,0,0,0,0,0,0,0,0,0,0,0,0,0,0,0,0,0,0,0,0,0,0,0,0,0,0,0
20210411,3954,732,968,1700,1228,715,1943,3643,30,47,77,8,3,11,12,13,25,12,27,39,0,0,0,0,0,0,0,0,0,0,0,0,0,0,0,69,69,138,0,0,0,0,0,0,0,0,0,0,0,0,0,0,0,0,0,0,9,9,18,0,0,0,0,0,0,0,0,0,0,0,0,0,0,0,0,1,1,0,2,2,0,0,0,0,0,0,0,0,0,0,0,0,0,0,0,0,0,0,0,0,0,0,0,0,0,0,0,0,0,0,0,0,0,0,0,0,0,0,0,0,0,0,0,0,0
20210412,2276,138,353,491,588,788,1376,1867,0,37,37,1,1,2,5,6,11,31,7,38,0,8,8,0,0,0,0,0,0,0,0,0,1,5,6,93,197,290,0,0,0,0,0,0,0,0,0,0,0,0,0,0,0,0,0,0,0,0,0,0,0,0,0,0,0,0,0,0,0,0,0,0,0,0,0,0,0,0,17,17,0,0,0,0,0,0,0,0,0,0,0,0,0,0,0,0,0,0,0,0,0,0,0,0,0,0,0,0,0,0,0,0,0,0,0,0,0,0,0,0,0,0,0,0,0
20210413,1714,288,584,872,351,348,699,1571,0,0,0,0,0,0,0,0,0,17,13,30,0,4,4,0,0,0,0,0,0,0,0,0,0,0,0,33,70,103,0,0,0,0,0,0,0,0,0,0,0,0,0,0,0,0,0,0,0,0,0,0,0,0,0,0,0,0,0,0,0,0,0,0,0,0,0,0,0,0,6,6,0,0,0,0,0,0,0,0,0,0,0,0,0,0,0,0,0,0,0,0,0,0,0,0,0,0,0,0,0,0,0,0,0,0,0,0,0,0,0,0,0,0,0,0,0
20210414,3824,399,623,1022,1049,1303,2352,3374,32,54,86,2,0,2,1,1,2,16,21,37,0,1,1,0,0,0,0,0,0,0,0,0,3,0,3,94,206,300,0,0,0,0,0,0,0,0,0,0,0,0,0,0,0,0,0,0,0,0,0,0,0,0,0,0,0,0,0,0,0,0,0,0,0,0,0,0,0,13,6,19,0,0,0,0,0,0,0,0,0,0,0,0,0,0,0,0,0,0,0,0,0,0,0,0,0,0,0,0,0,0,0,0,0,0,0,0,0,0,0,0,0,0,0,0,0
20210415,3025,563,833,1396,397,762,1159,2555,85,116,201,0,0,0,2,3,5,4,31,35,1,0,1,0,0,0,0,0,0,0,0,0,10,7,17,81,99,180,0,0,0,0,0,0,0,0,0,0,0,0,0,0,0,0,0,0,11,8,19,0,0,0,0,0,0,0,0,0,0,0,0,0,0,0,1,0,1,0,11,11,0,0,0,0,0,0,0,0,0,0,0,0,0,0,0,0,0,0,0,0,0,0,0,0,0,0,0,0,0,0,0,0,0,0,0,0,0,0,0,0,0,0,0,0,0
20210416,3915,449,841,1290,1184,864,2048,3338,69,35,104,0,30,30,1,4,5,60,41,101,0,0,0,0,0,0,0,0,0,0,0,0,0,0,0,122,198,320,0,0,0,0,0,0,0,0,0,0,0,0,0,0,0,0,0,0,3,0,3,0,0,0,0,0,0,0,0,0,0,0,0,0,0,0,2,1,3,3,8,11,0,0,0,0,0,0,0,0,0,0,0,0,0,0,0,0,0,0,0,0,0,0,0,0,0,0,0,0,0,0,0,0,0,0,0,0,0,0,0,0,0,0,0,0,0
20210417,1397,82,94,176,387,378,765,941,96,167,263,1,1,2,3,3,6,6,6,12,0,0,0,0,0,0,0,0,0,0,0,0,16,15,31,73,66,139,0,0,0,0,0,0,0,0,0,0,0,0,0,0,0,0,0,0,0,0,0,0,0,0,0,0,0,0,0,0,0,0,0,0,0,0,0,3,3,0,0,0,0,0,0,0,0,0,0,0,0,0,0,0,0,0,0,0,0,0,0,0,0,0,0,0,0,0,0,0,0,0,0,0,0,0,0,0,0,0,0,0,0,0,0,0,0
20210418,2765,449,314,763,1181,552,1733,2496,20,32,52,26,3,29,5,6,11,7,3,10,0,0,0,0,0,0,0,0,0,0,0,0,0,0,0,58,57,115,0,0,0,0,0,0,0,0,0,0,0,0,4,5,9,0,0,0,15,25,40,0,0,0,0,0,0,0,0,0,0,0,0,0,0,0,0,3,3,0,0,0,0,0,0,0,0,0,0,0,0,0,0,0,0,0,0,0,0,0,0,0,0,0,0,0,0,0,0,0,0,0,0,0,0,0,0,0,0,0,0,0,0,0,0,0,0
20210419,1604,113,82,195,546,545,1091,1286,0,32,32,0,0,0,1,0,1,17,11,28,0,0,0,0,8,8,0,0,0,0,0,0,1,0,1,81,165,246,0,0,0,0,0,0,0,0,0,0,0,0,0,1,1,0,0,0,0,0,0,0,0,0,0,0,0,0,0,0,0,0,0,0,0,0,0,1,1,0,0,0,0,0,0,0,0,0,0,0,0,0,0,0,0,0,0,0,0,0,0,0,0,0,0,0,0,0,0,0,0,0,0,0,0,0,0,0,0,0,0,0,0,0,0,0,0
20210420,1597,354,360,714,407,302,709,1423,0,0,0,0,1,1,14,10,24,13,28,41,0,0,0,2,0,2,0,0,0,0,0,0,1,1,2,41,46,87,0,0,0,0,0,0,0,0,0,0,0,0,0,0,0,0,0,0,0,0,0,0,0,0,0,0,0,0,0,0,0,0,0,0,0,0,1,1,2,0,15,15,0,0,0,0,0,0,0,0,0,0,0,0,0,0,0,0,0,0,0,0,0,0,0,0,0,0,0,0,0,0,0,0,0,0,0,0,0,0,0,0,0,0,0,0,0
20210421,3842,371,921,1292,949,1201,2150,3442,18,36,54,1,0,1,12,15,27,8,26,34,0,0,0,0,9,9,0,0,0,0,0,0,1,2,3,83,165,248,0,0,0,0,0,0,0,0,0,0,0,0,0,0,0,0,0,0,0,0,0,0,0,0,0,0,0,0,0,0,0,0,0,0,0,0,1,1,2,2,20,22,0,0,0,0,0,0,0,0,0,0,0,0,0,0,0,0,0,0,0,0,0,0,0,0,0,0,0,0,0,0,0,0,0,0,0,0,0,0,0,0,0,0,0,0,0
20210422,3537,564,1475,2039,381,513,894,2933,87,107,194,0,0,0,23,75,98,32,112,144,0,0,0,0,5,5,0,0,0,0,0,0,0,0,0,53,68,121,0,0,0,1,0,1,0,0,0,0,0,0,0,0,0,0,0,0,7,25,32,0,0,0,0,0,0,0,0,0,0,0,0,0,0,0,0,0,0,0,9,9,0,0,0,0,0,0,0,0,0,0,0,0,0,0,0,0,0,0,0,0,0,0,0,0,0,0,0,0,0,0,0,0,0,0,0,0,0,0,0,0,0,0,0,0,0
20210423,3771,559,1181,1740,1031,618,1649,3389,49,46,95,0,24,24,6,8,14,13,24,37,0,0,0,0,0,0,0,0,0,0,0,0,0,0,0,113,80,193,0,0,0,0,0,0,0,0,0,0,0,0,0,0,0,0,0,0,0,0,0,0,0,0,0,0,0,0,0,0,0,0,0,0,0,0,0,0,0,5,14,19,0,0,0,0,0,0,0,0,0,0,0,0,0,0,0,0,0,0,0,0,0,0,0,0,0,0,0,0,0,0,0,0,0,0,0,0,0,0,0,0,0,0,0,0,0
20210424,1386,70,88,158,329,438,767,925,97,162,259,0,0,0,0,0,0,3,34,37,0,0,0,0,9,9,0,0,0,0,0,0,0,0,0,40,84,124,0,0,0,0,0,0,0,0,0,0,0,0,0,0,0,0,0,0,0,0,0,0,0,0,0,0,0,0,0,0,0,0,0,0,0,0,2,2,4,0,28,28,0,0,0,0,0,0,0,0,0,0,0,0,0,0,0,0,0,0,0,0,0,0,0,0,0,0,0,0,0,0,0,0,0,0,0,0,0,0,0,0,0,0,0,0,0
20210425,2885,528,354,882,1164,542,1706,2588,30,32,62,7,0,7,23,27,50,7,11,18,0,0,0,0,0,0,0,0,0,0,0,0,0,0,0,60,63,123,0,0,0,0,0,0,0,0,0,0,0,0,0,0,0,0,0,0,0,0,0,0,0,0,0,0,0,0,0,0,0,0,0,0,0,0,15,13,28,0,9,9,0,0,0,0,0,0,0,0,0,0,0,0,0,0,0,0,0,0,0,0,0,0,0,0,0,0,0,0,0,0,0,0,0,0,0,0,0,0,0,0,0,0,0,0,0
20210426,1702,112,66,178,666,528,1194,1372,0,0,0,0,0,0,5,8,13,5,38,43,0,0,0,1,0,1,0,0,0,0,0,0,0,0,0,112,147,259,0,0,0,0,0,0,0,0,0,0,0,0,0,0,0,0,0,0,0,0,0,0,0,0,0,0,0,0,0,0,0,0,0,0,0,0,3,0,3,0,11,11,0,0,0,0,0,0,0,0,0,0,0,0,0,0,0,0,0,0,0,0,0,0,0,0,0,0,0,0,0,0,0,0,0,0,0,0,0,0,0,0,0,0,0,0,0
20210427,1684,511,237,748,423,321,744,1492,0,0,0,2,0,2,8,9,17,20,27,47,1,0,1,0,7,7,0,0,0,0,0,0,28,25,53,31,28,59,0,0,0,0,0,0,0,0,0,0,0,0,0,2,2,0,0,0,0,0,0,0,0,0,0,0,0,0,0,0,0,0,0,0,0,0,1,0,1,1,2,3,0,0,0,0,0,0,0,0,0,0,0,0,0,0,0,0,0,0,0,0,0,0,0,0,0,0,0,0,0,0,0,0,0,0,0,0,0,0,0,0,0,0,0,0,0
20210428,4254,392,976,1368,1139,1321,2460,3828,25,45,70,2,3,5,0,0,0,2,17,19,0,0,0,0,0,0,0,0,0,0,0,0,0,4,4,96,165,261,0,0,0,0,0,0,0,0,0,0,0,0,4,5,9,0,0,0,0,0,0,0,0,0,0,0,0,0,0,0,0,0,0,0,0,0,1,3,4,2,52,54,0,0,0,0,0,0,0,0,0,0,0,0,0,0,0,0,0,0,0,0,0,0,0,0,0,0,0,0,0,0,0,0,0,0,0,0,0,0,0,0,0,0,0,0,0
20210429,2488,555,684,1239,363,426,789,2028,70,92,162,0,2,2,2,0,2,59,26,85,0,0,0,0,0,0,0,0,0,0,0,0,1,4,5,95,57,152,0,0,0,0,0,0,0,0,0,0,0,0,0,0,0,0,0,0,13,28,41,0,0,0,0,0,0,0,0,0,0,0,0,0,0,0,0,0,0,0,11,11,0,0,0,0,0,0,0,0,0,0,0,0,0,0,0,0,0,0,0,0,0,0,0,0,0,0,0,0,0,0,0,0,0,0,0,0,0,0,0,0,0,0,0,0,0
20210430,4173,549,876,1425,1351,995,2346,3771,54,27,81,1,57,58,4,2,6,12,13,25,0,0,0,0,0,0,0,0,0,0,0,0,0,0,0,129,94,223,0,0,0,0,0,0,0,0,0,0,0,0,0,0,0,0,0,0,0,0,0,0,0,0,0,0,0,0,0,0,0,0,0,0,0,0,2,1,3,5,1,6,0,0,0,0,0,0,0,0,0,0,0,0,0,0,0,0,0,0,0,0,0,0,0,0,0,0,0,0,0,0,0,0,0,0,0,0,0,0,0,0,0,0,0,0,0
20210501,1372,122,105,227,371,440,811,1038,39,120,159,0,0,0,1,6,7,5,6,11,0,0,0,0,0,0,0,0,0,0,0,0,2,2,4,94,42,136,0,0,0,0,0,0,0,0,0,0,0,0,0,0,0,0,0,0,0,0,0,0,0,0,0,0,0,0,0,0,0,0,0,0,0,0,0,0,0,0,17,17,0,0,0,0,0,0,0,0,0,0,0,0,0,0,0,0,0,0,0,0,0,0,0,0,0,0,0,0,0,0,0,0,0,0,0,0,0,0,0,0,0,0,0,0,0
20210502,2869,390,497,887,1208,588,1796,2683,32,36,68,2,0,2,15,3,18,8,3,11,0,0,0,0,0,0,0,0,0,0,0,0,0,0,0,28,28,56,0,0,0,0,0,0,0,0,0,0,0,0,0,0,0,0,0,0,14,14,28,0,0,0,0,0,0,0,0,0,0,0,0,0,0,0,0,2,2,1,0,1,0,0,0,0,0,0,0,0,0,0,0,0,0,0,0,0,0,0,0,0,0,0,0,0,0,0,0,0,0,0,0,0,0,0,0,0,0,0,0,0,0,0,0,0,0
20210503,1523,90,86,176,473,618,1091,1267,19,15,34,0,0,0,18,37,55,24,2,26,0,0,0,0,0,0,0,0,0,0,0,0,1,0,1,60,64,124,0,0,0,0,0,0,0,0,0,0,0,0,0,0,0,0,0,0,0,0,0,0,0,0,0,0,0,0,0,0,0,0,0,0,0,0,0,0,0,0,16,16,0,0,0,0,0,0,0,0,0,0,0,0,0,0,0,0,0,0,0,0,0,0,0,0,0,0,0,0,0,0,0,0,0,0,0,0,0,0,0,0,0,0,0,0,0
20210504,1573,343,222,565,364,334,698,1263,0,0,0,0,0,0,26,35,61,14,42,56,0,0,0,3,4,7,0,0,0,0,0,0,0,0,0,51,99,150,0,0,0,0,0,0,0,0,0,0,0,0,1,7,8,0,0,0,0,0,0,0,0,0,0,0,0,0,0,0,0,0,0,0,0,0,0,4,4,2,22,24,0,0,0,0,0,0,0,0,0,0,0,0,0,0,0,0,0,0,0,0,0,0,0,0,0,0,0,0,0,0,0,0,0,0,0,0,0,0,0,0,0,0,0,0,0
20210505,3419,445,358,803,1042,1184,2226,3029,10,26,36,0,0,0,20,11,31,11,14,25,0,0,0,0,0,0,0,0,0,0,0,0,2,1,3,80,172,252,0,0,0,0,0,0,0,0,0,0,0,0,1,1,2,0,0,0,0,0,0,0,0,0,0,0,0,0,0,0,0,0,0,0,0,0,0,0,0,0,41,41,0,0,0,0,0,0,0,0,0,0,0,0,0,0,0,0,0,0,0,0,0,0,0,0,0,0,0,0,0,0,0,0,0,0,0,0,0,0,0,0,0,0,0,0,0
20210506,2567,558,786,1344,188,400,588,1932,60,104,164,7,3,10,65,64,129,33,122,155,0,0,0,0,2,2,0,0,0,0,0,0,0,0,0,47,83,130,0,0,0,0,0,0,0,0,0,0,0,0,1,0,1,0,0,0,11,20,31,0,0,0,0,0,0,0,0,0,0,0,0,0,0,0,1,0,1,2,10,12,0,0,0,0,0,0,0,0,0,0,0,0,0,0,0,0,0,0,0,0,0,0,0,0,0,0,0,0,0,0,0,0,0,0,0,0,0,0,0,0,0,0,0,0,0
20210507,3827,354,547,901,1346,1038,2384,3285,56,30,86,0,25,25,70,83,153,5,52,57,0,0,0,0,2,2,0,0,0,0,0,0,28,31,59,44,92,136,0,0,0,0,0,0,0,0,0,0,0,0,0,3,3,0,0,0,0,0,0,0,0,0,0,0,0,0,0,0,0,0,0,0,0,0,0,0,0,0,21,21,0,0,0,0,0,0,0,0,0,0,0,0,0,0,0,0,0,0,0,0,0,0,0,0,0,0,0,0,0,0,0,0,0,0,0,0,0,0,0,0,0,0,0,0,0
20210508,1883,175,304,479,449,462,911,1390,133,93,226,0,0,0,6,21,27,15,41,56,0,0,0,0,0,0,0,0,0,0,0,0,5,0,5,109,55,164,0,0,0,0,0,0,0,0,0,0,0,0,0,2,2,0,0,0,0,0,0,0,0,0,0,0,0,0,0,0,0,0,0,0,0,0,0,1,1,0,12,12,0,0,0,0,0,0,0,0,0,0,0,0,0,0,0,0,0,0,0,0,0,0,0,0,0,0,0,0,0,0,0,0,0,0,0,0,0,0,0,0,0,0,0,0,0
20210509,2763,552,302,854,1076,563,1639,2493,0,0,0,7,2,9,42,42,84,3,7,10,0,0,0,0,0,0,0,0,0,0,0,0,0,0,0,74,61,135,0,0,0,0,0,0,0,0,0,0,0,0,0,0,0,0,0,0,14,14,28,0,0,0,0,0,0,0,0,0,0,0,0,0,0,0,0,4,4,0,0,0,0,0,0,0,0,0,0,0,0,0,0,0,0,0,0,0,0,0,0,0,0,0,0,0,0,0,0,0,0,0,0,0,0,0,0,0,0,0,0,0,0,0,0,0,0
20210510,2054,105,99,204,864,698,1562,1766,24,26,50,1,0,1,14,5,19,12,46,58,0,0,0,0,0,0,0,0,0,0,0,0,1,2,3,43,109,152,0,0,0,0,0,0,0,0,0,0,0,0,0,0,0,0,0,0,0,0,0,0,0,0,0,0,0,0,0,0,0,0,0,0,0,0,0,0,0,0,5,5,0,0,0,0,0,0,0,0,0,0,0,0,0,0,0,0,0,0,0,0,0,0,0,0,0,0,0,0,0,0,0,0,0,0,0,0,0,0,0,0,0,0,0,0,0
20210511,1889,422,268,690,610,354,964,1654,1,0,1,0,0,0,1,4,5,11,62,73,0,0,0,0,0,0,1,0,1,0,0,0,2,0,2,61,63,124,0,0,0,0,0,0,0,0,0,0,0,0,0,1,1,0,0,0,0,0,0,0,0,0,0,0,0,0,0,0,0,0,0,0,0,0,1,2,3,1,24,25,0,0,0,0,0,0,0,0,0,0,0,0,0,0,0,0,0,0,0,0,0,0,0,0,0,0,0,0,0,0,0,0,0,0,0,0,0,0,0,0,0,0,0,0,0
20210512,3574,487,287,774,1344,1035,2379,3153,21,31,52,11,0,11,17,1,18,16,18,34,0,0,0,0,0,0,0,0,0,0,0,0,1,0,1,112,172,284,0,0,0,0,0,0,0,0,0,0,0,0,0,0,0,0,0,0,0,0,0,0,0,0,0,0,0,0,0,0,0,0,0,0,0,0,0,0,0,0,21,21,0,0,0,0,0,0,0,0,0,0,0,0,0,0,0,0,0,0,0,0,0,0,0,0,0,0,0,0,0,0,0,0,0,0,0,0,0,0,0,0,0,0,0,0,0
20210513,2306,551,499,1050,244,449,693,1743,100,120,220,0,0,0,21,21,42,46,45,91,0,0,0,0,0,0,0,0,0,0,0,0,13,13,26,63,91,154,0,0,0,0,0,0,0,0,0,0,0,0,0,1,1,0,0,0,17,12,29,0,0,0,0,0,0,0,0,0,0,0,0,0,0,0,0,0,0,0,0,0,0,0,0,0,0,0,0,0,0,0,0,0,0,0,0,0,0,0,0,0,0,0,0,0,0,0,0,0,0,0,0,0,0,0,0,0,0,0,0,0,0,0,0,0,0
20210514,3680,375,458,833,1384,891,2275,3108,32,47,79,0,18,18,11,7,18,42,67,109,0,0,0,0,0,0,0,0,0,0,0,0,6,7,13,186,116,302,0,0,0,0,0,0,0,0,0,0,0,0,0,0,0,0,0,0,0,0,0,0,0,0,0,0,0,0,0,0,0,0,0,0,0,0,3,2,5,0,28,28,0,0,0,0,0,0,0,0,0,0,0,0,0,0,0,0,0,0,0,0,0,0,0,0,0,0,0,0,0,0,0,0,0,0,0,0,0,0,0,0,0,0,0,0,0
20210515,1712,101,120,221,656,457,1113,1334,42,185,227,1,2,3,3,2,5,7,58,65,0,0,0,0,0,0,0,0,0,0,0,0,0,0,0,35,28,63,0,0,0,0,0,0,0,0,0,0,0,0,0,0,0,0,0,0,0,0,0,0,0,0,0,0,0,0,0,0,0,0,0,0,0,0,0,0,0,0,15,15,0,0,0,0,0,0,0,0,0,0,0,0,0,0,0,0,0,0,0,0,0,0,0,0,0,0,0,0,0,0,0,0,0,0,0,0,0,0,0,0,0,0,0,0,0
20210516,3359,263,154,417,1580,1012,2592,3009,65,107,172,4,5,9,0,0,0,2,1,3,0,0,0,0,0,0,0,0,0,0,0,0,2,2,4,59,70,129,0,0,0,0,0,0,0,0,0,0,0,0,0,0,0,0,0,0,25,8,33,0,0,0,0,0,0,0,0,0,0,0,0,0,0,0,0,0,0,0,0,0,0,0,0,0,0,0,0,0,0,0,0,0,0,0,0,0,0,0,0,0,0,0,0,0,0,0,0,0,0,0,0,0,0,0,0,0,0,0,0,0,0,0,0,0,0
20210517,2012,27,46,73,663,743,1406,1479,1,0,1,1,0,1,11,9,20,7,172,179,0,0,0,0,0,0,0,0,0,0,0,0,0,0,0,170,161,331,0,0,0,0,0,0,0,0,0,0,0,0,0,0,0,0,0,0,0,0,0,0,0,0,0,0,0,0,0,0,0,0,0,0,0,0,0,1,1,0,0,0,0,0,0,0,0,0,0,0,0,0,0,0,0,0,0,0,0,0,0,0,0,0,0,0,0,0,0,0,0,0,0,0,0,0,0,0,0,0,0,0,0,0,0,0,0
20210518,1393,160,158,318,479,408,887,1205,0,0,0,8,0,8,16,3,19,47,26,73,0,0,0,1,0,1,0,0,0,0,0,0,0,0,0,18,68,86,0,0,0,0,0,0,0,0,0,0,0,0,0,0,0,0,0,0,0,0,0,0,0,0,0,0,0,0,0,0,0,0,0,0,0,0,0,0,0,1,0,1,0,0,0,0,0,0,0,0,0,0,0,0,0,0,0,0,0,0,0,0,0,0,0,0,0,0,0,0,0,0,0,0,0,0,0,0,0,0,0,0,0,0,0,0,0
20210519,2900,105,85,190,799,1517,2316,2506,18,52,70,0,1,1,1,6,7,2,6,8,0,0,0,0,0,0,0,0,0,0,0,0,0,0,0,58,214,272,0,0,0,0,0,0,0,0,0,0,0,0,1,0,1,0,0,0,0,0,0,0,0,0,0,0,0,0,0,0,0,0,0,0,0,0,0,1,1,1,33,34,0,0,0,0,0,0,0,0,0,0,0,0,0,0,0,0,0,0,0,0,0,0,0,0,0,0,0,0,0,0,0,0,0,0,0,0,0,0,0,0,0,0,0,0,0
20210520,2146,135,507,642,259,1023,1282,1924,0,0,0,0,21,21,2,2,4,4,3,7,0,0,0,0,0,0,0,0,0,0,0,0,1,20,21,38,118,156,0,0,0,0,0,0,0,0,0,0,0,0,1,0,1,0,0,0,8,0,8,0,0,0,0,0,0,0,0,0,0,0,0,0,0,0,1,1,2,0,2,2,0,0,0,0,0,0,0,0,0,0,0,0,0,0,0,0,0,0,0,0,0,0,0,0,0,0,0,0,0,0,0,0,0,0,0,0,0,0,0,0,0,0,0,0,0
20210521,3411,133,505,638,854,1421,2275,2913,63,71,134,1,0,1,3,10,13,13,100,113,0,0,0,0,0,0,0,0,0,0,0,0,0,0,0,72,161,233,0,0,0,0,0,0,0,0,0,0,0,0,0,0,0,0,0,0,0,0,0,0,0,0,0,0,0,0,0,0,0,0,0,0,0,0,0,2,2,0,2,2,0,0,0,0,0,0,0,0,0,0,0,0,0,0,0,0,0,0,0,0,0,0,0,0,0,0,0,0,0,0,0,0,0,0,0,0,0,0,0,0,0,0,0,0,0
20210522,1550,38,103,141,262,732,994,1135,70,220,290,0,0,0,0,12,12,11,22,33,0,0,0,0,0,0,0,0,0,0,0,0,0,4,4,35,40,75,0,0,0,0,0,0,0,0,0,0,0,0,0,0,0,0,0,0,0,0,0,0,0,0,0,0,0,0,0,0,0,0,0,0,0,0,0,1,1,0,0,0,0,0,0,0,0,0,0,0,0,0,0,0,0,0,0,0,0,0,0,0,0,0,0,0,0,0,0,0,0,0,0,0,0,0,0,0,0,0,0,0,0,0,0,0,0
20210523,1642,175,94,269,551,758,1309,1578,0,0,0,0,2,2,0,0,0,2,14,16,0,0,0,0,0,0,0,0,0,0,0,0,1,0,1,9,27,36,0,0,0,0,0,0,0,0,0,0,0,0,0,0,0,0,0,0,8,0,8,0,0,0,0,0,0,0,0,0,0,0,0,0,0,0,0,0,0,0,1,1,0,0,0,0,0,0,0,0,0,0,0,0,0,0,0,0,0,0,0,0,0,0,0,0,0,0,0,0,0,0,0,0,0,0,0,0,0,0,0,0,0,0,0,0,0
20210524,1432,22,40,62,246,806,1052,1114,0,0,0,0,0,0,1,10,11,3,0,3,0,0,0,0,0,0,0,0,0,0,0,0,0,0,0,95,209,304,0,0,0,0,0,0,0,0,0,0,0,0,0,0,0,0,0,0,0,0,0,0,0,0,0,0,0,0,0,0,0,0,0,0,0,0,0,0,0,0,0,0,0,0,0,0,0,0,0,0,0,0,0,0,0,0,0,0,0,0,0,0,0,0,0,0,0,0,0,0,0,0,0,0,0,0,0,0,0,0,0,0,0,0,0,0,0
20210525,1107,128,215,343,131,442,573,916,0,0,0,2,0,2,1,45,46,3,9,12,0,0,0,1,0,1,0,0,0,0,0,0,0,0,0,16,102,118,0,0,0,0,0,0,0,0,0,0,0,0,0,0,0,0,0,0,0,0,0,0,0,0,0,0,0,0,0,0,0,0,0,0,0,0,0,0,0,0,12,12,0,0,0,0,0,0,0,0,0,0,0,0,0,0,0,0,0,0,0,0,0,0,0,0,0,0,0,0,0,0,0,0,0,0,0,0,0,0,0,0,0,0,0,0,0
20210526,3144,96,108,204,619,1819,2438,2642,23,89,112,3,4,7,2,10,12,3,63,66,0,0,0,0,0,0,0,0,0,0,0,0,0,0,0,44,261,305,0,0,0,0,0,0,0,0,0,0,0,0,0,0,0,0,0,0,0,0,0,0,0,0,0,0,0,0,0,0,0,0,0,0,0,0,0,0,0,0,0,0,0,0,0,0,0,0,0,0,0,0,0,0,0,0,0,0,0,0,0,0,0,0,0,0,0,0,0,0,0,0,0,0,0,0,0,0,0,0,0,0,0,0,0,0,0
20210527,1839,138,409,547,170,895,1065,1612,0,0,0,0,0,0,0,3,3,0,22,22,0,0,0,0,0,0,0,0,0,0,0,0,0,0,0,31,124,155,0,0,0,0,0,0,0,0,0,0,0,0,0,0,0,0,0,0,10,0,10,0,0,0,0,0,0,0,0,0,0,0,0,0,0,0,0,0,0,1,36,37,0,0,0,0,0,0,0,0,0,0,0,0,0,0,0,0,0,0,0,0,0,0,0,0,0,0,0,0,0,0,0,0,0,0,0,0,0,0,0,0,0,0,0,0,0
20210528,4127,168,734,902,1096,1461,2557,3459,67,131,198,0,25,25,0,1,1,3,151,154,0,0,0,0,0,0,0,0,0,0,0,0,0,1,1,72,194,266,0,0,0,0,0,0,0,0,0,0,0,0,0,0,0,0,0,0,0,0,0,0,0,0,0,0,0,0,0,0,0,0,0,0,0,0,1,1,2,0,21,21,0,0,0,0,0,0,0,0,0,0,0,0,0,0,0,0,0,0,0,0,0,0,0,0,0,0,0,0,0,0,0,0,0,0,0,0,0,0,0,0,0,0,0,0,0
20210529,1458,55,173,228,237,720,957,1185,14,103,117,0,2,2,0,11,11,2,45,47,0,0,0,0,0,0,0,0,0,0,0,0,0,9,9,22,45,67,0,0,0,0,0,0,0,0,0,0,0,0,0,3,3,0,0,0,0,3,3,0,0,0,0,0,0,0,0,0,0,0,0,0,0,0,0,0,0,0,14,14,0,0,0,0,0,0,0,0,0,0,0,0,0,0,0,0,0,0,0,0,0,0,0,0,0,0,0,0,0,0,0,0,0,0,0,0,0,0,0,0,0,0,0,0,0
20210530,2357,34,72,106,752,1080,1832,1938,52,198,250,0,0,0,0,11,11,1,4,5,0,0,0,0,0,0,0,0,0,0,0,0,0,4,4,29,104,133,0,0,0,0,0,0,0,0,0,0,0,0,0,0,0,0,0,0,13,0,13,0,0,0,0,0,0,0,0,0,0,0,0,0,0,0,2,1,3,0,0,0,0,0,0,0,0,0,0,0,0,0,0,0,0,0,0,0,0,0,0,0,0,0,0,0,0,0,0,0,0,0,0,0,0,0,0,0,0,0,0,0,0,0,0,0,0
20210531,1895,26,48,74,191,1146,1337,1411,0,0,0,0,0,0,0,0,0,9,84,93,0,0,0,0,7,7,0,0,0,0,0,0,0,3,3,73,261,334,0,0,0,0,0,0,0,0,0,0,0,0,3,3,6,0,0,0,0,0,0,0,0,0,0,0,0,0,0,0,0,0,0,0,0,0,0,0,0,0,41,41,0,0,0,0,0,0,0,0,0,0,0,0,0,0,0,0,0,0,0,0,0,0,0,0,0,0,0,0,0,0,0,0,0,0,0,0,0,0,0,0,0,0,0,0,0
20210601,1314,108,151,259,330,598,928,1187,0,0,0,0,0,0,0,1,1,3,29,32,0,0,0,0,0,0,0,0,0,0,0,0,0,0,0,20,61,81,0,0,0,0,0,0,0,0,0,0,0,0,4,1,5,0,0,0,0,0,0,0,0,0,0,0,0,0,0,0,0,0,0,0,0,0,0,0,0,0,8,8,0,0,0,0,0,0,0,0,0,0,0,0,0,0,0,0,0,0,0,0,0,0,0,0,0,0,0,0,0,0,0,0,0,0,0,0,0,0,0,0,0,0,0,0,0
20210602,3773,103,490,593,566,2096,2662,3255,1,0,1,0,0,0,3,10,13,2,57,59,2,5,7,0,0,0,0,0,0,0,0,0,1,0,1,58,369,427,0,0,0,0,0,0,0,0,0,0,0,0,0,0,0,0,0,0,0,0,0,0,0,0,0,0,0,0,0,0,0,0,0,0,0,0,1,1,2,0,8,8,0,0,0,0,0,0,0,0,0,0,0,0,0,0,0,0,0,0,0,0,0,0,0,0,0,0,0,0,0,0,0,0,0,0,0,0,0,0,0,0,0,0,0,0,0
20210603,2082,89,284,373,163,1115,1278,1651,51,148,199,0,25,25,5,3,8,4,72,76,0,0,0,0,6,6,0,0,0,0,0,0,0,6,6,16,91,107,0,0,0,0,0,0,0,0,0,0,0,0,0,0,0,0,0,0,3,0,3,0,0,0,0,0,0,0,0,0,0,0,0,0,0,0,0,1,1,0,0,0,0,0,0,0,0,0,0,0,0,0,0,0,0,0,0,0,0,0,0,0,0,0,0,0,0,0,0,0,0,0,0,0,0,0,0,0,0,0,0,0,0,0,0,0,0
20210604,3871,169,836,1005,766,1619,2385,3390,2,138,140,0,0,0,2,8,10,1,2,3,0,0,0,0,0,0,0,0,0,0,0,0,0,0,0,85,243,328,0,0,0,0,0,0,0,0,0,0,0,0,0,0,0,0,0,0,0,0,0,0,0,0,0,0,0,0,0,0,0,0,0,0,0,0,0,0,0,0,0,0,0,0,0,0,0,0,0,0,0,0,0,0,0,0,0,0,0,0,0,0,0,0,0,0,0,0,0,0,0,0,0,0,0,0,0,0,0,0,0,0,0,0,0,0,0
20210605,1644,42,172,214,321,972,1293,1507,28,62,90,0,0,0,0,0,0,0,0,0,0,0,0,0,2,2,0,0,0,0,0,0,0,0,0,5,40,45,0,0,0,0,0,0,0,0,0,0,0,0,0,0,0,0,0,0,0,0,0,0,0,0,0,0,0,0,0,0,0,0,0,0,0,0,0,0,0,0,0,0,0,0,0,0,0,0,0,0,0,0,0,0,0,0,0,0,0,0,0,0,0,0,0,0,0,0,0,0,0,0,0,0,0,0,0,0,0,0,0,0,0,0,0,0,0
20210606,2436,166,302,468,587,1031,1618,2086,44,129,173,2,0,2,5,6,11,8,6,14,0,0,0,0,18,18,0,0,0,0,0,0,0,0,0,25,95,120,0,0,0,0,0,0,0,0,0,0,0,0,0,0,0,0,0,0,12,0,12,0,0,0,0,0,0,0,0,0,0,0,0,0,0,0,0,0,0,0,0,0,0,0,0,0,0,0,0,0,0,0,0,0,0,0,0,0,0,0,0,0,0,0,0,0,0,0,0,0,0,0,0,0,0,0,0,0,0,0,0,0,0,0,0,0,0
20210607,1514,18,43,61,132,880,1012,1073,0,0,0,0,0,0,1,2,3,3,2,5,0,0,0,0,0,0,0,6,6,0,0,0,0,15,15,82,329,411,0,0,0,0,0,0,0,0,0,0,0,0,0,0,0,0,0,0,0,0,0,0,0,0,0,0,0,0,0,0,0,0,0,0,0,0,0,1,1,0,0,0,0,0,0,0,0,0,0,0,0,0,0,0,0,0,0,0,0,0,0,0,0,0,0,0,0,0,0,0,0,0,0,0,0,0,0,0,0,0,0,0,0,0,0,0,0
20210608,1615,105,353,458,198,892,1090,1548,0,0,0,0,0,0,7,12,19,1,1,2,0,0,0,0,0,0,0,0,0,0,0,0,0,3,3,13,29,42,0,0,0,0,0,0,0,0,0,0,0,0,0,0,0,0,0,0,0,0,0,0,0,0,0,0,0,0,0,0,0,0,0,0,0,0,0,1,1,0,0,0,0,0,0,0,0,0,0,0,0,0,0,0,0,0,0,0,0,0,0,0,0,0,0,0,0,0,0,0,0,0,0,0,0,0,0,0,0,0,0,0,0,0,0,0,0
20210609,3056,69,112,181,449,2025,2474,2655,0,0,0,0,0,0,4,1,5,1,0,1,1,0,1,0,0,0,0,0,0,0,0,0,0,0,0,51,341,392,0,0,0,0,0,0,0,0,0,0,0,0,0,1,1,0,0,0,0,0,0,0,0,0,0,0,0,0,0,0,0,0,0,0,0,0,0,0,0,0,1,1,0,0,0,0,0,0,0,0,0,0,0,0,0,0,0,0,0,0,0,0,0,0,0,0,0,0,0,0,0,0,0,0,0,0,0,0,0,0,0,0,0,0,0,0,0
20210610,2352,77,489,566,222,1358,1580,2146,0,0,0,0,0,0,16,5,21,2,27,29,0,0,0,0,0,0,0,0,0,0,0,0,1,1,2,18,107,125,0,0,0,0,0,0,0,0,0,0,0,0,0,0,0,0,0,0,12,0,12,0,0,0,0,0,0,0,0,0,0,0,0,0,0,0,1,1,2,0,15,15,0,0,0,0,0,0,0,0,0,0,0,0,0,0,0,0,0,0,0,0,0,0,0,0,0,0,0,0,0,0,0,0,0,0,0,0,0,0,0,0,0,0,0,0,0
20210611,4619,189,682,871,1007,2129,3136,4007,69,134,203,0,0,0,1,2,3,14,65,79,0,0,0,0,2,2,0,0,0,0,0,0,0,0,0,66,259,325,0,0,0,0,0,0,0,0,0,0,0,0,0,0,0,0,0,0,0,0,0,0,0,0,0,0,0,0,0,0,0,0,0,0,0,0,0,0,0,0,0,0,0,0,0,0,0,0,0,0,0,0,0,0,0,0,0,0,0,0,0,0,0,0,0,0,0,0,0,0,0,0,0,0,0,0,0,0,0,0,0,0,0,0,0,0,0
20210612,1851,41,377,418,240,1011,1251,1669,23,75,98,0,0,0,0,3,3,2,2,4,0,0,0,0,0,0,0,0,0,0,0,0,1,0,1,9,58,67,0,0,0,0,0,0,0,0,0,0,0,0,0,0,0,0,0,0,0,0,0,0,0,0,0,0,0,0,0,0,0,0,0,0,0,0,0,1,1,8,0,8,0,0,0,0,0,0,0,0,0,0,0,0,0,0,0,0,0,0,0,0,0,0,0,0,0,0,0,0,0,0,0,0,0,0,0,0,0,0,0,0,0,0,0,0,0
20210613,2842,123,272,395,630,1436,2066,2461,38,127,165,0,0,0,0,0,0,1,77,78,0,0,0,0,0,0,0,0,0,0,0,0,0,0,0,25,100,125,0,0,0,0,0,0,0,0,0,0,0,0,0,0,0,0,0,0,11,0,11,0,0,0,0,0,0,0,0,0,0,0,0,0,0,0,0,2,2,0,0,0,0,0,0,0,0,0,0,0,0,0,0,0,0,0,0,0,0,0,0,0,0,0,0,0,0,0,0,0,0,0,0,0,0,0,0,0,0,0,0,0,0,0,0,0,0
20210614,1515,18,56,74,168,968,1136,1210,0,0,0,0,0,0,21,2,23,4,14,18,0,0,0,0,0,0,0,0,0,0,0,0,0,0,0,30,234,264,0,0,0,0,0,0,0,0,0,0,0,0,0,0,0,0,0,0,0,0,0,0,0,0,0,0,0,0,0,0,0,0,0,0,0,0,0,0,0,0,0,0,0,0,0,0,0,0,0,0,0,0,0,0,0,0,0,0,0,0,0,0,0,0,0,0,0,0,0,0,0,0,0,0,0,0,0,0,0,0,0,0,0,0,0,0,0
20210615,1299,90,155,245,234,678,912,1157,0,0,0,4,0,4,38,9,47,6,28,34,0,0,0,0,0,0,0,0,0,0,0,0,0,0,0,14,42,56,0,0,0,0,0,0,0,0,0,0,0,0,0,0,0,0,0,0,0,0,0,0,0,0,0,0,0,0,0,0,0,0,0,0,0,0,0,0,0,1,0,1,0,0,0,0,0,0,0,0,0,0,0,0,0,0,0,0,0,0,0,0,0,0,0,0,0,0,0,0,0,0,0,0,0,0,0,0,0,0,0,0,0,0,0,0,0
20210616,2940,78,135,213,538,1777,2315,2528,0,0,0,0,0,0,18,1,19,1,4,5,0,0,0,0,0,0,0,0,0,0,0,0,0,0,0,52,334,386,0,0,0,0,0,0,0,0,0,0,0,0,0,0,0,0,0,0,0,0,0,0,0,0,0,0,0,0,0,0,0,0,0,0,0,0,2,0,2,0,0,0,0,0,0,0,0,0,0,0,0,0,0,0,0,0,0,0,0,0,0,0,0,0,0,0,0,0,0,0,0,0,0,0,0,0,0,0,0,0,0,0,0,0,0,0,0
20210617,3055,120,703,823,216,1576,1792,2615,66,118,184,0,0,0,50,30,80,9,25,34,0,0,0,0,0,0,0,0,0,0,0,0,3,2,5,30,103,133,0,0,0,0,0,0,0,0,0,0,0,0,0,0,0,0,0,0,4,0,4,0,0,0,0,0,0,0,0,0,0,0,0,0,0,0,0,0,0,0,0,0,0,0,0,0,0,0,0,0,0,0,0,0,0,0,0,0,0,0,0,0,0,0,0,0,0,0,0,0,0,0,0,0,0,0,0,0,0,0,0,0,0,0,0,0,0
20210618,4636,159,1093,1252,819,1961,2780,4032,88,133,221,0,0,0,31,0,31,4,2,6,0,0,0,0,0,0,0,0,0,0,0,0,3,0,3,57,264,321,0,0,0,0,0,0,0,0,0,0,0,0,0,0,0,0,0,0,0,11,11,0,0,0,0,0,0,0,0,0,0,0,0,0,0,0,1,1,2,9,0,9,0,0,0,0,0,0,0,0,0,0,0,0,0,0,0,0,0,0,0,0,0,0,0,0,0,0,0,0,0,0,0,0,0,0,0,0,0,0,0,0,0,0,0,0,0
20210619,2379,66,571,637,248,1289,1537,2174,25,129,154,0,0,0,6,3,9,0,6,6,0,0,0,0,0,0,0,0,0,0,0,0,1,0,1,10,25,35,0,0,0,0,0,0,0,0,0,0,0,0,0,0,0,0,0,0,0,0,0,0,0,0,0,0,0,0,0,0,0,0,0,0,0,0,0,0,0,0,0,0,0,0,0,0,0,0,0,0,0,0,0,0,0,0,0,0,0,0,0,0,0,0,0,0,0,0,0,0,0,0,0,0,0,0,0,0,0,0,0,0,0,0,0,0,0
20210620,2871,197,227,424,706,1462,2168,2592,36,128,164,0,0,0,0,0,0,3,3,6,0,0,0,0,0,0,0,0,0,0,0,0,0,0,0,29,69,98,0,0,0,0,0,0,0,0,0,0,0,0,0,0,0,0,0,0,8,0,8,0,0,0,0,0,0,0,0,0,0,0,0,0,0,0,2,1,3,0,0,0,0,0,0,0,0,0,0,0,0,0,0,0,0,0,0,0,0,0,0,0,0,0,0,0,0,0,0,0,0,0,0,0,0,0,0,0,0,0,0,0,0,0,0,0,0
20210621,1805,41,18,59,181,1089,1270,1329,0,0,0,0,1,1,41,21,62,11,14,25,0,0,0,0,0,0,0,0,0,0,0,0,0,0,0,57,328,385,0,0,0,0,0,0,0,0,0,0,0,0,0,0,0,0,0,0,0,0,0,0,0,0,0,0,0,0,0,0,0,0,0,0,0,0,1,2,3,0,0,0,0,0,0,0,0,0,0,0,0,0,0,0,0,0,0,0,0,0,0,0,0,0,0,0,0,0,0,0,0,0,0,0,0,0,0,0,0,0,0,0,0,0,0,0,0
20210622,1726,73,399,472,230,925,1155,1627,0,0,0,0,1,1,2,0,2,5,7,12,0,0,0,4,0,4,0,0,0,0,0,0,23,0,23,16,37,53,0,0,0,0,0,0,0,0,0,0,0,0,1,1,2,0,0,0,0,0,0,0,0,0,0,0,0,0,0,0,0,0,0,0,0,0,0,0,0,2,0,2,0,0,0,0,0,0,0,0,0,0,0,0,0,0,0,0,0,0,0,0,0,0,0,0,0,0,0,0,0,0,0,0,0,0,0,0,0,0,0,0,0,0,0,0,0
20210623,3644,100,352,452,653,2152,2805,3257,0,0,0,0,0,0,1,0,1,5,11,16,0,0,0,0,0,0,0,0,0,0,0,0,1,0,1,44,286,330,0,0,0,0,0,0,0,0,0,0,0,0,2,2,4,0,0,0,0,0,0,0,0,0,0,0,0,0,0,0,0,0,0,0,0,0,0,0,0,0,35,35,0,0,0,0,0,0,0,0,0,0,0,0,0,0,0,0,0,0,0,0,0,0,0,0,0,0,0,0,0,0,0,0,0,0,0,0,0,0,0,0,0,0,0,0,0
20210624,2282,112,359,471,255,1447,1702,2173,0,0,0,0,0,0,5,1,6,8,5,13,0,0,0,0,0,0,0,0,0,0,0,0,5,7,12,25,43,68,0,0,0,0,0,0,0,0,0,0,0,0,0,0,0,0,0,0,10,0,10,0,0,0,0,0,0,0,0,0,0,0,0,0,0,0,0,0,0,0,0,0,0,0,0,0,0,0,0,0,0,0,0,0,0,0,0,0,0,0,0,0,0,0,0,0,0,0,0,0,0,0,0,0,0,0,0,0,0,0,0,0,0,0,0,0,0
20210625,4453,226,709,935,1078,1826,2904,3839,74,118,192,0,0,0,22,17,39,1,52,53,0,0,0,0,0,0,1,1,2,0,0,0,0,0,0,84,231,315,0,0,0,0,0,0,0,0,0,0,0,0,0,0,0,0,0,0,1,0,1,0,0,0,0,0,0,0,0,0,0,0,0,0,0,0,0,0,0,12,0,12,0,0,0,0,0,0,0,0,0,0,0,0,0,0,0,0,0,0,0,0,0,0,0,0,0,0,0,0,0,0,0,0,0,0,0,0,0,0,0,0,0,0,0,0,0
20210626,2686,122,718,840,493,1093,1586,2426,29,101,130,0,0,0,4,3,7,20,22,42,0,0,0,0,0,0,0,0,0,0,0,0,0,0,0,14,61,75,0,0,0,0,0,0,0,0,0,0,0,0,0,0,0,0,0,0,0,0,0,0,0,0,0,0,0,0,0,0,0,0,0,0,0,0,0,0,0,0,6,6,0,0,0,0,0,0,0,0,0,0,0,0,0,0,0,0,0,0,0,0,0,0,0,0,0,0,0,0,0,0,0,0,0,0,0,0,0,0,0,0,0,0,0,0,0
20210627,2470,22,122,144,678,1347,2025,2169,60,126,186,0,0,0,2,0,2,13,6,19,0,0,0,0,0,0,0,0,0,0,0,0,0,3,3,31,51,82,0,0,0,0,0,0,0,0,0,0,0,0,0,0,0,0,0,0,9,0,9,0,0,0,0,0,0,0,0,0,0,0,0,0,0,0,0,0,0,0,0,0,0,0,0,0,0,0,0,0,0,0,0,0,0,0,0,0,0,0,0,0,0,0,0,0,0,0,0,0,0,0,0,0,0,0,0,0,0,0,0,0,0,0,0,0,0
20210628,1787,23,215,238,169,1016,1185,1423,0,0,0,0,0,0,7,0,7,1,2,3,0,0,0,0,0,0,0,0,0,0,0,0,0,0,0,61,289,350,0,0,0,0,0,0,0,0,0,0,0,0,0,0,0,0,0,0,0,0,0,0,0,0,0,0,0,0,0,0,0,0,0,0,0,0,0,0,0,4,0,4,0,0,0,0,0,0,0,0,0,0,0,0,0,0,0,0,0,0,0,0,0,0,0,0,0,0,0,0,0,0,0,0,0,0,0,0,0,0,0,0,0,0,0,0,0
20210629,1643,97,358,455,306,760,1066,1521,0,0,0,2,0,2,11,3,14,18,14,32,0,0,0,4,0,4,0,0,0,0,0,0,0,1,1,33,26,59,0,0,0,0,0,0,0,0,0,0,0,0,0,0,0,0,0,0,0,0,0,0,0,0,0,0,0,0,0,0,0,0,0,0,0,0,4,6,10,0,0,0,0,0,0,0,0,0,0,0,0,0,0,0,0,0,0,0,0,0,0,0,0,0,0,0,0,0,0,0,0,0,0,0,0,0,0,0,0,0,0,0,0,0,0,0,0
20210630,3937,112,531,643,851,2076,2927,3570,0,3,3,0,0,0,0,2,2,7,4,11,0,0,0,0,0,0,0,0,0,0,0,0,0,2,2,85,256,341,0,0,0,0,0,0,0,0,0,0,0,0,0,1,1,0,0,0,0,0,0,0,0,0,0,0,0,0,0,0,0,0,0,0,0,0,0,0,0,7,0,7,0,0,0,0,0,0,0,0,0,0,0,0,0,0,0,0,0,0,0,0,0,0,0,0,0,0,0,0,0,0,0,0,0,0,0,0,0,0,0,0,0,0,0,0,0
20210701,3509,214,547,761,336,2025,2361,3122,80,116,196,0,0,0,4,4,8,11,25,36,0,0,0,0,0,0,0,0,0,0,0,0,10,2,12,34,88,122,0,0,0,0,0,0,0,0,0,0,0,0,0,0,0,0,0,0,7,0,7,0,0,0,0,0,0,0,0,0,0,0,0,0,0,0,0,0,0,0,6,6,0,0,0,0,0,0,0,0,0,0,0,0,0,0,0,0,0,0,0,0,0,0,0,0,0,0,0,0,0,0,0,0,0,0,0,0,0,0,0,0,0,0,0,0,0
20210702,4371,223,524,747,962,2022,2984,3731,114,235,349,0,0,0,7,1,8,5,2,7,0,0,0,0,0,0,0,0,0,0,0,0,0,0,0,78,198,276,0,0,0,0,0,0,0,0,0,0,0,0,0,0,0,0,0,0,0,0,0,0,0,0,0,0,0,0,0,0,0,0,0,0,0,0,0,0,0,0,0,0,0,0,0,0,0,0,0,0,0,0,0,0,0,0,0,0,0,0,0,0,0,0,0,0,0,0,0,0,0,0,0,0,0,0,0,0,0,0,0,0,0,0,0,0,0
20210703,1993,70,140,210,411,1138,1549,1759,10,74,84,0,0,0,0,2,2,2,14,16,0,0,0,0,0,0,0,0,0,0,0,0,0,0,0,56,75,131,0,0,0,0,0,0,0,0,0,0,0,0,0,0,0,0,0,0,0,0,0,0,0,0,0,0,0,0,0,0,0,0,0,0,0,0,1,0,1,0,0,0,0,0,0,0,0,0,0,0,0,0,0,0,0,0,0,0,0,0,0,0,0,0,0,0,0,0,0,0,0,0,0,0,0,0,0,0,0,0,0,0,0,0,0,0,0
20210704,3518,226,637,863,829,1547,2376,3239,72,77,149,0,0,0,0,0,0,2,0,2,0,0,0,0,0,0,0,0,0,0,0,0,0,0,0,54,55,109,0,0,0,0,0,0,0,0,0,0,0,0,3,3,6,0,0,0,13,0,13,0,0,0,0,0,0,0,0,0,0,0,0,0,0,0,0,0,0,0,0,0,0,0,0,0,0,0,0,0,0,0,0,0,0,0,0,0,0,0,0,0,0,0,0,0,0,0,0,0,0,0,0,0,0,0,0,0,0,0,0,0,0,0,0,0,0
20210705,2086,28,286,314,274,1128,1402,1716,0,0,0,0,0,0,2,0,2,1,4,5,0,0,0,0,0,0,0,0,0,0,0,0,0,0,0,83,280,363,0,0,0,0,0,0,0,0,0,0,0,0,0,0,0,0,0,0,0,0,0,0,0,0,0,0,0,0,0,0,0,0,0,0,0,0,0,0,0,0,0,0,0,0,0,0,0,0,0,0,0,0,0,0,0,0,0,0,0,0,0,0,0,0,0,0,0,0,0,0,0,0,0,0,0,0,0,0,0,0,0,0,0,0,0,0,0
20210706,1519,86,243,329,376,800,1176,1505,1,0,1,0,0,0,4,3,7,0,0,0,0,0,0,0,0,0,0,0,0,0,0,0,0,0,0,0,6,6,0,0,0,0,0,0,0,0,0,0,0,0,0,0,0,0,0,0,0,0,0,0,0,0,0,0,0,0,0,0,0,0,0,0,0,0,0,0,0,0,0,0,0,0,0,0,0,0,0,0,0,0,0,0,0,0,0,0,0,0,0,0,0,0,0,0,0,0,0,0,0,0,0,0,0,0,0,0,0,0,0,0,0,0,0,0,0
20210707,3474,113,340,453,683,1987,2670,3123,0,0,0,0,0,0,8,1,9,19,4,23,0,0,0,0,0,0,0,0,0,0,0,0,0,0,0,83,236,319,0,0,0,0,0,0,0,0,0,0,0,0,0,0,0,0,0,0,0,0,0,0,0,0,0,0,0,0,0,0,0,0,0,0,0,0,0,0,0,0,0,0,0,0,0,0,0,0,0,0,0,0,0,0,0,0,0,0,0,0,0,0,0,0,0,0,0,0,0,0,0,0,0,0,0,0,0,0,0,0,0,0,0,0,0,0,0
20210708,2720,129,720,849,280,1221,1501,2350,74,114,188,1,3,4,8,2,10,5,14,19,0,0,0,0,4,4,0,0,0,0,0,0,10,0,10,43,45,88,0,0,0,0,0,0,0,0,0,0,0,0,0,0,0,0,0,0,4,0,4,0,0,0,0,0,0,0,0,0,0,0,0,0,0,0,0,1,1,7,35,42,0,0,0,0,0,0,0,0,0,0,0,0,0,0,0,0,0,0,0,0,0,0,0,0,0,0,0,0,0,0,0,0,0,0,0,0,0,0,0,0,0,0,0,0,0
20210709,4051,153,754,907,934,1623,2557,3464,135,208,343,0,0,0,1,0,1,19,4,23,0,2,2,0,0,0,0,0,0,0,0,0,6,6,12,75,131,206,0,0,0,0,0,0,0,0,0,0,0,0,0,0,0,0,0,0,0,0,0,0,0,0,0,0,0,0,0,0,0,0,0,0,0,0,0,0,0,0,0,0,0,0,0,0,0,0,0,0,0,0,0,0,0,0,0,0,0,0,0,0,0,0,0,0,0,0,0,0,0,0,0,0,0,0,0,0,0,0,0,0,0,0,0,0,0
20210710,2277,120,340,460,521,1032,1553,2013,16,95,111,0,0,0,3,0,3,0,1,1,0,0,0,0,0,0,0,0,0,0,0,0,2,0,2,74,56,130,0,0,0,0,0,0,0,0,0,0,0,0,0,0,0,0,0,0,0,0,0,0,0,0,0,0,0,0,0,0,0,0,0,0,0,0,1,0,1,0,16,16,0,0,0,0,0,0,0,0,0,0,0,0,0,0,0,0,0,0,0,0,0,0,0,0,0,0,0,0,0,0,0,0,0,0,0,0,0,0,0,0,0,0,0,0,0
20210711,2643,181,150,331,861,1158,2019,2350,95,78,173,0,0,0,5,6,11,4,6,10,0,6,6,0,0,0,0,0,0,0,0,0,0,0,0,42,41,83,0,0,0,0,0,0,0,0,0,0,0,0,0,0,0,0,0,0,10,0,10,0,0,0,0,0,0,0,0,0,0,0,0,0,0,0,0,0,0,0,0,0,0,0,0,0,0,0,0,0,0,0,0,0,0,0,0,0,0,0,0,0,0,0,0,0,0,0,0,0,0,0,0,0,0,0,0,0,0,0,0,0,0,0,0,0,0
20210712,1666,42,46,88,304,933,1237,1325,0,0,0,0,0,0,0,0,0,5,8,13,0,0,0,0,0,0,0,0,0,0,0,0,1,0,1,88,239,327,0,0,0,0,0,0,0,0,0,0,0,0,0,0,0,0,0,0,0,0,0,0,0,0,0,0,0,0,0,0,0,0,0,0,0,0,0,0,0,0,0,0,0,0,0,0,0,0,0,0,0,0,0,0,0,0,0,0,0,0,0,0,0,0,0,0,0,0,0,0,0,0,0,0,0,0,0,0,0,0,0,0,0,0,0,0,0
20210713,1587,128,305,433,387,742,1129,1562,0,0,0,0,0,0,1,0,1,1,20,21,3,0,3,0,0,0,0,0,0,0,0,0,0,0,0,0,0,0,0,0,0,0,0,0,0,0,0,0,0,0,0,0,0,0,0,0,0,0,0,0,0,0,0,0,0,0,0,0,0,0,0,0,0,0,0,0,0,0,0,0,0,0,0,0,0,0,0,0,0,0,0,0,0,0,0,0,0,0,0,0,0,0,0,0,0,0,0,0,0,0,0,0,0,0,0,0,0,0,0,0,0,0,0,0,0
20210714,3606,120,303,423,912,1916,2828,3251,0,1,1,29,0,29,7,7,14,0,0,0,0,0,0,0,0,0,0,0,0,0,0,0,1,2,3,77,220,297,0,0,0,0,0,0,0,0,0,0,0,0,0,0,0,0,0,0,0,0,0,0,0,0,0,0,0,0,0,0,0,0,0,0,0,0,0,0,0,1,10,11,0,0,0,0,0,0,0,0,0,0,0,0,0,0,0,0,0,0,0,0,0,0,0,0,0,0,0,0,0,0,0,0,0,0,0,0,0,0,0,0,0,0,0,0,0
20210715,2850,149,661,810,437,1225,1662,2472,71,120,191,5,5,10,59,2,61,3,15,18,0,0,0,0,0,0,0,0,0,0,0,0,4,3,7,36,41,77,0,0,0,0,0,0,0,0,0,0,0,0,0,0,0,0,0,0,14,0,14,0,0,0,0,0,0,0,0,0,0,0,0,0,0,0,0,0,0,0,0,0,0,0,0,0,0,0,0,0,0,0,0,0,0,0,0,0,0,0,0,0,0,0,0,0,0,0,0,0,0,0,0,0,0,0,0,0,0,0,0,0,0,0,0,0,0
20210716,4485,212,868,1080,1146,1754,2900,3980,16,194,210,1,1,2,9,0,9,23,9,32,0,0,0,0,0,0,0,0,0,0,0,0,9,0,9,98,136,234,0,0,0,0,0,0,0,0,0,0,0,0,0,0,0,0,0,0,9,0,9,0,0,0,0,0,0,0,0,0,0,0,0,0,0,0,0,0,0,0,0,0,0,0,0,0,0,0,0,0,0,0,0,0,0,0,0,0,0,0,0,0,0,0,0,0,0,0,0,0,0,0,0,0,0,0,0,0,0,0,0,0,0,0,0,0,0
20210717,1774,80,200,280,480,776,1256,1536,13,78,91,0,0,0,1,0,1,3,15,18,0,0,0,0,0,0,0,0,0,0,0,0,0,0,0,66,61,127,0,0,0,0,0,0,0,0,0,0,0,0,0,0,0,0,0,0,0,1,1,0,0,0,0,0,0,0,0,0,0,0,0,0,0,0,0,0,0,0,0,0,0,0,0,0,0,0,0,0,0,0,0,0,0,0,0,0,0,0,0,0,0,0,0,0,0,0,0,0,0,0,0,0,0,0,0,0,0,0,0,0,0,0,0,0,0
20210718,3059,149,234,383,1080,1217,2297,2680,59,81,140,0,0,0,3,2,5,2,195,197,0,0,0,0,0,0,0,0,0,0,0,0,0,0,0,17,8,25,0,0,0,0,0,0,0,0,0,0,0,0,0,0,0,0,0,0,12,0,12,0,0,0,0,0,0,0,0,0,0,0,0,0,0,0,0,0,0,0,0,0,0,0,0,0,0,0,0,0,0,0,0,0,0,0,0,0,0,0,0,0,0,0,0,0,0,0,0,0,0,0,0,0,0,0,0,0,0,0,0,0,0,0,0,0,0
20210719,1687,33,28,61,366,879,1245,1306,0,0,0,1,0,1,0,0,0,6,5,11,10,0,10,1,0,1,0,0,0,0,0,0,0,2,2,86,268,354,0,0,0,0,0,0,0,0,0,0,0,0,0,0,0,0,0,0,0,0,0,0,0,0,0,0,0,0,0,0,0,0,0,0,0,0,2,0,2,0,0,0,0,0,0,0,0,0,0,0,0,0,0,0,0,0,0,0,0,0,0,0,0,0,0,0,0,0,0,0,0,0,0,0,0,0,0,0,0,0,0,0,0,0,0,0,0
20210720,1654,145,227,372,556,601,1157,1529,2,0,2,6,0,6,5,2,7,33,6,39,0,0,0,0,0,0,0,0,0,0,0,0,1,0,1,33,26,59,0,0,0,0,0,0,0,0,0,0,0,0,1,0,1,0,0,0,0,0,0,0,0,0,0,0,0,0,0,0,0,0,0,0,0,0,2,2,4,0,6,6,0,0,0,0,0,0,0,0,0,0,0,0,0,0,0,0,0,0,0,0,0,0,0,0,0,0,0,0,0,0,0,0,0,0,0,0,0,0,0,0,0,0,0,0,0
20210721,3249,119,275,394,929,1609,2538,2932,0,0,0,0,0,0,1,0,1,13,13,26,0,0,0,0,0,0,0,0,0,0,0,0,4,0,4,73,213,286,0,0,0,0,0,0,0,0,0,0,0,0,0,0,0,0,0,0,0,0,0,0,0,0,0,0,0,0,0,0,0,0,0,0,0,0,0,0,0,0,0,0,0,0,0,0,0,0,0,0,0,0,0,0,0,0,0,0,0,0,0,0,0,0,0,0,0,0,0,0,0,0,0,0,0,0,0,0,0,0,0,0,0,0,0,0,0
20210722,2494,96,413,509,444,1304,1748,2257,56,116,172,0,0,0,13,1,14,6,44,50,0,0,0,0,0,0,0,0,0,0,0,0,1,0,1,0,0,0,0,0,0,0,0,0,0,0,0,0,0,0,0,0,0,0,0,0,0,0,0,0,0,0,0,0,0,0,0,0,0,0,0,0,0,0,0,0,0,0,0,0,0,0,0,0,0,0,0,0,0,0,0,0,0,0,0,0,0,0,0,0,0,0,0,0,0,0,0,0,0,0,0,0,0,0,0,0,0,0,0,0,0,0,0,0,0
20210723,2765,108,291,399,896,1051,1947,2346,88,170,258,0,0,0,2,2,4,4,0,4,0,0,0,0,0,0,0,0,0,0,0,0,1,0,1,77,71,148,0,0,0,0,0,0,0,0,0,0,0,0,0,0,0,0,0,0,0,0,0,0,0,0,0,0,0,0,0,0,0,0,0,0,0,0,4,0,4,0,0,0,0,0,0,0,0,0,0,0,0,0,0,0,0,0,0,0,0,0,0,0,0,0,0,0,0,0,0,0,0,0,0,0,0,0,0,0,0,0,0,0,0,0,0,0,0
20210724,1563,68,356,424,445,483,928,1352,19,41,60,0,0,0,12,3,15,0,130,130,0,0,0,0,0,0,0,0,0,0,0,0,1,0,1,4,0,4,0,0,0,0,0,0,0,0,0,0,0,0,0,0,0,0,0,0,0,0,0,0,0,0,0,0,0,0,0,0,0,0,0,0,0,0,1,0,1,0,0,0,0,0,0,0,0,0,0,0,0,0,0,0,0,0,0,0,0,0,0,0,0,0,0,0,0,0,0,0,0,0,0,0,0,0,0,0,0,0,0,0,0,0,0,0,0
20210725,2505,186,374,560,888,899,1787,2347,0,0,0,1,1,2,0,1,1,4,37,41,0,0,0,0,0,0,0,0,0,0,0,0,0,0,0,54,40,94,0,0,0,0,0,0,0,0,0,0,0,0,0,6,6,0,0,0,9,0,9,0,0,0,0,0,0,0,0,0,0,0,0,0,0,0,1,1,2,0,3,3,0,0,0,0,0,0,0,0,0,0,0,0,0,0,0,0,0,0,0,0,0,0,0,0,0,0,0,0,0,0,0,0,0,0,0,0,0,0,0,0,0,0,0,0,0
20210726,1352,25,45,70,261,808,1069,1139,0,0,0,0,0,0,0,0,0,2,57,59,2,0,2,0,0,0,0,0,0,0,0,0,0,0,0,50,99,149,0,0,0,0,0,0,0,0,0,0,0,0,0,1,1,0,0,0,0,0,0,0,0,0,0,0,0,0,0,0,0,0,0,0,0,0,2,0,2,0,0,0,0,0,0,0,0,0,0,0,0,0,0,0,0,0,0,0,0,0,0,0,0,0,0,0,0,0,0,0,0,0,0,0,0,0,0,0,0,0,0,0,0,0,0,0,0
20210727,1993,150,243,393,557,863,1420,1813,59,62,121,0,0,0,9,0,9,12,33,45,0,0,0,1,0,1,0,0,0,0,0,0,0,0,0,0,0,0,0,0,0,0,0,0,0,0,0,0,0,0,0,0,0,0,0,0,0,0,0,0,0,0,0,0,0,0,0,0,0,0,0,0,0,0,0,0,0,0,4,4,0,0,0,0,0,0,0,0,0,0,0,0,0,0,0,0,0,0,0,0,0,0,0,0,0,0,0,0,0,0,0,0,0,0,0,0,0,0,0,0,0,0,0,0,0
20210728,3973,121,673,794,951,1759,2710,3504,0,0,0,3,3,6,0,0,0,7,92,99,0,0,0,0,0,0,0,0,0,0,0,0,28,1,29,110,217,327,0,0,0,0,0,0,0,0,0,0,0,0,0,4,4,0,0,0,1,0,1,0,0,0,0,0,0,0,0,0,0,0,0,0,0,0,0,3,3,0,0,0,0,0,0,0,0,0,0,0,0,0,0,0,0,0,0,0,0,0,0,0,0,0,0,0,0,0,0,0,0,0,0,0,0,0,0,0,0,0,0,0,0,0,0,0,0
20210729,2701,123,632,755,508,1155,1663,2418,67,115,182,4,0,4,9,1,10,13,44,57,0,0,0,0,0,0,0,0,0,0,0,0,10,1,11,4,0,4,0,0,0,0,0,0,0,0,0,0,0,0,2,0,2,0,0,0,13,0,13,0,0,0,0,0,0,0,0,0,0,0,0,0,0,0,0,0,0,0,0,0,0,0,0,0,0,0,0,0,0,0,0,0,0,0,0,0,0,0,0,0,0,0,0,0,0,0,0,0,0,0,0,0,0,0,0,0,0,0,0,0,0,0,0,0,0
20210730,4338,232,542,774,1319,1357,2676,3450,134,148,282,235,0,235,5,0,5,7,45,52,0,0,0,0,0,0,0,0,0,0,0,0,0,0,0,141,168,309,0,0,0,0,0,0,0,0,0,0,0,0,3,2,5,0,0,0,0,0,0,0,0,0,0,0,0,0,0,0,0,0,0,0,0,0,0,0,0,0,0,0,0,0,0,0,0,0,0,0,0,0,0,0,0,0,0,0,0,0,0,0,0,0,0,0,0,0,0,0,0,0,0,0,0,0,0,0,0,0,0,0,0,0,0,0,0
20210731,2287,118,435,553,617,878,1495,2048,10,36,46,0,0,0,3,3,6,0,0,0,0,0,0,0,0,0,0,0,0,0,0,0,0,0,0,108,79,187,0,0,0,0,0,0,0,0,0,0,0,0,0,0,0,0,0,0,0,0,0,0,0,0,0,0,0,0,0,0,0,0,0,0,0,0,0,0,0,0,0,0,0,0,0,0,0,0,0,0,0,0,0,0,0,0,0,0,0,0,0,0,0,0,0,0,0,0,0,0,0,0,0,0,0,0,0,0,0,0,0,0,0,0,0,0,0
20210801,3595,295,220,515,1193,1667,2860,3375,82,81,163,0,0,0,1,0,1,1,17,18,0,0,0,0,0,0,0,0,0,0,0,0,0,0,0,20,9,29,0,0,0,0,0,0,0,0,0,0,0,0,0,0,0,0,0,0,9,0,9,0,0,0,0,0,0,0,0,0,0,0,0,0,0,0,0,0,0,0,0,0,0,0,0,0,0,0,0,0,0,0,0,0,0,0,0,0,0,0,0,0,0,0,0,0,0,0,0,0,0,0,0,0,0,0,0,0,0,0,0,0,0,0,0,0,0
20210802,2222,52,46,98,644,1123,1767,1865,0,0,0,1,1,2,1,1,2,18,1,19,0,0,0,0,0,0,0,0,0,0,0,0,0,0,0,114,220,334,0,0,0,0,0,0,0,0,0,0,0,0,0,0,0,0,0,0,0,0,0,0,0,0,0,0,0,0,0,0,0,0,0,0,0,0,0,0,0,0,0,0,0,0,0,0,0,0,0,0,0,0,0,0,0,0,0,0,0,0,0,0,0,0,0,0,0,0,0,0,0,0,0,0,0,0,0,0,0,0,0,0,0,0,0,0,0
20210803,2134,228,245,473,706,736,1442,1915,55,35,90,0,0,0,0,0,0,25,64,89,0,0,0,1,0,1,0,0,0,0,0,0,24,0,24,0,10,10,0,0,0,0,0,0,1,0,1,0,0,0,0,0,0,0,0,0,0,0,0,0,0,0,0,0,0,0,0,0,0,0,0,0,0,0,0,1,1,0,3,3,0,0,0,0,0,0,0,0,0,0,0,0,0,0,0,0,0,0,0,0,0,0,0,0,0,0,0,0,0,0,0,0,0,0,0,0,0,0,0,0,0,0,0,0,0
20210804,3835,353,214,567,999,1796,2795,3362,0,0,0,1,0,1,2,0,2,16,66,82,0,0,0,0,0,0,0,0,0,0,0,0,1,0,1,162,220,382,0,0,0,0,0,0,0,0,0,0,0,0,0,0,0,0,0,0,0,0,0,0,0,0,0,0,0,0,0,0,0,0,0,0,0,0,0,0,0,0,5,5,0,0,0,0,0,0,0,0,0,0,0,0,0,0,0,0,0,0,0,0,0,0,0,0,0,0,0,0,0,0,0,0,0,0,0,0,0,0,0,0,0,0,0,0,0
20210805,3159,188,469,657,634,1512,2146,2803,127,139,266,0,0,0,6,3,9,8,3,11,0,0,0,0,0,0,0,0,0,0,0,0,0,0,0,32,31,63,0,0,0,0,0,0,0,0,0,0,0,0,0,0,0,0,0,0,7,0,7,0,0,0,0,0,0,0,0,0,0,0,0,0,0,0,0,0,0,0,0,0,0,0,0,0,0,0,0,0,0,0,0,0,0,0,0,0,0,0,0,0,0,0,0,0,0,0,0,0,0,0,0,0,0,0,0,0,0,0,0,0,0,0,0,0,0
20210806,3578,304,430,734,1201,1080,2281,3015,109,153,262,0,1,1,1,0,1,0,0,0,0,0,0,0,0,0,0,0,0,0,0,0,0,0,0,139,160,299,0,0,0,0,0,0,0,0,0,0,0,0,0,0,0,0,0,0,0,0,0,0,0,0,0,0,0,0,0,0,0,0,0,0,0,0,0,0,0,0,0,0,0,0,0,0,0,0,0,0,0,0,0,0,0,0,0,0,0,0,0,0,0,0,0,0,0,0,0,0,0,0,0,0,0,0,0,0,0,0,0,0,0,0,0,0,0
20210807,1510,55,182,237,530,604,1134,1371,7,17,24,0,0,0,3,7,10,0,0,0,0,0,0,0,0,0,0,0,0,0,0,0,4,0,4,50,50,100,0,0,0,0,0,0,0,0,0,0,0,0,1,0,1,0,0,0,0,0,0,0,0,0,0,0,0,0,0,0,0,0,0,0,0,0,0,0,0,0,0,0,0,0,0,0,0,0,0,0,0,0,0,0,0,0,0,0,0,0,0,0,0,0,0,0,0,0,0,0,0,0,0,0,0,0,0,0,0,0,0,0,0,0,0,0,0
20210808,4166,331,463,794,1265,1697,2962,3756,45,41,86,0,0,0,3,2,5,8,237,245,0,0,0,0,0,0,0,0,0,0,0,0,0,0,0,50,13,63,0,0,0,0,0,0,0,0,0,0,0,0,0,0,0,0,0,0,7,0,7,0,0,0,0,0,0,0,0,0,0,0,0,0,0,0,2,2,4,0,0,0,0,0,0,0,0,0,0,0,0,0,0,0,0,0,0,0,0,0,0,0,0,0,0,0,0,0,0,0,0,0,0,0,0,0,0,0,0,0,0,0,0,0,0,0,0
20210809,2096,96,52,148,514,1036,1550,1698,3,0,3,0,0,0,3,4,7,8,48,56,0,0,0,0,0,0,0,0,0,0,0,0,0,0,0,115,209,324,0,0,0,0,0,0,0,0,0,0,0,0,2,2,4,0,0,0,0,0,0,0,0,0,0,0,0,0,0,0,0,0,0,0,0,0,0,4,4,0,0,0,0,0,0,0,0,0,0,0,0,0,0,0,0,0,0,0,0,0,0,0,0,0,0,0,0,0,0,0,0,0,0,0,0,0,0,0,0,0,0,0,0,0,0,0,0
20210810,2260,194,279,473,765,841,1606,2079,49,52,101,0,0,0,3,0,3,10,42,52,0,0,0,0,1,1,0,0,0,0,0,0,10,0,10,0,0,0,0,0,0,0,0,0,0,0,0,0,0,0,1,4,5,0,0,0,0,0,0,0,0,0,0,0,0,0,0,0,0,0,0,0,0,0,0,1,1,0,8,8,0,0,0,0,0,0,0,0,0,0,0,0,0,0,0,0,0,0,0,0,0,0,0,0,0,0,0,0,0,0,0,0,0,0,0,0,0,0,0,0,0,0,0,0,0
20210811,4111,193,304,497,1003,2078,3081,3578,14,0,14,34,0,34,1,0,1,3,83,86,0,0,0,0,0,0,0,0,0,0,0,0,0,1,1,197,193,390,0,0,0,0,0,0,0,0,0,0,0,0,0,0,0,0,0,0,0,0,0,0,0,0,0,0,0,0,0,0,0,0,0,0,0,0,2,4,6,0,1,1,0,0,0,0,0,0,0,0,0,0,0,0,0,0,0,0,0,0,0,0,0,0,0,0,0,0,0,0,0,0,0,0,0,0,0,0,0,0,0,0,0,0,0,0,0
20210812,3555,218,582,800,936,1370,2306,3106,137,130,267,4,1,5,3,2,5,29,69,98,0,0,0,2,3,5,0,0,0,0,0,0,0,0,0,29,24,53,0,0,0,0,0,0,0,0,0,0,0,0,0,0,0,0,0,0,10,0,10,0,0,0,0,0,0,0,0,0,0,0,0,0,0,0,0,0,0,0,6,6,0,0,0,0,0,0,0,0,0,0,0,0,0,0,0,0,0,0,0,0,0,0,0,0,0,0,0,0,0,0,0,0,0,0,0,0,0,0,0,0,0,0,0,0,0
20210813,3479,273,552,825,1156,985,2141,2966,88,128,216,0,0,0,2,1,3,18,96,114,0,0,0,0,0,0,0,0,0,0,0,0,0,0,0,86,91,177,0,0,0,0,0,0,0,0,0,0,0,0,0,0,0,0,0,0,0,0,0,0,0,0,0,0,0,0,0,0,0,0,0,0,0,0,0,0,0,0,3,3,0,0,0,0,0,0,0,0,0,0,0,0,0,0,0,0,0,0,0,0,0,0,0,0,0,0,0,0,0,0,0,0,0,0,0,0,0,0,0,0,0,0,0,0,0
20210814,2196,76,156,232,653,1085,1738,1970,18,4,22,0,0,0,11,11,22,11,63,74,0,0,0,0,0,0,0,0,0,0,0,0,0,0,0,69,39,108,0,0,0,0,0,0,0,0,0,0,0,0,0,0,0,0,0,0,0,0,0,0,0,0,0,0,0,0,0,0,0,0,0,0,0,0,0,0,0,0,0,0,0,0,0,0,0,0,0,0,0,0,0,0,0,0,0,0,0,0,0,0,0,0,0,0,0,0,0,0,0,0,0,0,0,0,0,0,0,0,0,0,0,0,0,0,0
20210815,3993,261,178,439,1341,1898,3239,3678,82,68,150,0,0,0,8,5,13,2,86,88,0,0,0,0,0,0,0,0,0,0,0,0,0,0,0,24,24,48,0,0,0,0,0,0,0,0,0,0,0,0,0,0,0,0,0,0,12,0,12,0,0,0,0,0,0,0,0,0,0,0,0,0,0,0,0,0,0,0,4,4,0,0,0,0,0,0,0,0,0,0,0,0,0,0,0,0,0,0,0,0,0,0,0,0,0,0,0,0,0,0,0,0,0,0,0,0,0,0,0,0,0,0,0,0,0
20210816,2248,50,87,137,500,1015,1515,1652,12,0,12,0,0,0,3,4,7,7,169,176,0,0,0,0,0,0,0,0,0,0,0,0,0,0,0,201,198,399,0,0,0,0,0,0,0,0,0,0,0,0,0,0,0,0,0,0,0,0,0,0,0,0,0,0,0,0,0,0,0,0,0,0,0,0,1,1,2,0,0,0,0,0,0,0,0,0,0,0,0,0,0,0,0,0,0,0,0,0,0,0,0,0,0,0,0,0,0,0,0,0,0,0,0,0,0,0,0,0,0,0,0,0,0,0,0
20210817,2446,261,212,473,1115,699,1814,2287,20,38,58,0,0,0,9,7,16,9,67,76,0,0,0,0,0,0,0,0,0,0,0,0,3,1,4,4,0,4,0,0,0,0,0,0,0,0,0,0,0,0,1,0,1,0,0,0,0,0,0,0,0,0,0,0,0,0,0,0,0,0,0,0,0,0,0,0,0,0,0,0,0,0,0,0,0,0,0,0,0,0,0,0,0,0,0,0,0,0,0,0,0,0,0,0,0,0,0,0,0,0,0,0,0,0,0,0,0,0,0,0,0,0,0,0,0
20210818,4632,223,276,499,1287,2170,3457,3956,57,0,57,2,0,2,0,0,0,9,255,264,0,0,0,0,0,0,0,0,0,0,0,0,1,0,1,144,208,352,0,0,0,0,0,0,0,0,0,0,0,0,0,0,0,0,0,0,0,0,0,0,0,0,0,0,0,0,0,0,0,0,0,0,0,0,0,0,0,0,0,0,0,0,0,0,0,0,0,0,0,0,0,0,0,0,0,0,0,0,0,0,0,0,0,0,0,0,0,0,0,0,0,0,0,0,0,0,0,0,0,0,0,0,0,0,0
20210819,3086,176,516,692,567,1359,1926,2618,149,141,290,1,1,2,21,36,57,11,38,49,0,0,0,0,0,0,0,0,0,0,0,0,4,0,4,35,19,54,0,0,0,0,0,0,0,0,0,0,0,0,0,0,0,0,0,0,12,0,12,0,0,0,0,0,0,0,0,0,0,0,0,0,0,0,0,0,0,0,0,0,0,0,0,0,0,0,0,0,0,0,0,0,0,0,0,0,0,0,0,0,0,0,0,0,0,0,0,0,0,0,0,0,0,0,0,0,0,0,0,0,0,0,0,0,0
20210820,4146,314,495,809,1191,1397,2588,3397,100,233,333,0,0,0,0,0,0,96,56,152,0,0,0,0,0,0,0,0,0,0,0,0,0,4,4,140,111,251,0,0,0,0,0,0,0,0,0,0,0,0,0,1,1,0,0,0,4,0,4,0,0,0,0,0,0,0,0,0,0,0,0,0,0,0,2,2,4,0,0,0,0,0,0,0,0,0,0,0,0,0,0,0,0,0,0,0,0,0,0,0,0,0,0,0,0,0,0,0,0,0,0,0,0,0,0,0,0,0,0,0,0,0,0,0,0
20210821,2137,86,185,271,814,909,1723,1994,3,5,8,0,0,0,1,2,3,5,34,39,0,0,0,0,0,0,0,0,0,0,0,0,0,0,0,52,41,93,0,0,0,0,0,0,0,0,0,0,0,0,0,0,0,0,0,0,0,0,0,0,0,0,0,0,0,0,0,0,0,0,0,0,0,0,0,0,0,0,0,0,0,0,0,0,0,0,0,0,0,0,0,0,0,0,0,0,0,0,0,0,0,0,0,0,0,0,0,0,0,0,0,0,0,0,0,0,0,0,0,0,0,0,0,0,0
20210822,3079,227,180,407,1233,1300,2533,2940,50,23,73,0,0,0,0,3,3,3,2,5,0,0,0,0,0,0,0,0,0,0,0,0,0,0,0,35,22,57,0,0,0,0,0,0,0,0,0,0,0,0,1,0,1,0,0,0,0,0,0,0,0,0,0,0,0,0,0,0,0,0,0,0,0,0,0,0,0,0,0,0,0,0,0,0,0,0,0,0,0,0,0,0,0,0,0,0,0,0,0,0,0,0,0,0,0,0,0,0,0,0,0,0,0,0,0,0,0,0,0,0,0,0,0,0,0
20210823,1766,68,39,107,400,822,1222,1329,5,0,5,0,0,0,8,1,9,17,53,70,0,0,0,0,0,0,0,0,0,0,0,0,0,0,0,169,183,352,0,0,0,0,0,0,0,0,0,0,0,0,0,0,0,0,0,0,0,0,0,0,0,0,0,0,0,0,0,0,0,0,0,0,0,0,0,1,1,0,0,0,0,0,0,0,0,0,0,0,0,0,0,0,0,0,0,0,0,0,0,0,0,0,0,0,0,0,0,0,0,0,0,0,0,0,0,0,0,0,0,0,0,0,0,0,0
20210824,1963,205,174,379,641,601,1242,1621,69,34,103,9,0,9,7,15,22,10,73,83,0,0,0,0,0,0,0,0,0,0,0,0,40,69,109,0,0,0,0,0,0,0,0,0,0,0,0,0,0,0,1,2,3,0,0,0,13,0,13,0,0,0,0,0,0,0,0,0,0,0,0,0,0,0,0,0,0,0,0,0,0,0,0,0,0,0,0,0,0,0,0,0,0,0,0,0,0,0,0,0,0,0,0,0,0,0,0,0,0,0,0,0,0,0,0,0,0,0,0,0,0,0,0,0,0
20210825,3365,218,296,514,1075,1349,2424,2938,8,0,8,3,1,4,3,2,5,8,5,13,0,0,0,0,0,0,0,0,0,0,0,0,0,12,12,158,226,384,0,0,0,0,0,0,0,0,0,0,0,0,1,0,1,0,0,0,0,0,0,0,0,0,0,0,0,0,0,0,0,0,0,0,0,0,0,0,0,0,0,0,0,0,0,0,0,0,0,0,0,0,0,0,0,0,0,0,0,0,0,0,0,0,0,0,0,0,0,0,0,0,0,0,0,0,0,0,0,0,0,0,0,0,0,0,0
20210826,2880,230,490,720,645,1126,1771,2491,111,112,223,1,0,1,2,28,30,4,66,70,0,2,2,0,0,0,0,0,0,0,0,0,2,2,4,32,19,51,0,0,0,0,0,0,0,0,0,0,0,0,0,0,0,0,0,0,0,0,0,0,0,0,0,0,0,0,0,0,0,0,0,0,0,0,1,2,3,1,4,5,0,0,0,0,0,0,0,0,0,0,0,0,0,0,0,0,0,0,0,0,0,0,0,0,0,0,0,0,0,0,0,0,0,0,0,0,0,0,0,0,0,0,0,0,0
20210827,3760,410,469,879,1323,934,2257,3136,145,149,294,0,0,0,3,7,10,2,30,32,0,0,0,0,0,0,0,0,0,0,0,0,2,0,2,170,102,272,0,0,0,0,0,0,0,0,0,0,0,0,0,1,1,0,0,0,11,0,11,0,0,0,0,0,0,0,0,0,0,0,0,0,0,0,1,0,1,0,1,1,0,0,0,0,0,0,0,0,0,0,0,0,0,0,0,0,0,0,0,0,0,0,0,0,0,0,0,0,0,0,0,0,0,0,0,0,0,0,0,0,0,0,0,0,0
20210828,2570,80,457,537,828,936,1764,2301,7,12,19,0,0,0,1,0,1,3,39,42,0,0,0,0,0,0,0,0,0,0,0,0,20,15,35,60,53,113,0,0,0,0,0,0,0,0,0,0,0,0,0,0,0,0,0,0,55,0,55,0,0,0,0,0,0,0,0,0,0,0,0,0,0,0,1,2,3,0,1,1,0,0,0,0,0,0,0,0,0,0,0,0,0,0,0,0,0,0,0,0,0,0,0,0,0,0,0,0,0,0,0,0,0,0,0,0,0,0,0,0,0,0,0,0,0
20210829,2966,343,193,536,1044,1135,2179,2715,88,45,133,0,0,0,3,0,3,6,1,7,0,0,0,0,0,0,0,0,0,0,0,0,0,0,0,40,31,71,0,0,0,0,0,0,0,0,0,0,0,0,0,0,0,0,0,0,0,37,37,0,0,0,0,0,0,0,0,0,0,0,0,0,0,0,0,0,0,0,0,0,0,0,0,0,0,0,0,0,0,0,0,0,0,0,0,0,0,0,0,0,0,0,0,0,0,0,0,0,0,0,0,0,0,0,0,0,0,0,0,0,0,0,0,0,0
20210830,1765,90,50,140,451,785,1236,1376,20,0,20,0,0,0,1,1,2,1,33,34,0,0,0,0,0,0,0,0,0,0,0,0,0,0,0,160,171,331,0,0,0,0,0,0,0,0,0,0,0,0,0,0,0,0,0,0,0,0,0,0,0,0,0,0,0,0,0,0,0,0,0,0,0,0,0,0,0,1,1,2,0,0,0,0,0,0,0,0,0,0,0,0,0,0,0,0,0,0,0,0,0,0,0,0,0,0,0,0,0,0,0,0,0,0,0,0,0,0,0,0,0,0,0,0,0
20210831,2208,265,241,506,708,822,1530,2036,71,58,129,1,0,1,0,0,0,12,2,14,0,0,0,0,4,4,0,0,0,0,0,0,9,0,9,0,0,0,0,0,0,0,0,0,5,0,5,0,0,0,0,0,0,0,0,0,9,0,9,0,0,0,0,0,0,0,0,0,0,0,0,0,0,0,0,1,1,0,0,0,0,0,0,0,0,0,0,0,0,0,0,0,0,0,0,0,0,0,0,0,0,0,0,0,0,0,0,0,0,0,0,0,0,0,0,0,0,0,0,0,0,0,0,0,0
20210901,4164,325,320,645,1489,1461,2950,3595,9,0,9,12,0,12,5,18,23,18,51,69,0,0,0,0,0,0,0,0,0,0,0,0,27,27,54,202,193,395,0,0,0,0,0,0,0,0,0,0,0,0,6,1,7,0,0,0,0,0,0,0,0,0,0,0,0,0,0,0,0,0,0,0,0,0,0,0,0,0,0,0,0,0,0,0,0,0,0,0,0,0,0,0,0,0,0,0,0,0,0,0,0,0,0,0,0,0,0,0,0,0,0,0,0,0,0,0,0,0,0,0,0,0,0,0,0
20210902,3212,297,580,877,854,1097,1951,2828,132,114,246,0,1,1,24,30,54,4,3,7,0,0,0,0,0,0,0,0,0,0,0,0,0,11,11,39,26,65,0,0,0,0,0,0,0,0,0,0,0,0,0,0,0,0,0,0,0,0,0,0,0,0,0,0,0,0,0,0,0,0,0,0,0,0,0,0,0,0,0,0,0,0,0,0,0,0,0,0,0,0,0,0,0,0,0,0,0,0,0,0,0,0,0,0,0,0,0,0,0,0,0,0,0,0,0,0,0,0,0,0,0,0,0,0,0
20210903,3874,500,424,924,1478,905,2383,3307,103,91,194,0,0,0,9,6,15,7,4,11,0,0,0,0,0,0,0,0,0,0,0,0,1,0,1,185,148,333,0,0,0,0,0,0,0,0,0,0,0,0,0,0,0,0,0,0,13,0,13,0,0,0,0,0,0,0,0,0,0,0,0,0,0,0,0,0,0,0,0,0,0,0,0,0,0,0,0,0,0,0,0,0,0,0,0,0,0,0,0,0,0,0,0,0,0,0,0,0,0,0,0,0,0,0,0,0,0,0,0,0,0,0,0,0,0
20210904,2252,104,208,312,895,825,1720,2032,63,39,102,0,0,0,2,5,7,7,3,10,0,0,0,0,0,0,0,0,0,0,0,0,0,0,0,63,36,99,0,0,0,0,0,0,0,0,0,0,0,0,0,0,0,0,0,0,0,0,0,0,0,0,0,0,0,0,0,0,0,0,0,0,0,0,0,0,0,0,2,2,0,0,0,0,0,0,0,0,0,0,0,0,0,0,0,0,0,0,0,0,0,0,0,0,0,0,0,0,0,0,0,0,0,0,0,0,0,0,0,0,0,0,0,0,0
20210905,3128,257,199,456,1381,1060,2441,2897,109,43,152,0,0,0,8,8,16,7,5,12,0,0,0,0,0,0,0,0,0,0,0,0,5,0,5,31,15,46,0,0,0,0,0,0,0,0,0,0,0,0,0,0,0,0,0,0,0,0,0,0,0,0,0,0,0,0,0,0,0,0,0,0,0,0,0,0,0,0,0,0,0,0,0,0,0,0,0,0,0,0,0,0,0,0,0,0,0,0,0,0,0,0,0,0,0,0,0,0,0,0,0,0,0,0,0,0,0,0,0,0,0,0,0,0,0
20210906,1688,105,39,144,554,616,1170,1314,5,0,5,0,2,2,1,2,3,6,21,27,0,0,0,0,0,0,0,0,0,0,0,0,1,0,1,135,201,336,0,0,0,0,0,0,0,0,0,0,0,0,0,0,0,0,0,0,0,0,0,0,0,0,0,0,0,0,0,0,0,0,0,0,0,0,0,0,0,0,0,0,0,0,0,0,0,0,0,0,0,0,0,0,0,0,0,0,0,0,0,0,0,0,0,0,0,0,0,0,0,0,0,0,0,0,0,0,0,0,0,0,0,0,0,0,0
20210907,2042,248,168,416,747,688,1435,1851,70,55,125,1,1,2,18,19,37,8,12,20,0,0,0,0,0,0,0,0,0,0,0,0,1,0,1,0,0,0,0,0,0,0,0,0,0,0,0,0,0,0,0,0,0,0,0,0,5,0,5,0,0,0,0,0,0,0,0,0,0,0,0,0,0,0,0,0,0,1,0,1,0,0,0,0,0,0,0,0,0,0,0,0,0,0,0,0,0,0,0,0,0,0,0,0,0,0,0,0,0,0,0,0,0,0,0,0,0,0,0,0,0,0,0,0,0
20210908,2889,202,301,503,1059,928,1987,2490,14,0,14,1,0,1,9,10,19,3,19,22,0,0,0,0,0,0,0,0,0,0,0,0,0,6,6,121,209,330,0,0,0,0,0,0,0,0,0,0,0,0,1,0,1,0,0,0,0,0,0,0,0,0,0,0,0,0,0,0,0,0,0,0,0,0,0,1,1,5,0,5,0,0,0,0,0,0,0,0,0,0,0,0,0,0,0,0,0,0,0,0,0,0,0,0,0,0,0,0,0,0,0,0,0,0,0,0,0,0,0,0,0,0,0,0,0
20210909,2877,250,467,717,783,987,1770,2487,118,126,244,0,0,0,33,40,73,10,2,12,0,0,0,0,4,4,0,0,0,0,0,0,3,2,5,27,25,52,0,0,0,0,0,0,0,0,0,0,0,0,0,0,0,0,0,0,0,0,0,0,0,0,0,0,0,0,0,0,0,0,0,0,0,0,0,0,0,0,0,0,0,0,0,0,0,0,0,0,0,0,0,0,0,0,0,0,0,0,0,0,0,0,0,0,0,0,0,0,0,0,0,0,0,0,0,0,0,0,0,0,0,0,0,0,0
20210910,3693,312,661,973,1282,910,2192,3165,105,126,231,0,0,0,1,0,1,7,4,11,0,0,0,0,0,0,0,0,0,0,0,0,2,0,2,148,118,266,0,0,0,0,0,0,0,0,0,0,0,0,0,1,1,0,0,0,13,0,13,0,0,0,0,0,0,0,0,0,0,0,0,0,0,0,0,0,0,0,3,3,0,0,0,0,0,0,0,0,0,0,0,0,0,0,0,0,0,0,0,0,0,0,0,0,0,0,0,0,0,0,0,0,0,0,0,0,0,0,0,0,0,0,0,0,0
20210911,2704,87,826,913,813,770,1583,2496,26,43,69,0,0,0,1,0,1,3,1,4,0,0,0,0,0,0,0,0,0,0,0,0,0,0,0,92,40,132,0,0,0,0,0,0,0,0,0,0,0,0,2,0,2,0,0,0,0,0,0,0,0,0,0,0,0,0,0,0,0,0,0,0,0,0,0,0,0,0,0,0,0,0,0,0,0,0,0,0,0,0,0,0,0,0,0,0,0,0,0,0,0,0,0,0,0,0,0,0,0,0,0,0,0,0,0,0,0,0,0,0,0,0,0,0,0
20210912,876,259,213,472,168,131,299,771,71,32,103,0,0,0,0,0,0,0,2,2,0,0,0,0,0,0,0,0,0,0,0,0,0,0,0,0,0,0,0,0,0,0,0,0,0,0,0,0,0,0,0,0,0,0,0,0,0,0,0,0,0,0,0,0,0,0,0,0,0,0,0,0,0,0,0,0,0,0,0,0,0,0,0,0,0,0,0,0,0,0,0,0,0,0,0,0,0,0,0,0,0,0,0,0,0,0,0,0,0,0,0,0,0,0,0,0,0,0,0,0,0,0,0,0,0
20210913,2232,129,298,427,887,694,1581,2008,4,0,4,0,0,0,0,0,0,3,15,18,0,0,0,0,0,0,0,0,0,0,0,0,2,2,4,117,81,198,0,0,0,0,0,0,0,0,0,0,0,0,0,0,0,0,0,0,0,0,0,0,0,0,0,0,0,0,0,0,0,0,0,0,0,0,0,0,0,0,0,0,0,0,0,0,0,0,0,0,0,0,0,0,0,0,0,0,0,0,0,0,0,0,0,0,0,0,0,0,0,0,0,0,0,0,0,0,0,0,0,0,0,0,0,0,0
20210914,2134,250,161,411,821,715,1536,1947,30,44,74,3,0,3,16,27,43,2,11,13,0,0,0,0,0,0,0,0,0,0,0,0,18,17,35,1,0,1,0,0,0,0,0,0,0,0,0,0,0,0,0,3,3,0,0,0,5,0,5,0,0,0,0,0,0,0,0,0,0,0,0,0,0,0,5,3,8,0,2,2,0,0,0,0,0,0,0,0,0,0,0,0,0,0,0,0,0,0,0,0,0,0,0,0,0,0,0,0,0,0,0,0,0,0,0,0,0,0,0,0,0,0,0,0,0
20210915,3710,306,566,872,1292,1034,2326,3198,8,0,8,31,0,31,10,7,17,4,3,7,0,0,0,0,0,0,0,0,0,0,0,0,0,0,0,174,275,449,0,0,0,0,0,0,0,0,0,0,0,0,0,0,0,0,0,0,0,0,0,0,0,0,0,0,0,0,0,0,0,0,0,0,0,0,0,0,0,0,0,0,0,0,0,0,0,0,0,0,0,0,0,0,0,0,0,0,0,0,0,0,0,0,0,0,0,0,0,0,0,0,0,0,0,0,0,0,0,0,0,0,0,0,0,0,0
20210916,2998,282,480,762,882,1088,1970,2732,82,57,139,7,0,7,7,4,11,10,20,30,0,0,0,0,0,0,0,0,0,0,0,0,2,0,2,36,38,74,0,0,0,0,0,0,0,0,0,0,0,0,0,0,0,0,0,0,0,0,0,0,0,0,0,0,0,0,0,0,0,0,0,0,0,0,0,3,3,0,0,0,0,0,0,0,0,0,0,0,0,0,0,0,0,0,0,0,0,0,0,0,0,0,0,0,0,0,0,0,0,0,0,0,0,0,0,0,0,0,0,0,0,0,0,0,0
20210917,4100,388,539,927,1649,1005,2654,3581,106,131,237,0,1,1,8,1,9,6,33,39,0,0,0,0,0,0,0,0,0,0,0,0,0,5,5,136,84,220,0,0,0,0,0,0,0,0,0,0,0,0,0,0,0,0,0,0,3,0,3,0,0,0,0,0,0,0,0,0,0,0,0,0,0,0,0,1,1,0,4,4,0,0,0,0,0,0,0,0,0,0,0,0,0,0,0,0,0,0,0,0,0,0,0,0,0,0,0,0,0,0,0,0,0,0,0,0,0,0,0,0,0,0,0,0,0
20210918,1874,96,165,261,728,684,1412,1673,41,20,61,1,0,1,5,0,5,7,9,16,0,0,0,0,0,0,0,0,0,0,0,0,0,0,0,60,48,108,0,0,0,0,0,0,0,0,0,0,0,0,0,0,0,0,0,0,0,0,0,0,0,0,0,0,0,0,0,0,0,0,0,0,0,0,0,2,2,0,8,8,0,0,0,0,0,0,0,0,0,0,0,0,0,0,0,0,0,0,0,0,0,0,0,0,0,0,0,0,0,0,0,0,0,0,0,0,0,0,0,0,0,0,0,0,0
20210919,2575,277,390,667,923,829,1752,2419,61,43,104,0,0,0,0,2,2,3,5,8,0,0,0,0,0,0,0,0,0,0,0,0,0,0,0,22,19,41,0,0,0,0,0,0,0,0,0,0,0,0,0,0,0,0,0,0,0,0,0,0,0,0,0,0,0,0,0,0,0,0,0,0,0,0,0,1,1,0,0,0,0,0,0,0,0,0,0,0,0,0,0,0,0,0,0,0,0,0,0,0,0,0,0,0,0,0,0,0,0,0,0,0,0,0,0,0,0,0,0,0,0,0,0,0,0
20210920,1020,66,39,105,504,249,753,858,9,0,9,0,0,0,0,1,1,2,4,6,0,0,0,0,0,0,0,0,0,0,0,0,0,2,2,92,48,140,0,0,0,0,0,0,0,0,0,0,0,0,0,0,0,0,0,0,0,4,4,0,0,0,0,0,0,0,0,0,0,0,0,0,0,0,0,0,0,0,0,0,0,0,0,0,0,0,0,0,0,0,0,0,0,0,0,0,0,0,0,0,0,0,0,0,0,0,0,0,0,0,0,0,0,0,0,0,0,0,0,0,0,0,0,0,0
20210921,1502,153,55,208,834,411,1245,1453,12,0,12,1,1,2,0,8,8,9,6,15,0,0,0,0,0,0,0,0,0,0,0,0,0,0,0,0,0,0,0,0,0,0,0,0,0,0,0,1,0,1,0,2,2,0,0,0,9,0,9,0,0,0,0,0,0,0,0,0,0,0,0,0,0,0,0,0,0,0,0,0,0,0,0,0,0,0,0,0,0,0,0,0,0,0,0,0,0,0,0,0,0,0,0,0,0,0,0,0,0,0,0,0,0,0,0,0,0,0,0,0,0,0,0,0,0
20210922,2198,310,167,477,861,628,1489,1966,9,0,9,0,1,1,7,2,9,10,9,19,0,0,0,0,0,0,0,0,0,0,0,0,0,0,0,79,97,176,0,0,0,0,0,0,0,0,0,0,0,0,2,0,2,0,0,0,0,0,0,0,0,0,0,0,0,0,0,0,0,0,0,0,0,0,3,0,3,0,13,13,0,0,0,0,0,0,0,0,0,0,0,0,0,0,0,0,0,0,0,0,0,0,0,0,0,0,0,0,0,0,0,0,0,0,0,0,0,0,0,0,0,0,0,0,0
20210923,2986,308,694,1002,825,863,1688,2690,63,42,105,2,0,2,10,16,26,8,1,9,0,0,0,0,0,0,0,0,0,0,0,0,36,16,52,37,61,98,0,0,0,0,0,0,0,0,0,0,0,0,0,0,0,0,0,0,0,0,0,0,0,0,0,0,0,0,0,0,0,0,0,0,0,0,2,0,2,2,0,2,0,0,0,0,0,0,0,0,0,0,0,0,0,0,0,0,0,0,0,0,0,0,0,0,0,0,0,0,0,0,0,0,0,0,0,0,0,0,0,0,0,0,0,0,0
20210924,4579,539,547,1086,1599,1294,2893,3979,147,159,306,0,0,0,4,1,5,3,12,15,0,0,0,0,0,0,0,0,0,0,0,0,8,13,21,126,112,238,0,0,0,0,0,0,0,0,0,0,0,0,0,0,0,0,0,0,8,0,8,0,0,0,0,0,0,0,0,0,0,0,0,0,0,0,0,2,2,5,0,5,0,0,0,0,0,0,0,0,0,0,0,0,0,0,0,0,0,0,0,0,0,0,0,0,0,0,0,0,0,0,0,0,0,0,0,0,0,0,0,0,0,0,0,0,0
20210925,2406,170,472,642,625,795,1420,2062,55,78,133,0,0,0,0,8,8,3,12,15,0,0,0,0,0,0,0,0,0,0,0,0,13,15,28,67,91,158,0,0,0,0,0,0,0,0,0,0,0,0,0,2,2,0,0,0,0,0,0,0,0,0,0,0,0,0,0,0,0,0,0,0,0,0,0,0,0,0,0,0,0,0,0,0,0,0,0,0,0,0,0,0,0,0,0,0,0,0,0,0,0,0,0,0,0,0,0,0,0,0,0,0,0,0,0,0,0,0,0,0,0,0,0,0,0
20210926,2980,297,233,530,1525,762,2287,2817,60,51,111,0,0,0,0,0,0,7,12,19,0,0,0,0,0,0,0,0,0,0,0,0,0,0,0,18,12,30,0,0,0,0,0,0,0,0,0,0,0,0,3,0,3,0,0,0,0,0,0,0,0,0,0,0,0,0,0,0,0,0,0,0,0,0,0,0,0,0,0,0,0,0,0,0,0,0,0,0,0,0,0,0,0,0,0,0,0,0,0,0,0,0,0,0,0,0,0,0,0,0,0,0,0,0,0,0,0,0,0,0,0,0,0,0,0
20210927,1340,134,44,178,355,429,784,962,3,0,3,0,2,2,2,1,3,16,10,26,0,0,0,0,0,0,0,0,0,0,0,0,0,0,0,147,191,338,0,0,0,0,0,0,0,0,0,0,0,0,5,0,5,0,0,0,0,0,0,0,0,0,0,0,0,0,0,0,0,0,0,0,0,0,0,0,0,1,0,1,0,0,0,0,0,0,0,0,0,0,0,0,0,0,0,0,0,0,0,0,0,0,0,0,0,0,0,0,0,0,0,0,0,0,0,0,0,0,0,0,0,0,0,0,0
20210928,1942,476,151,627,530,588,1118,1745,98,59,157,0,1,1,7,3,10,9,4,13,0,0,0,1,0,1,0,0,0,0,0,0,0,0,0,0,0,0,0,0,0,0,0,0,0,0,0,0,0,0,1,3,4,0,0,0,9,0,9,0,0,0,0,0,0,0,0,0,0,0,0,0,0,0,1,0,1,1,0,1,0,0,0,0,0,0,0,0,0,0,0,0,0,0,0,0,0,0,0,0,0,0,0,0,0,0,0,0,0,0,0,0,0,0,0,0,0,0,0,0,0,0,0,0,0
20210929,3429,548,556,1104,1093,845,1938,3042,12,0,12,1,0,1,47,0,47,6,7,13,0,0,0,0,0,0,0,0,0,0,0,0,2,0,2,165,144,309,0,0,0,0,0,0,0,0,0,0,0,0,0,0,0,0,0,0,0,2,2,0,0,0,0,0,0,0,0,0,0,0,0,0,0,0,0,1,1,0,0,0,0,0,0,0,0,0,0,0,0,0,0,0,0,0,0,0,0,0,0,0,0,0,0,0,0,0,0,0,0,0,0,0,0,0,0,0,0,0,0,0,0,0,0,0,0
20210930,3126,409,698,1107,649,1040,1689,2796,65,42,107,1,0,1,37,20,57,16,4,20,0,0,0,0,0,0,0,0,0,0,0,0,0,0,0,72,68,140,0,0,0,0,0,0,0,0,0,0,0,0,0,0,0,0,0,0,2,0,2,0,0,0,0,0,0,0,0,0,0,0,0,0,0,0,1,0,1,0,2,2,0,0,0,0,0,0,0,0,0,0,0,0,0,0,0,0,0,0,0,0,0,0,0,0,0,0,0,0,0,0,0,0,0,0,0,0,0,0,0,0,0,0,0,0,0
20211001,4140,357,671,1028,1563,997,2560,3588,99,128,227,0,0,0,3,2,5,4,3,7,0,0,0,0,0,0,0,0,0,0,0,0,0,0,0,176,114,290,0,0,0,0,0,0,0,0,0,0,0,0,0,0,0,0,0,0,5,0,5,0,0,0,0,0,0,0,0,0,0,0,0,0,0,0,0,0,0,16,2,18,0,0,0,0,0,0,0,0,0,0,0,0,0,0,0,0,0,0,0,0,0,0,0,0,0,0,0,0,0,0,0,0,0,0,0,0,0,0,0,0,0,0,0,0,0
20211002,1916,177,206,383,630,623,1253,1636,16,48,64,5,0,5,6,1,7,4,47,51,0,0,0,0,0,0,0,0,0,0,0,0,1,5,6,69,78,147,0,0,0,0,0,0,0,0,0,0,0,0,0,0,0,0,0,0,0,0,0,0,0,0,0,0,0,0,0,0,0,0,0,0,0,0,0,0,0,0,0,0,0,0,0,0,0,0,0,0,0,0,0,0,0,0,0,0,0,0,0,0,0,0,0,0,0,0,0,0,0,0,0,0,0,0,0,0,0,0,0,0,0,0,0,0,0
20211003,2626,387,180,567,1063,788,1851,2418,54,68,122,0,0,0,0,0,0,1,50,51,0,0,0,0,0,0,0,0,0,0,0,0,1,0,1,16,15,31,0,0,0,0,0,0,0,0,0,0,0,0,0,0,0,0,0,0,0,0,0,0,0,0,0,0,0,0,0,0,0,0,0,0,0,0,1,2,3,0,0,0,0,0,0,0,0,0,0,0,0,0,0,0,0,0,0,0,0,0,0,0,0,0,0,0,0,0,0,0,0,0,0,0,0,0,0,0,0,0,0,0,0,0,0,0,0
20211004,1110,95,23,118,289,439,728,846,6,0,6,0,0,0,4,3,7,13,5,18,0,0,0,0,0,0,0,0,0,0,0,0,0,0,0,102,128,230,0,0,0,0,0,0,0,0,0,0,0,0,0,0,0,0,0,0,0,0,0,0,0,0,0,0,0,0,0,0,0,0,0,0,0,0,3,0,3,0,0,0,0,0,0,0,0,0,0,0,0,0,0,0,0,0,0,0,0,0,0,0,0,0,0,0,0,0,0,0,0,0,0,0,0,0,0,0,0,0,0,0,0,0,0,0,0
20211005,2636,375,607,982,809,659,1468,2450,59,67,126,2,1,3,15,8,23,7,13,20,0,0,0,0,3,3,0,0,0,0,0,0,0,0,0,0,0,0,0,0,0,0,0,0,0,0,0,0,0,0,0,0,0,0,0,0,11,0,11,0,0,0,0,0,0,0,0,0,0,0,0,0,0,0,0,0,0,0,0,0,0,0,0,0,0,0,0,0,0,0,0,0,0,0,0,0,0,0,0,0,0,0,0,0,0,0,0,0,0,0,0,0,0,0,0,0,0,0,0,0,0,0,0,0,0
20211006,2991,439,480,919,1140,636,1776,2695,1,0,1,12,0,12,3,0,3,4,4,8,0,0,0,0,2,2,0,0,0,0,0,0,9,10,19,88,160,248,0,0,0,0,0,0,0,0,0,0,0,0,0,0,0,0,0,0,0,0,0,0,0,0,0,0,0,0,0,0,0,0,0,0,0,0,0,0,0,3,0,3,0,0,0,0,0,0,0,0,0,0,0,0,0,0,0,0,0,0,0,0,0,0,0,0,0,0,0,0,0,0,0,0,0,0,0,0,0,0,0,0,0,0,0,0,0
20211007,2337,432,277,709,636,698,1334,2043,59,56,115,0,0,0,27,33,60,1,5,6,0,0,0,0,0,0,0,0,0,0,0,0,22,7,29,22,54,76,0,0,0,0,0,0,0,0,0,0,0,0,3,2,5,0,0,0,0,0,0,0,0,0,0,0,0,0,0,0,0,0,0,0,0,0,2,1,3,0,0,0,0,0,0,0,0,0,0,0,0,0,0,0,0,0,0,0,0,0,0,0,0,0,0,0,0,0,0,0,0,0,0,0,0,0,0,0,0,0,0,0,0,0,0,0,0
20211008,4241,312,621,933,1376,1247,2623,3556,85,113,198,0,0,0,126,98,224,4,6,10,0,0,0,0,0,0,0,0,0,0,0,0,2,2,4,112,131,243,0,0,0,0,0,0,0,0,0,0,0,0,0,0,0,0,0,0,0,0,0,0,0,0,0,0,0,0,0,0,0,0,0,0,0,0,0,1,1,5,0,5,0,0,0,0,0,0,0,0,0,0,0,0,0,0,0,0,0,0,0,0,0,0,0,0,0,0,0,0,0,0,0,0,0,0,0,0,0,0,0,0,0,0,0,0,0
20211009,2190,136,490,626,629,561,1190,1816,42,100,142,0,0,0,45,43,88,9,0,9,0,0,0,0,0,0,0,0,0,0,0,0,11,18,29,48,53,101,0,0,0,0,0,0,0,0,0,0,0,0,0,0,0,0,0,0,0,0,0,0,0,0,0,0,0,0,0,0,0,0,0,0,0,0,3,2,5,0,0,0,0,0,0,0,0,0,0,0,0,0,0,0,0,0,0,0,0,0,0,0,0,0,0,0,0,0,0,0,0,0,0,0,0,0,0,0,0,0,0,0,0,0,0,0,0
20211010,2432,423,164,587,951,646,1597,2184,86,80,166,0,0,0,7,7,14,11,10,21,0,0,0,0,0,0,0,0,0,0,0,0,0,0,0,25,22,47,0,0,0,0,0,0,0,0,0,0,0,0,0,0,0,0,0,0,0,0,0,0,0,0,0,0,0,0,0,0,0,0,0,0,0,0,0,0,0,0,0,0,0,0,0,0,0,0,0,0,0,0,0,0,0,0,0,0,0,0,0,0,0,0,0,0,0,0,0,0,0,0,0,0,0,0,0,0,0,0,0,0,0,0,0,0,0
20211011,1592,128,34,162,627,535,1162,1324,6,0,6,1,0,1,0,0,0,1,4,5,0,0,0,0,2,2,0,0,0,0,0,0,0,0,0,119,135,254,0,0,0,0,0,0,0,0,0,0,0,0,0,0,0,0,0,0,0,0,0,0,0,0,0,0,0,0,0,0,0,0,0,0,0,0,0,0,0,0,0,0,0,0,0,0,0,0,0,0,0,0,0,0,0,0,0,0,0,0,0,0,0,0,0,0,0,0,0,0,0,0,0,0,0,0,0,0,0,0,0,0,0,0,0,0,0
20211012,1641,222,118,340,561,611,1172,1512,64,57,121,0,0,0,1,1,2,2,1,3,0,0,0,2,0,2,0,0,0,0,0,0,0,1,1,0,0,0,0,0,0,0,0,0,0,0,0,0,0,0,0,0,0,0,0,0,0,0,0,0,0,0,0,0,0,0,0,0,0,0,0,0,0,0,0,0,0,0,0,0,0,0,0,0,0,0,0,0,0,0,0,0,0,0,0,0,0,0,0,0,0,0,0,0,0,0,0,0,0,0,0,0,0,0,0,0,0,0,0,0,0,0,0,0,0
20211013,2756,406,228,634,1086,690,1776,2410,6,0,6,1,1,2,9,0,9,9,13,22,0,0,0,0,1,1,0,0,0,0,0,0,0,3,3,113,182,295,0,0,0,0,0,0,0,0,0,0,0,0,0,0,0,0,0,0,0,0,0,0,0,0,0,0,0,0,0,0,0,0,0,0,0,0,5,2,7,0,1,1,0,0,0,0,0,0,0,0,0,0,0,0,0,0,0,0,0,0,0,0,0,0,0,0,0,0,0,0,0,0,0,0,0,0,0,0,0,0,0,0,0,0,0,0,0
20211014,2504,295,343,638,767,749,1516,2154,107,67,174,9,1,10,14,3,17,10,24,34,0,0,0,0,0,0,0,0,0,0,0,0,7,2,9,33,55,88,0,0,0,0,0,0,0,0,0,0,0,0,5,3,8,0,0,0,0,0,0,0,0,0,0,0,0,0,0,0,0,0,0,0,0,0,0,0,0,0,10,10,0,0,0,0,0,0,0,0,0,0,0,0,0,0,0,0,0,0,0,0,0,0,0,0,0,0,0,0,0,0,0,0,0,0,0,0,0,0,0,0,0,0,0,0,0
20211015,4747,470,639,1109,1897,1169,3066,4175,117,116,233,2,0,2,2,0,2,22,38,60,0,0,0,0,0,0,0,0,0,0,0,0,1,3,4,140,122,262,0,0,0,0,0,0,0,0,0,0,0,0,1,0,1,0,0,0,8,0,8,0,0,0,0,0,0,0,0,0,0,0,0,0,0,0,0,0,0,0,0,0,0,0,0,0,0,0,0,0,0,0,0,0,0,0,0,0,0,0,0,0,0,0,0,0,0,0,0,0,0,0,0,0,0,0,0,0,0,0,0,0,0,0,0,0,0
20211016,2307,151,193,344,807,787,1594,1938,56,63,119,0,0,0,8,19,27,11,24,35,0,0,0,0,0,0,0,0,0,0,0,0,9,8,17,99,54,153,0,0,0,0,0,0,0,0,0,0,0,0,0,0,0,0,0,0,0,0,0,0,0,0,0,0,0,0,0,0,0,0,0,0,0,0,3,2,5,1,12,13,0,0,0,0,0,0,0,0,0,0,0,0,0,0,0,0,0,0,0,0,0,0,0,0,0,0,0,0,0,0,0,0,0,0,0,0,0,0,0,0,0,0,0,0,0
20211017,2314,362,136,498,911,632,1543,2041,57,63,120,0,0,0,1,0,1,10,25,35,0,0,0,0,0,0,0,0,0,0,0,0,0,0,0,35,79,114,0,0,0,0,0,0,0,0,0,0,0,0,0,0,0,0,0,0,0,0,0,0,0,0,0,0,0,0,0,0,0,0,0,0,0,0,3,0,3,0,0,0,0,0,0,0,0,0,0,0,0,0,0,0,0,0,0,0,0,0,0,0,0,0,0,0,0,0,0,0,0,0,0,0,0,0,0,0,0,0,0,0,0,0,0,0,0
20211018,1643,89,39,128,555,583,1138,1266,12,0,12,0,0,0,0,2,2,5,1,6,1,0,1,0,0,0,14,0,14,0,0,0,5,0,5,100,231,331,0,0,0,0,0,0,0,0,0,0,0,0,1,0,1,0,0,0,0,0,0,0,0,0,0,0,0,0,0,0,0,0,0,0,0,0,0,0,0,0,5,5,0,0,0,0,0,0,0,0,0,0,0,0,0,0,0,0,0,0,0,0,0,0,0,0,0,0,0,0,0,0,0,0,0,0,0,0,0,0,0,0,0,0,0,0,0
20211019,1643,183,125,308,464,663,1127,1435,62,87,149,7,0,7,20,3,23,3,7,10,0,1,1,0,0,0,0,0,0,0,0,0,0,0,0,0,0,0,0,0,0,0,0,0,0,0,0,0,0,0,0,0,0,0,0,0,8,0,8,0,0,0,0,0,0,0,0,0,0,0,0,0,0,0,1,0,1,0,9,9,0,0,0,0,0,0,0,0,0,0,0,0,0,0,0,0,0,0,0,0,0,0,0,0,0,0,0,0,0,0,0,0,0,0,0,0,0,0,0,0,0,0,0,0,0
20211020,2752,360,230,590,996,773,1769,2359,18,0,18,0,1,1,0,4,4,8,10,18,0,0,0,0,0,0,0,0,0,0,0,0,1,1,2,140,210,350,0,0,0,0,0,0,0,0,0,0,0,0,0,0,0,0,0,0,0,0,0,0,0,0,0,0,0,0,0,0,0,0,0,0,0,0,0,0,0,0,0,0,0,0,0,0,0,0,0,0,0,0,0,0,0,0,0,0,0,0,0,0,0,0,0,0,0,0,0,0,0,0,0,0,0,0,0,0,0,0,0,0,0,0,0,0,0
20211021,2401,281,347,628,599,785,1384,2012,95,65,160,0,0,0,29,11,40,15,4,19,0,0,0,0,0,0,0,0,0,0,0,0,68,6,74,48,42,90,0,0,0,0,0,0,0,0,0,0,0,0,0,0,0,0,0,0,0,0,0,0,0,0,0,0,0,0,0,0,0,0,0,0,0,0,0,0,0,2,4,6,0,0,0,0,0,0,0,0,0,0,0,0,0,0,0,0,0,0,0,0,0,0,0,0,0,0,0,0,0,0,0,0,0,0,0,0,0,0,0,0,0,0,0,0,0
20211022,4269,266,996,1262,1372,998,2370,3632,94,101,195,1,3,4,55,11,66,3,16,19,0,0,0,0,0,0,0,0,0,0,0,0,30,19,49,138,150,288,0,0,0,0,0,0,0,0,0,0,0,0,1,0,1,0,0,0,8,0,8,0,0,0,0,0,0,0,0,0,0,0,0,0,0,0,0,0,0,0,7,7,0,0,0,0,0,0,0,0,0,0,0,0,0,0,0,0,0,0,0,0,0,0,0,0,0,0,0,0,0,0,0,0,0,0,0,0,0,0,0,0,0,0,0,0,0
20211023,1855,116,220,336,574,673,1247,1583,47,69,116,0,0,0,39,0,39,6,10,16,0,0,0,0,2,2,0,0,0,0,0,0,0,0,0,44,52,96,0,0,0,2,0,2,0,0,0,0,0,0,0,0,0,0,0,0,0,0,0,0,0,0,0,0,0,0,0,0,0,0,0,0,0,0,0,0,0,0,1,1,0,0,0,0,0,0,0,0,0,0,0,0,0,0,0,0,0,0,0,0,0,0,0,0,0,0,0,0,0,0,0,0,0,0,0,0,0,0,0,0,0,0,0,0,0
20211024,2340,400,241,641,860,598,1458,2099,51,45,96,0,0,0,0,0,0,4,3,7,0,0,0,0,0,0,0,0,0,0,0,0,36,11,47,32,59,91,0,0,0,0,0,0,0,0,0,0,0,0,0,0,0,0,0,0,0,0,0,0,0,0,0,0,0,0,0,0,0,0,0,0,0,0,0,0,0,0,0,0,0,0,0,0,0,0,0,0,0,0,0,0,0,0,0,0,0,0,0,0,0,0,0,0,0,0,0,0,0,0,0,0,0,0,0,0,0,0,0,0,0,0,0,0,0
20211025,1594,81,48,129,573,542,1115,1244,11,0,11,0,0,0,1,1,2,2,16,18,0,0,0,0,2,2,0,0,0,0,0,0,45,0,45,109,163,272,0,0,0,0,0,0,0,0,0,0,0,0,0,0,0,0,0,0,0,0,0,0,0,0,0,0,0,0,0,0,0,0,0,0,0,0,0,0,0,0,0,0,0,0,0,0,0,0,0,0,0,0,0,0,0,0,0,0,0,0,0,0,0,0,0,0,0,0,0,0,0,0,0,0,0,0,0,0,0,0,0,0,0,0,0,0,0
20211026,1729,230,157,387,479,691,1170,1557,59,29,88,2,0,2,13,9,22,11,20,31,0,0,0,0,0,0,0,0,0,0,0,0,3,3,6,0,0,0,0,0,0,0,0,0,0,0,0,0,0,0,5,4,9,0,0,0,6,7,13,0,0,0,0,0,0,0,0,0,0,0,0,0,0,0,0,1,1,0,0,0,0,0,0,0,0,0,0,0,0,0,0,0,0,0,0,0,0,0,0,0,0,0,0,0,0,0,0,0,0,0,0,0,0,0,0,0,0,0,0,0,0,0,0,0,0
20211027,2602,415,272,687,748,782,1530,2217,14,0,14,5,0,5,5,4,9,8,24,32,0,0,0,0,0,0,0,0,0,0,0,0,30,0,30,107,184,291,0,0,0,0,0,0,0,0,0,0,0,0,0,0,0,0,0,0,2,0,2,0,0,0,0,0,0,0,0,0,0,0,0,0,0,0,0,0,0,0,2,2,0,0,0,0,0,0,0,0,0,0,0,0,0,0,0,0,0,0,0,0,0,0,0,0,0,0,0,0,0,0,0,0,0,0,0,0,0,0,0,0,0,0,0,0,0
20211028,3001,450,797,1247,626,849,1475,2722,85,83,168,0,0,0,11,7,18,22,7,29,0,0,0,0,0,0,0,0,0,0,0,0,3,0,3,20,38,58,0,0,0,0,0,0,0,0,0,0,0,0,1,0,1,0,0,0,0,0,0,0,0,0,0,0,0,0,0,0,0,0,0,0,0,0,1,0,1,0,1,1,0,0,0,0,0,0,0,0,0,0,0,0,0,0,0,0,0,0,0,0,0,0,0,0,0,0,0,0,0,0,0,0,0,0,0,0,0,0,0,0,0,0,0,0,0
20211029,3916,593,400,993,1451,946,2397,3390,82,78,160,1,0,1,34,37,71,15,19,34,1,0,1,0,1,1,0,0,0,0,0,0,0,0,0,105,148,253,0,0,0,0,0,0,0,0,0,0,0,0,0,0,0,0,0,0,4,0,4,0,0,0,0,0,0,0,0,0,0,0,0,0,0,0,0,0,0,0,1,1,0,0,0,0,0,0,0,0,0,0,0,0,0,0,0,0,0,0,0,0,0,0,0,0,0,0,0,0,0,0,0,0,0,0,0,0,0,0,0,0,0,0,0,0,0
20211030,2496,168,490,658,777,757,1534,2192,65,61,126,0,0,0,1,0,1,9,27,36,1,0,1,0,0,0,0,0,0,0,0,0,0,0,0,77,58,135,0,0,0,0,0,0,0,0,0,0,0,0,2,0,2,0,0,0,0,0,0,0,0,0,0,0,0,0,0,0,0,0,0,0,0,0,0,1,1,0,2,2,0,0,0,0,0,0,0,0,0,0,0,0,0,0,0,0,0,0,0,0,0,0,0,0,0,0,0,0,0,0,0,0,0,0,0,0,0,0,0,0,0,0,0,0,0
20211031,2860,393,225,618,1124,827,1951,2569,53,51,104,1,1,2,2,2,4,2,2,4,0,0,0,0,0,0,0,0,0,0,0,0,0,0,0,77,95,172,0,0,0,0,0,0,0,0,0,0,0,0,0,0,0,0,0,0,4,0,4,0,0,0,0,0,0,0,0,0,0,0,0,0,0,0,0,1,1,0,0,0,0,0,0,0,0,0,0,0,0,0,0,0,0,0,0,0,0,0,0,0,0,0,0,0,0,0,0,0,0,0,0,0,0,0,0,0,0,0,0,0,0,0,0,0,0
20211101,1832,125,36,161,680,608,1288,1449,11,0,11,0,0,0,1,0,1,11,19,30,0,0,0,0,0,0,0,0,0,0,0,0,1,0,1,138,186,324,0,0,0,0,0,0,0,0,0,0,0,0,0,0,0,0,0,0,0,0,0,0,0,0,0,0,0,0,0,0,0,0,0,0,0,0,9,7,16,0,0,0,0,0,0,0,0,0,0,0,0,0,0,0,0,0,0,0,0,0,0,0,0,0,0,0,0,0,0,0,0,0,0,0,0,0,0,0,0,0,0,0,0,0,0,0,0
20211102,1859,270,177,447,633,577,1210,1657,80,54,134,2,0,2,0,0,0,27,18,45,0,0,0,4,0,4,0,0,0,0,0,0,0,0,0,8,0,8,0,0,0,0,0,0,0,0,0,0,0,0,0,0,0,0,0,0,7,0,7,0,0,0,0,0,0,0,0,0,0,0,0,0,0,0,0,0,0,1,1,2,0,0,0,0,0,0,0,0,0,0,0,0,0,0,0,0,0,0,0,0,0,0,0,0,0,0,0,0,0,0,0,0,0,0,0,0,0,0,0,0,0,0,0,0,0
20211103,2797,311,273,584,1078,816,1894,2478,6,0,6,4,0,4,12,9,21,9,14,23,0,0,0,0,0,0,0,0,0,0,0,0,0,0,0,120,140,260,0,0,0,0,0,0,0,0,0,0,0,0,0,0,0,0,0,0,0,0,0,0,0,0,0,0,0,0,0,0,0,0,0,0,0,0,0,3,3,0,2,2,0,0,0,0,0,0,0,0,0,0,0,0,0,0,0,0,0,0,0,0,0,0,0,0,0,0,0,0,0,0,0,0,0,0,0,0,0,0,0,0,0,0,0,0,0
20211104,2703,454,594,1048,663,712,1375,2423,99,79,178,0,0,0,5,4,9,6,19,25,0,0,0,0,0,0,0,0,0,0,0,0,3,0,3,28,33,61,0,0,0,0,0,0,0,0,0,0,0,0,0,0,0,0,0,0,0,0,0,0,0,0,0,0,0,0,0,0,0,0,0,0,0,0,1,0,1,3,0,3,0,0,0,0,0,0,0,0,0,0,0,0,0,0,0,0,0,0,0,0,0,0,0,0,0,0,0,0,0,0,0,0,0,0,0,0,0,0,0,0,0,0,0,0,0
20211105,4235,243,847,1090,1561,1027,2588,3678,101,123,224,0,0,0,1,0,1,5,53,58,0,0,0,0,0,0,0,0,0,0,0,0,6,0,6,128,135,263,0,0,0,0,0,0,0,0,0,0,0,0,2,1,3,0,0,0,2,0,2,0,0,0,0,0,0,0,0,0,0,0,0,0,0,0,0,0,0,0,0,0,0,0,0,0,0,0,0,0,0,0,0,0,0,0,0,0,0,0,0,0,0,0,0,0,0,0,0,0,0,0,0,0,0,0,0,0,0,0,0,0,0,0,0,0,0
20211106,2392,186,341,527,916,671,1587,2114,51,82,133,0,1,1,3,1,4,2,12,14,0,0,0,0,0,0,0,0,0,0,0,0,4,0,4,67,45,112,0,0,0,0,0,0,0,0,0,0,0,0,0,0,0,0,0,0,0,0,0,0,0,0,0,0,0,0,0,0,0,0,0,0,0,0,0,0,0,0,10,10,0,0,0,0,0,0,0,0,0,0,0,0,0,0,0,0,0,0,0,0,0,0,0,0,0,0,0,0,0,0,0,0,0,0,0,0,0,0,0,0,0,0,0,0,0
20211107,2496,516,247,763,939,541,1480,2243,47,58,105,0,0,0,0,0,0,4,1,5,0,0,0,0,0,0,0,0,0,0,0,0,1,0,1,37,103,140,0,0,0,0,2,2,0,0,0,0,0,0,0,0,0,0,0,0,0,0,0,0,0,0,0,0,0,0,0,0,0,0,0,0,0,0,0,0,0,0,0,0,0,0,0,0,0,0,0,0,0,0,0,0,0,0,0,0,0,0,0,0,0,0,0,0,0,0,0,0,0,0,0,0,0,0,0,0,0,0,0,0,0,0,0,0,0
20211108,1740,128,37,165,793,478,1271,1436,10,0,10,1,0,1,2,0,2,18,14,32,0,0,0,0,0,0,0,0,0,0,0,0,8,2,10,86,157,243,0,0,0,0,0,0,0,0,0,0,0,0,0,0,0,0,0,0,5,0,5,0,0,0,0,0,0,0,0,0,0,0,0,0,0,0,0,0,0,0,1,1,0,0,0,0,0,0,0,0,0,0,0,0,0,0,0,0,0,0,0,0,0,0,0,0,0,0,0,0,0,0,0,0,0,0,0,0,0,0,0,0,0,0,0,0,0
20211109,1868,239,287,526,526,590,1116,1642,52,33,85,3,0,3,51,42,93,6,6,12,0,0,0,0,0,0,0,0,0,0,0,0,5,0,5,17,0,17,0,0,0,0,0,0,0,0,0,0,0,0,0,0,0,0,0,0,11,0,11,0,0,0,0,0,0,0,0,0,0,0,0,0,0,0,0,0,0,0,0,0,0,0,0,0,0,0,0,0,0,0,0,0,0,0,0,0,0,0,0,0,0,0,0,0,0,0,0,0,0,0,0,0,0,0,0,0,0,0,0,0,0,0,0,0,0
20211110,2887,448,265,713,1058,802,1860,2573,7,0,7,11,0,11,13,23,36,5,8,13,0,0,0,0,1,1,0,0,0,0,0,0,1,0,1,100,141,241,0,0,0,0,0,0,0,0,0,0,0,0,0,0,0,0,0,0,0,0,0,0,0,0,0,0,0,0,0,0,0,0,0,0,0,0,0,2,2,0,2,2,0,0,0,0,0,0,0,0,0,0,0,0,0,0,0,0,0,0,0,0,0,0,0,0,0,0,0,0,0,0,0,0,0,0,0,0,0,0,0,0,0,0,0,0,0
20211111,2268,337,384,721,623,611,1234,1955,82,88,170,0,0,0,25,28,53,3,7,10,0,0,0,0,0,0,0,0,0,0,0,0,0,0,0,47,25,72,0,0,0,0,0,0,0,0,0,0,0,0,0,0,0,0,0,0,0,0,0,0,0,0,0,0,0,0,0,0,0,0,0,0,0,0,0,0,0,0,8,8,0,0,0,0,0,0,0,0,0,0,0,0,0,0,0,0,0,0,0,0,0,0,0,0,0,0,0,0,0,0,0,0,0,0,0,0,0,0,0,0,0,0,0,0,0
20211112,3770,425,380,805,1516,891,2407,3212,96,118,214,0,0,0,11,8,19,6,32,38,0,0,0,0,0,0,0,0,0,0,0,0,0,0,0,135,140,275,0,0,0,0,0,0,0,0,0,0,0,0,1,4,5,0,0,0,6,0,6,0,0,0,0,0,0,0,0,0,0,0,0,0,0,0,0,0,0,0,1,1,0,0,0,0,0,0,0,0,0,0,0,0,0,0,0,0,0,0,0,0,0,0,0,0,0,0,0,0,0,0,0,0,0,0,0,0,0,0,0,0,0,0,0,0,0
20211113,1769,134,183,317,654,571,1225,1542,45,55,100,0,0,0,2,0,2,19,8,27,0,0,0,0,0,0,0,0,0,0,0,0,0,0,0,45,38,83,0,0,0,0,0,0,0,0,0,0,0,0,1,0,1,0,0,0,0,0,0,0,0,0,0,0,0,0,0,0,0,0,0,0,0,0,1,1,2,0,12,12,0,0,0,0,0,0,0,0,0,0,0,0,0,0,0,0,0,0,0,0,0,0,0,0,0,0,0,0,0,0,0,0,0,0,0,0,0,0,0,0,0,0,0,0,0
20211114,2562,323,299,622,1080,607,1687,2309,76,49,125,0,0,0,0,0,0,2,2,4,0,0,0,0,0,0,0,0,0,0,0,0,0,0,0,54,70,124,0,0,0,0,0,0,0,0,0,0,0,0,0,0,0,0,0,0,0,0,0,0,0,0,0,0,0,0,0,0,0,0,0,0,0,0,0,0,0,0,0,0,0,0,0,0,0,0,0,0,0,0,0,0,0,0,0,0,0,0,0,0,0,0,0,0,0,0,0,0,0,0,0,0,0,0,0,0,0,0,0,0,0,0,0,0,0
20211115,1948,137,235,372,706,544,1250,1622,12,0,12,0,0,0,16,2,18,20,9,29,0,0,0,0,0,0,0,0,0,0,0,0,4,0,4,119,144,263,0,0,0,0,0,0,0,0,0,0,0,0,0,0,0,0,0,0,0,0,0,0,0,0,0,0,0,0,0,0,0,0,0,0,0,0,0,0,0,0,0,0,0,0,0,0,0,0,0,0,0,0,0,0,0,0,0,0,0,0,0,0,0,0,0,0,0,0,0,0,0,0,0,0,0,0,0,0,0,0,0,0,0,0,0,0,0
20211116,1953,271,191,462,706,590,1296,1758,64,51,115,3,0,3,13,8,21,22,18,40,0,0,0,0,3,3,0,0,0,0,0,0,2,0,2,0,0,0,0,0,0,0,0,0,0,0,0,0,0,0,0,0,0,0,0,0,6,0,6,0,0,0,0,0,0,0,0,0,0,0,0,0,0,0,1,0,1,0,4,4,0,0,0,0,0,0,0,0,0,0,0,0,0,0,0,0,0,0,0,0,0,0,0,0,0,0,0,0,0,0,0,0,0,0,0,0,0,0,0,0,0,0,0,0,0
20211117,2960,400,364,764,1100,838,1938,2702,8,0,8,4,0,4,6,6,12,12,8,20,0,0,0,0,0,0,0,0,0,0,0,0,0,0,0,85,112,197,0,0,0,0,0,0,0,0,0,0,0,0,0,0,0,0,0,0,0,0,0,0,0,0,0,0,0,0,0,0,0,0,0,0,0,0,1,2,3,0,14,14,0,0,0,0,0,0,0,0,0,0,0,0,0,0,0,0,0,0,0,0,0,0,0,0,0,0,0,0,0,0,0,0,0,0,0,0,0,0,0,0,0,0,0,0,0
20211118,2901,496,771,1267,655,731,1386,2653,107,74,181,1,0,1,4,3,7,2,5,7,0,0,0,0,0,0,0,0,0,0,0,0,0,0,0,22,28,50,0,0,0,0,0,0,0,0,0,0,0,0,0,0,0,0,0,0,0,0,0,0,0,0,0,0,0,0,0,0,0,0,0,0,0,0,1,1,2,0,0,0,0,0,0,0,0,0,0,0,0,0,0,0,0,0,0,0,0,0,0,0,0,0,0,0,0,0,0,0,0,0,0,0,0,0,0,0,0,0,0,0,0,0,0,0,0
20211119,3781,362,359,721,1532,943,2475,3196,88,110,198,0,0,0,8,8,16,37,30,67,0,0,0,0,0,0,0,0,0,0,0,0,14,6,20,138,142,280,0,0,0,0,0,0,0,0,0,0,0,0,0,0,0,0,0,0,2,0,2,0,0,0,0,0,0,0,0,0,0,0,0,0,0,0,0,1,1,1,0,1,0,0,0,0,0,0,0,0,0,0,0,0,0,0,0,0,0,0,0,0,0,0,0,0,0,0,0,0,0,0,0,0,0,0,0,0,0,0,0,0,0,0,0,0,0
20211120,2184,151,200,351,919,643,1562,1913,98,43,141,0,0,0,0,0,0,9,4,13,0,0,0,0,0,0,0,0,0,0,0,0,1,0,1,64,45,109,0,0,0,0,0,0,0,0,0,0,0,0,1,0,1,0,0,0,0,0,0,0,0,0,0,0,0,0,0,0,0,0,0,0,0,0,0,1,1,0,5,5,0,0,0,0,0,0,0,0,0,0,0,0,0,0,0,0,0,0,0,0,0,0,0,0,0,0,0,0,0,0,0,0,0,0,0,0,0,0,0,0,0,0,0,0,0
20211121,2476,483,269,752,981,559,1540,2292,49,33,82,0,0,0,4,0,4,0,3,3,0,0,0,0,0,0,0,0,0,0,0,0,0,0,0,35,53,88,0,0,0,0,0,0,0,0,0,0,0,0,0,0,0,0,0,0,0,0,0,0,0,0,0,0,0,0,0,0,0,0,0,0,0,0,0,7,7,0,0,0,0,0,0,0,0,0,0,0,0,0,0,0,0,0,0,0,0,0,0,0,0,0,0,0,0,0,0,0,0,0,0,0,0,0,0,0,0,0,0,0,0,0,0,0,0
20211122,1829,222,40,262,720,523,1243,1505,7,0,7,0,0,0,2,1,3,84,3,87,0,0,0,0,0,0,0,0,0,0,0,0,0,0,0,115,109,224,0,0,0,0,0,0,0,0,0,0,0,0,0,0,0,0,0,0,0,0,0,0,0,0,0,0,0,0,0,0,0,0,0,0,0,0,2,1,3,0,0,0,0,0,0,0,0,0,0,0,0,0,0,0,0,0,0,0,0,0,0,0,0,0,0,0,0,0,0,0,0,0,0,0,0,0,0,0,0,0,0,0,0,0,0,0,0
20211123,1959,580,128,708,551,531,1082,1790,62,48,110,1,0,1,12,16,28,8,2,10,0,0,0,0,0,0,0,0,0,0,0,0,0,0,0,3,0,3,0,0,0,0,0,0,0,0,0,0,0,0,0,1,1,0,0,0,8,0,8,0,0,0,0,0,0,0,0,0,0,0,0,0,0,0,0,1,1,7,0,7,0,0,0,0,0,0,0,0,0,0,0,0,0,0,0,0,0,0,0,0,0,0,0,0,0,0,0,0,0,0,0,0,0,0,0,0,0,0,0,0,0,0,0,0,0
20211124,3020,389,445,834,1139,772,1911,2745,12,0,12,8,0,8,10,9,19,25,6,31,0,0,0,0,0,0,0,0,0,0,0,0,0,3,3,102,96,198,0,0,0,0,0,0,0,0,0,0,0,0,2,0,2,0,0,0,0,0,0,0,0,0,0,0,0,0,0,0,0,0,0,0,0,0,2,0,2,0,0,0,0,0,0,0,0,0,0,0,0,0,0,0,0,0,0,0,0,0,0,0,0,0,0,0,0,0,0,0,0,0,0,0,0,0,0,0,0,0,0,0,0,0,0,0,0
20211125,3111,465,776,1241,952,618,1570,2811,86,64,150,0,0,0,19,13,32,30,7,37,0,0,0,0,0,0,0,0,0,0,0,0,0,0,0,47,33,80,0,0,0,0,0,0,0,0,0,0,0,0,0,0,0,0,0,0,0,0,0,0,0,0,0,0,0,0,0,0,0,0,0,0,0,0,1,0,1,0,0,0,0,0,0,0,0,0,0,0,0,0,0,0,0,0,0,0,0,0,0,0,0,0,0,0,0,0,0,0,0,0,0,0,0,0,0,0,0,0,0,0,0,0,0,0,0
20211126,4582,399,686,1085,2033,856,2889,3974,125,119,244,3,5,8,14,0,14,35,1,36,0,0,0,0,0,0,0,0,0,0,0,0,0,3,3,169,128,297,0,0,0,0,0,0,0,0,0,0,0,0,0,0,0,0,0,0,3,0,3,0,0,0,0,0,0,0,0,0,0,0,0,0,0,0,2,1,3,0,0,0,0,0,0,0,0,0,0,0,0,0,0,0,0,0,0,0,0,0,0,0,0,0,0,0,0,0,0,0,0,0,0,0,0,0,0,0,0,0,0,0,0,0,0,0,0
20211127,2495,167,634,801,766,576,1342,2143,122,76,198,0,0,0,2,0,2,45,3,48,0,0,0,0,0,0,0,0,0,0,0,0,0,0,0,65,39,104,0,0,0,0,0,0,0,0,0,0,0,0,0,0,0,0,0,0,0,0,0,0,0,0,0,0,0,0,0,0,0,0,0,0,0,0,0,0,0,0,0,0,0,0,0,0,0,0,0,0,0,0,0,0,0,0,0,0,0,0,0,0,0,0,0,0,0,0,0,0,0,0,0,0,0,0,0,0,0,0,0,0,0,0,0,0,0
20211128,2514,410,266,676,938,639,1577,2253,55,29,84,0,0,0,1,0,1,52,0,52,0,0,0,0,0,0,0,0,0,0,0,0,0,0,0,51,73,124,0,0,0,0,0,0,0,0,0,0,0,0,0,0,0,0,0,0,0,0,0,0,0,0,0,0,0,0,0,0,0,0,0,0,0,0,0,0,0,0,0,0,0,0,0,0,0,0,0,0,0,0,0,0,0,0,0,0,0,0,0,0,0,0,0,0,0,0,0,0,0,0,0,0,0,0,0,0,0,0,0,0,0,0,0,0,0
20211129,2049,117,389,506,687,561,1248,1754,7,0,7,0,0,0,2,1,3,33,3,36,0,0,0,0,0,0,0,0,0,0,0,0,0,0,0,143,96,239,0,0,0,0,0,0,0,0,0,0,0,0,0,1,1,0,0,0,0,0,0,0,0,0,0,0,0,0,0,0,0,0,0,0,0,0,6,3,9,0,0,0,0,0,0,0,0,0,0,0,0,0,0,0,0,0,0,0,0,0,0,0,0,0,0,0,0,0,0,0,0,0,0,0,0,0,0,0,0,0,0,0,0,0,0,0,0
20211130,2540,327,532,859,868,598,1466,2325,88,47,135,6,0,6,1,0,1,2,3,5,0,0,0,1,0,1,0,0,0,0,0,0,0,0,0,0,0,0,0,0,0,0,0,0,0,0,0,0,0,0,4,4,8,0,0,0,59,0,59,0,0,0,0,0,0,0,0,0,0,0,0,0,0,0,0,0,0,0,0,0,0,0,0,0,0,0,0,0,0,0,0,0,0,0,0,0,0,0,0,0,0,0,0,0,0,0,0,0,0,0,0,0,0,0,0,0,0,0,0,0,0,0,0,0,0
20211201,3658,422,402,824,1400,1016,2416,3240,19,0,19,10,0,10,24,32,56,19,7,26,0,0,0,0,0,0,0,0,0,0,0,0,8,0,8,147,151,298,0,0,0,0,0,0,0,0,0,0,0,0,0,0,0,0,0,0,0,0,0,0,0,0,0,0,0,0,0,0,0,0,0,0,0,0,0,0,0,1,0,1,0,0,0,0,0,0,0,0,0,0,0,0,0,0,0,0,0,0,0,0,0,0,0,0,0,0,0,0,0,0,0,0,0,0,0,0,0,0,0,0,0,0,0,0,0
20211202,2822,368,459,827,768,800,1568,2395,80,111,191,5,12,17,6,6,12,43,12,55,0,0,0,0,0,0,0,0,0,0,0,0,8,0,8,62,14,76,0,0,0,0,0,0,0,0,0,0,0,0,0,0,0,0,0,0,0,53,53,0,0,0,0,0,0,0,0,0,0,0,0,0,0,0,0,0,0,0,15,15,0,0,0,0,0,0,0,0,0,0,0,0,0,0,0,0,0,0,0,0,0,0,0,0,0,0,0,0,0,0,0,0,0,0,0,0,0,0,0,0,0,0,0,0,0
20211203,4238,223,435,658,1718,1289,3007,3665,99,110,209,3,0,3,1,1,2,44,8,52,0,0,0,0,0,0,0,0,0,0,0,0,0,0,0,165,135,300,0,0,0,0,0,0,0,0,0,0,0,0,0,0,0,0,0,0,7,0,7,0,0,0,0,0,0,0,0,0,0,0,0,0,0,0,0,0,0,0,0,0,0,0,0,0,0,0,0,0,0,0,0,0,0,0,0,0,0,0,0,0,0,0,0,0,0,0,0,0,0,0,0,0,0,0,0,0,0,0,0,0,0,0,0,0,0
20211204,2413,149,251,400,901,843,1744,2144,73,39,112,0,5,5,14,11,25,1,6,7,0,0,0,0,0,0,0,0,0,0,0,0,0,0,0,61,59,120,0,0,0,0,0,0,0,0,0,0,0,0,0,0,0,0,0,0,0,0,0,0,0,0,0,0,0,0,0,0,0,0,0,0,0,0,0,0,0,0,0,0,0,0,0,0,0,0,0,0,0,0,0,0,0,0,0,0,0,0,0,0,0,0,0,0,0,0,0,0,0,0,0,0,0,0,0,0,0,0,0,0,0,0,0,0,0
20211205,2746,371,361,732,1120,659,1779,2511,51,55,106,0,0,0,0,0,0,5,6,11,0,0,0,0,0,0,0,0,0,0,0,0,0,3,3,41,72,113,0,0,0,0,0,0,0,0,0,0,0,0,0,0,0,0,0,0,0,0,0,0,0,0,0,0,0,0,0,0,0,0,0,0,0,0,1,1,2,0,0,0,0,0,0,0,0,0,0,0,0,0,0,0,0,0,0,0,0,0,0,0,0,0,0,0,0,0,0,0,0,0,0,0,0,0,0,0,0,0,0,0,0,0,0,0,0
20211206,1651,86,83,169,755,489,1244,1413,9,0,9,1,0,1,0,0,0,9,9,18,0,0,0,0,0,0,0,0,0,0,0,0,0,0,0,130,80,210,0,0,0,0,0,0,0,0,0,0,0,0,0,0,0,0,0,0,0,0,0,0,0,0,0,0,0,0,0,0,0,0,0,0,0,0,0,0,0,0,0,0,0,0,0,0,0,0,0,0,0,0,0,0,0,0,0,0,0,0,0,0,0,0,0,0,0,0,0,0,0,0,0,0,0,0,0,0,0,0,0,0,0,0,0,0,0
20211207,2007,250,206,456,689,717,1406,1862,64,35,99,1,1,2,4,0,4,2,17,19,0,0,0,1,0,1,0,0,0,0,0,0,0,0,0,0,0,0,0,0,0,0,0,0,0,0,0,0,0,0,0,0,0,0,0,0,7,0,7,0,0,0,0,0,0,0,0,0,0,0,0,0,0,0,0,0,0,0,13,13,0,0,0,0,0,0,0,0,0,0,0,0,0,0,0,0,0,0,0,0,0,0,0,0,0,0,0,0,0,0,0,0,0,0,0,0,0,0,0,0,0,0,0,0,0
20211208,3698,365,727,1092,1175,1048,2223,3315,15,0,15,18,0,18,12,10,22,17,8,25,0,0,0,0,0,0,0,0,0,0,0,0,0,0,0,146,123,269,0,0,0,0,0,0,0,0,0,0,0,0,1,0,1,0,0,0,2,0,2,0,0,0,0,0,0,0,0,0,0,0,0,0,0,0,0,0,0,1,30,31,0,0,0,0,0,0,0,0,0,0,0,0,0,0,0,0,0,0,0,0,0,0,0,0,0,0,0,0,0,0,0,0,0,0,0,0,0,0,0,0,0,0,0,0,0
20211209,2372,340,461,801,522,699,1221,2022,96,93,189,0,0,0,4,6,10,23,33,56,0,0,0,0,0,0,0,0,0,0,0,0,0,3,3,48,32,80,0,0,0,0,0,0,0,0,0,0,0,0,0,0,0,0,0,0,0,0,0,0,0,0,0,0,0,0,0,0,0,0,0,0,0,0,0,0,0,0,12,12,0,0,0,0,0,0,0,0,0,0,0,0,0,0,0,0,0,0,0,0,0,0,0,0,0,0,0,0,0,0,0,0,0,0,0,0,0,0,0,0,0,0,0,0,0
20211210,4274,260,809,1069,1435,1207,2642,3711,94,122,216,1,2,3,5,8,13,13,17,30,0,0,0,0,2,2,0,0,0,0,0,0,3,3,6,152,123,275,0,0,0,0,0,0,0,0,0,0,0,0,2,0,2,0,0,0,5,0,5,0,0,0,0,0,0,0,0,0,0,0,0,0,0,0,0,0,0,0,11,11,0,0,0,0,0,0,0,0,0,0,0,0,0,0,0,0,0,0,0,0,0,0,0,0,0,0,0,0,0,0,0,0,0,0,0,0,0,0,0,0,0,0,0,0,0
20211211,2435,135,629,764,633,773,1406,2170,57,79,136,0,0,0,0,0,0,1,0,1,0,0,0,0,0,0,0,0,0,0,0,0,0,0,0,74,54,128,0,0,0,0,0,0,0,0,0,0,0,0,0,0,0,0,0,0,0,0,0,0,0,0,0,0,0,0,0,0,0,0,0,0,0,0,0,0,0,0,0,0,0,0,0,0,0,0,0,0,0,0,0,0,0,0,0,0,0,0,0,0,0,0,0,0,0,0,0,0,0,0,0,0,0,0,0,0,0,0,0,0,0,0,0,0,0
20211212,2525,318,600,918,768,621,1389,2307,53,55,108,1,2,3,1,1,2,0,17,17,0,0,0,0,0,0,0,0,0,0,0,0,2,0,2,23,60,83,0,0,0,0,0,0,0,0,0,0,0,0,0,0,0,0,0,0,0,0,0,0,0,0,0,0,0,0,0,0,0,0,0,0,0,0,0,3,3,0,0,0,0,0,0,0,0,0,0,0,0,0,0,0,0,0,0,0,0,0,0,0,0,0,0,0,0,0,0,0,0,0,0,0,0,0,0,0,0,0,0,0,0,0,0,0,0
20211213,1475,88,118,206,374,603,977,1183,5,0,5,1,0,1,1,0,1,6,61,67,0,0,0,0,0,0,0,0,0,0,0,0,2,0,2,111,88,199,0,0,0,0,0,0,0,0,0,0,0,0,17,0,17,0,0,0,0,0,0,0,0,0,0,0,0,0,0,0,0,0,0,0,0,0,0,0,0,0,0,0,0,0,0,0,0,0,0,0,0,0,0,0,0,0,0,0,0,0,0,0,0,0,0,0,0,0,0,0,0,0,0,0,0,0,0,0,0,0,0,0,0,0,0,0,0
20211214,4360,774,170,944,2283,763,3046,3990,230,48,278,2,0,2,12,7,19,26,3,29,0,0,0,0,0,0,0,0,0,0,0,0,0,0,0,2,3,5,0,0,0,0,0,0,0,0,0,0,0,0,0,0,0,0,0,0,11,0,11,0,0,0,0,0,0,0,0,0,0,0,0,0,0,0,2,0,2,0,24,24,0,0,0,0,0,0,0,0,0,0,0,0,0,0,0,0,0,0,0,0,0,0,0,0,0,0,0,0,0,0,0,0,0,0,0,0,0,0,0,0,0,0,0,0,0
20211215,5752,814,728,1542,2457,1108,3565,5107,25,0,25,2,0,2,11,15,26,10,4,14,0,0,0,0,0,0,0,0,0,0,0,0,0,1,1,389,121,510,0,0,0,0,0,0,0,0,0,0,0,0,0,0,0,0,0,0,0,0,0,0,0,0,0,0,0,0,0,0,0,0,0,0,0,0,2,1,3,0,64,64,0,0,0,0,0,0,0,0,0,0,0,0,0,0,0,0,0,0,0,0,0,0,0,0,0,0,0,0,0,0,0,0,0,0,0,0,0,0,0,0,0,0,0,0,0
20211216,4633,818,879,1697,1467,786,2253,3950,189,131,320,0,0,0,60,30,90,2,18,20,0,0,0,0,4,4,0,0,0,0,0,0,0,0,0,133,50,183,0,0,0,0,0,0,0,0,0,0,0,0,0,0,0,0,0,0,0,0,0,0,0,0,0,0,0,0,0,0,0,0,0,0,0,0,1,1,2,0,64,64,0,0,0,0,0,0,0,0,0,0,0,0,0,0,0,0,0,0,0,0,0,0,0,0,0,0,0,0,0,0,0,0,0,0,0,0,0,0,0,0,0,0,0,0,0
20211217,5312,399,692,1091,2222,1362,3584,4675,154,46,200,1,0,1,18,15,33,12,2,14,0,0,0,0,0,0,0,0,0,0,0,0,0,0,0,225,106,331,0,0,0,0,0,0,0,0,0,0,0,0,0,0,0,0,0,0,16,0,16,0,0,0,0,0,0,0,0,0,0,0,0,0,0,0,2,5,7,0,35,35,0,0,0,0,0,0,0,0,0,0,0,0,0,0,0,0,0,0,0,0,0,0,0,0,0,0,0,0,0,0,0,0,0,0,0,0,0,0,0,0,0,0,0,0,0
20211218,3201,208,506,714,1147,897,2044,2758,125,122,247,0,0,0,20,0,20,10,17,27,0,0,0,0,0,0,0,0,0,0,0,0,0,0,0,101,47,148,0,0,0,0,0,0,0,0,0,0,0,0,1,0,1,0,0,0,0,0,0,0,0,0,0,0,0,0,0,0,0,0,0,0,0,0,0,0,0,0,0,0,0,0,0,0,0,0,0,0,0,0,0,0,0,0,0,0,0,0,0,0,0,0,0,0,0,0,0,0,0,0,0,0,0,0,0,0,0,0,0,0,0,0,0,0,0
20211219,3251,560,369,929,1254,663,1917,2846,71,41,112,0,0,0,0,0,0,7,149,156,0,0,0,0,1,1,0,0,0,0,0,0,0,0,0,63,58,121,0,0,0,0,0,0,0,0,0,0,0,0,0,0,0,0,0,0,0,0,0,0,0,0,0,0,0,0,0,0,0,0,0,0,0,0,4,1,5,0,10,10,0,0,0,0,0,0,0,0,0,0,0,0,0,0,0,0,0,0,0,0,0,0,0,0,0,0,0,0,0,0,0,0,0,0,0,0,0,0,0,0,0,0,0,0,0
20211220,2630,156,354,510,1058,657,1715,2225,11,0,11,1,0,1,4,0,4,5,8,13,0,0,0,3,0,3,0,0,0,0,0,0,0,0,0,219,113,332,0,0,0,0,0,0,0,0,0,0,0,0,0,0,0,0,0,0,0,0,0,0,0,0,0,0,0,0,0,0,0,0,0,0,0,0,1,1,2,1,38,39,0,0,0,0,0,0,0,0,0,0,0,0,0,0,0,0,0,0,0,0,0,0,0,0,0,0,0,0,0,0,0,0,0,0,0,0,0,0,0,0,0,0,0,0,0
20211221,2917,300,470,770,1087,853,1940,2710,117,23,140,2,0,2,9,3,12,6,20,26,0,0,0,4,0,4,0,0,0,0,0,0,0,0,0,0,0,0,0,0,0,0,0,0,0,0,0,0,0,0,0,0,0,0,0,0,4,0,4,0,0,0,0,0,0,0,0,0,0,0,0,0,0,0,0,0,0,0,19,19,0,0,0,0,0,0,0,0,0,0,0,0,0,0,0,0,0,0,0,0,0,0,0,0,0,0,0,0,0,0,0,0,0,0,0,0,0,0,0,0,0,0,0,0,0
20211222,4224,433,1010,1443,1353,938,2291,3734,12,0,12,0,0,0,46,40,86,7,4,11,0,0,0,0,0,0,0,0,0,0,0,0,1,1,2,174,119,293,0,0,0,0,0,0,0,0,0,0,0,0,1,0,1,0,0,0,0,0,0,0,0,0,0,0,0,0,0,0,0,0,0,0,0,0,0,0,0,0,85,85,0,0,0,0,0,0,0,0,0,0,0,0,0,0,0,0,0,0,0,0,0,0,0,0,0,0,0,0,0,0,0,0,0,0,0,0,0,0,0,0,0,0,0,0,0
20211223,3391,611,628,1239,950,694,1644,2883,177,149,326,2,2,4,3,2,5,12,10,22,0,0,0,0,0,0,0,0,0,0,0,0,0,0,0,82,42,124,0,0,0,0,0,0,0,0,0,0,0,0,0,0,0,0,0,0,0,0,0,0,0,0,0,0,0,0,0,0,0,0,0,0,0,0,3,1,4,0,23,23,0,0,0,0,0,0,0,0,0,0,0,0,0,0,0,0,0,0,0,0,0,0,0,0,0,0,0,0,0,0,0,0,0,0,0,0,0,0,0,0,0,0,0,0,0
20211224,4002,367,418,785,1900,917,2817,3602,10,88,98,1,1,2,0,14,14,13,5,18,0,0,0,0,0,0,0,0,0,0,0,0,0,0,0,108,108,216,0,0,0,0,0,0,0,0,0,0,0,0,0,0,0,0,0,0,6,0,6,0,0,0,0,0,0,0,0,0,0,0,0,0,0,0,9,0,9,0,37,37,0,0,0,0,0,0,0,0,0,0,0,0,0,0,0,0,0,0,0,0,0,0,0,0,0,0,0,0,0,0,0,0,0,0,0,0,0,0,0,0,0,0,0,0,0
20211225,3189,276,191,467,1407,663,2070,2537,295,81,376,0,0,0,1,0,1,9,4,13,0,0,0,0,0,0,0,0,0,0,0,0,0,0,0,160,68,228,0,0,0,0,0,0,0,0,0,0,0,0,0,0,0,0,0,0,0,0,0,0,0,0,0,0,0,0,0,0,0,0,0,0,0,0,2,1,3,0,31,31,0,0,0,0,0,0,0,0,0,0,0,0,0,0,0,0,0,0,0,0,0,0,0,0,0,0,0,0,0,0,0,0,0,0,0,0,0,0,0,0,0,0,0,0,0
20211226,3789,509,805,1314,1480,582,2062,3376,200,17,217,0,0,0,1,0,1,0,59,59,0,0,0,0,0,0,0,0,0,0,0,0,0,0,0,78,58,136,0,0,0,0,0,0,0,0,0,0,0,0,0,0,0,0,0,0,0,0,0,0,0,0,0,0,0,0,0,0,0,0,0,0,0,0,0,0,0,0,0,0,0,0,0,0,0,0,0,0,0,0,0,0,0,0,0,0,0,0,0,0,0,0,0,0,0,0,0,0,0,0,0,0,0,0,0,0,0,0,0,0,0,0,0,0,0
20211227,2193,180,61,241,956,459,1415,1656,13,0,13,0,0,0,2,0,2,2,68,70,0,0,0,0,7,7,0,0,0,0,0,0,0,0,0,325,79,404,0,0,0,0,0,0,0,0,0,0,0,0,0,0,0,0,0,0,0,0,0,0,0,0,0,0,0,0,0,0,0,0,0,0,0,0,2,0,2,0,39,39,0,0,0,0,0,0,0,0,0,0,0,0,0,0,0,0,0,0,0,0,0,0,0,0,0,0,0,0,0,0,0,0,0,0,0,0,0,0,0,0,0,0,0,0,0
20211228,3040,304,189,493,1325,702,2027,2520,184,0,184,1,1,2,8,9,17,2,294,296,0,0,0,0,0,0,0,0,0,0,0,0,2,0,2,4,0,4,0,0,0,0,0,0,0,0,0,0,0,0,2,2,4,0,0,0,3,0,3,0,0,0,0,0,0,0,0,0,0,0,0,0,0,0,0,0,0,0,8,8,0,0,0,0,0,0,0,0,0,0,0,0,0,0,0,0,0,0,0,0,0,0,0,0,0,0,0,0,0,0,0,0,0,0,0,0,0,0,0,0,0,0,0,0,0
20211229,4246,627,576,1203,1744,763,2507,3710,17,0,17,3,0,3,3,25,28,17,26,43,0,0,0,0,0,0,0,0,0,0,0,0,0,0,0,319,115,434,0,0,0,0,0,0,0,0,0,0,0,0,0,0,0,0,0,0,0,0,0,0,0,0,0,0,0,0,0,0,0,0,0,0,0,0,0,0,0,0,11,11,0,0,0,0,0,0,0,0,0,0,0,0,0,0,0,0,0,0,0,0,0,0,0,0,0,0,0,0,0,0,0,0,0,0,0,0,0,0,0,0,0,0,0,0,0
20211230,3059,515,256,771,1009,600,1609,2380,259,83,342,3,5,8,0,0,0,10,165,175,0,0,0,0,0,0,0,0,0,0,0,0,0,0,0,107,40,147,0,0,0,0,0,0,0,0,0,0,0,0,1,0,1,0,0,0,0,0,0,0,0,0,0,0,0,0,0,0,0,0,0,0,0,0,0,1,1,0,5,5,0,0,0,0,0,0,0,0,0,0,0,0,0,0,0,0,0,0,0,0,0,0,0,0,0,0,0,0,0,0,0,0,0,0,0,0,0,0,0,0,0,0,0,0,0
20211231,4118,307,260,567,2097,1086,3183,3750,180,0,180,0,0,0,0,0,0,2,19,21,0,0,0,0,0,0,0,0,0,0,0,0,0,0,0,137,30,167,0,0,0,0,0,0,0,0,0,0,0,0,0,0,0,0,0,0,0,0,0,0,0,0,0,0,0,0,0,0,0,0,0,0,0,0,0,0,0,0,0,0,0,0,0,0,0,0,0,0,0,0,0,0,0,0,0,0,0,0,0,0,0,0,0,0,0,0,0,0,0,0,0,0,0,0,0,0,0,0,0,0,0,0,0,0,0
