20220101,3138,255,545,800,1130,849,1979,2779,86,46,132,0,0,0,0,0,0,1,48,49,0,0,0,0,0,0,0,0,0,0,0,0,0,0,0,84,75,159,0,0,0,0,0,0,0,0,0,0,0,0,0,0,0,0,0,0,0,0,0,0,0,0,0,0,0,0,0,0,0,0,0,0,0,0,0,0,0,0,19,19,0,0,0,0,0,0,0,0,0,0,0,0,0,0,0,0,0,0,0,0,0,0,0,0,0,0,0,0,0,0,0,0,0,0,0,0,0,0,0,0,0,0,0,0,0
20220102,2810,393,232,625,1141,867,2008,2633,88,16,104,0,0,0,0,0,0,1,1,2,0,0,0,0,0,0,0,0,0,0,0,0,0,0,0,29,28,57,0,0,0,0,0,0,0,0,0,0,0,0,0,0,0,0,0,0,3,0,3,0,0,0,0,0,0,0,0,0,0,0,0,0,0,0,4,2,6,0,5,5,0,0,0,0,0,0,0,0,0,0,0,0,0,0,0,0,0,0,0,0,0,0,0,0,0,0,0,0,0,0,0,0,0,0,0,0,0,0,0,0,0,0,0,0,0
20220103,2471,322,50,372,1005,547,1552,1924,72,0,72,0,0,0,0,3,3,26,207,233,0,0,0,0,0,0,0,0,0,0,0,0,0,0,0,189,48,237,0,0,0,0,0,0,0,0,0,0,0,0,0,0,0,0,0,0,0,0,0,0,0,0,0,0,0,0,0,0,0,0,0,0,0,0,0,0,0,0,2,2,0,0,0,0,0,0,0,0,0,0,0,0,0,0,0,0,0,0,0,0,0,0,0,0,0,0,0,0,0,0,0,0,0,0,0,0,0,0,0,0,0,0,0,0,0
20220104,2893,561,131,692,1200,820,2020,2712,123,0,123,0,0,0,1,0,1,11,14,25,0,0,0,0,0,0,0,0,0,0,0,0,0,0,0,28,0,28,0,0,0,0,0,0,0,0,0,0,0,0,2,2,4,0,0,0,0,0,0,0,0,0,0,0,0,0,0,0,0,0,0,0,0,0,0,0,0,0,0,0,0,0,0,0,0,0,0,0,0,0,0,0,0,0,0,0,0,0,0,0,0,0,0,0,0,0,0,0,0,0,0,0,0,0,0,0,0,0,0,0,0,0,0,0,0
20220105,4647,769,607,1376,1739,1118,2857,4233,0,0,0,1,8,9,2,1,3,7,4,11,0,0,0,0,0,0,0,0,0,0,0,0,0,0,0,272,119,391,0,0,0,0,0,0,0,0,0,0,0,0,0,0,0,0,0,0,0,0,0,0,0,0,0,0,0,0,0,0,0,0,0,0,0,0,0,0,0,0,0,0,0,0,0,0,0,0,0,0,0,0,0,0,0,0,0,0,0,0,0,0,0,0,0,0,0,0,0,0,0,0,0,0,0,0,0,0,0,0,0,0,0,0,0,0,0
20220106,4091,796,503,1299,1169,733,1902,3201,504,121,625,0,0,0,1,0,1,9,61,70,0,0,0,0,0,0,0,0,0,0,0,0,0,0,0,170,24,194,0,0,0,0,0,0,0,0,0,0,0,0,0,0,0,0,0,0,0,0,0,0,0,0,0,0,0,0,0,0,0,0,0,0,0,0,0,0,0,0,0,0,0,0,0,0,0,0,0,0,0,0,0,0,0,0,0,0,0,0,0,0,0,0,0,0,0,0,0,0,0,0,0,0,0,0,0,0,0,0,0,0,0,0,0,0,0
20220107,6124,880,542,1422,2481,1162,3643,5065,222,61,283,0,0,0,4,3,7,11,361,372,0,0,0,0,0,0,0,0,0,0,0,0,0,0,0,285,112,397,0,0,0,0,0,0,0,0,0,0,0,0,0,0,0,0,0,0,0,0,0,0,0,0,0,0,0,0,0,0,0,0,0,0,0,0,0,0,0,0,0,0,0,0,0,0,0,0,0,0,0,0,0,0,0,0,0,0,0,0,0,0,0,0,0,0,0,0,0,0,0,0,0,0,0,0,0,0,0,0,0,0,0,0,0,0,0
20220108,5293,777,833,1610,1988,930,2918,4528,178,60,238,0,0,0,0,0,0,10,170,180,0,0,0,0,0,0,0,0,0,0,0,0,0,0,0,274,69,343,0,0,0,0,0,0,0,0,0,0,0,0,4,0,4,0,0,0,0,0,0,0,0,0,0,0,0,0,0,0,0,0,0,0,0,0,0,0,0,0,0,0,0,0,0,0,0,0,0,0,0,0,0,0,0,0,0,0,0,0,0,0,0,0,0,0,0,0,0,0,0,0,0,0,0,0,0,0,0,0,0,0,0,0,0,0,0
20220109,4340,836,511,1347,1568,935,2503,3850,205,8,213,0,0,0,0,2,2,1,2,3,0,0,0,0,0,0,0,0,0,0,0,0,0,0,0,177,95,272,0,0,0,0,0,0,0,0,0,0,0,0,0,0,0,0,0,0,0,0,0,0,0,0,0,0,0,0,0,0,0,0,0,0,0,0,0,0,0,0,0,0,0,0,0,0,0,0,0,0,0,0,0,0,0,0,0,0,0,0,0,0,0,0,0,0,0,0,0,0,0,0,0,0,0,0,0,0,0,0,0,0,0,0,0,0,0
20220110,3768,824,299,1123,1342,497,1839,2962,254,0,254,0,0,0,2,1,3,0,162,162,0,0,0,0,0,0,0,0,0,0,0,0,0,0,0,316,67,383,0,0,0,0,0,0,0,0,0,0,0,0,0,0,0,0,0,0,0,0,0,0,0,0,0,0,0,0,0,0,0,0,0,0,0,0,0,0,0,3,1,4,0,0,0,0,0,0,0,0,0,0,0,0,0,0,0,0,0,0,0,0,0,0,0,0,0,0,0,0,0,0,0,0,0,0,0,0,0,0,0,0,0,0,0,0,0
20220111,3313,552,268,820,1215,724,1939,2759,241,0,241,0,0,0,2,1,3,7,254,261,0,0,0,0,0,0,0,0,0,0,0,0,0,0,0,48,0,48,0,0,0,0,0,0,0,0,0,0,0,0,0,0,0,0,0,0,0,0,0,0,0,0,0,0,0,0,0,0,0,0,0,0,0,0,0,1,1,0,0,0,0,0,0,0,0,0,0,0,0,0,0,0,0,0,0,0,0,0,0,0,0,0,0,0,0,0,0,0,0,0,0,0,0,0,0,0,0,0,0,0,0,0,0,0,0
20220112,4870,967,912,1879,1495,1033,2528,4407,0,0,0,15,1,16,4,5,9,14,59,73,0,0,0,13,0,13,0,0,0,0,0,0,1,0,1,264,81,345,0,0,0,0,0,0,0,0,0,0,0,0,0,1,1,0,0,0,0,0,0,0,0,0,0,0,0,0,0,0,0,0,0,0,0,0,0,0,0,0,5,5,0,0,0,0,0,0,0,0,0,0,0,0,0,0,0,0,0,0,0,0,0,0,0,0,0,0,0,0,0,0,0,0,0,0,0,0,0,0,0,0,0,0,0,0,0
20220113,4274,984,456,1440,1230,719,1949,3389,383,61,444,3,4,7,10,8,18,10,211,221,0,0,0,1,5,6,0,0,0,0,0,0,0,0,0,183,0,183,0,0,0,0,0,0,0,0,0,0,0,0,0,0,0,0,0,0,0,0,0,0,0,0,0,0,0,0,0,0,0,0,0,0,0,0,0,2,2,0,4,4,0,0,0,0,0,0,0,0,0,0,0,0,0,0,0,0,0,0,0,0,0,0,0,0,0,0,0,0,0,0,0,0,0,0,0,0,0,0,0,0,0,0,0,0,0
20220114,5861,770,565,1335,2515,1128,3643,4978,206,23,229,0,0,0,0,0,0,5,107,112,0,0,0,0,0,0,0,0,0,0,0,0,0,0,0,390,132,522,0,0,0,0,0,0,0,0,0,0,0,0,0,0,0,0,0,0,0,0,0,0,0,0,0,0,0,0,0,0,0,0,0,0,0,0,0,0,0,0,20,20,0,0,0,0,0,0,0,0,0,0,0,0,0,0,0,0,0,0,0,0,0,0,0,0,0,0,0,0,0,0,0,0,0,0,0,0,0,0,0,0,0,0,0,0,0
20220115,5838,1023,690,1713,2104,1065,3169,4882,401,47,448,10,1,11,1,0,1,12,39,51,1,0,1,0,0,0,0,0,0,0,0,0,0,2,2,328,87,415,0,0,0,0,0,0,0,0,0,0,0,0,1,4,5,0,0,0,0,0,0,0,0,0,0,0,0,0,0,0,0,0,0,0,0,0,6,0,6,0,16,16,0,0,0,0,0,0,0,0,0,0,0,0,0,0,0,0,0,0,0,0,0,0,0,0,0,0,0,0,0,0,0,0,0,0,0,0,0,0,0,0,0,0,0,0,0
20220116,4517,775,552,1327,1846,941,2787,4114,209,17,226,0,1,1,0,0,0,1,55,56,0,0,0,0,0,0,0,0,0,0,0,0,0,0,0,74,46,120,0,0,0,0,0,0,0,0,0,0,0,0,0,0,0,0,0,0,0,0,0,0,0,0,0,0,0,0,0,0,0,0,0,0,0,0,0,0,0,0,0,0,0,0,0,0,0,0,0,0,0,0,0,0,0,0,0,0,0,0,0,0,0,0,0,0,0,0,0,0,0,0,0,0,0,0,0,0,0,0,0,0,0,0,0,0,0
20220117,1732,216,104,320,678,508,1186,1506,0,0,0,1,2,3,2,3,5,3,3,6,2,4,6,0,0,0,0,0,0,0,0,0,0,0,0,157,49,206,0,0,0,0,0,0,0,0,0,0,0,0,0,0,0,0,0,0,0,0,0,0,0,0,0,0,0,0,0,0,0,0,0,0,0,0,0,0,0,0,0,0,0,0,0,0,0,0,0,0,0,0,0,0,0,0,0,0,0,0,0,0,0,0,0,0,0,0,0,0,0,0,0,0,0,0,0,0,0,0,0,0,0,0,0,0,0
20220118,2425,286,617,903,727,650,1377,2280,57,0,57,0,0,0,2,2,4,2,26,28,1,0,1,0,0,0,0,0,0,0,0,0,0,0,0,0,0,0,0,0,0,0,0,0,0,0,0,0,0,0,0,0,0,0,0,0,0,0,0,0,0,0,0,0,0,0,0,0,0,0,0,0,0,0,0,0,0,0,55,55,0,0,0,0,0,0,0,0,0,0,0,0,0,0,0,0,0,0,0,0,0,0,0,0,0,0,0,0,0,0,0,0,0,0,0,0,0,0,0,0,0,0,0,0,0
20220119,3160,360,865,1225,835,892,1727,2952,0,0,0,3,0,3,5,17,22,1,20,21,0,0,0,0,0,0,0,0,0,0,0,0,0,0,0,80,48,128,0,0,0,0,0,0,0,0,0,0,0,0,0,0,0,0,0,0,0,0,0,0,0,0,0,0,0,0,0,0,0,0,0,0,0,0,0,0,0,0,34,34,0,0,0,0,0,0,0,0,0,0,0,0,0,0,0,0,0,0,0,0,0,0,0,0,0,0,0,0,0,0,0,0,0,0,0,0,0,0,0,0,0,0,0,0,0
20220120,2828,366,601,967,969,757,1726,2693,44,3,47,0,0,0,0,0,0,59,1,60,0,0,0,0,9,9,0,0,0,0,0,0,0,0,0,0,0,0,0,0,0,0,0,0,0,0,0,0,0,0,0,0,0,0,0,0,0,0,0,0,0,0,0,0,0,0,0,0,0,0,0,0,0,0,0,0,0,0,19,19,0,0,0,0,0,0,0,0,0,0,0,0,0,0,0,0,0,0,0,0,0,0,0,0,0,0,0,0,0,0,0,0,0,0,0,0,0,0,0,0,0,0,0,0,0
20220121,3721,224,533,757,1336,1276,2612,3369,45,13,58,0,0,0,1,1,2,1,3,4,0,0,0,15,10,25,0,0,0,0,0,0,0,5,5,98,110,208,0,0,0,0,0,0,0,0,0,0,0,0,0,0,0,0,0,0,0,0,0,0,0,0,0,0,0,0,0,0,0,0,0,0,0,0,0,1,1,0,49,49,0,0,0,0,0,0,0,0,0,0,0,0,0,0,0,0,0,0,0,0,0,0,0,0,0,0,0,0,0,0,0,0,0,0,0,0,0,0,0,0,0,0,0,0,0
20220122,2893,171,594,765,1060,823,1883,2648,62,24,86,1,0,1,0,0,0,6,10,16,0,0,0,0,1,1,0,0,0,0,0,0,0,0,0,75,51,126,0,0,0,0,0,0,0,0,0,0,0,0,0,0,0,0,0,0,0,0,0,0,0,0,0,0,0,0,0,0,0,0,0,0,0,0,0,0,0,0,15,15,0,0,0,0,0,0,0,0,0,0,0,0,0,0,0,0,0,0,0,0,0,0,0,0,0,0,0,0,0,0,0,0,0,0,0,0,0,0,0,0,0,0,0,0,0
20220123,3117,394,582,976,1149,878,2027,3003,25,8,33,0,0,0,0,0,0,6,9,15,0,0,0,0,0,0,0,0,0,0,0,0,0,0,0,45,19,64,0,0,0,0,0,0,0,0,0,0,0,0,0,0,0,0,0,0,0,0,0,0,0,0,0,0,0,0,0,0,0,0,0,0,0,0,0,0,0,0,2,2,0,0,0,0,0,0,0,0,0,0,0,0,0,0,0,0,0,0,0,0,0,0,0,0,0,0,0,0,0,0,0,0,0,0,0,0,0,0,0,0,0,0,0,0,0
20220124,1501,198,100,298,689,402,1091,1389,0,0,0,1,0,1,1,0,1,3,7,10,0,0,0,0,0,0,0,0,0,0,0,0,0,0,0,50,16,66,0,0,0,0,0,0,0,0,0,0,0,0,3,2,5,0,0,0,0,0,0,0,0,0,0,0,0,0,0,0,0,0,0,0,0,0,1,2,3,0,26,26,0,0,0,0,0,0,0,0,0,0,0,0,0,0,0,0,0,0,0,0,0,0,0,0,0,0,0,0,0,0,0,0,0,0,0,0,0,0,0,0,0,0,0,0,0
20220125,1743,268,457,725,527,438,965,1690,0,0,0,0,0,0,0,0,0,2,4,6,0,0,0,0,0,0,0,0,0,0,0,0,0,0,0,0,0,0,0,0,0,0,0,0,0,0,0,0,0,0,5,0,5,0,0,0,0,0,0,0,0,0,0,0,0,0,0,0,0,0,0,0,0,0,0,1,1,0,41,41,0,0,0,0,0,0,0,0,0,0,0,0,0,0,0,0,0,0,0,0,0,0,0,0,0,0,0,0,0,0,0,0,0,0,0,0,0,0,0,0,0,0,0,0,0
20220126,2909,349,848,1197,845,713,1558,2755,0,0,0,1,0,1,1,3,4,5,10,15,0,0,0,2,7,9,0,0,0,0,0,0,0,0,0,71,41,112,0,0,0,0,0,0,0,0,0,0,0,0,0,0,0,0,0,0,0,0,0,0,0,0,0,0,0,0,0,0,0,0,0,0,0,0,2,0,2,0,11,11,0,0,0,0,0,0,0,0,0,0,0,0,0,0,0,0,0,0,0,0,0,0,0,0,0,0,0,0,0,0,0,0,0,0,0,0,0,0,0,0,0,0,0,0,0
20220127,2090,285,535,820,477,623,1100,1920,38,45,83,9,1,10,4,0,4,19,9,28,0,0,0,0,0,0,0,0,0,0,0,0,12,4,16,0,0,0,0,0,0,0,0,0,0,0,0,0,0,0,0,0,0,0,0,0,0,0,0,0,0,0,0,0,0,0,0,0,0,0,0,0,0,0,4,1,5,0,24,24,0,0,0,0,0,0,0,0,0,0,0,0,0,0,0,0,0,0,0,0,0,0,0,0,0,0,0,0,0,0,0,0,0,0,0,0,0,0,0,0,0,0,0,0,0
20220128,3193,217,386,603,1203,1095,2298,2901,31,29,60,1,0,1,0,0,0,16,14,30,0,0,0,0,0,0,0,0,0,0,0,0,0,0,0,89,105,194,0,0,0,0,0,0,0,0,0,0,0,0,1,0,1,0,0,0,0,0,0,0,0,0,0,0,0,0,0,0,0,0,0,0,0,0,0,0,0,1,5,6,0,0,0,0,0,0,0,0,0,0,0,0,0,0,0,0,0,0,0,0,0,0,0,0,0,0,0,0,0,0,0,0,0,0,0,0,0,0,0,0,0,0,0,0,0
20220129,1653,107,353,460,478,613,1091,1551,0,0,0,1,0,1,0,0,0,1,37,38,0,0,0,0,0,0,0,0,0,0,0,0,3,0,3,39,21,60,0,0,0,0,0,0,0,0,0,0,0,0,0,0,0,0,0,0,0,0,0,0,0,0,0,0,0,0,0,0,0,0,0,0,0,0,0,0,0,0,0,0,0,0,0,0,0,0,0,0,0,0,0,0,0,0,0,0,0,0,0,0,0,0,0,0,0,0,0,0,0,0,0,0,0,0,0,0,0,0,0,0,0,0,0,0,0
20220130,1902,253,211,464,793,554,1347,1811,20,11,31,1,1,2,0,0,0,1,1,2,0,0,0,0,0,0,0,0,0,0,0,0,0,0,0,38,17,55,0,0,0,0,0,0,0,0,0,0,0,0,0,0,0,0,0,0,0,0,0,0,0,0,0,0,0,0,0,0,0,0,0,0,0,0,1,0,1,0,0,0,0,0,0,0,0,0,0,0,0,0,0,0,0,0,0,0,0,0,0,0,0,0,0,0,0,0,0,0,0,0,0,0,0,0,0,0,0,0,0,0,0,0,0,0,0
20220131,729,71,52,123,322,193,515,638,0,0,0,0,0,0,0,0,0,1,2,3,0,0,0,0,0,0,0,0,0,0,0,0,0,0,0,65,23,88,0,0,0,0,0,0,0,0,0,0,0,0,0,0,0,0,0,0,0,0,0,0,0,0,0,0,0,0,0,0,0,0,0,0,0,0,0,0,0,0,0,0,0,0,0,0,0,0,0,0,0,0,0,0,0,0,0,0,0,0,0,0,0,0,0,0,0,0,0,0,0,0,0,0,0,0,0,0,0,0,0,0,0,0,0,0,0
20220201,1128,100,45,145,620,343,963,1108,0,0,0,0,0,0,0,0,0,1,0,1,0,0,0,0,10,10,0,0,0,0,0,0,0,1,1,6,0,6,0,0,0,0,0,0,0,0,0,0,0,0,0,0,0,0,0,0,0,0,0,0,0,0,0,0,0,0,0,0,0,0,0,0,0,0,2,0,2,0,0,0,0,0,0,0,0,0,0,0,0,0,0,0,0,0,0,0,0,0,0,0,0,0,0,0,0,0,0,0,0,0,0,0,0,0,0,0,0,0,0,0,0,0,0,0,0
20220202,1501,158,149,307,596,498,1094,1401,0,0,0,0,0,0,8,3,11,1,0,1,0,0,0,0,0,0,0,0,0,0,0,0,30,0,30,46,12,58,0,0,0,0,0,0,0,0,0,0,0,0,0,0,0,0,0,0,0,0,0,0,0,0,0,0,0,0,0,0,0,0,0,0,0,0,0,0,0,0,0,0,0,0,0,0,0,0,0,0,0,0,0,0,0,0,0,0,0,0,0,0,0,0,0,0,0,0,0,0,0,0,0,0,0,0,0,0,0,0,0,0,0,0,0,0,0
20220203,2204,278,200,478,755,926,1681,2159,20,19,39,0,0,0,0,0,0,1,1,2,0,0,0,1,0,1,0,0,0,0,0,0,0,0,0,0,0,0,0,0,0,0,0,0,0,0,0,0,0,0,0,0,0,0,0,0,0,0,0,0,0,0,0,0,0,0,0,0,0,0,0,0,0,0,0,0,0,0,3,3,0,0,0,0,0,0,0,0,0,0,0,0,0,0,0,0,0,0,0,0,0,0,0,0,0,0,0,0,0,0,0,0,0,0,0,0,0,0,0,0,0,0,0,0,0
20220204,3172,227,288,515,1249,1187,2436,2951,0,114,114,0,0,0,16,14,30,4,4,8,0,0,0,0,0,0,0,0,0,0,0,0,0,0,0,35,33,68,0,0,0,0,0,0,0,0,0,0,0,0,0,0,0,0,0,0,0,0,0,0,0,0,0,0,0,0,0,0,0,0,0,0,0,0,0,1,1,0,0,0,0,0,0,0,0,0,0,0,0,0,0,0,0,0,0,0,0,0,0,0,0,0,0,0,0,0,0,0,0,0,0,0,0,0,0,0,0,0,0,0,0,0,0,0,0
20220205,3293,162,315,477,877,1562,2439,2916,97,93,190,0,0,0,0,0,0,3,5,8,0,0,0,0,0,0,0,0,0,0,0,0,0,0,0,94,85,179,0,0,0,0,0,0,0,0,0,0,0,0,0,0,0,0,0,0,0,0,0,0,0,0,0,0,0,0,0,0,0,0,0,0,0,0,0,0,0,0,0,0,0,0,0,0,0,0,0,0,0,0,0,0,0,0,0,0,0,0,0,0,0,0,0,0,0,0,0,0,0,0,0,0,0,0,0,0,0,0,0,0,0,0,0,0,0
20220206,4468,318,353,671,1219,2070,3289,3960,38,152,190,0,0,0,0,2,2,6,1,7,0,0,0,0,0,0,0,0,0,0,0,0,0,0,0,116,189,305,0,0,0,0,0,0,0,0,0,0,0,0,3,1,4,0,0,0,0,0,0,0,0,0,0,0,0,0,0,0,0,0,0,0,0,0,0,0,0,0,0,0,0,0,0,0,0,0,0,0,0,0,0,0,0,0,0,0,0,0,0,0,0,0,0,0,0,0,0,0,0,0,0,0,0,0,0,0,0,0,0,0,0,0,0,0,0
20220207,3663,180,143,323,869,1756,2625,2948,0,121,121,0,1,1,0,0,0,5,1,6,0,0,0,0,26,26,0,0,0,0,0,0,5,3,8,161,381,542,0,0,0,0,0,0,0,0,0,0,0,0,0,0,0,0,0,0,0,0,0,0,0,0,0,0,0,0,0,0,0,0,0,0,0,0,0,0,0,0,11,11,0,0,0,0,0,0,0,0,0,0,0,0,0,0,0,0,0,0,0,0,0,0,0,0,0,0,0,0,0,0,0,0,0,0,0,0,0,0,0,0,0,0,0,0,0
20220208,3921,397,477,874,819,1809,2628,3502,65,230,295,0,0,0,0,0,0,4,1,5,0,0,0,0,0,0,0,0,0,0,0,0,0,0,0,11,98,109,0,0,0,0,0,0,0,0,0,0,0,0,0,0,0,0,0,0,0,0,0,0,0,0,0,0,0,0,0,0,0,0,0,0,0,0,0,1,1,0,9,9,0,0,0,0,0,0,0,0,0,0,0,0,0,0,0,0,0,0,0,0,0,0,0,0,0,0,0,0,0,0,0,0,0,0,0,0,0,0,0,0,0,0,0,0,0
20220209,5472,417,1073,1490,1148,2152,3300,4790,0,0,0,0,0,0,5,2,7,23,4,27,0,0,0,0,23,23,0,0,0,0,0,0,0,0,0,91,513,604,0,0,0,0,0,0,0,0,0,0,0,0,5,0,5,0,0,0,0,0,0,0,0,0,0,0,0,0,0,0,0,0,0,0,0,0,0,0,0,0,16,16,0,0,0,0,0,0,0,0,0,0,0,0,0,0,0,0,0,0,0,0,0,0,0,0,0,0,0,0,0,0,0,0,0,0,0,0,0,0,0,0,0,0,0,0,0
20220210,5933,578,1223,1801,961,2380,3341,5142,199,357,556,2,3,5,1,2,3,8,28,36,0,0,0,0,5,5,0,0,0,0,0,0,0,0,0,26,150,176,0,0,0,0,0,0,0,0,0,0,0,0,1,1,2,0,0,0,0,0,0,0,0,0,0,0,0,0,0,0,0,0,0,0,0,0,2,0,2,0,6,6,0,0,0,0,0,0,0,0,0,0,0,0,0,0,0,0,0,0,0,0,0,0,0,0,0,0,0,0,0,0,0,0,0,0,0,0,0,0,0,0,0,0,0,0,0
20220211,5654,395,638,1033,1669,2329,3998,5031,0,139,139,6,3,9,4,0,4,10,31,41,1,0,1,0,0,0,0,0,0,0,0,0,0,0,0,180,249,429,0,0,0,0,0,0,0,0,0,0,0,0,0,0,0,0,0,0,0,0,0,0,0,0,0,0,0,0,0,0,0,0,0,0,0,0,0,0,0,0,0,0,0,0,0,0,0,0,0,0,0,0,0,0,0,0,0,0,0,0,0,0,0,0,0,0,0,0,0,0,0,0,0,0,0,0,0,0,0,0,0,0,0,0,0,0,0
20220212,4915,353,798,1151,1188,2036,3224,4375,115,211,326,0,0,0,2,1,3,2,0,2,0,0,0,0,0,0,0,0,0,0,0,0,0,0,0,90,119,209,0,0,0,0,0,0,0,0,0,0,0,0,0,0,0,0,0,0,0,0,0,0,0,0,0,0,0,0,0,0,0,0,0,0,0,0,0,0,0,0,0,0,0,0,0,0,0,0,0,0,0,0,0,0,0,0,0,0,0,0,0,0,0,0,0,0,0,0,0,0,0,0,0,0,0,0,0,0,0,0,0,0,0,0,0,0,0
20220213,5947,453,629,1082,1623,2590,4213,5295,52,162,214,6,0,6,0,0,0,3,16,19,0,0,0,0,0,0,0,0,0,0,0,0,0,0,0,94,307,401,0,0,0,0,0,0,0,0,0,0,0,0,0,0,0,0,0,0,0,0,0,0,0,0,0,0,0,0,0,0,0,0,0,0,0,0,2,3,5,0,7,7,0,0,0,0,0,0,0,0,0,0,0,0,0,0,0,0,0,0,0,0,0,0,0,0,0,0,0,0,0,0,0,0,0,0,0,0,0,0,0,0,0,0,0,0,0
20220214,3859,250,176,426,725,1823,2548,2974,0,126,126,0,1,1,4,0,4,4,0,4,0,0,0,0,0,0,0,0,0,0,0,0,0,0,0,212,538,750,0,0,0,0,0,0,0,0,0,0,0,0,0,0,0,0,0,0,0,0,0,0,0,0,0,0,0,0,0,0,0,0,0,0,0,0,0,0,0,0,0,0,0,0,0,0,0,0,0,0,0,0,0,0,0,0,0,0,0,0,0,0,0,0,0,0,0,0,0,0,0,0,0,0,0,0,0,0,0,0,0,0,0,0,0,0,0
20220215,3437,169,565,734,472,1798,2270,3004,48,261,309,2,0,2,0,2,2,1,11,12,0,0,0,0,0,0,0,0,0,0,0,0,0,0,0,15,84,99,0,0,0,0,0,0,0,0,0,0,0,0,0,3,3,0,0,0,0,0,0,0,0,0,0,0,0,0,0,0,0,0,0,0,0,0,0,0,0,0,6,6,0,0,0,0,0,0,0,0,0,0,0,0,0,0,0,0,0,0,0,0,0,0,0,0,0,0,0,0,0,0,0,0,0,0,0,0,0,0,0,0,0,0,0,0,0
20220216,5821,535,1174,1709,896,2393,3289,4998,0,0,0,0,0,0,80,76,156,9,4,13,0,0,0,0,0,0,0,0,0,0,0,0,0,0,0,108,541,649,0,0,0,0,0,0,0,0,0,0,0,0,0,0,0,0,0,0,0,0,0,0,0,0,0,0,0,0,0,0,0,0,0,0,0,0,0,0,0,1,4,5,0,0,0,0,0,0,0,0,0,0,0,0,0,0,0,0,0,0,0,0,0,0,0,0,0,0,0,0,0,0,0,0,0,0,0,0,0,0,0,0,0,0,0,0,0
20220217,3992,407,961,1368,468,1549,2017,3385,115,286,401,0,0,0,20,18,38,33,6,39,0,0,0,2,0,2,0,0,0,0,0,0,0,0,0,10,112,122,0,0,0,0,0,0,0,0,0,0,0,0,0,0,0,0,0,0,0,0,0,0,0,0,0,0,0,0,0,0,0,0,0,0,0,0,0,1,1,1,3,4,0,0,0,0,0,0,0,0,0,0,0,0,0,0,0,0,0,0,0,0,0,0,0,0,0,0,0,0,0,0,0,0,0,0,0,0,0,0,0,0,0,0,0,0,0
20220218,5020,295,608,903,1155,2500,3655,4558,0,122,122,5,5,10,0,0,0,8,37,45,0,0,0,0,5,5,0,0,0,0,0,0,0,0,0,65,215,280,0,0,0,0,0,0,0,0,0,0,0,0,0,0,0,0,0,0,0,0,0,0,0,0,0,0,0,0,0,0,0,0,0,0,0,0,0,0,0,0,0,0,0,0,0,0,0,0,0,0,0,0,0,0,0,0,0,0,0,0,0,0,0,0,0,0,0,0,0,0,0,0,0,0,0,0,0,0,0,0,0,0,0,0,0,0,0
20220219,3759,216,871,1087,582,1690,2272,3359,52,105,157,0,0,0,3,3,6,9,9,18,0,0,0,0,0,0,0,0,0,0,0,0,0,0,0,55,163,218,0,0,0,0,0,0,0,0,0,0,0,0,1,0,1,0,0,0,0,0,0,0,0,0,0,0,0,0,0,0,0,0,0,0,0,0,0,0,0,0,0,0,0,0,0,0,0,0,0,0,0,0,0,0,0,0,0,0,0,0,0,0,0,0,0,0,0,0,0,0,0,0,0,0,0,0,0,0,0,0,0,0,0,0,0,0,0
20220220,3898,412,524,936,725,1705,2430,3366,41,136,177,0,0,0,12,3,15,4,5,9,0,0,0,0,0,0,0,0,0,0,0,0,0,0,0,39,286,325,0,0,0,0,0,0,0,0,0,0,0,0,0,0,0,0,0,0,0,0,0,0,0,0,0,0,0,0,0,0,0,0,0,0,0,0,0,0,0,0,6,6,0,0,0,0,0,0,0,0,0,0,0,0,0,0,0,0,0,0,0,0,0,0,0,0,0,0,0,0,0,0,0,0,0,0,0,0,0,0,0,0,0,0,0,0,0
20220221,2692,148,183,331,457,1292,1749,2080,0,0,0,0,0,0,0,0,0,10,1,11,0,0,0,0,0,0,0,0,0,0,0,0,0,0,0,89,502,591,0,0,0,0,0,0,0,0,0,0,0,0,0,0,0,0,0,0,0,0,0,0,0,0,0,0,0,0,0,0,0,0,0,0,0,0,5,3,8,0,2,2,0,0,0,0,0,0,0,0,0,0,0,0,0,0,0,0,0,0,0,0,0,0,0,0,0,0,0,0,0,0,0,0,0,0,0,0,0,0,0,0,0,0,0,0,0
20220222,2962,222,492,714,416,1352,1768,2482,73,210,283,5,0,5,21,22,43,1,1,2,0,0,0,0,0,0,0,0,0,0,0,0,0,0,0,19,101,120,0,0,0,0,0,0,0,0,0,0,0,0,0,0,0,0,0,0,0,0,0,0,0,0,0,0,0,0,0,0,0,0,0,0,0,0,3,1,4,0,23,23,0,0,0,0,0,0,0,0,0,0,0,0,0,0,0,0,0,0,0,0,0,0,0,0,0,0,0,0,0,0,0,0,0,0,0,0,0,0,0,0,0,0,0,0,0
20220223,4614,470,1141,1611,707,1636,2343,3954,0,0,0,2,0,2,15,14,29,20,7,27,0,0,0,0,0,0,0,0,0,0,0,0,0,0,0,127,474,601,0,0,0,0,0,0,0,0,0,0,0,0,1,0,1,0,0,0,0,0,0,0,0,0,0,0,0,0,0,0,0,0,0,0,0,0,0,0,0,0,0,0,0,0,0,0,0,0,0,0,0,0,0,0,0,0,0,0,0,0,0,0,0,0,0,0,0,0,0,0,0,0,0,0,0,0,0,0,0,0,0,0,0,0,0,0,0
20220224,3620,574,917,1491,411,1209,1620,3111,88,138,226,2,0,2,79,60,139,20,3,23,0,0,0,0,4,4,0,0,0,0,0,0,0,0,0,17,96,113,0,0,0,0,0,0,0,0,0,0,0,0,0,0,0,0,0,0,0,0,0,0,0,0,0,0,0,0,0,0,0,0,0,0,0,0,1,0,1,1,0,1,0,0,0,0,0,0,0,0,0,0,0,0,0,0,0,0,0,0,0,0,0,0,0,0,0,0,0,0,0,0,0,0,0,0,0,0,0,0,0,0,0,0,0,0,0
20220225,4371,225,679,904,1113,1789,2902,3806,41,115,156,1,1,2,0,0,0,9,24,33,0,0,0,0,1,1,0,0,0,0,0,0,26,38,64,110,197,307,0,0,0,0,0,0,0,0,0,0,0,0,1,0,1,0,0,0,0,0,0,0,0,0,0,0,0,0,0,0,0,0,0,0,0,0,0,1,1,0,0,0,0,0,0,0,0,0,0,0,0,0,0,0,0,0,0,0,0,0,0,0,0,0,0,0,0,0,0,0,0,0,0,0,0,0,0,0,0,0,0,0,0,0,0,0,0
20220226,3672,347,1050,1397,692,1267,1959,3356,23,72,95,1,0,1,0,2,2,7,1,8,0,0,0,0,0,0,0,0,0,0,0,0,1,16,17,39,146,185,0,0,0,0,0,0,0,4,4,0,0,0,0,2,2,0,0,0,0,0,0,0,0,0,0,0,0,0,0,0,0,0,0,0,0,0,0,1,1,0,1,1,0,0,0,0,0,0,0,0,0,0,0,0,0,0,0,0,0,0,0,0,0,0,0,0,0,0,0,0,0,0,0,0,0,0,0,0,0,0,0,0,0,0,0,0,0
20220227,3395,505,477,982,754,1274,2028,3010,65,97,162,3,0,3,0,0,0,6,36,42,0,0,0,0,0,0,0,0,0,0,0,0,0,0,0,30,140,170,0,0,0,0,0,0,0,0,0,0,0,0,0,0,0,0,0,0,0,0,0,0,0,0,0,0,0,0,0,0,0,0,0,0,0,0,0,0,0,0,8,8,0,0,0,0,0,0,0,0,0,0,0,0,0,0,0,0,0,0,0,0,0,0,0,0,0,0,0,0,0,0,0,0,0,0,0,0,0,0,0,0,0,0,0,0,0
20220228,2717,288,257,545,449,1173,1622,2167,0,0,0,1,0,1,0,0,0,8,0,8,0,0,0,0,1,1,0,0,0,0,0,0,0,0,0,93,447,540,0,0,0,0,0,0,0,0,0,0,0,0,0,0,0,0,0,0,0,0,0,0,0,0,0,0,0,0,0,0,0,0,0,0,0,0,0,0,0,0,0,0,0,0,0,0,0,0,0,0,0,0,0,0,0,0,0,0,0,0,0,0,0,0,0,0,0,0,0,0,0,0,0,0,0,0,0,0,0,0,0,0,0,0,0,0,0
20220301,2757,240,451,691,382,1358,1740,2431,51,121,172,2,0,2,7,18,25,17,1,18,0,0,0,0,0,0,0,0,0,0,0,0,0,0,0,34,73,107,0,0,0,0,0,0,0,0,0,0,0,0,1,0,1,0,0,0,0,0,0,0,0,0,0,0,0,0,0,0,0,0,0,0,0,0,0,1,1,0,0,0,0,0,0,0,0,0,0,0,0,0,0,0,0,0,0,0,0,0,0,0,0,0,0,0,0,0,0,0,0,0,0,0,0,0,0,0,0,0,0,0,0,0,0,0,0
20220302,4056,368,935,1303,637,1594,2231,3534,0,0,0,0,3,3,9,16,25,4,6,10,0,0,0,0,0,0,0,0,0,0,0,0,0,0,0,61,423,484,0,0,0,0,0,0,0,0,0,0,0,0,0,0,0,0,0,0,0,0,0,0,0,0,0,0,0,0,0,0,0,0,0,0,0,0,0,0,0,0,0,0,0,0,0,0,0,0,0,0,0,0,0,0,0,0,0,0,0,0,0,0,0,0,0,0,0,0,0,0,0,0,0,0,0,0,0,0,0,0,0,0,0,0,0,0,0
20220303,3539,500,923,1423,339,1400,1739,3162,79,132,211,0,1,1,8,8,16,7,3,10,0,0,0,0,0,0,0,0,0,0,0,0,0,3,3,7,100,107,0,0,0,0,0,0,0,0,0,0,0,0,0,0,0,0,0,0,0,0,0,0,0,0,0,0,0,0,0,0,0,0,0,0,0,0,0,0,0,2,27,29,0,0,0,0,0,0,0,0,0,0,0,0,0,0,0,0,0,0,0,0,0,0,0,0,0,0,0,0,0,0,0,0,0,0,0,0,0,0,0,0,0,0,0,0,0
20220304,3652,261,522,783,667,1782,2449,3232,27,91,118,0,1,1,7,14,21,7,2,9,0,0,0,0,0,0,0,0,0,0,0,0,0,0,0,49,214,263,0,0,0,0,0,0,0,0,0,0,0,0,0,0,0,0,0,0,0,0,0,0,0,0,0,0,0,0,0,0,0,0,0,0,0,0,4,0,4,4,0,4,0,0,0,0,0,0,0,0,0,0,0,0,0,0,0,0,0,0,0,0,0,0,0,0,0,0,0,0,0,0,0,0,0,0,0,0,0,0,0,0,0,0,0,0,0
20220305,3115,168,1047,1215,352,1320,1672,2887,14,78,92,3,2,5,0,0,0,2,1,3,0,0,0,0,0,0,0,0,0,0,0,0,0,0,0,19,109,128,0,0,0,0,0,0,0,0,0,0,0,0,0,0,0,0,0,0,0,0,0,0,0,0,0,0,0,0,0,0,0,0,0,0,0,0,0,0,0,0,0,0,0,0,0,0,0,0,0,0,0,0,0,0,0,0,0,0,0,0,0,0,0,0,0,0,0,0,0,0,0,0,0,0,0,0,0,0,0,0,0,0,0,0,0,0,0
20220306,2195,196,383,579,242,1127,1369,1948,26,79,105,0,0,0,0,5,5,9,11,20,0,0,0,0,0,0,0,0,0,0,0,0,0,0,0,8,105,113,0,0,0,0,0,0,0,0,0,0,0,0,0,0,0,0,0,0,0,0,0,0,0,0,0,0,0,0,0,0,0,0,0,0,0,0,0,4,4,0,0,0,0,0,0,0,0,0,0,0,0,0,0,0,0,0,0,0,0,0,0,0,0,0,0,0,0,0,0,0,0,0,0,0,0,0,0,0,0,0,0,0,0,0,0,0,0
20220307,3590,529,157,686,1222,927,2149,2835,0,1,1,0,0,0,4,2,6,23,8,31,0,0,0,0,0,0,0,0,0,0,0,0,0,0,0,307,404,711,0,0,0,0,0,0,0,0,0,0,0,0,1,3,4,0,0,0,0,0,0,0,0,0,0,0,0,0,0,0,0,0,0,0,0,0,2,0,2,0,0,0,0,0,0,0,0,0,0,0,0,0,0,0,0,0,0,0,0,0,0,0,0,0,0,0,0,0,0,0,0,0,0,0,0,0,0,0,0,0,0,0,0,0,0,0,0
20220308,3493,616,536,1152,949,989,1938,3090,101,52,153,62,1,63,0,35,35,21,4,25,0,0,0,1,0,1,0,0,0,0,0,0,0,0,0,49,73,122,0,0,0,0,0,0,0,0,0,0,0,0,0,0,0,0,0,0,0,0,0,0,0,0,0,0,0,0,0,0,0,0,0,0,0,0,1,3,4,0,0,0,0,0,0,0,0,0,0,0,0,0,0,0,0,0,0,0,0,0,0,0,0,0,0,0,0,0,0,0,0,0,0,0,0,0,0,0,0,0,0,0,0,0,0,0,0
20220309,5653,858,962,1820,1495,1592,3087,4907,0,0,0,63,8,71,13,12,25,6,2,8,0,0,0,0,0,0,0,0,0,0,0,0,1,11,12,195,428,623,0,0,0,0,0,0,0,0,0,0,0,0,0,0,0,0,0,0,0,0,0,0,0,0,0,0,0,0,0,0,0,0,0,0,0,0,0,4,4,3,0,3,0,0,0,0,0,0,0,0,0,0,0,0,0,0,0,0,0,0,0,0,0,0,0,0,0,0,0,0,0,0,0,0,0,0,0,0,0,0,0,0,0,0,0,0,0
20220310,4584,908,926,1834,832,1244,2076,3910,234,227,461,52,0,52,6,5,11,13,15,28,0,0,0,0,4,4,0,0,0,0,0,0,3,1,4,39,69,108,0,0,0,0,0,0,0,0,0,0,0,0,0,3,3,0,0,0,0,0,0,0,0,0,0,0,0,0,0,0,0,0,0,0,0,0,3,0,3,0,0,0,0,0,0,0,0,0,0,0,0,0,0,0,0,0,0,0,0,0,0,0,0,0,0,0,0,0,0,0,0,0,0,0,0,0,0,0,0,0,0,0,0,0,0,0,0
20220311,4668,525,647,1172,1457,1582,3039,4211,0,0,0,68,0,68,30,27,57,28,24,52,0,0,0,0,1,1,0,0,0,0,0,0,0,0,0,96,178,274,0,0,0,0,0,0,0,0,0,0,0,0,0,0,0,0,0,0,0,3,3,0,0,0,0,0,0,0,0,0,0,0,0,0,0,0,0,2,2,0,0,0,0,0,0,0,0,0,0,0,0,0,0,0,0,0,0,0,0,0,0,0,0,0,0,0,0,0,0,0,0,0,0,0,0,0,0,0,0,0,0,0,0,0,0,0,0
20220312,4227,566,1060,1626,1065,1199,2264,3890,63,59,122,0,0,0,0,1,1,4,2,6,0,0,0,0,0,0,0,0,0,0,0,0,0,0,0,97,104,201,0,0,0,0,0,0,0,0,0,0,0,0,0,0,0,0,0,0,0,0,0,0,0,0,0,0,0,0,0,0,0,0,0,0,0,0,0,1,1,5,1,6,0,0,0,0,0,0,0,0,0,0,0,0,0,0,0,0,0,0,0,0,0,0,0,0,0,0,0,0,0,0,0,0,0,0,0,0,0,0,0,0,0,0,0,0,0
20220313,3512,593,546,1139,999,1009,2008,3147,89,76,165,0,0,0,0,0,0,3,4,7,0,0,0,0,0,0,0,0,0,0,0,0,0,0,0,54,137,191,0,0,0,0,0,0,0,0,0,0,0,0,0,0,0,0,0,0,0,0,0,0,0,0,0,0,0,0,0,0,0,0,0,0,0,0,0,0,0,1,1,2,0,0,0,0,0,0,0,0,0,0,0,0,0,0,0,0,0,0,0,0,0,0,0,0,0,0,0,0,0,0,0,0,0,0,0,0,0,0,0,0,0,0,0,0,0
20220314,2241,275,132,407,477,783,1260,1667,0,0,0,69,0,69,0,0,0,16,12,28,0,0,0,0,0,0,0,0,0,0,0,0,0,0,0,122,352,474,0,0,0,0,0,0,0,0,0,0,0,0,0,0,0,0,0,0,0,0,0,0,0,0,0,0,0,0,0,0,0,0,0,0,0,0,3,0,3,0,0,0,0,0,0,0,0,0,0,0,0,0,0,0,0,0,0,0,0,0,0,0,0,0,0,0,0,0,0,0,0,0,0,0,0,0,0,0,0,0,0,0,0,0,0,0,0
20220315,3530,522,810,1332,757,1162,1919,3251,50,51,101,6,2,8,11,43,54,5,4,9,0,0,0,0,0,0,0,0,0,0,0,0,0,0,0,52,37,89,0,0,0,0,0,0,0,0,0,0,0,0,0,0,0,0,0,0,0,0,0,0,0,0,0,0,0,0,0,0,0,0,0,0,0,0,0,3,3,0,15,15,0,0,0,0,0,0,0,0,0,0,0,0,0,0,0,0,0,0,0,0,0,0,0,0,0,0,0,0,0,0,0,0,0,0,0,0,0,0,0,0,0,0,0,0,0
20220316,5076,646,992,1638,1227,1542,2769,4407,0,0,0,0,0,0,9,7,16,38,0,38,0,0,0,0,0,0,0,0,0,0,0,0,0,0,0,184,413,597,0,0,0,0,0,0,0,0,0,0,0,0,0,0,0,0,0,0,0,0,0,0,0,0,0,0,0,0,0,0,0,0,0,0,0,0,0,1,1,1,16,17,0,0,0,0,0,0,0,0,0,0,0,0,0,0,0,0,0,0,0,0,0,0,0,0,0,0,0,0,0,0,0,0,0,0,0,0,0,0,0,0,0,0,0,0,0
20220317,3732,697,822,1519,748,896,1644,3163,191,180,371,0,0,0,49,47,96,37,7,44,0,0,0,0,0,0,0,0,0,0,0,0,1,1,2,27,23,50,0,0,0,0,0,0,0,0,0,0,0,0,1,0,1,0,0,0,0,0,0,0,0,0,0,0,0,0,0,0,0,0,0,0,0,0,0,0,0,0,5,5,0,0,0,0,0,0,0,0,0,0,0,0,0,0,0,0,0,0,0,0,0,0,0,0,0,0,0,0,0,0,0,0,0,0,0,0,0,0,0,0,0,0,0,0,0
20220318,4844,563,698,1261,1610,1553,3163,4424,0,0,0,0,0,0,0,0,0,25,2,27,0,0,0,0,0,0,0,0,0,0,0,0,2,0,2,126,224,350,0,0,0,0,0,0,0,0,0,0,0,0,2,3,5,0,0,0,0,8,8,0,0,0,0,0,0,0,0,0,0,0,0,0,0,0,1,4,5,0,23,23,0,0,0,0,0,0,0,0,0,0,0,0,0,0,0,0,0,0,0,0,0,0,0,0,0,0,0,0,0,0,0,0,0,0,0,0,0,0,0,0,0,0,0,0,0
20220319,3724,714,879,1593,1015,874,1889,3482,40,48,88,0,1,1,0,1,1,5,4,9,0,0,0,0,0,0,0,0,0,0,0,0,0,0,0,61,74,135,0,0,0,0,0,0,0,0,0,0,0,0,0,1,1,0,0,0,0,0,0,0,0,0,0,0,0,0,0,0,0,0,0,0,0,0,0,0,0,0,7,7,0,0,0,0,0,0,0,0,0,0,0,0,0,0,0,0,0,0,0,0,0,0,0,0,0,0,0,0,0,0,0,0,0,0,0,0,0,0,0,0,0,0,0,0,0
20220320,3809,814,397,1211,1305,1008,2313,3524,73,45,118,0,0,0,5,0,5,4,4,8,0,0,0,0,0,0,0,0,0,0,0,0,0,0,0,46,105,151,0,0,0,0,0,0,0,0,0,0,0,0,3,0,3,0,0,0,0,0,0,0,0,0,0,0,0,0,0,0,0,0,0,0,0,0,0,0,0,0,0,0,0,0,0,0,0,0,0,0,0,0,0,0,0,0,0,0,0,0,0,0,0,0,0,0,0,0,0,0,0,0,0,0,0,0,0,0,0,0,0,0,0,0,0,0,0
20220321,2220,280,133,413,770,629,1399,1812,0,0,0,0,0,0,4,22,26,37,10,47,0,0,0,0,7,7,0,0,0,0,0,0,0,0,0,90,238,328,0,0,0,0,0,0,0,0,0,0,0,0,0,0,0,0,0,0,0,0,0,0,0,0,0,0,0,0,0,0,0,0,0,0,0,0,0,0,0,0,0,0,0,0,0,0,0,0,0,0,0,0,0,0,0,0,0,0,0,0,0,0,0,0,0,0,0,0,0,0,0,0,0,0,0,0,0,0,0,0,0,0,0,0,0,0,0
20220322,2819,694,713,1407,518,716,1234,2641,33,14,47,3,0,3,8,2,10,4,21,25,0,0,0,0,12,12,0,0,0,0,0,0,3,14,17,23,24,47,0,0,0,0,0,0,0,0,0,0,0,0,0,0,0,0,0,0,0,0,0,0,0,0,0,0,0,0,0,0,0,0,0,0,0,0,0,0,0,0,17,17,0,0,0,0,0,0,0,0,0,0,0,0,0,0,0,0,0,0,0,0,0,0,0,0,0,0,0,0,0,0,0,0,0,0,0,0,0,0,0,0,0,0,0,0,0
20220323,4358,636,934,1570,960,1315,2275,3845,0,0,0,0,0,0,38,25,63,31,11,42,0,0,0,0,0,0,0,0,0,0,0,0,3,2,5,107,288,395,0,0,0,0,0,0,0,0,0,0,0,0,0,0,0,0,0,0,0,0,0,0,0,0,0,0,0,0,0,0,0,0,0,0,0,0,1,1,2,0,6,6,0,0,0,0,0,0,0,0,0,0,0,0,0,0,0,0,0,0,0,0,0,0,0,0,0,0,0,0,0,0,0,0,0,0,0,0,0,0,0,0,0,0,0,0,0
20220324,3728,750,838,1588,595,1059,1654,3242,95,208,303,2,0,2,19,18,37,34,28,62,0,0,0,0,5,5,0,0,0,0,0,0,2,1,3,25,28,53,0,0,0,0,0,0,0,0,0,0,0,0,0,0,0,0,0,0,0,0,0,0,0,0,0,0,0,0,0,0,0,0,0,0,0,0,0,0,0,0,21,21,0,0,0,0,0,0,0,0,0,0,0,0,0,0,0,0,0,0,0,0,0,0,0,0,0,0,0,0,0,0,0,0,0,0,0,0,0,0,0,0,0,0,0,0,0
20220325,4395,625,841,1466,1092,1325,2417,3883,0,0,0,0,0,0,69,56,125,21,16,37,0,0,0,0,0,0,0,0,0,0,0,0,0,0,0,126,201,327,0,0,0,0,0,0,0,0,0,0,0,0,3,4,7,0,0,0,0,0,0,0,0,0,0,0,0,0,0,0,0,0,0,0,0,0,0,0,0,0,16,16,0,0,0,0,0,0,0,0,0,0,0,0,0,0,0,0,0,0,0,0,0,0,0,0,0,0,0,0,0,0,0,0,0,0,0,0,0,0,0,0,0,0,0,0,0
20220326,3822,670,975,1645,1091,858,1949,3594,28,38,66,0,0,0,1,0,1,2,11,13,0,0,0,0,0,0,0,0,0,0,0,0,0,4,4,67,77,144,0,0,0,0,0,0,0,0,0,0,0,0,0,0,0,0,0,0,0,0,0,0,0,0,0,0,0,0,0,0,0,0,0,0,0,0,0,0,0,0,0,0,0,0,0,0,0,0,0,0,0,0,0,0,0,0,0,0,0,0,0,0,0,0,0,0,0,0,0,0,0,0,0,0,0,0,0,0,0,0,0,0,0,0,0,0,0
20220327,3157,563,283,846,1112,883,1995,2841,58,45,103,0,0,0,0,0,0,4,5,9,0,0,0,0,0,0,0,0,0,0,0,0,0,0,0,92,111,203,0,0,0,0,0,0,0,0,0,0,0,0,0,0,0,0,0,0,0,0,0,0,0,0,0,0,0,0,0,0,0,0,0,0,0,0,0,1,1,0,0,0,0,0,0,0,0,0,0,0,0,0,0,0,0,0,0,0,0,0,0,0,0,0,0,0,0,0,0,0,0,0,0,0,0,0,0,0,0,0,0,0,0,0,0,0,0
20220328,2064,525,204,729,422,614,1036,1765,0,0,0,0,0,0,0,2,2,35,1,36,0,0,0,0,5,5,0,0,0,0,0,0,0,0,0,84,163,247,0,0,0,0,0,0,0,0,0,0,0,0,0,0,0,0,0,0,0,0,0,0,0,0,0,0,0,0,0,0,0,0,0,0,0,0,0,1,1,0,8,8,0,0,0,0,0,0,0,0,0,0,0,0,0,0,0,0,0,0,0,0,0,0,0,0,0,0,0,0,0,0,0,0,0,0,0,0,0,0,0,0,0,0,0,0,0
20220329,2949,773,792,1565,446,827,1273,2838,0,25,25,1,1,2,10,4,14,35,13,48,0,0,0,0,0,0,0,0,0,0,0,0,0,0,0,0,13,13,0,0,0,0,0,0,0,0,0,0,0,0,0,0,0,0,0,0,0,0,0,0,0,0,0,0,0,0,0,0,0,0,0,0,0,0,0,0,0,0,9,9,0,0,0,0,0,0,0,0,0,0,0,0,0,0,0,0,0,0,0,0,0,0,0,0,0,0,0,0,0,0,0,0,0,0,0,0,0,0,0,0,0,0,0,0,0
20220330,4645,653,823,1476,948,1508,2456,3932,0,141,141,0,1,1,26,29,55,14,11,25,0,0,0,2,0,2,1,0,1,0,0,0,2,0,2,112,318,430,0,0,0,0,0,0,0,0,0,0,0,0,0,0,0,0,0,0,0,0,0,0,0,0,0,0,0,0,0,0,0,0,0,0,0,0,2,2,4,0,52,52,0,0,0,0,0,0,0,0,0,0,0,0,0,0,0,0,0,0,0,0,0,0,0,0,0,0,0,0,0,0,0,0,0,0,0,0,0,0,0,0,0,0,0,0,0
20220331,4441,967,954,1921,895,1062,1957,3878,85,147,232,0,0,0,85,80,165,45,19,64,0,0,0,0,3,3,0,0,0,0,0,0,0,0,0,45,24,69,0,0,0,0,0,0,0,0,0,0,0,0,3,0,3,0,0,0,0,0,0,0,0,0,0,0,0,0,0,0,0,0,0,0,0,0,2,0,2,0,25,25,0,0,0,0,0,0,0,0,0,0,0,0,0,0,0,0,0,0,0,0,0,0,0,0,0,0,0,0,0,0,0,0,0,0,0,0,0,0,0,0,0,0,0,0,0
20220401,5787,886,1046,1932,1544,1926,3470,5402,0,0,0,0,0,0,6,1,7,32,1,33,0,0,0,0,4,4,0,0,0,0,0,0,0,1,1,154,167,321,0,0,0,0,0,0,0,0,0,0,0,0,0,0,0,0,0,0,0,0,0,0,0,0,0,0,0,0,0,0,0,0,0,0,0,0,0,0,0,0,19,19,0,0,0,0,0,0,0,0,0,0,0,0,0,0,0,0,0,0,0,0,0,0,0,0,0,0,0,0,0,0,0,0,0,0,0,0,0,0,0,0,0,0,0,0,0
20220402,4265,824,820,1644,1340,989,2329,3973,19,34,53,0,0,0,0,0,0,3,38,41,0,0,0,0,0,0,0,0,0,0,0,0,15,36,51,58,72,130,0,0,0,0,0,0,0,0,0,0,0,0,0,0,0,0,0,0,0,0,0,0,0,0,0,0,0,0,0,0,0,0,0,0,0,0,1,0,1,0,16,16,0,0,0,0,0,0,0,0,0,0,0,0,0,0,0,0,0,0,0,0,0,0,0,0,0,0,0,0,0,0,0,0,0,0,0,0,0,0,0,0,0,0,0,0,0
20220403,3386,524,388,912,1245,1072,2317,3229,20,4,24,0,0,0,0,2,2,7,3,10,0,0,0,0,0,0,0,0,0,0,0,0,0,0,0,42,75,117,0,0,0,0,0,0,0,0,0,0,0,0,0,0,0,0,0,0,0,0,0,0,0,0,0,0,0,0,0,0,0,0,0,0,0,0,1,3,4,0,0,0,0,0,0,0,0,0,0,0,0,0,0,0,0,0,0,0,0,0,0,0,0,0,0,0,0,0,0,0,0,0,0,0,0,0,0,0,0,0,0,0,0,0,0,0,0
20220404,1735,321,151,472,427,584,1011,1483,0,0,0,0,0,0,10,15,25,1,2,3,0,0,0,0,0,0,0,0,0,0,0,0,0,0,0,79,141,220,0,0,0,0,0,0,0,0,0,0,0,0,0,0,0,0,0,0,0,0,0,0,0,0,0,0,0,0,0,0,0,0,0,0,0,0,4,0,4,0,0,0,0,0,0,0,0,0,0,0,0,0,0,0,0,0,0,0,0,0,0,0,0,0,0,0,0,0,0,0,0,0,0,0,0,0,0,0,0,0,0,0,0,0,0,0,0
20220405,2674,551,450,1001,901,705,1606,2607,0,0,0,6,4,10,0,0,0,2,25,27,0,0,0,0,0,0,0,0,0,0,0,0,0,0,0,0,0,0,0,0,0,0,0,0,0,0,0,0,0,0,1,0,1,0,0,0,0,0,0,0,0,0,0,0,0,0,0,0,0,0,0,0,0,0,2,3,5,0,24,24,0,0,0,0,0,0,0,0,0,0,0,0,0,0,0,0,0,0,0,0,0,0,0,0,0,0,0,0,0,0,0,0,0,0,0,0,0,0,0,0,0,0,0,0,0
20220406,4646,772,738,1510,1135,1375,2510,4020,0,130,130,1,0,1,31,27,58,39,1,40,0,0,0,0,4,4,0,0,0,0,0,0,0,0,0,110,230,340,0,0,0,0,0,0,0,0,0,0,0,0,0,0,0,0,0,0,0,0,0,0,0,0,0,0,0,0,0,0,0,0,0,0,0,0,0,0,0,0,53,53,0,0,0,0,0,0,0,0,0,0,0,0,0,0,0,0,0,0,0,0,0,0,0,0,0,0,0,0,0,0,0,0,0,0,0,0,0,0,0,0,0,0,0,0,0
20220407,4503,1138,854,1992,858,1283,2141,4133,101,141,242,0,0,0,23,25,48,10,27,37,0,0,0,0,7,7,0,0,0,0,0,0,0,0,0,3,1,4,0,0,0,0,0,0,0,0,0,0,0,0,0,0,0,0,0,0,0,0,0,0,0,0,0,0,0,0,0,0,0,0,0,0,0,0,2,0,2,0,30,30,0,0,0,0,0,0,0,0,0,0,0,0,0,0,0,0,0,0,0,0,0,0,0,0,0,0,0,0,0,0,0,0,0,0,0,0,0,0,0,0,0,0,0,0,0
20220408,5612,708,1044,1752,1680,1804,3484,5236,0,0,0,0,0,0,23,19,42,42,7,49,0,0,0,0,0,0,0,0,0,0,0,0,0,0,0,101,158,259,0,0,0,0,0,0,0,0,0,0,0,0,0,0,0,0,0,0,0,0,0,0,0,0,0,0,0,0,0,0,0,0,0,0,0,0,0,2,2,6,18,24,0,0,0,0,0,0,0,0,0,0,0,0,0,0,0,0,0,0,0,0,0,0,0,0,0,0,0,0,0,0,0,0,0,0,0,0,0,0,0,0,0,0,0,0,0
20220409,4119,805,1035,1840,1015,1051,2066,3906,0,0,0,0,0,0,7,10,17,4,78,82,0,0,0,0,0,0,0,0,0,0,0,0,0,0,0,66,43,109,0,0,0,0,0,0,0,0,0,0,0,0,0,0,0,0,0,0,0,0,0,0,0,0,0,0,0,0,0,0,0,0,0,0,0,0,0,0,0,0,5,5,0,0,0,0,0,0,0,0,0,0,0,0,0,0,0,0,0,0,0,0,0,0,0,0,0,0,0,0,0,0,0,0,0,0,0,0,0,0,0,0,0,0,0,0,0
20220410,4473,908,607,1515,1502,1246,2748,4263,23,14,37,1,2,3,0,0,0,5,38,43,0,0,0,0,0,0,0,0,0,0,0,0,0,0,0,74,42,116,0,0,0,0,0,0,0,0,0,0,0,0,1,3,4,0,0,0,0,0,0,0,0,0,0,0,0,0,0,0,0,0,0,0,0,0,2,5,7,0,0,0,0,0,0,0,0,0,0,0,0,0,0,0,0,0,0,0,0,0,0,0,0,0,0,0,0,0,0,0,0,0,0,0,0,0,0,0,0,0,0,0,0,0,0,0,0
20220411,2838,599,238,837,764,815,1579,2416,0,0,0,1,0,1,7,6,13,16,2,18,0,0,0,0,0,0,0,0,0,0,0,0,0,35,35,110,236,346,0,0,0,0,0,0,0,0,0,0,0,0,0,1,1,0,0,0,0,0,0,0,0,0,0,0,0,0,0,0,0,0,0,0,0,0,0,0,0,0,8,8,0,0,0,0,0,0,0,0,0,0,0,0,0,0,0,0,0,0,0,0,0,0,0,0,0,0,0,0,0,0,0,0,0,0,0,0,0,0,0,0,0,0,0,0,0
20220412,3503,772,771,1543,753,1073,1826,3369,0,0,0,1,3,4,41,40,81,4,28,32,0,0,0,0,0,0,0,0,0,0,0,0,0,1,1,0,0,0,0,0,0,0,0,0,0,0,0,0,0,0,1,0,1,0,0,0,0,1,1,0,0,0,0,0,0,0,0,0,0,0,0,0,0,0,0,0,0,0,14,14,0,0,0,0,0,0,0,0,0,0,0,0,0,0,0,0,0,0,0,0,0,0,0,0,0,0,0,0,0,0,0,0,0,0,0,0,0,0,0,0,0,0,0,0,0
20220413,4991,707,842,1549,1137,1611,2748,4297,0,185,185,1,0,1,7,7,14,5,37,42,0,0,0,0,0,0,0,0,0,0,0,0,2,0,2,129,277,406,0,0,0,0,0,0,0,0,0,0,0,0,0,0,0,0,0,0,0,0,0,0,0,0,0,0,0,0,0,0,0,0,0,0,0,0,0,0,0,3,41,44,0,0,0,0,0,0,0,0,0,0,0,0,0,0,0,0,0,0,0,0,0,0,0,0,0,0,0,0,0,0,0,0,0,0,0,0,0,0,0,0,0,0,0,0,0
20220414,3894,865,837,1702,755,779,1534,3236,118,155,273,0,0,0,69,75,144,13,34,47,0,0,0,0,16,16,0,0,0,0,0,0,52,75,127,17,0,17,0,0,0,0,0,0,0,0,0,0,0,0,0,1,1,0,0,0,0,0,0,0,0,0,0,0,0,0,0,0,0,0,0,0,0,0,3,0,3,0,30,30,0,0,0,0,0,0,0,0,0,0,0,0,0,0,0,0,0,0,0,0,0,0,0,0,0,0,0,0,0,0,0,0,0,0,0,0,0,0,0,0,0,0,0,0,0
20220415,5734,769,1036,1805,1707,1721,3428,5233,0,0,0,0,0,0,46,43,89,34,12,46,0,0,0,0,7,7,0,0,0,0,0,0,0,0,0,163,164,327,0,0,0,0,0,0,0,0,0,0,0,0,0,0,0,0,0,0,0,0,0,0,0,0,0,0,0,0,0,0,0,0,0,0,0,0,3,3,6,0,26,26,0,0,0,0,0,0,0,0,0,0,0,0,0,0,0,0,0,0,0,0,0,0,0,0,0,0,0,0,0,0,0,0,0,0,0,0,0,0,0,0,0,0,0,0,0
20220416,4489,926,939,1865,1370,1128,2498,4363,0,0,0,0,0,0,3,3,6,1,0,1,0,0,0,0,0,0,0,0,0,0,0,0,0,0,0,61,34,95,0,0,0,0,0,0,0,0,0,0,0,0,3,0,3,0,0,0,0,0,0,0,0,0,0,0,0,0,0,0,0,0,0,0,0,0,0,1,1,0,20,20,0,0,0,0,0,0,0,0,0,0,0,0,0,0,0,0,0,0,0,0,0,0,0,0,0,0,0,0,0,0,0,0,0,0,0,0,0,0,0,0,0,0,0,0,0
20220417,3850,551,549,1100,1238,1287,2525,3625,30,22,52,0,1,1,0,1,1,28,11,39,0,0,0,0,0,0,0,0,0,0,0,0,0,0,0,50,66,116,0,0,0,0,0,0,0,0,0,0,0,0,0,0,0,0,0,0,0,0,0,0,0,0,0,0,0,0,0,0,0,0,0,0,0,0,2,0,2,0,14,14,0,0,0,0,0,0,0,0,0,0,0,0,0,0,0,0,0,0,0,0,0,0,0,0,0,0,0,0,0,0,0,0,0,0,0,0,0,0,0,0,0,0,0,0,0
20220418,2858,639,259,898,798,757,1555,2453,5,0,5,3,2,5,5,2,7,22,6,28,0,0,0,0,2,2,0,0,0,0,0,0,0,0,0,92,200,292,0,0,0,0,0,0,0,0,0,0,0,0,0,0,0,0,0,0,0,0,0,0,0,0,0,0,0,0,0,0,0,0,0,0,0,0,6,7,13,0,53,53,0,0,0,0,0,0,0,0,0,0,0,0,0,0,0,0,0,0,0,0,0,0,0,0,0,0,0,0,0,0,0,0,0,0,0,0,0,0,0,0,0,0,0,0,0
20220419,3399,906,706,1612,779,930,1709,3321,0,0,0,1,0,1,0,0,0,5,28,33,0,0,0,0,7,7,0,0,0,0,0,0,0,3,3,0,11,11,0,0,0,0,0,0,0,0,0,0,0,0,0,0,0,0,0,0,0,0,0,0,0,0,0,0,0,0,0,0,0,0,0,0,0,0,2,2,4,0,19,19,0,0,0,0,0,0,0,0,0,0,0,0,0,0,0,0,0,0,0,0,0,0,0,0,0,0,0,0,0,0,0,0,0,0,0,0,0,0,0,0,0,0,0,0,0
20220420,5448,941,945,1886,1228,1657,2885,4771,0,186,186,1,0,1,13,26,39,20,4,24,0,0,0,0,0,0,0,0,0,0,0,0,0,0,0,148,271,419,0,0,0,0,0,0,0,0,0,0,0,0,0,0,0,0,0,0,0,0,0,0,0,0,0,0,0,0,0,0,0,0,0,0,0,0,0,0,0,0,8,8,0,0,0,0,0,0,0,0,0,0,0,0,0,0,0,0,0,0,0,0,0,0,0,0,0,0,0,0,0,0,0,0,0,0,0,0,0,0,0,0,0,0,0,0,0
20220421,4700,1151,930,2081,1081,1117,2198,4279,109,153,262,0,0,0,44,39,83,29,29,58,0,0,0,0,0,0,0,0,0,0,0,0,1,6,7,0,0,0,0,0,0,0,0,0,0,0,0,0,0,0,0,0,0,0,0,0,0,0,0,0,0,0,0,0,0,0,0,0,0,0,0,0,0,0,0,0,0,0,11,11,0,0,0,0,0,0,0,0,0,0,0,0,0,0,0,0,0,0,0,0,0,0,0,0,0,0,0,0,0,0,0,0,0,0,0,0,0,0,0,0,0,0,0,0,0
20220422,4636,759,832,1591,1447,1274,2721,4312,0,0,0,7,6,13,6,4,10,40,1,41,0,0,0,0,5,5,0,0,0,0,0,0,1,0,1,111,133,244,0,0,0,0,0,0,0,0,0,0,0,0,0,1,1,0,0,0,2,0,2,0,0,0,0,0,0,0,0,0,0,0,0,0,0,0,0,0,0,0,7,7,0,0,0,0,0,0,0,0,0,0,0,0,0,0,0,0,0,0,0,0,0,0,0,0,0,0,0,0,0,0,0,0,0,0,0,0,0,0,0,0,0,0,0,0,0
20220423,3245,678,778,1456,806,891,1697,3153,0,0,0,2,0,2,0,0,0,1,0,1,0,0,0,0,0,0,0,0,0,0,0,0,0,0,0,45,39,84,0,0,0,0,0,0,0,0,0,0,0,0,0,0,0,0,0,0,0,0,0,0,0,0,0,0,0,0,0,0,0,0,0,0,0,0,0,1,1,0,4,4,0,0,0,0,0,0,0,0,0,0,0,0,0,0,0,0,0,0,0,0,0,0,0,0,0,0,0,0,0,0,0,0,0,0,0,0,0,0,0,0,0,0,0,0,0
20220424,3700,650,531,1181,1296,1035,2331,3512,34,14,48,0,1,1,0,0,0,1,46,47,0,0,0,0,0,0,0,0,0,0,0,0,0,0,0,34,46,80,0,0,0,0,0,0,0,0,0,0,0,0,3,2,5,0,0,0,0,0,0,0,0,0,0,0,0,0,0,0,0,0,0,0,0,0,3,4,7,0,0,0,0,0,0,0,0,0,0,0,0,0,0,0,0,0,0,0,0,0,0,0,0,0,0,0,0,0,0,0,0,0,0,0,0,0,0,0,0,0,0,0,0,0,0,0,0
20220425,2369,504,248,752,693,630,1323,2075,0,0,0,0,0,0,12,16,28,5,29,34,0,0,0,0,0,0,0,0,0,0,0,0,0,0,0,89,135,224,0,0,0,0,0,0,0,0,0,0,0,0,3,3,6,0,0,0,0,0,0,0,0,0,0,0,0,0,0,0,0,0,0,0,0,0,0,0,0,0,2,2,0,0,0,0,0,0,0,0,0,0,0,0,0,0,0,0,0,0,0,0,0,0,0,0,0,0,0,0,0,0,0,0,0,0,0,0,0,0,0,0,0,0,0,0,0
20220426,3631,1034,734,1768,797,978,1775,3543,0,0,0,1,1,2,3,2,5,33,35,68,0,0,0,0,10,10,0,0,0,0,0,0,0,0,0,0,0,0,0,0,0,0,0,0,0,0,0,0,0,0,0,0,0,0,0,0,0,0,0,0,0,0,0,0,0,0,0,0,0,0,0,0,0,0,1,1,2,1,0,1,0,0,0,0,0,0,0,0,0,0,0,0,0,0,0,0,0,0,0,0,0,0,0,0,0,0,0,0,0,0,0,0,0,0,0,0,0,0,0,0,0,0,0,0,0
20220427,4939,612,922,1534,1172,1592,2764,4298,0,182,182,0,0,0,14,16,30,30,6,36,0,0,0,0,0,0,0,0,0,0,0,0,3,6,9,109,260,369,0,0,0,0,0,0,0,0,0,0,0,0,0,0,0,0,0,0,0,0,0,0,0,0,0,0,0,0,0,0,0,0,0,0,0,0,0,1,1,2,12,14,0,0,0,0,0,0,0,0,0,0,0,0,0,0,0,0,0,0,0,0,0,0,0,0,0,0,0,0,0,0,0,0,0,0,0,0,0,0,0,0,0,0,0,0,0
20220428,4727,1186,994,2180,1149,994,2143,4323,86,170,256,0,0,0,50,51,101,29,6,35,0,0,0,0,0,0,0,0,0,0,0,0,0,0,0,1,0,1,0,0,0,0,0,0,0,0,0,0,0,0,1,0,1,0,0,0,0,0,0,0,0,0,0,0,0,0,0,0,0,0,0,0,0,0,2,4,6,1,3,4,0,0,0,0,0,0,0,0,0,0,0,0,0,0,0,0,0,0,0,0,0,0,0,0,0,0,0,0,0,0,0,0,0,0,0,0,0,0,0,0,0,0,0,0,0
20220429,5472,930,886,1816,1720,1516,3236,5052,0,0,0,0,0,0,68,63,131,6,13,19,0,0,0,1,0,1,0,0,0,0,0,0,1,1,2,127,130,257,0,0,0,0,0,0,0,0,0,0,0,0,0,1,1,0,0,0,0,0,0,0,0,0,0,0,0,0,0,0,0,0,0,0,0,0,4,1,5,2,2,4,0,0,0,0,0,0,0,0,0,0,0,0,0,0,0,0,0,0,0,0,0,0,0,0,0,0,0,0,0,0,0,0,0,0,0,0,0,0,0,0,0,0,0,0,0
20220430,4314,858,1019,1877,1250,1045,2295,4172,0,0,0,2,2,4,2,16,18,7,6,13,0,0,0,0,0,0,0,0,0,0,0,0,0,0,0,41,62,103,0,0,0,0,0,0,0,0,0,0,0,0,0,1,1,0,0,0,0,0,0,0,0,0,0,0,0,0,0,0,0,0,0,0,0,0,1,2,3,0,0,0,0,0,0,0,0,0,0,0,0,0,0,0,0,0,0,0,0,0,0,0,0,0,0,0,0,0,0,0,0,0,0,0,0,0,0,0,0,0,0,0,0,0,0,0,0
20220501,3702,671,410,1081,1162,1271,2433,3514,42,24,66,0,0,0,1,0,1,1,9,10,0,0,0,0,0,0,0,0,0,0,0,0,0,0,0,70,40,110,0,0,0,0,0,0,0,0,0,0,0,0,0,0,0,0,0,0,0,0,0,0,0,0,0,0,0,0,0,0,0,0,0,0,0,0,0,0,0,1,0,1,0,0,0,0,0,0,0,0,0,0,0,0,0,0,0,0,0,0,0,0,0,0,0,0,0,0,0,0,0,0,0,0,0,0,0,0,0,0,0,0,0,0,0,0,0
20220502,2479,390,245,635,957,599,1556,2191,0,0,0,0,0,0,20,19,39,2,41,43,0,0,0,0,0,0,0,0,0,0,0,0,0,1,1,78,126,204,0,0,0,0,0,0,0,0,0,0,0,0,0,0,0,0,0,0,0,0,0,0,0,0,0,0,0,0,0,0,0,0,0,0,0,0,0,1,1,0,0,0,0,0,0,0,0,0,0,0,0,0,0,0,0,0,0,0,0,0,0,0,0,0,0,0,0,0,0,0,0,0,0,0,0,0,0,0,0,0,0,0,0,0,0,0,0
20220503,3482,694,540,1234,1035,1173,2208,3442,0,0,0,0,0,0,0,0,0,22,6,28,0,0,0,0,0,0,0,0,0,0,0,0,0,0,0,0,0,0,0,0,0,0,0,0,0,0,0,0,0,0,0,0,0,0,0,0,0,0,0,0,0,0,0,0,0,0,0,0,0,0,0,0,0,0,2,1,3,0,9,9,0,0,0,0,0,0,0,0,0,0,0,0,0,0,0,0,0,0,0,0,0,0,0,0,0,0,0,0,0,0,0,0,0,0,0,0,0,0,0,0,0,0,0,0,0
20220504,4453,502,792,1294,892,1648,2540,3834,0,184,184,0,0,0,17,28,45,11,2,13,0,0,0,0,0,0,0,0,0,0,0,0,0,0,0,109,268,377,0,0,0,0,0,0,0,0,0,0,0,0,0,0,0,0,0,0,0,0,0,0,0,0,0,0,0,0,0,0,0,0,0,0,0,0,0,0,0,0,0,0,0,0,0,0,0,0,0,0,0,0,0,0,0,0,0,0,0,0,0,0,0,0,0,0,0,0,0,0,0,0,0,0,0,0,0,0,0,0,0,0,0,0,0,0,0
20220505,4949,1200,1058,2258,1088,1241,2329,4587,94,168,262,2,0,2,41,16,57,35,5,40,0,0,0,0,0,0,0,0,0,0,0,0,0,0,0,0,0,0,0,0,0,0,0,0,0,0,0,0,0,0,0,0,0,0,0,0,0,0,0,0,0,0,0,0,0,0,0,0,0,0,0,0,0,0,1,0,1,0,0,0,0,0,0,0,0,0,0,0,0,0,0,0,0,0,0,0,0,0,0,0,0,0,0,0,0,0,0,0,0,0,0,0,0,0,0,0,0,0,0,0,0,0,0,0,0
20220506,4320,490,681,1171,1510,1487,2997,4168,0,0,0,0,0,0,23,25,48,3,0,3,0,0,0,0,0,0,0,0,0,0,0,0,2,0,2,24,73,97,0,0,0,0,0,0,0,0,0,0,0,0,0,1,1,0,0,0,0,0,0,0,0,0,0,0,0,0,0,0,0,0,0,0,0,0,0,1,1,0,0,0,0,0,0,0,0,0,0,0,0,0,0,0,0,0,0,0,0,0,0,0,0,0,0,0,0,0,0,0,0,0,0,0,0,0,0,0,0,0,0,0,0,0,0,0,0
20220507,4029,929,1096,2025,646,1104,1750,3775,0,0,0,2,1,3,30,43,73,2,41,43,0,0,0,0,0,0,0,0,0,0,0,0,0,0,0,46,88,134,0,0,0,0,0,0,0,0,0,0,0,0,1,0,1,0,0,0,0,0,0,0,0,0,0,0,0,0,0,0,0,0,0,0,0,0,0,0,0,0,0,0,0,0,0,0,0,0,0,0,0,0,0,0,0,0,0,0,0,0,0,0,0,0,0,0,0,0,0,0,0,0,0,0,0,0,0,0,0,0,0,0,0,0,0,0,0
20220508,3583,481,377,858,1214,1362,2576,3434,18,14,32,0,0,0,2,1,3,7,9,16,0,0,0,0,0,0,0,0,0,0,0,0,0,0,0,24,74,98,0,0,0,0,0,0,0,0,0,0,0,0,0,0,0,0,0,0,0,0,0,0,0,0,0,0,0,0,0,0,0,0,0,0,0,0,0,0,0,0,0,0,0,0,0,0,0,0,0,0,0,0,0,0,0,0,0,0,0,0,0,0,0,0,0,0,0,0,0,0,0,0,0,0,0,0,0,0,0,0,0,0,0,0,0,0,0
20220509,3400,938,407,1345,814,815,1629,2974,0,2,2,0,0,0,29,37,66,2,18,20,0,0,0,0,0,0,0,0,0,0,0,0,0,0,0,137,196,333,0,0,0,0,0,0,0,0,0,0,0,0,0,0,0,0,0,0,0,0,0,0,0,0,0,0,0,0,0,0,0,0,0,0,0,0,2,3,5,0,0,0,0,0,0,0,0,0,0,0,0,0,0,0,0,0,0,0,0,0,0,0,0,0,0,0,0,0,0,0,0,0,0,0,0,0,0,0,0,0,0,0,0,0,0,0,0
20220510,4615,1206,879,2085,1311,1176,2487,4572,0,5,5,7,0,7,2,0,2,3,3,6,0,0,0,0,0,0,0,0,0,0,0,0,2,0,2,0,8,8,0,0,0,0,0,0,0,0,0,0,0,0,1,3,4,0,0,0,0,0,0,0,0,0,0,0,0,0,0,0,0,0,0,0,0,0,2,0,2,0,7,7,0,0,0,0,0,0,0,0,0,0,0,0,0,0,0,0,0,0,0,0,0,0,0,0,0,0,0,0,0,0,0,0,0,0,0,0,0,0,0,0,0,0,0,0,0
20220511,5415,713,896,1609,1384,1614,2998,4607,0,176,176,1,0,1,28,30,58,25,21,46,0,0,0,0,0,0,0,0,0,0,0,0,0,0,0,179,346,525,0,0,0,0,0,0,0,0,0,0,0,0,0,0,0,0,0,0,0,0,0,0,0,0,0,0,0,0,0,0,0,0,0,0,0,0,0,2,2,0,0,0,0,0,0,0,0,0,0,0,0,0,0,0,0,0,0,0,0,0,0,0,0,0,0,0,0,0,0,0,0,0,0,0,0,0,0,0,0,0,0,0,0,0,0,0,0
20220512,5466,1260,1067,2327,1156,1606,2762,5089,112,160,272,0,0,0,29,34,63,7,27,34,0,0,0,0,0,0,0,0,0,0,0,0,0,2,2,0,0,0,0,0,0,0,0,0,0,0,0,0,0,0,0,0,0,0,0,0,0,0,0,0,0,0,0,0,0,0,0,0,0,0,0,0,0,0,0,0,0,0,6,6,0,0,0,0,0,0,0,0,0,0,0,0,0,0,0,0,0,0,0,0,0,0,0,0,0,0,0,0,0,0,0,0,0,0,0,0,0,0,0,0,0,0,0,0,0
20220513,5203,661,863,1524,1908,1462,3370,4894,0,0,0,0,0,0,1,0,1,41,16,57,1,0,1,0,0,0,0,0,0,0,0,0,3,2,5,112,119,231,0,0,0,0,0,0,0,0,0,0,0,0,0,0,0,0,0,0,0,0,0,0,0,0,0,0,0,0,0,0,0,0,0,0,0,0,1,2,3,0,11,11,0,0,0,0,0,0,0,0,0,0,0,0,0,0,0,0,0,0,0,0,0,0,0,0,0,0,0,0,0,0,0,0,0,0,0,0,0,0,0,0,0,0,0,0,0
20220514,4324,935,1036,1971,1084,1102,2186,4157,0,0,0,0,0,0,0,3,3,7,2,9,0,0,0,0,0,0,0,0,0,0,0,0,2,3,5,63,78,141,0,0,0,0,0,0,0,0,0,0,0,0,0,0,0,0,0,0,0,0,0,0,0,0,0,0,0,0,0,0,0,0,0,0,0,0,0,0,0,1,8,9,0,0,0,0,0,0,0,0,0,0,0,0,0,0,0,0,0,0,0,0,0,0,0,0,0,0,0,0,0,0,0,0,0,0,0,0,0,0,0,0,0,0,0,0,0
20220515,5220,762,689,1451,2074,1460,3534,4985,30,17,47,0,0,0,20,4,24,1,39,40,0,0,0,0,0,0,0,0,0,0,0,0,0,0,0,39,81,120,0,0,0,0,0,0,0,0,0,0,0,0,0,1,1,0,0,0,0,0,0,0,0,0,0,0,0,0,0,0,0,0,0,0,0,0,1,2,3,0,0,0,0,0,0,0,0,0,0,0,0,0,0,0,0,0,0,0,0,0,0,0,0,0,0,0,0,0,0,0,0,0,0,0,0,0,0,0,0,0,0,0,0,0,0,0,0
20220516,3203,547,279,826,1017,994,2011,2837,0,0,0,0,0,0,11,11,22,11,48,59,0,0,0,0,0,0,0,0,0,0,0,0,0,0,0,112,169,281,0,0,0,0,0,0,0,0,0,0,0,0,0,0,0,0,0,0,0,0,0,0,0,0,0,0,0,0,0,0,0,0,0,0,0,0,4,0,4,0,0,0,0,0,0,0,0,0,0,0,0,0,0,0,0,0,0,0,0,0,0,0,0,0,0,0,0,0,0,0,0,0,0,0,0,0,0,0,0,0,0,0,0,0,0,0,0
20220517,3868,988,682,1670,949,1198,2147,3817,0,0,0,4,1,5,2,7,9,15,3,18,0,0,0,0,0,0,0,0,0,0,0,0,9,9,18,0,0,0,0,0,0,0,0,0,0,0,0,0,0,0,0,0,0,0,0,0,0,0,0,0,0,0,0,0,0,0,0,0,0,0,0,0,0,0,0,0,0,0,1,1,0,0,0,0,0,0,0,0,0,0,0,0,0,0,0,0,0,0,0,0,0,0,0,0,0,0,0,0,0,0,0,0,0,0,0,0,0,0,0,0,0,0,0,0,0
20220518,5858,955,947,1902,1566,1658,3224,5126,0,201,201,1,0,1,21,25,46,7,13,20,0,0,0,0,0,0,0,0,0,0,0,0,0,0,0,176,284,460,0,0,0,0,0,0,0,0,0,0,0,0,0,0,0,0,0,0,0,0,0,0,0,0,0,0,0,0,0,0,0,0,0,0,0,0,0,0,0,3,1,4,0,0,0,0,0,0,0,0,0,0,0,0,0,0,0,0,0,0,0,0,0,0,0,0,0,0,0,0,0,0,0,0,0,0,0,0,0,0,0,0,0,0,0,0,0
20220519,5029,973,970,1943,1439,1162,2601,4544,114,201,315,0,0,0,54,52,106,33,2,35,0,0,0,0,0,0,0,0,0,0,0,0,5,0,5,0,1,1,0,0,0,0,0,0,0,0,0,0,0,0,0,0,0,0,0,0,0,0,0,0,0,0,0,0,0,0,0,0,0,0,0,0,0,0,0,2,2,0,21,21,0,0,0,0,0,0,0,0,0,0,0,0,0,0,0,0,0,0,0,0,0,0,0,0,0,0,0,0,0,0,0,0,0,0,0,0,0,0,0,0,0,0,0,0,0
20220520,5609,869,874,1743,1990,1618,3608,5351,0,0,0,0,0,0,4,8,12,3,17,20,0,0,0,0,0,0,0,0,0,0,0,0,0,0,0,77,146,223,0,0,0,0,0,0,0,0,0,0,0,0,0,0,0,0,0,0,0,0,0,0,0,0,0,0,0,0,0,0,0,0,0,0,0,0,0,2,2,1,0,1,0,0,0,0,0,0,0,0,0,0,0,0,0,0,0,0,0,0,0,0,0,0,0,0,0,0,0,0,0,0,0,0,0,0,0,0,0,0,0,0,0,0,0,0,0
20220521,4193,766,1109,1875,1007,1119,2126,4001,0,0,0,0,0,0,0,1,1,1,23,24,0,0,0,0,0,0,0,0,0,0,0,0,0,0,0,72,93,165,0,0,0,0,0,0,0,0,0,0,0,0,0,0,0,0,0,0,0,0,0,0,0,0,0,0,0,0,0,0,0,0,0,0,0,0,0,2,2,0,0,0,0,0,0,0,0,0,0,0,0,0,0,0,0,0,0,0,0,0,0,0,0,0,0,0,0,0,0,0,0,0,0,0,0,0,0,0,0,0,0,0,0,0,0,0,0
20220522,4673,682,502,1184,2028,1306,3334,4518,41,17,58,0,0,0,1,0,1,2,0,2,0,0,0,0,0,0,0,0,0,0,0,0,0,0,0,41,52,93,0,0,0,0,0,0,0,0,0,0,0,0,0,0,0,0,0,0,0,0,0,0,0,0,0,0,0,0,0,0,0,0,0,0,0,0,1,0,1,0,0,0,0,0,0,0,0,0,0,0,0,0,0,0,0,0,0,0,0,0,0,0,0,0,0,0,0,0,0,0,0,0,0,0,0,0,0,0,0,0,0,0,0,0,0,0,0
20220523,3306,691,287,978,1103,806,1909,2887,0,0,0,2,3,5,82,68,150,6,2,8,0,0,0,0,0,0,0,0,0,0,0,0,0,0,0,96,156,252,0,0,0,0,0,0,0,0,0,0,0,0,3,0,3,0,0,0,0,0,0,0,0,0,0,0,0,0,0,0,0,0,0,0,0,0,0,0,0,1,0,1,0,0,0,0,0,0,0,0,0,0,0,0,0,0,0,0,0,0,0,0,0,0,0,0,0,0,0,0,0,0,0,0,0,0,0,0,0,0,0,0,0,0,0,0,0
20220524,4064,1109,723,1832,945,1204,2149,3981,0,0,0,0,0,0,23,28,51,3,4,7,0,0,0,1,0,1,0,0,0,0,0,0,0,0,0,0,8,8,0,0,0,0,0,0,0,0,0,0,0,0,2,0,2,0,0,0,0,0,0,0,0,0,0,0,0,0,0,0,0,0,0,0,0,0,0,1,1,1,12,13,0,0,0,0,0,0,0,0,0,0,0,0,0,0,0,0,0,0,0,0,0,0,0,0,0,0,0,0,0,0,0,0,0,0,0,0,0,0,0,0,0,0,0,0,0
20220525,5927,898,1011,1909,1582,1649,3231,5140,0,188,188,0,0,0,81,80,161,8,10,18,0,0,0,0,0,0,0,0,0,0,0,0,0,0,0,145,274,419,0,0,0,0,0,0,0,0,0,0,0,0,0,0,0,0,0,0,0,0,0,0,0,0,0,0,0,0,0,0,0,0,0,0,0,0,1,0,1,0,0,0,0,0,0,0,0,0,0,0,0,0,0,0,0,0,0,0,0,0,0,0,0,0,0,0,0,0,0,0,0,0,0,0,0,0,0,0,0,0,0,0,0,0,0,0,0
20220526,6034,1537,1246,2783,1399,1337,2736,5519,119,177,296,0,1,1,61,45,106,20,47,67,0,0,0,0,0,0,0,0,0,0,0,0,20,20,40,0,0,0,0,0,0,0,0,0,0,0,0,0,0,0,0,0,0,0,0,0,0,0,0,0,0,0,0,0,0,0,0,0,0,0,0,0,0,0,0,0,0,0,5,5,0,0,0,0,0,0,0,0,0,0,0,0,0,0,0,0,0,0,0,0,0,0,0,0,0,0,0,0,0,0,0,0,0,0,0,0,0,0,0,0,0,0,0,0,0
20220527,5852,895,930,1825,2024,1709,3733,5558,0,0,0,0,0,0,0,0,0,11,5,16,0,0,0,0,0,0,0,0,0,0,0,0,52,3,55,70,150,220,0,0,0,0,0,0,0,0,0,0,0,0,1,0,1,0,0,0,0,0,0,0,0,0,0,0,0,0,0,0,0,0,0,0,0,0,1,0,1,0,1,1,0,0,0,0,0,0,0,0,0,0,0,0,0,0,0,0,0,0,0,0,0,0,0,0,0,0,0,0,0,0,0,0,0,0,0,0,0,0,0,0,0,0,0,0,0
20220528,4575,1006,1251,2257,1070,1069,2139,4396,0,0,0,0,0,0,0,0,0,0,8,8,0,0,0,0,0,0,1,0,1,0,0,0,3,5,8,72,86,158,0,0,0,0,0,0,0,0,0,0,0,0,1,0,1,0,0,0,0,0,0,0,0,0,0,0,0,0,0,0,0,0,0,0,0,0,0,1,1,0,2,2,0,0,0,0,0,0,0,0,0,0,0,0,0,0,0,0,0,0,0,0,0,0,0,0,0,0,0,0,0,0,0,0,0,0,0,0,0,0,0,0,0,0,0,0,0
20220529,5290,875,553,1428,2111,1612,3723,5151,33,26,59,0,0,0,1,1,2,4,2,6,0,0,0,0,0,0,0,0,0,0,0,0,0,0,0,41,30,71,0,0,0,0,0,0,0,0,0,0,0,0,0,0,0,0,0,0,0,0,0,0,0,0,0,0,0,0,0,0,0,0,0,0,0,0,1,0,1,0,0,0,0,0,0,0,0,0,0,0,0,0,0,0,0,0,0,0,0,0,0,0,0,0,0,0,0,0,0,0,0,0,0,0,0,0,0,0,0,0,0,0,0,0,0,0,0
20220530,3544,729,419,1148,1143,901,2044,3192,0,0,0,0,0,0,18,23,41,19,24,43,0,0,0,0,0,0,0,0,0,0,0,0,0,0,0,71,176,247,0,0,0,0,0,0,0,0,0,0,0,0,5,4,9,0,0,0,0,0,0,0,0,0,0,0,0,0,0,0,0,0,0,0,0,0,2,0,2,6,4,10,0,0,0,0,0,0,0,0,0,0,0,0,0,0,0,0,0,0,0,0,0,0,0,0,0,0,0,0,0,0,0,0,0,0,0,0,0,0,0,0,0,0,0,0,0
20220531,5152,1291,1040,2331,1297,1429,2726,5057,0,0,0,3,0,3,28,23,51,6,25,31,0,0,0,0,0,0,0,0,0,0,0,0,4,0,4,0,0,0,0,0,0,0,0,0,0,0,0,0,0,0,0,0,0,0,0,0,0,0,0,0,0,0,0,0,0,0,0,0,0,0,0,0,0,0,0,0,0,0,6,6,0,0,0,0,0,0,0,0,0,0,0,0,0,0,0,0,0,0,0,0,0,0,0,0,0,0,0,0,0,0,0,0,0,0,0,0,0,0,0,0,0,0,0,0,0
20220601,7366,1172,1359,2531,1836,2178,4014,6545,0,191,191,0,0,0,34,39,73,8,11,19,0,0,0,0,0,0,0,0,0,0,0,0,0,2,2,206,309,515,0,0,0,0,0,0,0,0,0,0,0,0,0,0,0,0,0,0,0,0,0,0,0,0,0,0,0,0,0,0,0,0,0,0,0,0,2,0,2,3,16,19,0,0,0,0,0,0,0,0,0,0,0,0,0,0,0,0,0,0,0,0,0,0,0,0,0,0,0,0,0,0,0,0,0,0,0,0,0,0,0,0,0,0,0,0,0
20220602,5867,1219,1013,2232,1596,1534,3130,5362,116,170,286,0,2,2,37,53,90,60,3,63,0,0,0,0,3,3,0,0,0,0,4,4,0,0,0,35,14,49,0,0,0,0,0,0,0,0,0,0,0,0,0,0,0,0,0,0,0,0,0,0,0,0,0,0,0,0,0,0,0,0,0,0,0,0,0,0,0,0,8,8,0,0,0,0,0,0,0,0,0,0,0,0,0,0,0,0,0,0,0,0,0,0,0,0,0,0,0,0,0,0,0,0,0,0,0,0,0,0,0,0,0,0,0,0,0
20220603,5451,741,1030,1771,1638,1674,3312,5083,6,66,72,0,0,0,2,2,4,12,5,17,0,0,0,0,0,0,0,0,0,0,0,0,0,0,0,106,159,265,0,0,0,0,0,0,0,0,0,0,0,0,0,0,0,0,0,0,0,0,0,0,0,0,0,0,0,0,0,0,0,0,0,0,0,0,0,0,0,0,10,10,0,0,0,0,0,0,0,0,0,0,0,0,0,0,0,0,0,0,0,0,0,0,0,0,0,0,0,0,0,0,0,0,0,0,0,0,0,0,0,0,0,0,0,0,0
20220604,4779,749,1134,1883,1362,1352,2714,4597,0,0,0,0,1,1,2,2,4,3,1,4,0,0,0,0,0,0,0,0,0,0,0,0,0,0,0,84,84,168,0,0,0,0,0,0,0,0,0,0,0,0,0,0,0,0,0,0,0,0,0,0,0,0,0,0,0,0,0,0,0,0,0,0,0,0,0,0,0,0,5,5,0,0,0,0,0,0,0,0,0,0,0,0,0,0,0,0,0,0,0,0,0,0,0,0,0,0,0,0,0,0,0,0,0,0,0,0,0,0,0,0,0,0,0,0,0
20220605,5541,816,673,1489,1972,1927,3899,5388,35,20,55,0,0,0,0,0,0,1,0,1,0,0,0,0,0,0,0,0,0,0,0,0,0,0,0,36,57,93,0,0,0,0,0,0,0,0,0,0,0,0,2,0,2,0,0,0,0,0,0,0,0,0,0,0,0,0,0,0,0,0,0,0,0,0,2,0,2,0,0,0,0,0,0,0,0,0,0,0,0,0,0,0,0,0,0,0,0,0,0,0,0,0,0,0,0,0,0,0,0,0,0,0,0,0,0,0,0,0,0,0,0,0,0,0,0
20220606,4273,755,686,1441,1254,1182,2436,3877,0,0,0,0,0,0,2,0,2,12,21,33,0,0,0,0,0,0,0,0,0,0,0,0,32,27,59,123,176,299,0,0,0,0,0,0,0,0,0,0,0,0,0,0,0,0,0,0,0,0,0,0,0,0,0,0,0,0,0,0,0,0,0,0,0,0,0,0,0,0,3,3,0,0,0,0,0,0,0,0,0,0,0,0,0,0,0,0,0,0,0,0,0,0,0,0,0,0,0,0,0,0,0,0,0,0,0,0,0,0,0,0,0,0,0,0,0
20220607,5341,1412,1065,2477,1167,1522,2689,5166,0,0,0,4,0,4,24,21,45,26,8,34,0,0,0,0,0,0,0,0,0,0,0,0,2,0,2,46,28,74,0,0,0,0,0,0,0,0,0,0,0,0,0,0,0,0,0,0,0,0,0,0,0,0,0,0,0,0,0,0,0,0,0,0,0,0,0,0,0,0,16,16,0,0,0,0,0,0,0,0,0,0,0,0,0,0,0,0,0,0,0,0,0,0,0,0,0,0,0,0,0,0,0,0,0,0,0,0,0,0,0,0,0,0,0,0,0
20220608,7041,1065,1210,2275,1887,2032,3919,6194,0,196,196,0,0,0,73,71,144,7,11,18,0,0,0,0,0,0,0,0,0,0,0,0,0,0,0,204,270,474,0,0,0,0,0,0,0,0,0,0,0,0,0,0,0,0,0,0,0,0,0,0,0,0,0,0,0,0,0,0,0,0,0,0,0,0,0,0,0,1,14,15,0,0,0,0,0,0,0,0,0,0,0,0,0,0,0,0,0,0,0,0,0,0,0,0,0,0,0,0,0,0,0,0,0,0,0,0,0,0,0,0,0,0,0,0,0
20220609,6558,1122,1130,2252,1915,1712,3627,5879,132,168,300,1,0,1,84,88,172,15,13,28,0,0,0,0,2,2,0,0,0,0,0,0,23,78,101,27,31,58,0,0,0,0,0,0,0,0,0,0,0,0,0,0,0,0,0,0,0,0,0,0,0,0,0,0,0,0,0,0,0,0,0,0,0,0,2,0,2,1,14,15,0,0,0,0,0,0,0,0,0,0,0,0,0,0,0,0,0,0,0,0,0,0,0,0,0,0,0,0,0,0,0,0,0,0,0,0,0,0,0,0,0,0,0,0,0
20220610,7040,856,1389,2245,2217,2018,4235,6480,40,165,205,0,1,1,0,2,2,10,2,12,0,0,0,0,11,11,0,0,0,0,0,0,2,1,3,140,169,309,0,0,0,0,0,0,0,0,0,0,0,0,1,0,1,0,0,0,0,0,0,0,0,0,0,0,0,0,0,0,0,0,0,0,0,0,0,1,1,0,15,15,0,0,0,0,0,0,0,0,0,0,0,0,0,0,0,0,0,0,0,0,0,0,0,0,0,0,0,0,0,0,0,0,0,0,0,0,0,0,0,0,0,0,0,0,0
20220611,5602,940,1621,2561,1444,1388,2832,5393,0,0,0,0,0,0,0,0,0,5,12,17,3,0,3,0,0,0,0,0,0,0,0,0,0,0,0,80,106,186,0,0,0,0,0,0,0,0,0,0,0,0,0,0,0,0,0,0,0,0,0,0,0,0,0,0,0,0,0,0,0,0,0,0,0,0,0,1,1,0,2,2,0,0,0,0,0,0,0,0,0,0,0,0,0,0,0,0,0,0,0,0,0,0,0,0,0,0,0,0,0,0,0,0,0,0,0,0,0,0,0,0,0,0,0,0,0
20220612,6778,1131,825,1956,2563,2082,4645,6601,37,18,55,0,3,3,1,0,1,5,5,10,0,0,0,0,0,0,0,0,0,0,0,0,0,0,0,37,69,106,0,0,0,0,0,0,0,0,0,0,0,0,0,0,0,0,0,0,0,0,0,0,0,0,0,0,0,0,0,0,0,0,0,0,0,0,0,1,1,0,1,1,0,0,0,0,0,0,0,0,0,0,0,0,0,0,0,0,0,0,0,0,0,0,0,0,0,0,0,0,0,0,0,0,0,0,0,0,0,0,0,0,0,0,0,0,0
20220613,4270,757,714,1471,1355,1096,2451,3922,0,0,0,0,0,0,5,4,9,4,5,9,0,0,0,0,0,0,0,0,0,0,0,0,0,2,2,118,199,317,0,0,0,0,0,0,0,0,0,0,0,0,0,0,0,0,0,0,0,0,0,0,0,0,0,0,0,0,0,0,0,0,0,0,0,0,2,5,7,0,4,4,0,0,0,0,0,0,0,0,0,0,0,0,0,0,0,0,0,0,0,0,0,0,0,0,0,0,0,0,0,0,0,0,0,0,0,0,0,0,0,0,0,0,0,0,0
20220614,5409,1424,1250,2674,1140,1416,2556,5230,0,0,0,4,1,5,24,24,48,8,11,19,0,0,0,0,2,2,0,0,0,0,0,0,4,6,10,24,40,64,0,0,0,0,0,0,0,0,0,0,0,0,2,3,5,0,0,0,0,0,0,0,0,0,0,0,0,0,0,0,0,0,0,0,0,0,0,4,4,0,22,22,0,0,0,0,0,0,0,0,0,0,0,0,0,0,0,0,0,0,0,0,0,0,0,0,0,0,0,0,0,0,0,0,0,0,0,0,0,0,0,0,0,0,0,0,0
20220615,9128,1623,1499,3122,2632,2506,5138,8260,0,198,198,0,0,0,34,30,64,6,18,24,0,0,0,0,0,0,0,0,0,0,0,0,0,1,1,294,274,568,0,0,0,0,0,0,0,0,0,0,0,0,0,0,0,0,0,0,0,0,0,0,0,0,0,0,0,0,0,0,0,0,0,0,0,0,4,1,5,0,8,8,0,0,0,0,0,0,0,0,0,0,0,0,0,0,0,0,0,0,0,0,0,0,0,0,0,0,0,0,0,0,0,0,0,0,0,0,0,0,0,0,0,0,0,0,0
20220616,7992,1424,1632,3056,2131,2309,4440,7496,146,172,318,0,0,0,38,40,78,3,5,8,0,0,0,0,0,0,0,0,0,0,0,0,0,15,15,25,48,73,0,0,0,0,0,0,0,0,0,0,0,0,2,2,4,0,0,0,0,0,0,0,0,0,0,0,0,0,0,0,0,0,0,0,0,0,0,0,0,0,0,0,0,0,0,0,0,0,0,0,0,0,0,0,0,0,0,0,0,0,0,0,0,0,0,0,0,0,0,0,0,0,0,0,0,0,0,0,0,0,0,0,0,0,0,0,0
20220617,7734,1076,1393,2469,2341,2315,4656,7125,14,93,107,1,2,3,11,24,35,5,160,165,0,0,0,0,0,0,0,0,0,0,0,0,1,0,1,93,182,275,0,0,0,0,0,0,0,0,0,0,0,0,0,0,0,0,0,0,0,0,0,0,0,0,0,0,0,0,0,0,0,0,0,0,0,0,1,0,1,2,20,22,0,0,0,0,0,0,0,0,0,0,0,0,0,0,0,0,0,0,0,0,0,0,0,0,0,0,0,0,0,0,0,0,0,0,0,0,0,0,0,0,0,0,0,0,0
20220618,6664,1244,1769,3013,1818,1583,3401,6414,0,0,0,1,0,1,9,9,18,8,0,8,1,1,2,2,0,2,0,0,0,0,0,0,0,0,0,82,120,202,0,0,0,0,0,0,0,0,0,0,0,0,0,9,9,0,0,0,0,0,0,0,0,0,0,0,0,0,0,0,0,0,0,0,0,0,0,0,0,0,8,8,0,0,0,0,0,0,0,0,0,0,0,0,0,0,0,0,0,0,0,0,0,0,0,0,0,0,0,0,0,0,0,0,0,0,0,0,0,0,0,0,0,0,0,0,0
20220619,7164,994,1030,2024,2504,2405,4909,6933,38,39,77,2,1,3,0,1,1,10,1,11,0,0,0,0,0,0,0,0,0,0,0,0,0,0,0,59,80,139,0,0,0,0,0,0,0,0,0,0,0,0,0,0,0,0,0,0,0,0,0,0,0,0,0,0,0,0,0,0,0,0,0,0,0,0,0,0,0,0,0,0,0,0,0,0,0,0,0,0,0,0,0,0,0,0,0,0,0,0,0,0,0,0,0,0,0,0,0,0,0,0,0,0,0,0,0,0,0,0,0,0,0,0,0,0,0
20220620,5630,1342,1059,2401,1416,1343,2759,5160,0,0,0,0,0,0,20,15,35,6,6,12,0,0,0,0,0,0,0,0,0,0,0,0,4,17,21,184,201,385,0,0,0,0,0,0,0,0,0,0,0,0,0,0,0,0,0,0,0,0,0,0,0,0,0,0,0,0,0,0,0,0,0,0,0,0,0,0,0,4,13,17,0,0,0,0,0,0,0,0,0,0,0,0,0,0,0,0,0,0,0,0,0,0,0,0,0,0,0,0,0,0,0,0,0,0,0,0,0,0,0,0,0,0,0,0,0
20220621,6521,1678,1376,3054,1405,1792,3197,6251,0,5,5,2,0,2,0,0,0,39,63,102,0,0,0,0,0,0,0,0,0,0,0,0,34,33,67,25,55,80,0,0,0,0,0,0,0,0,0,0,0,0,0,0,0,0,0,0,0,0,0,0,0,0,0,0,0,0,0,0,0,0,0,0,0,0,0,0,0,0,14,14,0,0,0,0,0,0,0,0,0,0,0,0,0,0,0,0,0,0,0,0,0,0,0,0,0,0,0,0,0,0,0,0,0,0,0,0,0,0,0,0,0,0,0,0,0
20220622,9181,1501,1410,2911,2731,2703,5434,8345,16,199,215,0,0,0,38,44,82,6,1,7,0,0,0,0,0,0,0,0,0,0,0,0,0,0,0,189,331,520,0,0,0,0,0,0,0,0,0,0,0,0,0,0,0,0,0,0,0,2,2,0,0,0,0,0,0,0,0,0,0,0,0,0,0,0,0,0,0,1,9,10,0,0,0,0,0,0,0,0,0,0,0,0,0,0,0,0,0,0,0,0,0,0,0,0,0,0,0,0,0,0,0,0,0,0,0,0,0,0,0,0,0,0,0,0,0
20220623,7553,1200,1824,3024,1931,1869,3800,6824,147,202,349,0,0,0,26,37,63,24,66,90,0,0,0,0,0,0,0,0,0,0,0,0,29,90,119,35,63,98,0,0,0,0,0,0,0,0,0,0,0,0,0,0,0,0,0,0,0,0,0,0,0,0,0,0,0,0,0,0,0,0,0,0,0,0,0,0,0,2,8,10,0,0,0,0,0,0,0,0,0,0,0,0,0,0,0,0,0,0,0,0,0,0,0,0,0,0,0,0,0,0,0,0,0,0,0,0,0,0,0,0,0,0,0,0,0
20220624,8683,941,2178,3119,2309,2606,4915,8034,54,194,248,1,0,1,25,6,31,18,3,21,0,0,0,0,0,0,0,0,0,0,0,0,0,0,0,117,198,315,0,0,0,0,0,0,0,0,0,0,0,0,2,0,2,0,0,0,0,0,0,0,0,0,0,0,0,0,0,0,0,0,0,0,0,0,0,0,0,0,31,31,0,0,0,0,0,0,0,0,0,0,0,0,0,0,0,0,0,0,0,0,0,0,0,0,0,0,0,0,0,0,0,0,0,0,0,0,0,0,0,0,0,0,0,0,0
20220625,6796,1221,2113,3334,1462,1742,3204,6538,0,0,0,0,1,1,0,0,0,16,18,34,0,0,0,0,0,0,0,0,0,0,0,0,0,0,0,99,124,223,0,0,0,0,0,0,0,0,0,0,0,0,0,0,0,0,0,0,0,0,0,0,0,0,0,0,0,0,0,0,0,0,0,0,0,0,0,0,0,0,0,0,0,0,0,0,0,0,0,0,0,0,0,0,0,0,0,0,0,0,0,0,0,0,0,0,0,0,0,0,0,0,0,0,0,0,0,0,0,0,0,0,0,0,0,0,0
20220626,7745,850,1123,1973,2536,2791,5327,7300,39,87,126,0,0,0,1,1,2,4,127,131,0,0,0,0,0,0,0,0,0,0,0,0,0,0,0,56,116,172,0,0,0,0,0,0,0,0,0,0,0,0,2,0,2,0,0,0,0,0,0,0,0,0,0,0,0,0,0,0,0,0,0,0,0,0,1,1,2,0,10,10,0,0,0,0,0,0,0,0,0,0,0,0,0,0,0,0,0,0,0,0,0,0,0,0,0,0,0,0,0,0,0,0,0,0,0,0,0,0,0,0,0,0,0,0,0
20220627,5417,958,1192,2150,1035,1626,2661,4811,0,0,0,1,1,2,71,33,104,0,22,22,0,0,0,0,0,0,0,0,0,0,0,0,0,0,0,184,255,439,0,0,0,0,0,0,0,0,0,0,0,0,0,3,3,0,0,0,0,0,0,0,0,0,0,0,0,0,0,0,0,0,0,0,0,0,1,12,13,2,21,23,0,0,0,0,0,0,0,0,0,0,0,0,0,0,0,0,0,0,0,0,0,0,0,0,0,0,0,0,0,0,0,0,0,0,0,0,0,0,0,0,0,0,0,0,0
20220628,7528,1801,1902,3703,1852,1796,3648,7351,0,0,0,2,4,6,16,18,34,9,3,12,0,0,0,0,0,0,0,0,0,0,0,0,0,0,0,25,78,103,0,0,0,0,0,0,0,0,0,0,0,0,3,1,4,0,0,0,0,0,0,0,0,0,0,0,0,0,0,0,0,0,0,0,0,0,6,3,9,0,9,9,0,0,0,0,0,0,0,0,0,0,0,0,0,0,0,0,0,0,0,0,0,0,0,0,0,0,0,0,0,0,0,0,0,0,0,0,0,0,0,0,0,0,0,0,0
20220629,10092,1281,1732,3013,2870,3105,5975,8988,97,196,293,0,0,0,99,80,179,8,4,12,0,0,0,0,0,0,0,0,0,0,0,0,0,0,0,198,406,604,0,0,0,0,0,0,0,0,0,0,0,0,0,0,0,0,0,0,0,0,0,0,0,0,0,0,0,0,0,0,0,0,0,0,0,0,0,0,0,1,15,16,0,0,0,0,0,0,0,0,0,0,0,0,0,0,0,0,0,0,0,0,0,0,0,0,0,0,0,0,0,0,0,0,0,0,0,0,0,0,0,0,0,0,0,0,0
20220630,8326,1080,2350,3430,2039,2200,4239,7669,157,224,381,1,0,1,60,61,121,16,3,19,0,0,0,0,0,0,0,0,0,0,0,0,1,4,5,41,73,114,0,0,0,0,0,0,0,0,0,0,0,0,0,0,0,0,0,0,0,0,0,0,0,0,0,0,0,0,0,0,0,0,0,0,0,0,1,0,1,0,15,15,0,0,0,0,0,0,0,0,0,0,0,0,0,0,0,0,0,0,0,0,0,0,0,0,0,0,0,0,0,0,0,0,0,0,0,0,0,0,0,0,0,0,0,0,0
20220701,11839,1907,2655,4562,2813,3567,6380,10942,77,148,225,1,0,1,6,6,12,5,2,7,0,0,0,0,0,0,0,0,0,0,0,0,0,7,7,255,382,637,0,0,0,0,0,0,0,0,0,0,0,0,0,0,0,0,0,0,0,0,0,0,0,0,0,0,0,0,0,0,0,0,0,0,0,0,0,0,0,0,8,8,0,0,0,0,0,0,0,0,0,0,0,0,0,0,0,0,0,0,0,0,0,0,0,0,0,0,0,0,0,0,0,0,0,0,0,0,0,0,0,0,0,0,0,0,0
20220702,9002,1483,2509,3992,1792,2802,4594,8586,13,0,13,0,0,0,1,4,5,12,60,72,0,0,0,0,0,0,0,0,0,0,0,0,3,2,5,146,166,312,0,0,0,0,0,0,0,0,0,0,0,0,0,0,0,0,0,0,0,0,0,0,0,0,0,0,0,0,0,0,0,0,0,0,0,0,0,0,0,0,9,9,0,0,0,0,0,0,0,0,0,0,0,0,0,0,0,0,0,0,0,0,0,0,0,0,0,0,0,0,0,0,0,0,0,0,0,0,0,0,0,0,0,0,0,0,0
20220703,9248,1227,1464,2691,2873,3237,6110,8801,64,35,99,3,3,6,0,0,0,1,38,39,0,0,0,0,0,0,0,0,0,0,0,0,0,0,0,132,167,299,0,0,0,0,0,0,0,0,0,0,0,0,0,0,0,0,0,0,0,0,0,0,0,0,0,0,0,0,0,0,0,0,0,0,0,0,0,0,0,0,4,4,0,0,0,0,0,0,0,0,0,0,0,0,0,0,0,0,0,0,0,0,0,0,0,0,0,0,0,0,0,0,0,0,0,0,0,0,0,0,0,0,0,0,0,0,0
20220704,7568,1206,1311,2517,2177,2203,4380,6897,31,5,36,0,0,0,8,6,14,16,7,23,0,0,0,0,0,0,0,0,0,0,0,0,2,0,2,210,363,573,0,0,0,0,0,0,0,0,0,0,0,0,4,1,5,0,0,0,0,0,0,0,0,0,0,0,0,0,0,0,0,0,0,0,0,0,1,0,1,0,17,17,0,0,0,0,0,0,0,0,0,0,0,0,0,0,0,0,0,0,0,0,0,0,0,0,0,0,0,0,0,0,0,0,0,0,0,0,0,0,0,0,0,0,0,0,0
20220705,9436,2018,2111,4129,2209,2636,4845,8974,12,33,45,2,1,3,5,3,8,5,138,143,0,0,0,0,0,0,0,0,0,0,0,0,0,0,0,83,133,216,0,0,0,0,0,0,0,0,0,0,0,0,0,5,5,0,0,0,0,0,0,0,0,0,0,0,0,0,0,0,0,0,0,0,0,0,0,0,0,0,42,42,0,0,0,0,0,0,0,0,0,0,0,0,0,0,0,0,0,0,0,0,0,0,0,0,0,0,0,0,0,0,0,0,0,0,0,0,0,0,0,0,0,0,0,0,0
20220706,10840,1898,2265,4163,2895,2775,5670,9833,72,242,314,0,0,0,44,48,92,4,3,7,1,0,1,0,0,0,0,0,0,0,0,0,1,1,2,205,356,561,0,0,0,0,0,0,0,0,0,0,0,0,0,0,0,0,0,0,0,0,0,0,0,0,0,0,0,0,0,0,0,0,0,0,0,0,1,3,4,0,26,26,0,0,0,0,0,0,0,0,0,0,0,0,0,0,0,0,0,0,0,0,0,0,0,0,0,0,0,0,0,0,0,0,0,0,0,0,0,0,0,0,0,0,0,0,0
20220707,8842,1547,1985,3532,1841,2750,4591,8123,159,194,353,0,0,0,48,71,119,23,71,94,0,0,0,0,0,0,0,0,0,0,0,0,0,0,0,76,55,131,0,0,0,0,0,0,0,0,0,0,0,0,0,1,1,0,0,0,0,0,0,0,0,0,0,0,0,0,0,0,0,0,0,0,0,0,1,1,2,0,19,19,0,0,0,0,0,0,0,0,0,0,0,0,0,0,0,0,0,0,0,0,0,0,0,0,0,0,0,0,0,0,0,0,0,0,0,0,0,0,0,0,0,0,0,0,0
20220708,9828,1438,2115,3553,2906,2460,5366,8919,51,195,246,1,4,5,14,17,31,23,112,135,0,0,0,0,0,0,0,0,0,0,0,0,6,0,6,182,267,449,0,0,0,0,0,0,0,0,0,0,0,0,3,0,3,0,0,0,0,0,0,0,0,0,0,0,0,0,0,0,0,0,0,0,0,0,3,9,12,0,22,22,0,0,0,0,0,0,0,0,0,0,0,0,0,0,0,0,0,0,0,0,0,0,0,0,0,0,0,0,0,0,0,0,0,0,0,0,0,0,0,0,0,0,0,0,0
20220709,8795,1591,2404,3995,2041,2372,4413,8408,9,52,61,0,0,0,0,3,3,2,21,23,0,0,0,0,0,0,0,0,0,0,0,0,0,14,14,150,119,269,0,0,0,0,0,0,0,0,0,0,0,0,0,0,0,0,0,0,0,0,0,0,0,0,0,0,0,0,0,0,0,0,0,0,0,0,4,3,7,0,10,10,0,0,0,0,0,0,0,0,0,0,0,0,0,0,0,0,0,0,0,0,0,0,0,0,0,0,0,0,0,0,0,0,0,0,0,0,0,0,0,0,0,0,0,0,0
20220710,8690,1247,1574,2821,2623,2844,5467,8288,60,17,77,1,1,2,0,1,1,5,26,31,0,0,0,0,0,0,0,0,0,0,0,0,11,0,11,134,143,277,0,0,0,0,0,0,0,0,0,0,0,0,0,0,0,0,0,0,0,0,0,0,0,0,0,0,0,0,0,0,0,0,0,0,0,0,0,0,0,0,3,3,0,0,0,0,0,0,0,0,0,0,0,0,0,0,0,0,0,0,0,0,0,0,0,0,0,0,0,0,0,0,0,0,0,0,0,0,0,0,0,0,0,0,0,0,0
20220711,6748,1264,1060,2324,1903,1878,3781,6105,33,15,48,0,0,0,8,7,15,5,26,31,0,0,0,0,0,0,0,0,0,0,0,0,0,3,3,214,327,541,0,0,0,0,0,0,0,0,0,0,0,0,1,0,1,0,0,0,0,0,0,0,0,0,0,0,0,0,0,0,0,0,0,0,0,0,0,0,0,0,4,4,0,0,0,0,0,0,0,0,0,0,0,0,0,0,0,0,0,0,0,0,0,0,0,0,0,0,0,0,0,0,0,0,0,0,0,0,0,0,0,0,0,0,0,0,0
20220712,9142,1996,1799,3795,2407,2509,4916,8711,23,22,45,3,0,3,40,19,59,7,154,161,0,0,0,0,0,0,0,0,0,0,0,0,0,1,1,79,79,158,0,0,0,0,0,0,0,0,0,0,0,0,0,2,2,0,0,0,0,0,0,0,0,0,0,0,0,0,0,0,0,0,0,0,0,0,0,2,2,0,0,0,0,0,0,0,0,0,0,0,0,0,0,0,0,0,0,0,0,0,0,0,0,0,0,0,0,0,0,0,0,0,0,0,0,0,0,0,0,0,0,0,0,0,0,0,0
20220713,10201,1817,1943,3760,2870,2454,5324,9084,57,235,292,0,0,0,52,43,95,28,102,130,0,0,0,0,0,0,0,0,0,0,0,0,2,0,2,193,392,585,0,0,0,0,0,0,0,0,0,0,0,0,0,0,0,0,0,0,0,0,0,0,0,0,0,0,0,0,0,0,0,0,0,0,0,0,0,0,0,2,11,13,0,0,0,0,0,0,0,0,0,0,0,0,0,0,0,0,0,0,0,0,0,0,0,0,0,0,0,0,0,0,0,0,0,0,0,0,0,0,0,0,0,0,0,0,0
20220714,9557,2107,1856,3963,2320,2618,4938,8901,171,183,354,0,3,3,40,55,95,17,1,18,0,0,0,0,0,0,0,0,0,0,0,0,5,7,12,96,53,149,0,0,0,0,0,0,0,0,0,0,0,0,1,3,4,0,0,0,0,0,0,0,0,0,0,0,0,0,0,0,0,0,0,0,0,0,1,0,1,0,20,20,0,0,0,0,0,0,0,0,0,0,0,0,0,0,0,0,0,0,0,0,0,0,0,0,0,0,0,0,0,0,0,0,0,0,0,0,0,0,0,0,0,0,0,0,0
20220715,10871,1848,2247,4095,3143,2887,6030,10125,90,173,263,0,0,0,6,9,15,21,2,23,2,0,2,0,0,0,0,0,0,0,0,0,2,3,5,223,209,432,0,0,0,0,0,0,0,0,0,0,0,0,0,0,0,0,0,0,0,0,0,0,0,0,0,0,0,0,0,0,0,0,0,0,0,0,0,0,0,0,6,6,0,0,0,0,0,0,0,0,0,0,0,0,0,0,0,0,0,0,0,0,0,0,0,0,0,0,0,0,0,0,0,0,0,0,0,0,0,0,0,0,0,0,0,0,0
20220716,9226,1967,2192,4159,2241,2395,4636,8795,40,30,70,0,0,0,7,5,12,3,41,44,0,0,0,0,0,0,0,0,0,0,0,0,0,0,0,132,173,305,0,0,0,0,0,0,0,0,0,0,0,0,0,0,0,0,0,0,0,0,0,0,0,0,0,0,0,0,0,0,0,0,0,0,0,0,0,0,0,0,0,0,0,0,0,0,0,0,0,0,0,0,0,0,0,0,0,0,0,0,0,0,0,0,0,0,0,0,0,0,0,0,0,0,0,0,0,0,0,0,0,0,0,0,0,0,0
20220717,9108,1632,1126,2758,3295,2643,5938,8696,52,16,68,2,1,3,3,0,3,9,94,103,0,0,0,0,0,0,0,0,0,0,0,0,0,0,0,134,98,232,0,0,0,0,0,0,0,0,0,0,0,0,0,0,0,0,0,0,0,0,0,0,0,0,0,0,0,0,0,0,0,0,0,0,0,0,0,0,0,0,3,3,0,0,0,0,0,0,0,0,0,0,0,0,0,0,0,0,0,0,0,0,0,0,0,0,0,0,0,0,0,0,0,0,0,0,0,0,0,0,0,0,0,0,0,0,0
20220718,7314,1294,1086,2380,2095,2079,4174,6554,42,17,59,0,0,0,16,18,34,12,7,19,0,0,0,0,0,0,0,0,0,0,0,0,0,0,0,262,385,647,0,0,0,0,0,0,0,0,0,0,0,0,0,0,0,0,0,0,0,0,0,0,0,0,0,0,0,0,0,0,0,0,0,0,0,0,0,0,0,0,1,1,0,0,0,0,0,0,0,0,0,0,0,0,0,0,0,0,0,0,0,0,0,0,0,0,0,0,0,0,0,0,0,0,0,0,0,0,0,0,0,0,0,0,0,0,0
20220719,9777,2385,1561,3946,2603,2862,5465,9411,34,22,56,1,0,1,10,12,22,0,97,97,0,0,0,2,0,2,0,0,0,0,0,0,0,0,0,98,87,185,0,0,0,0,0,0,0,0,0,0,0,0,0,0,0,0,0,0,0,0,0,0,0,0,0,0,0,0,0,0,0,0,0,0,0,0,0,0,0,0,3,3,0,0,0,0,0,0,0,0,0,0,0,0,0,0,0,0,0,0,0,0,0,0,0,0,0,0,0,0,0,0,0,0,0,0,0,0,0,0,0,0,0,0,0,0,0
20220720,12277,2672,2182,4854,3385,2898,6283,11137,95,232,327,0,0,0,36,36,72,9,93,102,0,0,0,0,0,0,0,0,0,0,0,0,0,1,1,223,395,618,0,0,0,0,0,0,0,0,0,0,0,0,0,0,0,0,0,0,0,0,0,0,0,0,0,0,0,0,0,0,0,0,0,0,0,0,8,6,14,0,6,6,0,0,0,0,0,0,0,0,0,0,0,0,0,0,0,0,0,0,0,0,0,0,0,0,0,0,0,0,0,0,0,0,0,0,0,0,0,0,0,0,0,0,0,0,0
20220721,9810,2091,1665,3756,2786,2371,5157,8913,165,170,335,0,0,0,40,40,80,44,104,148,0,0,0,0,0,0,0,0,0,0,0,0,27,11,38,109,184,293,0,0,0,0,0,0,0,0,0,0,0,0,0,0,0,0,0,0,0,0,0,0,0,0,0,0,0,0,0,0,0,0,0,0,0,0,1,1,2,1,0,1,0,0,0,0,0,0,0,0,0,0,0,0,0,0,0,0,0,0,0,0,0,0,0,0,0,0,0,0,0,0,0,0,0,0,0,0,0,0,0,0,0,0,0,0,0
20220722,10393,1896,1782,3678,3251,2647,5898,9576,103,140,243,0,0,0,3,1,4,10,52,62,0,0,0,0,0,0,0,0,0,0,0,0,0,0,0,265,205,470,0,0,0,0,0,0,0,0,0,0,0,0,0,0,0,0,0,0,0,0,0,0,0,0,0,0,0,0,0,0,0,0,0,0,0,0,4,23,27,0,11,11,0,0,0,0,0,0,0,0,0,0,0,0,0,0,0,0,0,0,0,0,0,0,0,0,0,0,0,0,0,0,0,0,0,0,0,0,0,0,0,0,0,0,0,0,0
20220723,9308,2032,2025,4057,2262,2443,4705,8762,31,32,63,0,0,0,3,5,8,11,7,18,0,0,0,0,0,0,0,0,0,0,0,0,1,1,2,255,190,445,0,0,0,0,0,0,0,0,0,0,0,0,1,0,1,0,0,0,8,0,8,0,0,0,0,0,0,0,0,0,0,0,0,0,0,0,0,1,1,0,0,0,0,0,0,0,0,0,0,0,0,0,0,0,0,0,0,0,0,0,0,0,0,0,0,0,0,0,0,0,0,0,0,0,0,0,0,0,0,0,0,0,0,0,0,0,0
20220724,10483,1793,1532,3325,3406,3002,6408,9733,36,8,44,0,0,0,3,4,7,8,112,120,0,0,0,0,0,0,0,0,0,0,0,0,0,0,0,197,364,561,0,0,0,0,0,0,0,0,0,0,0,0,4,1,5,0,0,0,0,0,0,0,0,0,0,0,0,0,0,0,0,0,0,0,0,0,2,0,2,0,11,11,0,0,0,0,0,0,0,0,0,0,0,0,0,0,0,0,0,0,0,0,0,0,0,0,0,0,0,0,0,0,0,0,0,0,0,0,0,0,0,0,0,0,0,0,0
20220725,7401,1218,1059,2277,1997,2091,4088,6365,27,12,39,0,0,0,8,10,18,7,202,209,0,0,0,0,0,0,0,0,0,0,0,0,0,1,1,314,443,757,0,0,0,0,0,0,0,0,0,0,0,0,1,0,1,0,0,0,0,0,0,0,0,0,0,0,0,0,0,0,0,0,0,0,0,0,4,7,11,0,0,0,0,0,0,0,0,0,0,0,0,0,0,0,0,0,0,0,0,0,0,0,0,0,0,0,0,0,0,0,0,0,0,0,0,0,0,0,0,0,0,0,0,0,0,0,0
20220726,9214,2272,1797,4069,1902,2650,4552,8621,13,13,26,1,0,1,39,37,76,5,3,8,0,0,0,1,0,1,0,0,0,0,0,0,0,2,2,194,271,465,0,0,0,0,0,0,0,0,0,0,0,0,0,0,0,0,0,0,0,0,0,0,0,0,0,0,0,0,0,0,0,0,0,0,0,0,0,0,0,0,14,14,0,0,0,0,0,0,0,0,0,0,0,0,0,0,0,0,0,0,0,0,0,0,0,0,0,0,0,0,0,0,0,0,0,0,0,0,0,0,0,0,0,0,0,0,0
20220727,12029,2533,2049,4582,3390,2841,6231,10813,128,221,349,0,0,0,46,49,95,1,26,27,4,0,4,0,0,0,0,0,0,0,0,0,39,39,78,261,382,643,0,0,0,0,0,0,0,0,0,1,0,1,0,0,0,0,0,0,0,0,0,0,0,0,0,0,0,0,0,0,0,0,0,0,0,0,0,0,0,0,19,19,0,0,0,0,0,0,0,0,0,0,0,0,0,0,0,0,0,0,0,0,0,0,0,0,0,0,0,0,0,0,0,0,0,0,0,0,0,0,0,0,0,0,0,0,0
20220728,10132,2026,1928,3954,2599,2647,5246,9200,178,151,329,1,0,1,37,43,80,11,80,91,0,0,0,0,0,0,0,0,0,0,0,0,36,16,52,160,206,366,0,0,0,0,0,0,0,0,0,0,0,0,5,4,9,0,0,0,0,0,0,0,0,0,0,0,0,0,0,0,0,0,0,0,0,0,0,0,0,1,3,4,0,0,0,0,0,0,0,0,0,0,0,0,0,0,0,0,0,0,0,0,0,0,0,0,0,0,0,0,0,0,0,0,0,0,0,0,0,0,0,0,0,0,0,0,0
20220729,10846,1827,1941,3768,3233,2906,6139,9907,93,170,263,0,0,0,8,1,9,6,65,71,0,0,0,0,0,0,0,0,0,0,0,0,10,8,18,278,283,561,0,0,0,0,0,0,0,0,0,0,0,0,0,0,0,0,0,0,0,0,0,0,0,0,0,0,0,0,0,0,0,0,0,0,0,0,3,0,3,3,11,14,0,0,0,0,0,0,0,0,0,0,0,0,0,0,0,0,0,0,0,0,0,0,0,0,0,0,0,0,0,0,0,0,0,0,0,0,0,0,0,0,0,0,0,0,0
20220730,10305,2198,2551,4749,2304,2656,4960,9709,42,48,90,0,0,0,1,2,3,4,3,7,0,0,0,0,0,0,0,0,0,0,0,0,0,0,0,275,220,495,0,0,0,0,0,0,0,0,0,0,0,0,0,0,0,0,0,0,0,0,0,0,0,0,0,0,0,0,0,0,0,0,0,0,0,0,0,0,0,1,0,1,0,0,0,0,0,0,0,0,0,0,0,0,0,0,0,0,0,0,0,0,0,0,0,0,0,0,0,0,0,0,0,0,0,0,0,0,0,0,0,0,0,0,0,0,0
20220731,10371,1826,1450,3276,3539,3048,6587,9863,50,11,61,0,0,0,13,12,25,4,32,36,0,0,0,0,0,0,0,0,0,0,0,0,0,0,0,186,197,383,0,0,0,0,0,0,0,0,0,0,0,0,0,0,0,0,0,0,0,0,0,0,0,0,0,0,0,0,0,0,0,0,0,0,0,0,0,1,1,0,2,2,0,0,0,0,0,0,0,0,0,0,0,0,0,0,0,0,0,0,0,0,0,0,0,0,0,0,0,0,0,0,0,0,0,0,0,0,0,0,0,0,0,0,0,0,0
20220801,9830,2089,1724,3813,2268,2645,4913,8726,57,37,94,0,0,0,13,7,20,26,27,53,0,0,0,0,0,0,0,0,0,0,0,0,7,1,8,488,428,916,0,0,0,0,0,0,0,0,0,0,0,0,0,0,0,0,0,0,0,0,0,0,0,0,0,0,0,0,0,0,0,0,0,0,0,0,2,0,2,0,11,11,0,0,0,0,0,0,0,0,0,0,0,0,0,0,0,0,0,0,0,0,0,0,0,0,0,0,0,0,0,0,0,0,0,0,0,0,0,0,0,0,0,0,0,0,0
20220802,12093,2778,2007,4785,3049,3437,6486,11271,57,86,143,2,0,2,32,25,57,5,5,10,0,0,0,3,0,3,0,0,0,0,0,0,3,3,6,315,276,591,0,0,0,0,0,0,0,0,0,0,0,0,0,0,0,0,0,0,0,0,0,0,0,0,0,0,0,0,0,0,0,0,0,0,0,0,1,0,1,0,9,9,0,0,0,0,0,0,0,0,0,0,0,0,0,0,0,0,0,0,0,0,0,0,0,0,0,0,0,0,0,0,0,0,0,0,0,0,0,0,0,0,0,0,0,0,0
20220803,11768,2689,2144,4833,3035,2612,5647,10480,166,277,443,1,1,2,34,30,64,18,23,41,0,0,0,0,0,0,0,0,0,0,0,0,0,0,0,311,412,723,0,0,0,0,0,0,0,0,0,0,0,0,0,0,0,0,0,0,0,0,0,0,0,0,0,0,0,0,0,0,0,0,0,0,0,0,3,2,5,1,9,10,0,0,0,0,0,0,0,0,0,0,0,0,0,0,0,0,0,0,0,0,0,0,0,0,0,0,0,0,0,0,0,0,0,0,0,0,0,0,0,0,0,0,0,0,0
20220804,10484,2321,1622,3943,2818,2832,5650,9593,182,212,394,0,0,0,76,71,147,3,1,4,0,0,0,0,0,0,0,0,0,0,0,0,5,5,10,148,187,335,0,0,0,0,0,0,0,0,0,0,0,0,0,0,0,0,0,0,0,0,0,0,0,0,0,0,0,0,0,0,0,0,0,0,0,0,1,0,1,0,0,0,0,0,0,0,0,0,0,0,0,0,0,0,0,0,0,0,0,0,0,0,0,0,0,0,0,0,0,0,0,0,0,0,0,0,0,0,0,0,0,0,0,0,0,0,0
20220805,11808,2208,2052,4260,3366,3342,6708,10968,85,117,202,0,0,0,2,4,6,16,34,50,0,0,0,0,0,0,0,0,0,0,0,0,2,0,2,299,241,540,0,0,0,0,0,0,0,0,0,0,0,0,0,3,3,0,0,0,0,0,0,0,0,0,0,0,0,0,0,0,0,0,0,0,0,0,23,14,37,0,0,0,0,0,0,0,0,0,0,0,0,0,0,0,0,0,0,0,0,0,0,0,0,0,0,0,0,0,0,0,0,0,0,0,0,0,0,0,0,0,0,0,0,0,0,0,0
20220806,10152,1824,2160,3984,2371,3026,5397,9381,52,35,87,0,0,0,2,1,3,3,2,5,0,0,0,0,0,0,0,0,0,0,0,0,0,0,0,417,233,650,0,0,0,0,0,0,0,0,0,0,0,0,5,0,5,0,0,0,14,0,14,0,0,0,0,0,0,0,0,0,0,0,0,0,0,0,0,3,3,0,4,4,0,0,0,0,0,0,0,0,0,0,0,0,0,0,0,0,0,0,0,0,0,0,0,0,0,0,0,0,0,0,0,0,0,0,0,0,0,0,0,0,0,0,0,0,0
20220807,10773,1821,1578,3399,3424,3311,6735,10134,54,17,71,0,0,0,1,2,3,4,5,9,0,0,0,0,0,0,0,0,0,0,0,0,0,1,1,282,268,550,0,0,0,0,0,0,0,0,0,0,0,0,0,0,0,0,0,0,0,0,0,0,0,0,0,0,0,0,0,0,0,0,0,0,0,0,1,3,4,0,1,1,0,0,0,0,0,0,0,0,0,0,0,0,0,0,0,0,0,0,0,0,0,0,0,0,0,0,0,0,0,0,0,0,0,0,0,0,0,0,0,0,0,0,0,0,0
20220808,9587,1898,1525,3423,2297,2881,5178,8601,55,18,73,0,1,1,12,15,27,20,18,38,0,0,0,0,0,0,0,0,0,0,0,0,0,0,0,431,408,839,0,0,0,0,0,0,0,0,0,0,0,0,0,0,0,0,0,0,0,0,0,0,0,0,0,0,0,0,0,0,0,0,0,0,0,0,0,0,0,0,8,8,0,0,0,0,0,0,0,0,0,0,0,0,0,0,0,0,0,0,0,0,0,0,0,0,0,0,0,0,0,0,0,0,0,0,0,0,0,0,0,0,0,0,0,0,0
20220809,11738,2343,2001,4344,2809,3801,6610,10954,60,117,177,0,0,0,5,5,10,8,78,86,0,0,0,0,0,0,0,0,0,0,0,0,2,2,4,257,243,500,0,0,0,0,0,0,0,0,0,0,0,0,3,2,5,0,0,0,0,0,0,0,0,0,0,0,0,0,0,0,0,0,0,0,0,0,0,0,0,2,0,2,0,0,0,0,0,0,0,0,0,0,0,0,0,0,0,0,0,0,0,0,0,0,0,0,0,0,0,0,0,0,0,0,0,0,0,0,0,0,0,0,0,0,0,0,0
20220810,12952,2969,2432,5401,2998,3224,6222,11623,165,233,398,0,0,0,44,40,84,13,105,118,0,0,0,0,0,0,0,0,0,0,0,0,2,2,4,301,421,722,0,0,0,0,0,0,0,0,0,0,0,0,0,1,1,0,0,0,0,0,0,0,0,0,0,0,0,0,0,0,0,0,0,0,0,0,0,0,0,1,1,2,0,0,0,0,0,0,0,0,0,0,0,0,0,0,0,0,0,0,0,0,0,0,0,0,0,0,0,0,0,0,0,0,0,0,0,0,0,0,0,0,0,0,0,0,0
20220811,11355,2383,1998,4381,3154,3076,6230,10611,196,184,380,1,0,1,54,41,95,12,44,56,0,0,0,0,7,7,0,0,0,0,0,0,7,9,16,88,81,169,0,0,0,0,0,0,0,0,0,0,0,0,0,0,0,0,0,0,0,0,0,0,0,0,0,0,0,0,0,0,0,0,0,0,0,0,0,0,0,0,20,20,0,0,0,0,0,0,0,0,0,0,0,0,0,0,0,0,0,0,0,0,0,0,0,0,0,0,0,0,0,0,0,0,0,0,0,0,0,0,0,0,0,0,0,0,0
20220812,12851,2266,2527,4793,3256,3803,7059,11852,131,178,309,0,0,0,43,47,90,8,8,16,0,0,0,0,7,7,0,0,0,0,0,0,1,7,8,247,307,554,0,0,0,0,0,0,0,0,0,0,0,0,0,0,0,0,0,0,0,0,0,0,0,0,0,0,0,0,0,0,0,0,0,0,0,0,0,0,0,0,15,15,0,0,0,0,0,0,0,0,0,0,0,0,0,0,0,0,0,0,0,0,0,0,0,0,0,0,0,0,0,0,0,0,0,0,0,0,0,0,0,0,0,0,0,0,0
20220813,10872,1945,2539,4484,2435,3180,5615,10099,54,23,77,0,0,0,5,3,8,5,19,24,0,0,0,0,0,0,0,0,0,0,0,0,11,0,11,278,346,624,0,0,0,0,0,0,0,0,0,0,0,0,0,0,0,0,0,0,0,0,0,0,0,0,0,0,0,0,0,0,0,0,0,0,0,0,0,0,0,0,29,29,0,0,0,0,0,0,0,0,0,0,0,0,0,0,0,0,0,0,0,0,0,0,0,0,0,0,0,0,0,0,0,0,0,0,0,0,0,0,0,0,0,0,0,0,0
20220814,10917,2045,1313,3358,3502,3551,7053,10411,41,6,47,3,4,7,0,0,0,6,36,42,0,0,0,0,0,0,0,0,0,0,0,0,0,3,3,247,159,406,0,0,0,0,0,0,0,0,0,0,0,0,0,0,0,0,0,0,0,0,0,0,0,0,0,0,0,0,0,0,0,0,0,0,0,0,1,0,1,0,0,0,0,0,0,0,0,0,0,0,0,0,0,0,0,0,0,0,0,0,0,0,0,0,0,0,0,0,0,0,0,0,0,0,0,0,0,0,0,0,0,0,0,0,0,0,0
20220815,10350,2144,1923,4067,2153,3029,5182,9249,25,24,49,0,0,0,14,17,31,7,40,47,0,0,0,0,0,0,0,0,0,0,0,0,9,7,16,453,494,947,0,0,0,0,0,0,0,0,0,0,0,0,0,0,0,0,0,0,0,0,0,0,0,0,0,0,0,0,0,0,0,0,0,0,0,0,1,6,7,1,3,4,0,0,0,0,0,0,0,0,0,0,0,0,0,0,0,0,0,0,0,0,0,0,0,0,0,0,0,0,0,0,0,0,0,0,0,0,0,0,0,0,0,0,0,0,0
20220816,13134,3110,2009,5119,3294,3973,7267,12386,62,79,141,1,0,1,13,13,26,11,54,65,0,0,0,0,0,0,0,0,0,0,0,0,4,7,11,166,285,451,0,0,0,0,0,0,0,0,0,0,0,0,0,0,0,0,0,0,0,31,31,0,0,0,0,0,0,0,0,0,0,0,0,0,0,0,7,0,7,0,15,15,0,0,0,0,0,0,0,0,0,0,0,0,0,0,0,0,0,0,0,0,0,0,0,0,0,0,0,0,0,0,0,0,0,0,0,0,0,0,0,0,0,0,0,0,0
20220817,12597,2751,2157,4908,3128,3301,6429,11337,186,236,422,0,0,0,22,30,52,17,2,19,0,0,0,0,0,0,0,0,0,0,0,0,0,0,0,310,437,747,0,0,0,0,0,0,0,0,0,0,0,0,1,0,1,0,0,0,0,18,18,0,0,0,0,0,0,0,0,0,0,0,0,0,0,0,0,1,1,0,0,0,0,0,0,0,0,0,0,0,0,0,0,0,0,0,0,0,0,0,0,0,0,0,0,0,0,0,0,0,0,0,0,0,0,0,0,0,0,0,0,0,0,0,0,0,0
20220818,12038,2665,2126,4791,3394,2930,6324,11115,199,172,371,1,0,1,84,83,167,6,194,200,0,0,0,0,0,0,0,0,0,0,0,0,0,7,7,94,79,173,0,0,0,0,0,0,0,0,0,0,0,0,0,1,1,0,0,0,0,0,0,0,0,0,0,0,0,0,0,0,0,0,0,0,0,0,0,0,0,0,3,3,0,0,0,0,0,0,0,0,0,0,0,0,0,0,0,0,0,0,0,0,0,0,0,0,0,0,0,0,0,0,0,0,0,0,0,0,0,0,0,0,0,0,0,0,0
20220819,12808,2439,2421,4860,3551,3395,6946,11806,138,122,260,0,0,0,38,34,72,2,34,36,0,0,0,0,0,0,0,0,0,0,0,0,10,0,10,261,336,597,0,0,0,0,0,0,0,0,0,0,0,0,0,0,0,0,0,0,0,0,0,0,0,0,0,0,0,0,0,0,0,0,0,0,0,0,4,7,11,0,16,16,0,0,0,0,0,0,0,0,0,0,0,0,0,0,0,0,0,0,0,0,0,0,0,0,0,0,0,0,0,0,0,0,0,0,0,0,0,0,0,0,0,0,0,0,0
20220820,12268,2462,2542,5004,3144,3458,6602,11606,51,17,68,0,0,0,4,5,9,0,1,1,0,0,0,0,0,0,0,0,0,0,0,0,0,4,4,293,284,577,0,0,0,0,0,0,0,0,0,0,0,0,0,0,0,0,0,0,0,0,0,0,0,0,0,0,0,0,0,0,0,0,0,0,0,0,1,0,1,0,2,2,0,0,0,0,0,0,0,0,0,0,0,0,0,0,0,0,0,0,0,0,0,0,0,0,0,0,0,0,0,0,0,0,0,0,0,0,0,0,0,0,0,0,0,0,0
20220821,12032,2479,1496,3975,3984,3513,7497,11472,46,6,52,0,1,1,1,0,1,12,13,25,0,0,0,0,0,0,0,0,0,0,0,0,0,0,0,212,254,466,0,0,0,0,0,0,0,0,0,0,0,0,0,0,0,0,0,0,0,0,0,0,0,0,0,0,0,0,0,0,0,0,0,0,0,0,1,1,2,0,13,13,0,0,0,0,0,0,0,0,0,0,0,0,0,0,0,0,0,0,0,0,0,0,0,0,0,0,0,0,0,0,0,0,0,0,0,0,0,0,0,0,0,0,0,0,0
20220822,9833,2111,1594,3705,2455,2505,4960,8665,34,7,41,2,0,2,20,11,31,5,101,106,0,0,0,0,1,1,0,0,0,0,0,0,0,0,0,462,525,987,0,0,0,0,0,0,0,0,0,0,0,0,0,0,0,0,0,0,0,0,0,0,0,0,0,0,0,0,0,0,0,0,0,0,0,0,0,0,0,0,0,0,0,0,0,0,0,0,0,0,0,0,0,0,0,0,0,0,0,0,0,0,0,0,0,0,0,0,0,0,0,0,0,0,0,0,0,0,0,0,0,0,0,0,0,0,0
20220823,12168,3092,1778,4870,3213,3426,6639,11509,71,77,148,1,0,1,16,21,37,4,47,51,0,0,0,0,0,0,0,0,0,0,0,0,13,0,13,173,232,405,0,0,0,0,0,0,0,0,0,0,0,0,1,0,1,0,0,0,0,0,0,0,0,0,0,0,0,0,0,0,0,0,0,0,0,0,1,1,2,1,0,1,0,0,0,0,0,0,0,0,0,0,0,0,0,0,0,0,0,0,0,0,0,0,0,0,0,0,0,0,0,0,0,0,0,0,0,0,0,0,0,0,0,0,0,0,0
20220824,12418,3103,1913,5016,3258,2787,6045,11061,192,287,479,0,0,0,77,74,151,4,6,10,0,0,0,0,2,2,0,0,0,0,0,0,5,1,6,259,426,685,0,0,0,0,0,0,0,0,0,0,0,0,3,1,4,0,0,0,18,0,18,0,0,0,0,0,0,0,0,0,0,0,0,0,0,0,0,0,0,0,2,2,0,0,0,0,0,0,0,0,0,0,0,0,0,0,0,0,0,0,0,0,0,0,0,0,0,0,0,0,0,0,0,0,0,0,0,0,0,0,0,0,0,0,0,0,0
20220825,11521,2910,2062,4972,3136,2872,6008,10980,148,116,264,2,0,2,20,22,42,13,11,24,0,4,4,0,0,0,0,0,0,0,0,0,31,18,49,63,74,137,0,0,0,0,0,0,0,0,0,0,0,0,0,0,0,0,0,0,0,6,6,0,0,0,0,0,0,0,0,0,0,0,0,0,0,0,0,0,0,0,13,13,0,0,0,0,0,0,0,0,0,0,0,0,0,0,0,0,0,0,0,0,0,0,0,0,0,0,0,0,0,0,0,0,0,0,0,0,0,0,0,0,0,0,0,0,0
20220826,12990,2736,2270,5006,3720,3297,7017,12023,122,154,276,1,0,1,30,26,56,13,5,18,0,0,0,0,0,0,0,0,0,0,0,0,1,3,4,252,303,555,0,0,0,0,0,0,0,0,0,0,0,0,0,0,0,0,0,0,0,0,0,0,0,0,0,0,0,0,0,0,0,0,0,0,0,0,0,0,0,0,57,57,0,0,0,0,0,0,0,0,0,0,0,0,0,0,0,0,0,0,0,0,0,0,0,0,0,0,0,0,0,0,0,0,0,0,0,0,0,0,0,0,0,0,0,0,0
20220827,11714,2357,2382,4739,3006,3053,6059,10798,86,39,125,0,0,0,6,1,7,3,37,40,0,0,0,0,0,0,0,0,0,0,0,0,12,5,17,293,427,720,0,0,0,0,0,0,0,0,0,0,0,0,0,0,0,0,0,0,0,3,3,0,0,0,0,0,0,0,0,0,0,0,0,0,0,0,0,3,3,0,1,1,0,0,0,0,0,0,0,0,0,0,0,0,0,0,0,0,0,0,0,0,0,0,0,0,0,0,0,0,0,0,0,0,0,0,0,0,0,0,0,0,0,0,0,0,0
20220828,11262,2371,1439,3810,3478,3310,6788,10598,70,20,90,0,0,0,2,2,4,1,6,7,0,0,0,0,10,10,0,0,0,0,0,0,4,1,5,207,332,539,0,0,0,0,0,0,0,0,0,0,0,0,0,0,0,0,0,0,0,0,0,0,0,0,0,0,0,0,0,0,0,0,0,0,0,0,3,0,3,0,6,6,0,0,0,0,0,0,0,0,0,0,0,0,0,0,0,0,0,0,0,0,0,0,0,0,0,0,0,0,0,0,0,0,0,0,0,0,0,0,0,0,0,0,0,0,0
20220829,9833,2086,1720,3806,2491,2537,5028,8834,54,13,67,0,1,1,12,13,25,20,5,25,0,0,0,0,0,0,0,0,0,0,0,0,35,0,35,388,449,837,0,0,0,0,0,0,0,0,0,0,0,0,1,0,1,0,0,0,0,0,0,0,0,0,0,0,0,0,0,0,0,0,0,0,0,0,1,0,1,7,0,7,0,0,0,0,0,0,0,0,0,0,0,0,0,0,0,0,0,0,0,0,0,0,0,0,0,0,0,0,0,0,0,0,0,0,0,0,0,0,0,0,0,0,0,0,0
20220830,12316,2596,2267,4863,3047,3601,6648,11511,87,104,191,0,0,0,109,38,147,6,2,8,0,0,0,4,0,4,0,0,0,0,0,0,0,0,0,170,282,452,0,0,0,0,0,0,0,0,0,0,0,0,0,0,0,0,0,0,3,0,3,0,0,0,0,0,0,0,0,0,0,0,0,0,0,0,0,0,0,0,0,0,0,0,0,0,0,0,0,0,0,0,0,0,0,0,0,0,0,0,0,0,0,0,0,0,0,0,0,0,0,0,0,0,0,0,0,0,0,0,0,0,0,0,0,0,0
20220831,12565,2653,2326,4979,3086,3123,6209,11188,179,243,422,1,0,1,84,62,146,14,3,17,0,0,0,0,0,0,0,0,0,0,0,0,0,0,0,337,437,774,0,0,0,0,0,0,0,0,0,0,0,0,2,0,2,0,0,0,0,0,0,0,0,0,0,0,0,0,0,0,0,0,0,0,0,0,0,0,0,0,15,15,0,0,0,0,0,0,0,0,0,0,0,0,0,0,0,0,0,0,0,0,0,0,0,0,0,0,0,0,0,0,0,0,0,0,0,0,0,0,0,0,0,0,0,0,0
20220901,14421,3542,2799,6341,3936,3399,7335,13676,222,213,435,0,2,2,38,20,58,9,2,11,1,0,1,0,0,0,0,0,0,0,0,0,7,8,15,132,88,220,0,0,0,0,0,0,0,0,0,0,0,0,0,0,0,0,0,0,0,0,0,0,0,0,0,0,0,0,0,0,0,0,0,0,0,0,0,0,0,3,0,3,0,0,0,0,0,0,0,0,0,0,0,0,0,0,0,0,0,0,0,0,0,0,0,0,0,0,0,0,0,0,0,0,0,0,0,0,0,0,0,0,0,0,0,0,0
20220902,14187,2934,2600,5534,3949,3825,7774,13308,139,182,321,0,0,0,3,1,4,16,0,16,0,0,0,0,0,0,0,0,0,0,0,0,1,2,3,267,259,526,0,0,0,0,0,0,0,0,0,0,0,0,3,6,9,0,0,0,0,0,0,0,0,0,0,0,0,0,0,0,0,0,0,0,0,0,0,0,0,0,0,0,0,0,0,0,0,0,0,0,0,0,0,0,0,0,0,0,0,0,0,0,0,0,0,0,0,0,0,0,0,0,0,0,0,0,0,0,0,0,0,0,0,0,0,0,0
20220903,10431,1929,2122,4051,2638,2917,5555,9606,91,40,131,0,0,0,1,1,2,1,1,2,0,0,0,0,0,0,1,0,1,0,0,0,1,0,1,352,336,688,0,0,0,0,0,0,0,0,0,0,0,0,0,0,0,0,0,0,0,0,0,0,0,0,0,0,0,0,0,0,0,0,0,0,0,0,0,0,0,0,0,0,0,0,0,0,0,0,0,0,0,0,0,0,0,0,0,0,0,0,0,0,0,0,0,0,0,0,0,0,0,0,0,0,0,0,0,0,0,0,0,0,0,0,0,0,0
20220904,11492,2472,1619,4091,3725,3141,6866,10957,88,20,108,0,0,0,10,7,17,6,8,14,0,0,0,0,0,0,0,0,0,0,0,0,0,0,0,205,191,396,0,0,0,0,0,0,0,0,0,0,0,0,0,0,0,0,0,0,0,0,0,0,0,0,0,0,0,0,0,0,0,0,0,0,0,0,0,0,0,0,0,0,0,0,0,0,0,0,0,0,0,0,0,0,0,0,0,0,0,0,0,0,0,0,0,0,0,0,0,0,0,0,0,0,0,0,0,0,0,0,0,0,0,0,0,0,0
20220905,11095,2621,1884,4505,2815,2689,5504,10009,62,12,74,0,0,0,15,14,29,20,33,53,0,1,1,0,2,2,0,0,0,0,0,0,2,11,13,516,385,901,0,0,0,0,0,0,0,0,0,0,0,0,0,0,0,0,0,0,7,0,7,0,0,0,0,0,0,0,0,0,0,0,0,0,0,0,3,0,3,0,3,3,0,0,0,0,0,0,0,0,0,0,0,0,0,0,0,0,0,0,0,0,0,0,0,0,0,0,0,0,0,0,0,0,0,0,0,0,0,0,0,0,0,0,0,0,0
20220906,13436,3098,2162,5260,3779,3501,7280,12540,108,103,211,3,2,5,42,35,77,16,24,40,0,0,0,2,10,12,0,0,0,0,0,0,0,0,0,282,227,509,0,0,0,0,0,0,0,3,3,0,0,0,0,0,0,0,0,0,0,0,0,0,0,0,0,0,0,0,0,0,0,0,0,0,0,0,4,7,11,0,28,28,0,0,0,0,0,0,0,0,0,0,0,0,0,0,0,0,0,0,0,0,0,0,0,0,0,0,0,0,0,0,0,0,0,0,0,0,0,0,0,0,0,0,0,0,0
20220907,12234,2693,2175,4868,3222,2811,6033,10901,193,248,441,0,0,0,62,63,125,18,24,42,2,1,3,0,0,0,0,0,0,0,0,0,0,0,0,279,428,707,0,0,0,0,0,0,0,0,0,0,0,0,4,0,4,0,0,0,0,0,0,0,0,0,0,0,0,0,0,0,0,0,0,0,0,0,1,1,2,3,6,9,0,0,0,0,0,0,0,0,0,0,0,0,0,0,0,0,0,0,0,0,0,0,0,0,0,0,0,0,0,0,0,0,0,0,0,0,0,0,0,0,0,0,0,0,0
20220908,11644,2819,2226,5045,3477,2462,5939,10984,206,184,390,0,2,2,33,37,70,21,13,34,0,0,0,0,0,0,0,0,0,0,0,0,0,4,4,100,56,156,0,0,0,0,0,0,0,0,0,0,0,0,0,0,0,0,0,0,0,0,0,0,0,0,0,0,0,0,0,0,0,0,0,0,0,0,3,1,4,0,0,0,0,0,0,0,0,0,0,0,0,0,0,0,0,0,0,0,0,0,0,0,0,0,0,0,0,0,0,0,0,0,0,0,0,0,0,0,0,0,0,0,0,0,0,0,0
20220909,12144,2453,2043,4496,3600,3223,6823,11319,103,113,216,0,0,0,13,10,23,11,47,58,0,0,0,0,0,0,0,0,0,0,0,0,8,0,8,255,263,518,0,0,0,0,0,0,0,0,0,0,0,0,0,1,1,0,0,0,0,0,0,0,0,0,0,0,0,0,0,0,0,0,0,0,0,0,0,0,0,0,1,1,0,0,0,0,0,0,0,0,0,0,0,0,0,0,0,0,0,0,0,0,0,0,0,0,0,0,0,0,0,0,0,0,0,0,0,0,0,0,0,0,0,0,0,0,0
20220910,10286,1981,2317,4298,2387,2843,5230,9528,53,27,80,0,0,0,1,3,4,6,2,8,0,0,0,0,0,0,0,0,0,0,0,0,0,0,0,358,307,665,0,0,0,0,0,0,0,0,0,0,0,0,1,0,1,0,0,0,0,0,0,0,0,0,0,0,0,0,0,0,0,0,0,0,0,0,0,0,0,0,0,0,0,0,0,0,0,0,0,0,0,0,0,0,0,0,0,0,0,0,0,0,0,0,0,0,0,0,0,0,0,0,0,0,0,0,0,0,0,0,0,0,0,0,0,0,0
20220911,10026,1977,1275,3252,3205,3060,6265,9517,20,10,30,0,0,0,6,0,6,9,4,13,0,0,0,0,0,0,0,0,0,0,0,0,0,0,0,195,263,458,0,0,0,0,0,0,0,0,0,0,0,0,0,0,0,0,0,0,0,0,0,0,0,0,0,0,0,0,0,0,0,0,0,0,0,0,1,1,2,0,0,0,0,0,0,0,0,0,0,0,0,0,0,0,0,0,0,0,0,0,0,0,0,0,0,0,0,0,0,0,0,0,0,0,0,0,0,0,0,0,0,0,0,0,0,0,0
20220912,9873,2021,2225,4246,2231,2491,4722,8968,37,20,57,0,0,0,2,0,2,42,7,49,0,0,0,0,0,0,0,0,0,0,0,0,3,3,6,314,473,787,0,0,0,0,0,0,0,0,0,0,0,0,0,0,0,0,0,0,0,0,0,0,0,0,0,0,0,0,0,0,0,0,0,0,0,0,0,0,0,4,0,4,0,0,0,0,0,0,0,0,0,0,0,0,0,0,0,0,0,0,0,0,0,0,0,0,0,0,0,0,0,0,0,0,0,0,0,0,0,0,0,0,0,0,0,0,0
20220913,12251,2626,2172,4798,3426,3383,6809,11607,85,139,224,3,0,3,2,2,4,18,3,21,0,0,0,0,0,0,0,0,0,0,0,0,1,1,2,177,211,388,0,0,0,0,0,0,0,0,0,0,0,0,0,0,0,0,0,0,0,0,0,0,0,0,0,0,0,0,0,0,0,0,0,0,0,0,1,1,2,0,0,0,0,0,0,0,0,0,0,0,0,0,0,0,0,0,0,0,0,0,0,0,0,0,0,0,0,0,0,0,0,0,0,0,0,0,0,0,0,0,0,0,0,0,0,0,0
20220914,11764,2172,2369,4541,2848,3003,5851,10392,191,325,516,0,0,0,18,13,31,1,24,25,0,0,0,0,0,0,0,0,0,0,0,0,0,1,1,331,453,784,0,0,0,0,0,0,0,0,0,0,0,0,0,0,0,0,0,0,0,0,0,0,0,0,0,0,0,0,0,0,0,0,0,0,0,0,2,3,5,0,10,10,0,0,0,0,0,0,0,0,0,0,0,0,0,0,0,0,0,0,0,0,0,0,0,0,0,0,0,0,0,0,0,0,0,0,0,0,0,0,0,0,0,0,0,0,0
20220915,12660,2955,2565,5520,3562,2759,6321,11841,202,179,381,0,0,0,20,18,38,19,9,28,0,1,1,0,11,11,0,0,0,0,0,0,55,55,110,74,152,226,0,0,0,0,0,0,0,0,0,0,0,0,3,4,7,0,0,0,0,0,0,0,0,0,0,0,0,0,0,0,0,0,0,0,0,0,1,0,1,0,16,16,0,0,0,0,0,0,0,0,0,0,0,0,0,0,0,0,0,0,0,0,0,0,0,0,0,0,0,0,0,0,0,0,0,0,0,0,0,0,0,0,0,0,0,0,0
20220916,13414,2479,2610,5089,3990,3361,7351,12440,133,180,313,0,1,1,10,11,21,30,22,52,0,0,0,0,2,2,0,0,0,0,0,0,3,0,3,281,271,552,0,0,0,0,0,0,0,0,0,0,0,0,0,0,0,0,0,0,0,12,12,0,0,0,0,0,0,0,0,0,0,0,0,0,0,0,1,1,2,2,14,16,0,0,0,0,0,0,0,0,0,0,0,0,0,0,0,0,0,0,0,0,0,0,0,0,0,0,0,0,0,0,0,0,0,0,0,0,0,0,0,0,0,0,0,0,0
20220917,11367,2265,2450,4715,2660,3035,5695,10410,72,64,136,0,2,2,6,1,7,6,1,7,0,0,0,0,9,9,0,0,0,0,0,0,0,0,0,409,352,761,0,0,0,0,0,0,0,0,0,0,0,0,5,5,10,0,0,0,0,0,0,0,0,0,0,0,0,0,0,0,0,0,0,0,0,0,0,1,1,0,24,24,0,0,0,0,0,0,0,0,0,0,0,0,0,0,0,0,0,0,0,0,0,0,0,0,0,0,0,0,0,0,0,0,0,0,0,0,0,0,0,0,0,0,0,0,0
20220918,10495,1817,1543,3360,3513,3139,6652,10012,42,14,56,0,0,0,1,0,1,5,48,53,0,0,0,0,12,12,0,0,0,0,0,0,1,1,2,180,154,334,0,0,0,0,0,0,0,0,0,0,0,0,0,0,0,0,0,0,10,8,18,0,0,0,0,0,0,0,0,0,0,0,0,0,0,0,3,3,6,0,1,1,0,0,0,0,0,0,0,0,0,0,0,0,0,0,0,0,0,0,0,0,0,0,0,0,0,0,0,0,0,0,0,0,0,0,0,0,0,0,0,0,0,0,0,0,0
20220919,8779,1923,1878,3801,1942,2090,4032,7833,30,10,40,1,1,2,15,16,31,8,1,9,0,0,0,0,0,0,0,0,0,0,0,0,0,1,1,444,405,849,0,0,0,0,0,0,0,0,0,0,0,0,0,0,0,0,0,0,0,0,0,0,0,0,0,0,0,0,0,0,0,0,0,0,0,0,1,0,1,0,13,13,0,0,0,0,0,0,0,0,0,0,0,0,0,0,0,0,0,0,0,0,0,0,0,0,0,0,0,0,0,0,0,0,0,0,0,0,0,0,0,0,0,0,0,0,0
20220920,12526,2913,2105,5018,3434,3335,6769,11787,81,102,183,0,0,0,3,5,8,1,20,21,0,0,0,0,0,0,0,0,0,0,0,0,0,0,0,231,273,504,0,0,0,0,0,0,0,0,0,0,0,0,0,0,0,0,0,0,5,7,12,0,0,0,0,0,0,0,0,0,0,0,0,0,0,0,0,0,0,0,11,11,0,0,0,0,0,0,0,0,0,0,0,0,0,0,0,0,0,0,0,0,0,0,0,0,0,0,0,0,0,0,0,0,0,0,0,0,0,0,0,0,0,0,0,0,0
20220921,11519,2462,2159,4621,2929,2689,5618,10239,199,314,513,0,0,0,32,32,64,10,8,18,0,0,0,0,0,0,0,0,0,0,0,0,0,2,2,287,370,657,0,0,0,0,0,0,0,0,0,0,0,0,0,0,0,0,0,0,2,15,17,0,0,0,0,0,0,0,0,0,0,0,0,0,0,0,3,3,6,0,3,3,0,0,0,0,0,0,0,0,0,0,0,0,0,0,0,0,0,0,0,0,0,0,0,0,0,0,0,0,0,0,0,0,0,0,0,0,0,0,0,0,0,0,0,0,0
20220922,10712,2430,2059,4489,3147,2416,5563,10052,173,163,336,2,1,3,52,62,114,6,35,41,0,0,0,0,6,6,0,0,0,0,0,0,6,7,13,80,65,145,0,0,0,0,0,0,0,0,0,0,0,0,0,0,0,0,0,0,0,0,0,0,0,0,0,0,0,0,0,0,0,0,0,0,0,0,0,0,0,0,2,2,0,0,0,0,0,0,0,0,0,0,0,0,0,0,0,0,0,0,0,0,0,0,0,0,0,0,0,0,0,0,0,0,0,0,0,0,0,0,0,0,0,0,0,0,0
20220923,11657,2354,2182,4536,3331,2945,6276,10812,112,161,273,4,0,4,13,18,31,9,7,16,0,0,0,0,0,0,0,0,0,4,0,4,0,2,2,220,266,486,0,0,0,0,0,0,0,0,0,0,0,0,1,0,1,0,0,0,12,6,18,0,0,0,0,0,0,0,0,0,0,0,0,0,0,0,0,0,0,0,10,10,0,0,0,0,0,0,0,0,0,0,0,0,0,0,0,0,0,0,0,0,0,0,0,0,0,0,0,0,0,0,0,0,0,0,0,0,0,0,0,0,0,0,0,0,0
20220924,10973,2023,2446,4469,2714,2947,5661,10130,73,23,96,0,0,0,1,1,2,3,3,6,0,0,0,0,0,0,0,0,0,0,0,0,0,0,0,311,410,721,0,0,0,0,0,0,0,0,0,0,0,0,2,0,2,0,0,0,14,0,14,0,0,0,0,0,0,0,0,0,0,0,0,0,0,0,1,0,1,0,1,1,0,0,0,0,0,0,0,0,0,0,0,0,0,0,0,0,0,0,0,0,0,0,0,0,0,0,0,0,0,0,0,0,0,0,0,0,0,0,0,0,0,0,0,0,0
20220925,10073,1788,1262,3050,3228,3095,6323,9373,43,3,46,0,0,0,3,2,5,21,14,35,0,0,0,0,0,0,0,0,0,0,0,0,2,3,5,246,353,599,0,0,0,0,0,0,0,0,0,0,0,0,0,0,0,0,0,0,8,2,10,0,0,0,0,0,0,0,0,0,0,0,0,0,0,0,0,0,0,0,0,0,0,0,0,0,0,0,0,0,0,0,0,0,0,0,0,0,0,0,0,0,0,0,0,0,0,0,0,0,0,0,0,0,0,0,0,0,0,0,0,0,0,0,0,0,0
20220926,8792,1908,1939,3847,1937,2064,4001,7848,31,21,52,0,0,0,1,1,2,5,11,16,1,0,1,0,0,0,0,0,0,0,0,0,2,0,2,356,489,845,0,0,0,0,0,0,0,0,0,0,0,0,0,0,0,0,0,0,0,0,0,0,0,0,0,0,0,0,0,0,0,0,0,0,0,0,1,6,7,0,19,19,0,0,0,0,0,0,0,0,0,0,0,0,0,0,0,0,0,0,0,0,0,0,0,0,0,0,0,0,0,0,0,0,0,0,0,0,0,0,0,0,0,0,0,0,0
20220927,10176,2084,1995,4079,2804,2580,5384,9463,68,112,180,2,0,2,0,4,4,6,6,12,0,0,0,0,0,0,0,0,0,0,0,0,1,0,1,208,286,494,0,0,0,0,0,0,0,0,0,0,0,0,0,0,0,0,0,0,10,8,18,0,0,0,0,0,0,0,0,0,0,0,0,0,0,0,0,0,0,0,2,2,0,0,0,0,0,0,0,0,0,0,0,0,0,0,0,0,0,0,0,0,0,0,0,0,0,0,0,0,0,0,0,0,0,0,0,0,0,0,0,0,0,0,0,0,0
20220928,11454,2193,2569,4762,2624,2746,5370,10132,197,287,484,0,0,0,13,4,17,25,51,76,0,0,0,0,0,0,0,0,0,0,0,0,0,0,0,277,427,704,0,0,0,0,0,0,0,0,0,0,0,0,0,0,0,0,0,0,14,8,22,0,0,0,0,0,0,0,0,0,0,0,0,0,0,0,0,2,2,0,17,17,0,0,0,0,0,0,0,0,0,0,0,0,0,0,0,0,0,0,0,0,0,0,0,0,0,0,0,0,0,0,0,0,0,0,0,0,0,0,0,0,0,0,0,0,0
20220929,11967,2678,2561,5239,3215,2773,5988,11227,213,194,407,2,3,5,35,34,69,20,40,60,0,0,0,0,0,0,0,0,0,0,0,0,11,8,19,92,86,178,0,0,0,0,0,0,0,0,0,0,0,0,0,0,0,0,0,0,0,1,1,0,0,0,0,0,0,0,0,0,0,0,0,0,0,0,1,0,1,0,0,0,0,0,0,0,0,0,0,0,0,0,0,0,0,0,0,0,0,0,0,0,0,0,0,0,0,0,0,0,0,0,0,0,0,0,0,0,0,0,0,0,0,0,0,0,0
20220930,15803,2746,3938,6684,4249,3967,8216,14900,140,149,289,0,0,0,16,0,16,11,7,18,0,0,0,0,0,0,0,0,0,0,0,0,1,4,5,239,299,538,0,0,0,0,0,0,0,0,0,0,0,0,0,0,0,0,0,0,12,15,27,0,0,0,0,0,0,0,0,0,0,0,0,0,0,0,4,5,9,0,1,1,0,0,0,0,0,0,0,0,0,0,0,0,0,0,0,0,0,0,0,0,0,0,0,0,0,0,0,0,0,0,0,0,0,0,0,0,0,0,0,0,0,0,0,0,0
20221001,14482,2873,3853,6726,2990,3814,6804,13530,62,61,123,0,1,1,1,1,2,2,15,17,0,0,0,0,0,0,0,0,0,0,0,0,2,0,2,340,451,791,0,0,0,0,0,0,0,0,0,0,0,0,0,0,0,0,0,0,0,0,0,0,0,0,0,0,0,0,0,0,0,0,0,0,0,0,0,0,0,0,16,16,0,0,0,0,0,0,0,0,0,0,0,0,0,0,0,0,0,0,0,0,0,0,0,0,0,0,0,0,0,0,0,0,0,0,0,0,0,0,0,0,0,0,0,0,0
20221002,9982,1546,1735,3281,2913,3087,6000,9281,26,9,35,0,0,0,15,0,15,1,1,2,0,0,0,0,0,0,0,0,0,0,0,0,0,2,2,254,349,603,0,0,0,0,0,0,0,0,0,0,0,0,8,0,8,0,0,0,8,18,26,0,0,0,0,0,0,0,0,0,0,0,0,0,0,0,0,1,1,0,9,9,0,0,0,0,0,0,0,0,0,0,0,0,0,0,0,0,0,0,0,0,0,0,0,0,0,0,0,0,0,0,0,0,0,0,0,0,0,0,0,0,0,0,0,0,0
20221003,11466,3030,1696,4726,3328,2554,5882,10608,34,22,56,1,0,1,1,3,4,6,27,33,0,0,0,0,0,0,0,0,0,0,0,0,5,13,18,278,448,726,0,0,0,0,0,0,0,0,0,0,0,0,2,0,2,0,0,0,0,0,0,0,0,0,0,0,0,0,0,0,0,0,0,0,0,0,4,3,7,0,11,11,0,0,0,0,0,0,0,0,0,0,0,0,0,0,0,0,0,0,0,0,0,0,0,0,0,0,0,0,0,0,0,0,0,0,0,0,0,0,0,0,0,0,0,0,0
20221004,12224,3298,1921,5219,3451,2741,6192,11411,81,89,170,1,2,3,7,5,12,12,32,44,0,0,0,0,0,0,0,0,0,0,0,0,10,2,12,235,294,529,0,0,0,0,0,0,0,0,0,0,0,0,0,0,0,0,0,0,14,11,25,0,0,0,0,0,0,0,0,0,0,0,0,0,0,0,4,4,8,0,10,10,0,0,0,0,0,0,0,0,0,0,0,0,0,0,0,0,0,0,0,0,0,0,0,0,0,0,0,0,0,0,0,0,0,0,0,0,0,0,0,0,0,0,0,0,0
20221005,13196,2883,2533,5416,3212,3123,6335,11751,225,343,568,4,0,4,33,33,66,9,49,58,0,0,0,0,9,9,0,0,0,0,0,0,7,14,21,256,421,677,0,0,0,0,0,0,0,0,0,0,0,0,3,1,4,0,0,0,11,18,29,0,0,0,0,0,0,0,0,0,0,0,0,0,0,0,2,1,3,0,6,6,0,0,0,0,0,0,0,0,0,0,0,0,0,0,0,0,0,0,0,0,0,0,0,0,0,0,0,0,0,0,0,0,0,0,0,0,0,0,0,0,0,0,0,0,0
20221006,11570,2210,2831,5041,2978,2943,5921,10962,177,201,378,0,0,0,22,17,39,6,21,27,0,0,0,0,0,0,0,0,0,0,0,0,9,2,11,54,74,128,0,0,0,0,0,0,0,0,0,0,0,0,0,0,0,0,0,0,0,0,0,0,0,0,0,0,0,0,0,0,0,0,0,0,0,0,0,0,0,0,25,25,0,0,0,0,0,0,0,0,0,0,0,0,0,0,0,0,0,0,0,0,0,0,0,0,0,0,0,0,0,0,0,0,0,0,0,0,0,0,0,0,0,0,0,0,0
20221007,11322,2086,2397,4483,2899,2858,5757,10240,96,204,300,0,0,0,73,20,93,20,115,135,0,0,0,0,0,0,0,0,0,0,0,0,0,0,0,250,249,499,0,0,0,0,0,0,0,0,0,0,0,0,0,0,0,0,0,0,15,20,35,0,0,0,0,0,0,0,0,0,0,0,0,0,0,0,9,7,16,1,3,4,0,0,0,0,0,0,0,0,0,0,0,0,0,0,0,0,0,0,0,0,0,0,0,0,0,0,0,0,0,0,0,0,0,0,0,0,0,0,0,0,0,0,0,0,0
20221008,11237,1955,2819,4774,2269,3410,5679,10453,52,76,128,0,0,0,61,5,66,6,19,25,0,0,0,0,0,0,0,0,0,0,4,4,1,0,1,241,318,559,0,0,0,0,0,0,0,0,0,0,0,0,0,0,0,0,0,0,0,0,0,0,0,0,0,0,0,0,0,0,0,0,0,0,0,0,0,1,1,0,0,0,0,0,0,0,0,0,0,0,0,0,0,0,0,0,0,0,0,0,0,0,0,0,0,0,0,0,0,0,0,0,0,0,0,0,0,0,0,0,0,0,0,0,0,0,0
20221009,9496,1503,1976,3479,2605,3059,5664,9143,14,20,34,2,1,3,6,5,11,1,4,5,0,0,0,0,0,0,0,0,0,0,0,0,0,0,0,115,143,258,0,0,0,0,0,0,0,0,0,0,0,0,0,0,0,0,0,0,16,20,36,0,0,0,0,0,0,0,0,0,0,0,0,0,0,0,1,1,2,0,4,4,0,0,0,0,0,0,0,0,0,0,0,0,0,0,0,0,0,0,0,0,0,0,0,0,0,0,0,0,0,0,0,0,0,0,0,0,0,0,0,0,0,0,0,0,0
20221010,7915,1335,1611,2946,1798,2493,4291,7237,7,16,23,0,0,0,0,0,0,0,0,0,0,0,0,0,0,0,0,0,0,0,0,0,0,0,0,189,466,655,0,0,0,0,0,0,0,0,0,0,0,0,0,0,0,0,0,0,0,0,0,0,0,0,0,0,0,0,0,0,0,0,0,0,0,0,0,0,0,0,0,0,0,0,0,0,0,0,0,0,0,0,0,0,0,0,0,0,0,0,0,0,0,0,0,0,0,0,0,0,0,0,0,0,0,0,0,0,0,0,0,0,0,0,0,0,0
20221011,10890,1680,2547,4227,2215,3558,5773,10000,55,106,161,1,0,1,0,0,0,6,18,24,0,0,0,0,0,0,0,0,0,0,0,0,1,1,2,172,498,670,0,0,0,0,0,0,0,0,0,0,0,0,0,0,0,0,0,0,6,20,26,0,0,0,0,0,0,0,0,0,0,0,0,0,0,0,3,3,6,0,0,0,0,0,0,0,0,0,0,0,0,0,0,0,0,0,0,0,0,0,0,0,0,0,0,0,0,0,0,0,0,0,0,0,0,0,0,0,0,0,0,0,0,0,0,0,0
20221012,10777,1406,2852,4258,1834,3350,5184,9442,149,353,502,0,0,0,14,15,29,2,7,9,0,0,0,0,0,0,0,0,0,0,0,0,1,3,4,138,624,762,0,0,0,0,0,0,0,0,0,0,0,0,0,0,0,0,0,0,3,24,27,0,0,0,0,0,0,0,0,0,0,0,0,0,0,0,0,1,1,1,0,1,0,0,0,0,0,0,0,0,0,0,0,0,0,0,0,0,0,0,0,0,0,0,0,0,0,0,0,0,0,0,0,0,0,0,0,0,0,0,0,0,0,0,0,0,0
20221013,20100,5962,3337,9299,6523,3315,9838,19137,288,210,498,0,0,0,13,14,27,32,14,46,0,0,0,0,0,0,0,0,0,0,0,0,39,16,55,160,177,337,0,0,0,0,0,0,0,0,0,0,0,0,0,0,0,0,0,0,0,0,0,0,0,0,0,0,0,0,0,0,0,0,0,0,0,0,0,0,0,0,0,0,0,0,0,0,0,0,0,0,0,0,0,0,0,0,0,0,0,0,0,0,0,0,0,0,0,0,0,0,0,0,0,0,0,0,0,0,0,0,0,0,0,0,0,0,0
20221014,18024,4080,2897,6977,5919,3562,9481,16458,257,280,537,0,0,0,4,2,6,30,28,58,0,0,0,0,0,0,0,0,0,0,0,0,4,1,5,479,398,877,0,0,0,0,0,0,0,0,0,0,0,0,5,3,8,0,0,0,51,24,75,0,0,0,0,0,0,0,0,0,0,0,0,0,0,0,0,0,0,0,0,0,0,0,0,0,0,0,0,0,0,0,0,0,0,0,0,0,0,0,0,0,0,0,0,0,0,0,0,0,0,0,0,0,0,0,0,0,0,0,0,0,0,0,0,0,0
20221015,19385,4425,4169,8594,4615,4461,9076,17670,213,275,488,0,0,0,1,0,1,16,17,33,0,0,0,0,0,0,0,0,0,0,0,0,0,0,0,657,520,1177,0,0,0,0,0,0,0,0,0,0,0,0,0,0,0,0,0,0,3,13,16,0,0,0,0,0,0,0,0,0,0,0,0,0,0,0,0,0,0,0,0,0,0,0,0,0,0,0,0,0,0,0,0,0,0,0,0,0,0,0,0,0,0,0,0,0,0,0,0,0,0,0,0,0,0,0,0,0,0,0,0,0,0,0,0,0,0
20221016,18130,3794,3169,6963,6073,3995,10068,17031,47,37,84,0,0,0,5,0,5,3,7,10,0,0,0,0,0,0,0,0,0,0,0,0,4,0,4,515,400,915,0,0,0,0,0,0,0,0,0,0,0,0,1,0,1,0,0,0,43,30,73,0,0,0,0,0,0,0,0,0,0,0,0,0,0,0,5,0,5,0,2,2,0,0,0,0,0,0,0,0,0,0,0,0,0,0,0,0,0,0,0,0,0,0,0,0,0,0,0,0,0,0,0,0,0,0,0,0,0,0,0,0,0,0,0,0,0
20221017,16144,3610,3109,6719,4489,3272,7761,14480,83,66,149,1,0,1,20,15,35,1,39,40,0,6,6,0,0,0,0,0,0,0,0,0,0,2,2,712,716,1428,2,0,2,2,0,2,0,0,0,0,0,0,0,0,0,0,0,0,0,0,0,0,0,0,0,0,0,0,0,0,0,0,0,0,0,0,0,1,1,0,0,0,0,0,0,0,0,0,0,0,0,0,0,0,0,0,0,0,0,0,0,0,0,0,0,0,0,0,0,0,0,0,0,0,0,0,0,0,0,0,0,0,0,0,0,0,0
20221018,16658,3640,2785,6425,4765,3715,8480,14905,231,281,512,3,0,3,1,0,1,2,40,42,5,0,5,0,0,0,0,0,0,0,0,0,11,3,14,617,506,1123,0,0,0,0,0,0,0,0,0,0,0,0,0,0,0,0,0,0,26,25,51,0,0,0,0,0,0,0,0,0,0,0,0,0,0,0,2,0,2,0,0,0,0,0,0,0,0,0,0,0,0,0,0,0,0,0,0,0,0,0,0,0,0,0,0,0,0,0,0,0,0,0,0,0,0,0,0,0,0,0,0,0,0,0,0,0,0
20221019,16730,3735,2949,6684,4604,3427,8031,14715,279,318,597,2,2,4,24,19,43,5,39,44,0,0,0,0,0,0,0,0,0,0,0,0,8,1,9,572,692,1264,0,0,0,0,0,0,0,0,0,0,0,0,1,3,4,0,0,0,26,13,39,0,0,0,0,0,0,0,0,0,0,0,0,0,0,0,6,3,9,1,1,2,0,0,0,0,0,0,0,0,0,0,0,0,0,0,0,0,0,0,0,0,0,0,0,0,0,0,0,0,0,0,0,0,0,0,0,0,0,0,0,0,0,0,0,0,0
20221020,19418,4848,3929,8777,5190,4342,9532,18309,268,229,497,1,0,1,18,17,35,21,56,77,9,8,17,0,0,0,0,0,0,0,0,0,42,4,46,197,204,401,0,0,0,0,0,0,0,0,0,0,0,0,0,5,5,0,0,0,16,9,25,0,0,0,0,0,0,0,0,0,0,0,0,0,0,0,1,1,2,1,2,3,0,0,0,0,0,0,0,0,0,0,0,0,0,0,0,0,0,0,0,0,0,0,0,0,0,0,0,0,0,0,0,0,0,0,0,0,0,0,0,0,0,0,0,0,0
20221021,18721,3622,3503,7125,5397,4293,9690,16815,218,259,477,1,0,1,5,5,10,25,11,36,9,7,16,0,0,0,0,0,0,0,0,0,5,1,6,527,732,1259,0,0,0,0,0,0,0,0,0,0,0,0,7,0,7,0,0,0,52,33,85,0,0,0,0,0,0,0,0,0,0,0,0,0,0,0,0,0,0,0,9,9,0,0,0,0,0,0,0,0,0,0,0,0,0,0,0,0,0,0,0,0,0,0,0,0,0,0,0,0,0,0,0,0,0,0,0,0,0,0,0,0,0,0,0,0,0
20221022,20611,4610,4697,9307,4410,4706,9116,18423,262,293,555,1,1,2,1,0,1,15,63,78,0,0,0,0,0,0,0,0,0,0,0,0,22,1,23,651,791,1442,0,0,0,0,0,0,0,0,0,0,0,0,0,0,0,0,0,0,0,0,0,0,0,0,0,0,0,0,0,0,0,0,0,0,0,0,0,0,0,0,87,87,0,0,0,0,0,0,0,0,0,0,0,0,0,0,0,0,0,0,0,0,0,0,0,0,0,0,0,0,0,0,0,0,0,0,0,0,0,0,0,0,0,0,0,0,0
20221023,19297,3999,3416,7415,6010,4381,10391,17806,38,42,80,0,1,1,0,0,0,8,14,22,0,0,0,0,0,0,0,0,0,0,0,0,0,0,0,659,654,1313,0,0,0,0,0,0,0,0,0,0,0,0,0,0,0,0,0,0,31,43,74,0,0,0,0,0,0,0,0,0,0,0,0,0,0,0,1,0,1,0,0,0,0,0,0,0,0,0,0,0,0,0,0,0,0,0,0,0,0,0,0,0,0,0,0,0,0,0,0,0,0,0,0,0,0,0,0,0,0,0,0,0,0,0,0,0,0
20221024,17786,3930,3928,7858,4409,3650,8059,15917,116,87,203,2,0,2,1,0,1,4,21,25,0,0,0,0,0,0,0,0,0,0,0,0,3,0,3,731,881,1612,0,0,0,0,0,0,0,0,0,0,0,0,0,0,0,0,0,0,0,0,0,0,0,0,0,0,0,0,0,0,0,0,0,0,0,0,2,2,4,0,19,19,0,0,0,0,0,0,0,0,0,0,0,0,0,0,0,0,0,0,0,0,0,0,0,0,0,0,0,0,0,0,0,0,0,0,0,0,0,0,0,0,0,0,0,0,0
20221025,19291,3970,3256,7226,4763,5082,9845,17071,284,323,607,11,0,11,9,7,16,7,10,17,22,0,22,2,11,13,0,0,0,4,0,4,47,11,58,787,624,1411,0,0,0,0,0,0,0,0,0,0,0,0,3,6,9,0,0,0,29,23,52,0,0,0,0,0,0,0,0,0,0,0,0,0,0,0,0,0,0,0,0,0,0,0,0,0,0,0,0,0,0,0,0,0,0,0,0,0,0,0,0,0,0,0,0,0,0,0,0,0,0,0,0,0,0,0,0,0,0,0,0,0,0,0,0,0,0
20221026,18981,3922,3546,7468,4688,4163,8851,16319,365,334,699,11,16,27,1,1,2,12,35,47,8,29,37,0,0,0,0,0,0,0,0,0,74,4,78,727,976,1703,0,0,0,0,0,0,0,0,0,0,0,0,1,0,1,0,0,0,35,31,66,0,0,0,0,0,0,0,0,0,0,0,0,0,0,0,0,2,2,0,0,0,0,0,0,0,0,0,0,0,0,0,0,0,0,0,0,0,0,0,0,0,0,0,0,0,0,0,0,0,0,0,0,0,0,0,0,0,0,0,0,0,0,0,0,0,0
20221027,19800,4816,4018,8834,5020,4629,9649,18483,264,228,492,2,0,2,4,12,16,18,32,50,0,0,0,1,7,8,0,0,0,0,0,0,2,2,4,328,415,743,0,0,0,0,0,0,0,0,0,0,0,0,1,1,2,0,0,0,0,0,0,0,0,0,0,0,0,0,0,0,0,0,0,0,0,0,0,0,0,0,0,0,0,0,0,0,0,0,0,0,0,0,0,0,0,0,0,0,0,0,0,0,0,0,0,0,0,0,0,0,0,0,0,0,0,0,0,0,0,0,0,0,0,0,0,0,0
20221028,21641,3855,4580,8435,5967,5036,11003,19438,347,294,641,0,0,0,18,13,31,34,9,43,0,0,0,0,0,0,0,0,0,0,0,0,29,37,66,587,738,1325,0,0,0,0,0,0,2,0,2,0,0,0,1,2,3,0,0,0,46,45,91,0,0,0,0,0,0,0,0,0,0,0,0,0,0,0,1,0,1,0,0,0,0,0,0,0,0,0,0,0,0,0,0,0,0,0,0,0,0,0,0,0,0,0,0,0,0,0,0,0,0,0,0,0,0,0,0,0,0,0,0,0,0,0,0,0,0
20221029,22676,4839,5161,10000,4737,5663,10400,20400,280,289,569,1,0,1,0,0,0,20,4,24,0,0,0,0,0,0,0,0,0,0,0,0,0,0,0,787,882,1669,0,0,0,0,0,0,0,0,0,0,0,0,6,7,13,0,0,0,0,0,0,0,0,0,0,0,0,0,0,0,0,0,0,0,0,0,0,0,0,0,0,0,0,0,0,0,0,0,0,0,0,0,0,0,0,0,0,0,0,0,0,0,0,0,0,0,0,0,0,0,0,0,0,0,0,0,0,0,0,0,0,0,0,0,0,0,0
20221030,22628,4325,5077,9402,6120,4727,10847,20249,275,262,537,4,0,4,2,2,4,6,1,7,0,0,0,0,0,0,0,0,0,0,0,0,0,1,1,1026,789,1815,0,0,0,0,0,0,0,0,0,0,0,0,0,3,3,0,0,0,0,0,0,0,0,0,0,0,0,0,0,0,0,0,0,0,0,0,1,3,4,0,4,4,0,0,0,0,0,0,0,0,0,0,0,0,0,0,0,0,0,0,0,0,0,0,0,0,0,0,0,0,0,0,0,0,0,0,0,0,0,0,0,0,0,0,0,0,0
20221031,21135,3807,4431,8238,5678,4692,10370,18608,146,158,304,1,4,5,0,1,1,20,41,61,0,0,0,1,1,2,0,0,0,0,0,0,2,0,2,1135,1014,2149,0,0,0,0,0,0,0,0,0,0,0,0,1,0,1,0,0,0,0,0,0,0,0,0,0,0,0,0,0,0,0,0,0,0,0,0,1,0,1,0,1,1,0,0,0,0,0,0,0,0,0,0,0,0,0,0,0,0,0,0,0,0,0,0,0,0,0,0,0,0,0,0,0,0,0,0,0,0,0,0,0,0,0,0,0,0,0
20221101,23565,5102,4259,9361,5750,6366,12116,21477,274,259,533,2,1,3,0,1,1,15,9,24,0,0,0,0,0,0,0,0,0,0,0,0,0,1,1,868,554,1422,0,0,0,0,0,0,0,0,0,0,0,0,0,0,0,0,0,0,35,57,92,0,0,0,0,0,0,0,0,0,0,0,0,0,0,0,0,3,3,1,8,9,0,0,0,0,0,0,0,0,0,0,0,0,0,0,0,0,0,0,0,0,0,0,0,0,0,0,0,0,0,0,0,0,0,0,0,0,0,0,0,0,0,0,0,0,0
20221102,21085,4670,4588,9258,5023,4221,9244,18502,307,248,555,0,0,0,15,20,35,5,3,8,0,0,0,0,1,1,0,0,0,0,0,0,1,2,3,1015,899,1914,0,0,0,0,0,0,0,0,0,0,0,0,1,0,1,0,0,0,29,26,55,0,0,0,0,0,0,0,0,0,0,0,0,0,0,0,5,1,6,0,5,5,0,0,0,0,0,0,0,0,0,0,0,0,0,0,0,0,0,0,0,0,0,0,0,0,0,0,0,0,0,0,0,0,0,0,0,0,0,0,0,0,0,0,0,0,0
20221103,23349,4884,4643,9527,5940,5366,11306,20833,333,389,722,1,1,2,9,8,17,10,45,55,0,0,0,0,0,0,0,0,0,0,0,0,0,0,0,906,768,1674,0,0,0,0,0,0,0,0,0,0,0,0,0,0,0,0,0,0,0,0,0,0,0,0,0,0,0,0,0,0,0,0,0,0,0,0,0,0,0,0,46,46,0,0,0,0,0,0,0,0,0,0,0,0,0,0,0,0,0,0,0,0,0,0,0,0,0,0,0,0,0,0,0,0,0,0,0,0,0,0,0,0,0,0,0,0,0
20221104,23782,4597,5241,9838,6058,5323,11381,21219,389,511,900,17,17,34,0,0,0,16,23,39,0,0,0,0,0,0,0,0,0,0,0,0,0,0,0,663,846,1509,0,0,0,0,0,0,0,0,0,0,0,0,0,0,0,0,0,0,39,21,60,0,0,0,0,0,0,0,0,0,0,0,0,0,0,0,0,0,0,0,21,21,0,0,0,0,0,0,0,0,0,0,0,0,0,0,0,0,0,0,0,0,0,0,0,0,0,0,0,0,0,0,0,0,0,0,0,0,0,0,0,0,0,0,0,0,0
20221105,25273,5218,5151,10369,5849,6763,12612,22981,194,233,427,0,0,0,1,5,6,15,14,29,0,0,0,0,0,0,0,0,0,0,0,0,0,4,4,745,1011,1756,0,0,0,0,0,0,0,0,0,0,0,0,0,0,0,0,0,0,37,31,68,0,0,0,0,0,0,0,0,0,0,0,0,0,0,0,1,1,2,0,0,0,0,0,0,0,0,0,0,0,0,0,0,0,0,0,0,0,0,0,0,0,0,0,0,0,0,0,0,0,0,0,0,0,0,0,0,0,0,0,0,0,0,0,0,0,0
20221106,25734,5205,5293,10498,7030,5018,12048,22546,455,534,989,0,0,0,4,13,17,10,8,18,0,0,0,0,4,4,0,0,0,0,0,0,4,0,4,1105,1049,2154,0,0,0,0,0,0,0,0,0,0,0,0,0,0,0,0,0,0,0,0,0,0,0,0,0,0,0,0,0,0,0,0,0,0,0,0,1,1,2,0,0,0,0,0,0,0,0,0,0,0,0,0,0,0,0,0,0,0,0,0,0,0,0,0,0,0,0,0,0,0,0,0,0,0,0,0,0,0,0,0,0,0,0,0,0,0,0
20221107,25381,4931,5102,10033,6790,5444,12234,22267,333,548,881,0,0,0,22,7,29,37,20,57,0,0,0,3,0,3,0,0,0,0,0,0,5,3,8,1059,1056,2115,3,0,3,3,0,3,0,0,0,0,0,0,0,0,0,0,0,0,0,0,0,0,0,0,0,0,0,0,0,0,0,0,0,0,0,0,5,2,7,0,11,11,0,0,0,0,0,0,0,0,0,0,0,0,0,0,0,0,0,0,0,0,0,0,0,0,0,0,0,0,0,0,0,0,0,0,0,0,0,0,0,0,0,0,0,0,0
20221108,24950,5225,4762,9987,6175,6133,12308,22295,343,484,827,2,3,5,17,11,28,17,56,73,0,0,0,11,0,11,0,0,0,0,0,0,29,0,29,890,700,1590,0,0,0,0,0,0,0,0,0,0,0,0,0,6,6,0,0,0,34,47,81,0,0,0,0,0,0,0,0,0,0,0,0,0,0,0,0,3,3,2,0,2,0,0,0,0,0,0,0,0,0,0,0,0,0,0,0,0,0,0,0,0,0,0,0,0,0,0,0,0,0,0,0,0,0,0,0,0,0,0,0,0,0,0,0,0,0
20221109,24292,4982,5517,10499,5819,4947,10766,21265,407,462,869,11,10,21,7,5,12,66,23,89,1,0,1,6,24,30,0,0,0,6,0,6,1,2,3,937,970,1907,0,0,0,0,0,0,0,0,0,0,0,0,8,2,10,0,0,0,32,30,62,0,0,0,0,0,0,0,0,0,0,0,0,0,0,0,3,4,7,0,10,10,0,0,0,0,0,0,0,0,0,0,0,0,0,0,0,0,0,0,0,0,0,0,0,0,0,0,0,0,0,0,0,0,0,0,0,0,0,0,0,0,0,0,0,0,0
20221110,27364,5448,5741,11189,6677,6384,13061,24250,505,520,1025,11,12,23,9,13,22,18,102,120,0,0,0,0,0,0,0,0,0,0,0,0,20,21,41,846,1000,1846,1,1,2,1,1,2,0,0,0,0,0,0,1,7,8,0,0,0,0,8,8,0,0,0,0,0,0,0,0,0,0,0,0,0,0,0,3,0,3,1,15,16,0,0,0,0,0,0,0,0,0,0,0,0,0,0,0,0,0,0,0,0,0,0,0,0,0,0,0,0,0,0,0,0,0,0,0,0,0,0,0,0,0,0,0,0,0
20221111,27820,5251,6250,11501,6828,6064,12892,24393,623,767,1390,2,22,24,1,4,5,10,10,20,0,1,1,0,0,0,0,0,0,0,0,0,2,0,2,930,958,1888,0,0,0,0,0,0,0,0,0,0,0,0,4,0,4,0,0,0,41,47,88,0,0,0,0,0,0,0,0,0,0,0,0,0,0,0,4,1,5,0,0,0,0,0,0,0,0,0,0,0,0,0,0,0,0,0,0,0,0,0,0,0,0,0,0,0,0,0,0,0,0,0,0,0,0,0,0,0,0,0,0,0,0,0,0,0,0
20221112,29438,6330,5803,12133,6974,7231,14205,26338,544,395,939,21,1,22,0,2,2,19,26,45,0,0,0,0,0,0,0,0,0,0,10,10,4,9,13,851,1119,1970,0,0,0,0,0,0,0,0,0,0,0,0,0,0,0,0,0,0,40,43,83,0,0,0,0,0,0,0,0,0,0,0,0,0,0,0,2,3,5,0,11,11,0,0,0,0,0,0,0,0,0,0,0,0,0,0,0,0,0,0,0,0,0,0,0,0,0,0,0,0,0,0,0,0,0,0,0,0,0,0,0,0,0,0,0,0,0
20221113,29263,6135,5984,12119,7695,5790,13485,25604,730,776,1506,1,0,1,6,7,13,13,21,34,7,11,18,0,0,0,0,0,0,0,0,0,0,0,0,1097,974,2071,0,0,0,0,0,0,0,0,0,0,0,0,6,0,6,0,0,0,0,0,0,0,0,0,0,0,0,0,0,0,0,0,0,0,0,0,4,6,10,0,0,0,0,0,0,0,0,0,0,0,0,0,0,0,0,0,0,0,0,0,0,0,0,0,0,0,0,0,0,0,0,0,0,0,0,0,0,0,0,0,0,0,0,0,0,0,0
20221114,28034,5879,5845,11724,7138,5794,12932,24656,450,515,965,7,0,7,12,1,13,4,40,44,4,5,9,0,0,0,0,0,0,0,0,0,9,0,9,1273,1049,2322,0,0,0,0,0,0,0,0,0,0,0,0,1,0,1,0,0,0,0,0,0,0,0,0,0,0,0,0,0,0,0,0,0,0,0,0,0,0,0,1,7,8,0,0,0,0,0,0,0,0,0,0,0,0,0,0,0,0,0,0,0,0,0,0,0,0,0,0,0,0,0,0,0,0,0,0,0,0,0,0,0,0,0,0,0,0,0
20221115,27693,5968,5299,11267,6797,6555,13352,24619,561,478,1039,0,1,1,6,6,12,11,11,22,21,20,41,0,0,0,0,0,0,4,0,4,3,7,10,1042,810,1852,0,0,0,0,0,0,0,0,0,0,0,0,0,1,1,0,0,0,44,47,91,0,0,0,0,0,0,0,0,0,0,0,0,0,0,0,0,1,1,0,0,0,0,0,0,0,0,0,0,0,0,0,0,0,0,0,0,0,0,0,0,0,0,0,0,0,0,0,0,0,0,0,0,0,0,0,0,0,0,0,0,0,0,0,0,0,0
20221116,27282,5566,6014,11580,6842,5473,12315,23895,460,501,961,0,11,11,10,15,25,6,2,8,9,2,11,9,11,20,1,0,1,0,0,0,5,4,9,1122,1124,2246,0,0,0,0,0,0,0,0,0,0,0,0,1,0,1,0,0,0,52,40,92,0,0,0,0,0,0,0,0,0,0,0,0,0,0,0,1,0,1,0,1,1,0,0,0,0,0,0,0,0,0,0,0,0,0,0,0,0,0,0,0,0,0,0,0,0,0,0,0,0,0,0,0,0,0,0,0,0,0,0,0,0,0,0,0,0,0
20221117,29845,6270,5859,12129,7354,6580,13934,26063,780,776,1556,0,1,1,30,30,60,54,36,90,5,0,5,0,0,0,0,0,0,0,0,0,0,0,0,900,1131,2031,0,0,0,0,0,0,0,0,0,0,0,0,5,4,9,0,0,0,0,6,6,0,0,0,0,0,0,0,0,0,0,0,0,0,0,0,0,0,0,0,24,24,0,0,0,0,0,0,0,0,0,0,0,0,0,0,0,0,0,0,0,0,0,0,0,0,0,0,0,0,0,0,0,0,0,0,0,0,0,0,0,0,0,0,0,0,0
20221118,31034,6215,6612,12827,7542,6722,14264,27091,630,694,1324,1,0,1,1,4,5,28,43,71,0,0,0,1,0,1,0,0,0,0,0,0,0,0,0,1020,1110,2130,0,0,0,0,0,0,0,0,0,0,0,0,0,1,1,0,0,0,204,200,404,0,0,0,0,0,0,0,0,0,0,0,0,0,0,0,2,1,3,0,3,3,0,0,0,0,0,0,0,0,0,0,0,0,0,0,0,0,0,0,0,0,0,0,0,0,0,0,0,0,0,0,0,0,0,0,0,0,0,0,0,0,0,0,0,0,0
20221119,32287,7280,6775,14055,7192,7818,15010,29065,412,319,731,2,0,2,3,9,12,17,35,52,0,0,0,0,0,0,0,0,0,0,0,0,0,0,0,1100,1216,2316,0,0,0,0,0,0,0,0,0,0,0,0,4,4,8,0,0,0,47,47,94,0,0,0,0,0,0,0,0,0,0,0,0,0,0,0,3,2,5,0,2,2,0,0,0,0,0,0,0,0,0,0,0,0,0,0,0,0,0,0,0,0,0,0,0,0,0,0,0,0,0,0,0,0,0,0,0,0,0,0,0,0,0,0,0,0,0
20221120,33870,7422,7146,14568,8718,6477,15195,29763,746,790,1536,0,0,0,3,1,4,28,18,46,0,0,0,0,0,0,0,0,0,0,0,0,0,0,0,1223,1031,2254,0,0,0,0,0,0,0,0,0,0,0,0,0,0,0,0,0,0,122,144,266,0,0,0,0,0,0,0,0,0,0,0,0,0,0,0,1,0,1,0,0,0,0,0,0,0,0,0,0,0,0,0,0,0,0,0,0,0,0,0,0,0,0,0,0,0,0,0,0,0,0,0,0,0,0,0,0,0,0,0,0,0,0,0,0,0,0
20221121,31438,7068,6523,13591,7885,6139,14024,27615,544,492,1036,3,13,16,7,0,7,11,11,22,0,0,0,0,0,0,0,0,0,0,0,0,0,0,0,1317,1170,2487,0,0,0,0,0,0,0,0,0,0,0,0,11,11,22,0,0,0,80,138,218,0,0,0,0,0,0,0,0,0,0,0,0,0,0,0,1,1,2,0,13,13,0,0,0,0,0,0,0,0,0,0,0,0,0,0,0,0,0,0,0,0,0,0,0,0,0,0,0,0,0,0,0,0,0,0,0,0,0,0,0,0,0,0,0,0,0
20221122,28050,6433,5017,11450,6945,6411,13356,24806,550,414,964,14,3,17,3,1,4,8,152,160,1,0,1,0,3,3,0,0,0,0,0,0,0,6,6,1121,863,1984,0,0,0,0,0,0,0,0,0,0,0,0,0,4,4,0,0,0,46,50,96,0,0,0,0,0,0,0,0,0,0,0,0,0,0,0,0,1,1,0,4,4,0,0,0,0,0,0,0,0,0,0,0,0,0,0,0,0,0,0,0,0,0,0,0,0,0,0,0,0,0,0,0,0,0,0,0,0,0,0,0,0,0,0,0,0,0
20221123,30143,6771,6264,13035,7409,5550,12959,25994,549,612,1161,0,0,0,7,27,34,8,37,45,0,0,0,0,0,0,0,0,0,0,0,0,4,3,7,1318,1230,2548,0,0,0,0,0,0,0,0,0,0,0,0,13,2,15,0,0,0,162,177,339,0,0,0,0,0,0,0,0,0,0,0,0,0,0,0,0,0,0,0,0,0,0,0,0,0,0,0,0,0,0,0,0,0,0,0,0,0,0,0,0,0,0,0,0,0,0,0,0,0,0,0,0,0,0,0,0,0,0,0,0,0,0,0,0,0,0
20221124,31537,6900,6356,13256,7520,6817,14337,27593,809,852,1661,1,2,3,21,7,28,37,48,85,0,0,0,0,0,0,0,0,0,0,0,0,0,1,1,961,1178,2139,0,0,0,0,0,0,0,0,0,0,0,0,0,2,2,0,0,0,0,0,0,0,0,0,0,0,0,0,0,0,0,0,0,0,0,0,1,6,7,0,18,18,0,0,0,0,0,0,0,0,0,0,0,0,0,0,0,0,0,0,0,0,0,0,0,0,0,0,0,0,0,0,0,0,0,0,0,0,0,0,0,0,0,0,0,0,0
20221125,33075,7365,6984,14349,7822,6846,14668,29017,762,711,1473,4,2,6,17,14,31,17,33,50,0,2,2,3,0,3,0,0,0,0,0,0,0,0,0,986,1144,2130,0,0,0,0,0,0,0,0,0,0,0,0,0,4,4,0,0,0,185,168,353,0,0,0,0,0,0,0,0,0,0,0,0,0,0,0,3,2,5,1,0,1,0,0,0,0,0,0,0,0,0,0,0,0,0,0,0,0,0,0,0,0,0,0,0,0,0,0,0,0,0,0,0,0,0,0,0,0,0,0,0,0,0,0,0,0,0
20221126,33590,7326,7238,14564,7174,8246,15420,29984,447,609,1056,0,0,0,4,4,8,24,29,53,11,11,22,0,0,0,0,0,0,0,0,0,0,0,0,1043,1273,2316,0,0,0,0,0,0,0,0,0,0,0,0,15,13,28,0,0,0,63,53,116,0,0,0,0,0,0,0,0,0,0,0,0,0,0,0,1,6,7,0,0,0,0,0,0,0,0,0,0,0,0,0,0,0,0,0,0,0,0,0,0,0,0,0,0,0,0,0,0,0,0,0,0,0,0,0,0,0,0,0,0,0,0,0,0,0,0
20221127,36550,7469,8176,15645,8663,7864,16527,32172,749,817,1566,0,0,0,2,1,3,42,41,83,0,0,0,0,0,0,0,0,0,0,5,5,1,1,2,1283,1176,2459,0,0,0,0,0,0,0,0,0,0,9,9,0,0,0,0,0,0,95,146,241,0,0,0,0,0,0,0,0,0,0,0,0,0,0,0,1,0,1,0,9,9,0,0,0,0,0,0,0,0,0,0,0,0,0,0,0,0,0,0,0,0,0,0,0,0,0,0,0,0,0,0,0,0,0,0,0,0,0,0,0,0,0,0,0,0,0
20221128,34534,7432,7793,15225,7850,7273,15123,30348,539,610,1149,0,0,0,7,21,28,14,7,21,1,0,1,0,0,0,0,0,0,0,0,0,11,9,20,1387,1326,2713,0,0,0,0,0,0,0,0,0,0,0,0,2,4,6,0,0,0,82,144,226,0,0,0,0,0,0,0,0,0,0,0,0,0,0,0,5,5,10,0,12,12,0,0,0,0,0,0,0,0,0,0,0,0,0,0,0,0,0,0,0,0,0,0,0,0,0,0,0,0,0,0,0,0,0,0,0,0,0,0,0,0,0,0,0,0,0
20221129,31134,6888,6517,13405,7104,7011,14115,27520,488,800,1288,2,0,2,6,9,15,45,107,152,0,0,0,0,0,0,0,0,0,0,0,0,4,0,4,1165,865,2030,0,0,0,0,0,0,0,0,0,0,0,0,2,0,2,0,0,0,62,53,115,0,0,0,0,0,0,0,0,0,0,0,0,0,0,0,2,4,6,0,0,0,0,0,0,0,0,0,0,0,0,0,0,0,0,0,0,0,0,0,0,0,0,0,0,0,0,0,0,0,0,0,0,0,0,0,0,0,0,0,0,0,0,0,0,0,0
20221130,33689,7147,7932,15079,8011,6520,14531,29610,521,618,1139,0,0,0,42,61,103,21,11,32,0,0,0,0,0,0,0,0,0,5,0,5,4,2,6,1287,1120,2407,0,0,0,0,0,0,0,0,0,0,0,0,6,7,13,0,0,0,166,203,369,0,0,0,0,0,0,0,0,0,0,0,0,0,0,0,0,0,0,5,0,5,0,0,0,0,0,0,0,0,0,0,0,0,0,0,0,0,0,0,0,0,0,0,0,0,0,0,0,0,0,0,0,0,0,0,0,0,0,0,0,0,0,0,0,0,0
20221201,37985,8095,8439,16534,8318,8751,17069,33603,827,1047,1874,0,1,1,18,9,27,37,73,110,0,0,0,0,0,0,0,0,0,0,0,0,0,1,1,1041,1327,2368,0,0,0,0,0,0,0,0,0,0,0,0,0,0,0,0,0,0,0,0,0,0,0,0,0,0,0,0,0,0,0,0,0,0,0,0,0,0,0,0,1,1,0,0,0,0,0,0,0,0,0,0,0,0,0,0,0,0,0,0,0,0,0,0,0,0,0,0,0,0,0,0,0,0,0,0,0,0,0,0,0,0,0,0,0,0,0
20221202,36935,7544,7995,15539,8540,7664,16204,31743,884,1470,2354,0,0,0,1,2,3,28,57,85,0,0,0,0,0,0,0,0,0,0,0,0,0,11,11,962,1389,2351,0,0,0,0,0,0,0,0,0,0,0,0,0,0,0,0,0,0,168,208,376,0,0,0,0,0,0,0,0,0,0,0,0,0,0,0,2,2,4,0,8,8,0,0,0,0,0,0,0,0,0,0,0,0,0,0,0,0,0,0,0,0,0,0,0,0,0,0,0,0,0,0,0,0,0,0,0,0,0,0,0,0,0,0,0,0,0
20221203,38713,8776,8192,16968,8325,8814,17139,34107,792,1126,1918,0,0,0,0,10,10,37,19,56,0,0,0,0,0,0,0,0,0,0,0,0,2,3,5,1156,1337,2493,0,0,0,0,0,0,0,0,0,0,0,0,0,3,3,0,0,0,54,51,105,0,0,0,0,0,0,0,0,0,0,0,0,0,0,0,3,1,4,0,12,12,0,0,0,0,0,0,0,0,0,0,0,0,0,0,0,0,0,0,0,0,0,0,0,0,0,0,0,0,0,0,0,0,0,0,0,0,0,0,0,0,0,0,0,0,0
20221204,39661,9062,8285,17347,9620,7744,17364,34711,907,1014,1921,3,3,6,4,2,6,3,12,15,0,0,0,0,0,0,0,0,0,0,0,0,0,0,0,1571,1155,2726,0,0,0,0,0,0,0,0,0,0,0,0,0,0,0,0,0,0,123,139,262,0,0,0,0,0,0,0,0,0,0,0,0,0,0,0,0,0,0,0,14,14,0,0,0,0,0,0,0,0,0,0,0,0,0,0,0,0,0,0,0,0,0,0,0,0,0,0,0,0,0,0,0,0,0,0,0,0,0,0,0,0,0,0,0,0,0
20221205,39003,8296,8530,16826,9203,8012,17215,34041,842,958,1800,9,7,16,5,2,7,11,11,22,0,0,0,0,0,0,0,0,0,0,0,0,3,2,5,1518,1333,2851,0,0,0,0,0,0,0,0,0,0,0,0,1,0,1,0,0,0,100,155,255,0,0,0,0,0,0,0,0,0,0,0,0,0,0,0,2,1,3,1,1,2,0,0,0,0,0,0,0,0,0,0,0,0,0,0,0,0,0,0,0,0,0,0,0,0,0,0,0,0,0,0,0,0,0,0,0,0,0,0,0,0,0,0,0,0,0
20221206,35845,8381,7271,15652,8178,7752,15930,31582,967,878,1845,3,0,3,9,8,17,46,9,55,0,0,0,0,0,0,0,0,0,0,0,0,1,0,1,1303,915,2218,0,0,0,0,0,0,0,0,0,0,0,0,3,0,3,0,0,0,54,47,101,0,0,0,0,0,0,0,0,0,0,0,0,0,0,0,0,0,0,0,20,20,0,0,0,0,0,0,0,0,0,0,0,0,0,0,0,0,0,0,0,0,0,0,0,0,0,0,0,0,0,0,0,0,0,0,0,0,0,0,0,0,0,0,0,0,0
20221207,36700,7924,8040,15964,8673,6922,15595,31559,975,1065,2040,0,2,2,39,29,68,45,19,64,0,5,5,0,0,0,0,0,0,0,0,0,0,0,0,1352,1263,2615,0,0,0,0,0,0,0,0,0,0,0,0,1,3,4,0,0,0,155,171,326,0,0,0,0,0,0,0,0,0,0,0,0,0,0,0,0,1,1,1,15,16,0,0,0,0,0,0,0,0,0,0,0,0,0,0,0,0,0,0,0,0,0,0,0,0,0,0,0,0,0,0,0,0,0,0,0,0,0,0,0,0,0,0,0,0,0
20221208,39551,9641,8625,18266,8629,8045,16674,34940,918,986,1904,4,0,4,27,21,48,52,81,133,6,0,6,1,1,2,0,0,0,0,0,0,2,2,4,1223,1256,2479,0,0,0,0,0,0,0,0,0,0,0,0,10,8,18,0,0,0,0,0,0,0,0,0,0,0,0,0,0,0,0,0,0,0,0,0,6,6,12,0,1,1,0,0,0,0,0,0,0,0,0,0,0,0,0,0,0,0,0,0,0,0,0,0,0,0,0,0,0,0,0,0,0,0,0,0,0,0,0,0,0,0,0,0,0,0,0
20221209,41458,8682,9051,17733,10001,7996,17997,35730,1303,1205,2508,12,10,22,6,1,7,10,28,38,3,0,3,0,0,0,0,0,0,0,0,0,0,0,0,1267,1393,2660,0,0,0,0,0,0,0,0,0,0,0,0,0,1,1,0,0,0,264,193,457,0,0,0,0,0,0,0,0,0,0,0,0,0,0,0,4,4,8,0,24,24,0,0,0,0,0,0,0,0,0,0,0,0,0,0,0,0,0,0,0,0,0,0,0,0,0,0,0,0,0,0,0,0,0,0,0,0,0,0,0,0,0,0,0,0,0
20221210,43190,10284,9398,19682,9047,9289,18336,38018,1063,1160,2223,0,0,0,0,0,0,18,13,31,0,0,0,0,1,1,0,0,0,0,0,0,4,0,4,1288,1453,2741,0,0,0,0,0,0,0,0,0,0,0,0,15,13,28,0,0,0,86,42,128,0,0,0,0,0,0,0,0,0,0,0,0,0,0,0,5,7,12,0,4,4,0,0,0,0,0,0,0,0,0,0,0,0,0,0,0,0,0,0,0,0,0,0,0,0,0,0,0,0,0,0,0,0,0,0,0,0,0,0,0,0,0,0,0,0,0
20221211,45185,11763,9709,21472,10416,7887,18303,39775,1028,1035,2063,0,0,0,33,22,55,9,50,59,0,0,0,0,0,0,0,0,0,0,0,0,0,1,1,1717,1269,2986,0,0,0,0,0,0,0,0,0,0,0,0,1,0,1,0,0,0,102,130,232,0,0,0,0,0,0,0,0,0,0,0,0,0,0,0,4,4,8,0,5,5,0,0,0,0,0,0,0,0,0,0,0,0,0,0,0,0,0,0,0,0,0,0,0,0,0,0,0,0,0,0,0,0,0,0,0,0,0,0,0,0,0,0,0,0,0
20221212,43197,9768,9590,19358,9696,8897,18593,37951,959,960,1919,2,3,5,1,5,6,20,12,32,0,0,0,0,0,0,0,0,0,0,8,8,0,0,0,1647,1382,3029,0,0,0,0,0,0,0,0,0,0,0,0,1,5,6,0,0,0,105,133,238,0,0,0,0,0,0,0,0,0,0,0,0,0,0,0,2,1,3,0,0,0,0,0,0,0,0,0,0,0,0,0,0,0,0,0,0,0,0,0,0,0,0,0,0,0,0,0,0,0,0,0,0,0,0,0,0,0,0,0,0,0,0,0,0,0,0
20221213,39136,9916,8096,18012,8323,8241,16564,34576,1004,838,1842,1,0,1,0,0,0,21,25,46,10,10,20,0,0,0,0,0,0,0,0,0,0,27,27,1352,1137,2489,0,0,0,0,0,0,0,0,0,0,0,0,4,0,4,0,0,0,60,63,123,0,0,0,0,0,0,0,0,0,0,0,0,0,0,0,3,4,7,0,1,1,0,0,0,0,0,0,0,0,0,0,0,0,0,0,0,0,0,0,0,0,0,0,0,0,0,0,0,0,0,0,0,0,0,0,0,0,0,0,0,0,0,0,0,0,0
20221214,40340,9162,8508,17670,9436,7640,17076,34746,1102,1054,2156,0,1,1,50,53,103,22,57,79,0,3,3,0,0,0,0,0,0,0,0,0,17,5,22,1428,1437,2865,0,0,0,0,0,0,0,0,0,0,0,0,0,0,0,0,0,0,174,187,361,0,0,0,0,0,0,0,0,0,0,0,0,0,0,0,2,0,2,0,2,2,0,0,0,0,0,0,0,0,0,0,0,0,0,0,0,0,0,0,0,0,0,0,0,0,0,0,0,0,0,0,0,0,0,0,0,0,0,0,0,0,0,0,0,0,0
20221215,46447,11178,11097,22275,9580,9523,19103,41378,1066,1049,2115,6,1,7,13,8,21,28,6,34,0,0,0,0,0,0,0,0,0,0,0,0,5,1,6,1318,1557,2875,0,0,0,0,0,0,0,0,0,0,0,0,0,0,0,0,0,0,0,0,0,0,0,0,0,0,0,0,0,0,0,0,0,0,0,0,2,2,4,0,7,7,0,0,0,0,0,0,0,0,0,0,0,0,0,0,0,0,0,0,0,0,0,0,0,0,0,0,0,0,0,0,0,0,0,0,0,0,0,0,0,0,0,0,0,0,0
20221216,46495,10328,10175,20503,10622,8966,19588,40091,1336,1317,2653,0,0,0,2,0,2,25,43,68,0,0,0,0,0,0,0,0,0,8,0,8,0,2,2,1408,1759,3167,0,0,0,0,0,0,0,0,0,0,0,0,9,11,20,0,0,0,250,196,446,0,0,0,0,0,0,0,0,0,0,0,0,0,0,0,19,16,35,0,3,3,0,0,0,0,0,0,0,0,0,0,0,0,0,0,0,0,0,0,0,0,0,0,0,0,0,0,0,0,0,0,0,0,0,0,0,0,0,0,0,0,0,0,0,0,0
20221217,49350,11691,11088,22779,11046,9704,20750,43529,1309,1160,2469,0,0,0,2,2,4,14,71,85,0,0,0,0,0,0,0,0,0,0,0,0,0,2,2,1464,1587,3051,0,0,0,0,0,0,0,0,0,0,0,0,3,0,3,0,0,0,138,67,205,0,0,0,0,0,0,0,0,0,0,0,0,0,0,0,0,2,2,0,0,0,0,0,0,0,0,0,0,0,0,0,0,0,0,0,0,0,0,0,0,0,0,0,0,0,0,0,0,0,0,0,0,0,0,0,0,0,0,0,0,0,0,0,0,0,0
20221218,47943,12659,10407,23066,10743,8125,18868,41934,1109,1079,2188,0,0,0,0,0,0,15,8,23,0,0,0,0,0,0,0,0,0,0,0,0,0,0,0,1939,1583,3522,0,0,0,0,0,0,0,0,0,0,0,0,0,0,0,0,0,0,133,135,268,0,0,0,0,0,0,0,0,0,0,0,0,0,0,0,4,4,8,0,0,0,0,0,0,0,0,0,0,0,0,0,0,0,0,0,0,0,0,0,0,0,0,0,0,0,0,0,0,0,0,0,0,0,0,0,0,0,0,0,0,0,0,0,0,0,0
20221219,45018,10743,9499,20242,10324,8726,19050,39292,1123,981,2104,1,2,3,12,17,29,33,53,86,0,9,9,0,0,0,0,0,0,0,0,0,1,0,1,1753,1517,3270,0,0,0,0,0,0,0,0,0,0,0,0,0,0,0,0,0,0,101,121,222,0,0,0,0,0,0,0,0,0,0,0,0,0,0,0,1,0,1,0,1,1,0,0,0,0,0,0,0,0,0,0,0,0,0,0,0,0,0,0,0,0,0,0,0,0,0,0,0,0,0,0,0,0,0,0,0,0,0,0,0,0,0,0,0,0,0
20221220,44428,11368,9755,21123,9501,8680,18181,39304,1055,895,1950,3,4,7,6,4,10,36,165,201,9,0,9,0,0,0,0,0,0,0,0,0,3,0,3,1486,1246,2732,0,0,0,0,0,0,0,0,0,0,0,0,2,0,2,0,0,0,137,71,208,0,0,0,0,0,0,0,0,0,0,0,0,0,0,0,0,0,0,0,2,2,0,0,0,0,0,0,0,0,0,0,0,0,0,0,0,0,0,0,0,0,0,0,0,0,0,0,0,0,0,0,0,0,0,0,0,0,0,0,0,0,0,0,0,0,0
20221221,47436,10927,9859,20786,11115,8547,19662,40448,1509,1352,2861,3,0,3,9,6,15,8,24,32,0,0,0,0,0,0,0,0,0,0,0,0,0,0,0,1785,1798,3583,0,0,0,0,0,0,0,0,0,0,0,0,1,1,2,0,0,0,281,192,473,0,0,0,0,0,0,0,0,0,0,0,0,0,0,0,0,1,1,0,18,18,0,0,0,0,0,0,0,0,0,0,0,0,0,0,0,0,0,0,0,0,0,0,0,0,0,0,0,0,0,0,0,0,0,0,0,0,0,0,0,0,0,0,0,0,0
20221222,49095,12188,11088,23276,10683,9424,20107,43383,1344,1160,2504,0,0,0,10,8,18,20,75,95,0,0,0,0,0,0,0,0,0,0,0,0,0,0,0,1471,1610,3081,0,0,0,0,0,0,0,0,0,0,0,0,0,12,12,0,0,0,0,0,0,0,0,0,0,0,0,0,0,0,0,0,0,0,0,0,0,2,2,0,0,0,0,0,0,0,0,0,0,0,0,0,0,0,0,0,0,0,0,0,0,0,0,0,0,0,0,0,0,0,0,0,0,0,0,0,0,0,0,0,0,0,0,0,0,0,0
20221223,49972,11536,10896,22432,11025,9640,20665,43097,1353,1342,2695,0,0,0,0,0,0,42,20,62,0,0,0,0,0,0,0,0,0,0,0,0,0,0,0,1727,1918,3645,0,0,0,0,0,0,0,0,0,0,0,0,15,1,16,0,0,0,273,168,441,0,0,0,0,0,0,0,0,0,0,0,0,0,0,0,4,5,9,0,7,7,0,0,0,0,0,0,0,0,0,0,0,0,0,0,0,0,0,0,0,0,0,0,0,0,0,0,0,0,0,0,0,0,0,0,0,0,0,0,0,0,0,0,0,0,0
20221224,51259,12475,11435,23910,10749,10045,20794,44704,1573,1244,2817,4,10,14,1,0,1,15,67,82,0,0,0,0,0,0,0,0,0,0,0,0,0,10,10,1769,1646,3415,0,0,0,0,0,0,0,0,0,0,0,0,1,2,3,0,0,0,132,77,209,0,0,0,0,0,0,0,0,0,0,0,0,0,0,0,2,2,4,0,0,0,0,0,0,0,0,0,0,0,0,0,0,0,0,0,0,0,0,0,0,0,0,0,0,0,0,0,0,0,0,0,0,0,0,0,0,0,0,0,0,0,0,0,0,0,0
20221225,46532,11718,9550,21268,11498,7787,19285,40553,1165,1211,2376,0,0,0,7,6,13,30,29,59,0,0,0,0,0,0,0,0,0,0,0,0,0,0,0,1899,1377,3276,0,0,0,0,0,0,0,0,0,0,0,0,0,1,1,0,0,0,125,124,249,0,0,0,0,0,0,0,0,0,0,0,0,0,0,0,2,2,4,0,1,1,0,0,0,0,0,0,0,0,0,0,0,0,0,0,0,0,0,0,0,0,0,0,0,0,0,0,0,0,0,0,0,0,0,0,0,0,0,0,0,0,0,0,0,0,0
20221226,46285,10979,9800,20779,10756,8845,19601,40380,1097,942,2039,1,3,4,0,4,4,6,202,208,0,0,0,0,0,0,0,0,0,0,0,0,0,4,4,1990,1411,3401,0,0,0,0,0,0,0,0,0,0,0,0,3,2,5,0,0,0,111,116,227,0,0,0,0,0,0,0,0,0,0,0,0,0,0,0,0,0,0,0,13,13,0,0,0,0,0,0,0,0,0,0,0,0,0,0,0,0,0,0,0,0,0,0,0,0,0,0,0,0,0,0,0,0,0,0,0,0,0,0,0,0,0,0,0,0,0
20221227,45407,10980,10362,21342,9591,8765,18356,39698,1082,1184,2266,1,0,1,9,0,9,36,81,117,0,0,0,0,0,0,0,0,0,0,0,0,0,2,2,1836,1218,3054,0,0,0,0,0,0,0,0,0,0,0,0,1,4,5,0,0,0,119,125,244,0,0,0,0,0,0,0,0,0,0,0,0,0,0,0,2,1,3,0,8,8,0,0,0,0,0,0,0,0,0,0,0,0,0,0,0,0,0,0,0,0,0,0,0,0,0,0,0,0,0,0,0,0,0,0,0,0,0,0,0,0,0,0,0,0,0
20221228,50797,10680,11201,21881,11703,9580,21283,43164,1511,1606,3117,0,0,0,3,3,6,55,59,114,11,10,21,0,0,0,0,0,0,0,6,6,0,1,1,2111,1747,3858,0,0,0,0,0,0,0,0,0,0,0,0,0,1,1,0,0,0,256,251,507,0,0,0,0,0,0,0,0,0,0,0,0,0,0,0,0,0,0,0,2,2,0,0,0,0,0,0,0,0,0,0,0,0,0,0,0,0,0,0,0,0,0,0,0,0,0,0,0,0,0,0,0,0,0,0,0,0,0,0,0,0,0,0,0,0,0
20221229,50598,11026,13215,24241,9921,10001,19922,44163,1261,1274,2535,1,1,2,7,6,13,35,323,358,0,1,1,0,0,0,0,0,0,0,0,0,2,0,2,1869,1331,3200,0,0,0,0,0,0,0,0,0,0,0,0,11,6,17,0,0,0,0,2,2,0,0,0,124,176,300,0,0,0,0,0,0,0,0,0,2,2,4,1,0,1,0,0,0,0,0,0,0,0,0,0,0,0,0,0,0,0,0,0,0,0,0,0,0,0,0,0,0,0,0,0,0,0,0,0,0,0,0,0,0,0,0,0,0,0,0
20221230,51709,11242,13082,24324,10319,9580,19899,44223,1530,1457,2987,0,0,0,3,8,11,43,251,294,20,19,39,1,0,1,0,0,0,0,0,0,0,0,0,1889,1747,3636,0,0,0,0,0,0,0,0,0,0,0,0,0,0,0,0,0,0,270,220,490,0,0,0,0,0,0,0,0,0,0,0,0,0,0,0,7,7,14,4,10,14,0,0,0,0,0,0,0,0,0,0,0,0,0,0,0,0,0,0,0,0,0,0,0,0,0,0,0,0,0,0,0,0,0,0,0,0,0,0,0,0,0,0,0,0,0
20221231,47835,10288,12594,22882,9008,10695,19703,42585,1194,1291,2485,0,0,0,6,4,10,20,29,49,0,0,0,0,0,0,0,0,0,4,0,4,1,1,2,1231,1246,2477,0,0,0,0,0,0,0,0,0,0,0,0,0,0,0,0,0,0,98,124,222,0,0,0,0,0,0,0,0,0,0,0,0,0,0,0,1,0,1,0,0,0,0,0,0,0,0,0,0,0,0,0,0,0,0,0,0,0,0,0,0,0,0,0,0,0,0,0,0,0,0,0,0,0,0,0,0,0,0,0,0,0,0,0,0,0,0
