20230101,41201,8271,10303,18574,8639,7616,16255,34829,1359,1683,3042,0,0,0,0,3,3,9,19,28,0,0,0,0,0,0,0,0,0,0,0,0,0,0,0,1439,1184,2623,0,0,0,0,0,0,0,0,0,0,0,0,1,4,5,0,0,0,184,172,356,0,0,0,174,123,297,0,0,0,0,0,0,0,0,0,1,1,2,0,16,16,0,0,0,0,0,0,0,0,0,0,0,0,0,0,0,0,0,0,0,0,0,0,0,0,0,0,0,0,0,0,0,0,0,0,0,0,0,0,0,0,0,0,0,0,0
20230102,55978,13060,13956,27016,11562,10234,21796,48812,1445,1300,2745,0,0,0,3,6,9,10,6,16,0,0,0,0,0,0,0,0,0,0,0,0,0,0,0,2270,1671,3941,0,0,0,0,0,0,0,0,0,0,0,0,1,1,2,0,0,0,212,223,435,0,0,0,0,0,0,0,0,0,0,0,0,0,0,0,6,4,10,0,8,8,0,0,0,0,0,0,0,0,0,0,0,0,0,0,0,0,0,0,0,0,0,0,0,0,0,0,0,0,0,0,0,0,0,0,0,0,0,0,0,0,0,0,0,0,0
20230103,54291,13631,13047,26678,10688,10231,20919,47597,1294,1405,2699,0,0,0,3,3,6,31,180,211,0,0,0,0,0,0,0,0,0,0,0,0,1,0,1,1951,1623,3574,0,0,0,0,0,0,0,0,0,0,0,0,0,0,0,0,0,0,69,92,161,0,0,0,0,0,0,0,0,0,0,0,0,0,0,0,17,19,36,0,6,6,0,0,0,0,0,0,0,0,0,0,0,0,0,0,0,0,0,0,0,0,0,0,0,0,0,0,0,0,0,0,0,0,0,0,0,0,0,0,0,0,0,0,0,0,0
20230104,48184,10582,11751,22333,10117,8527,18644,40977,1648,1697,3345,2,3,5,17,11,28,39,176,215,0,0,0,0,0,0,0,0,0,0,0,0,1,0,1,1664,1569,3233,0,0,0,0,0,0,0,0,0,0,0,0,0,0,0,0,0,0,183,192,375,0,0,0,0,0,0,0,0,0,0,0,0,0,0,0,0,0,0,1,4,5,0,0,0,0,0,0,0,0,0,0,0,0,0,0,0,0,0,0,0,0,0,0,0,0,0,0,0,0,0,0,0,0,0,0,0,0,0,0,0,0,0,0,0,0,0
20230105,45979,10156,11979,22135,9121,9039,18160,40295,1504,1386,2890,3,0,3,6,13,19,43,47,90,0,0,0,0,0,0,0,0,0,0,0,0,0,3,3,1159,1398,2557,0,0,0,0,0,0,0,0,0,0,0,0,3,5,8,0,0,0,63,45,108,0,0,0,0,0,0,0,0,0,0,0,0,0,0,0,2,2,4,0,2,2,0,0,0,0,0,0,0,0,0,0,0,0,0,0,0,0,0,0,0,0,0,0,0,0,0,0,0,0,0,0,0,0,0,0,0,0,0,0,0,0,0,0,0,0,0
20230106,45402,9830,11576,21406,9158,8131,17289,38695,1539,1893,3432,0,3,3,0,7,7,40,151,191,0,0,0,0,1,1,0,0,0,0,0,0,0,0,0,1206,1453,2659,0,0,0,0,0,0,0,0,0,0,0,0,1,1,2,0,0,0,213,177,390,0,0,0,0,0,0,0,0,0,0,0,0,0,0,0,0,0,0,1,21,22,0,0,0,0,0,0,0,0,0,0,0,0,0,0,0,0,0,0,0,0,0,0,0,0,0,0,0,0,0,0,0,0,0,0,0,0,0,0,0,0,0,0,0,0,0
20230107,54538,12930,13884,26814,10332,11005,21337,48151,1260,1393,2653,10,0,10,25,15,40,16,9,25,0,1,1,0,0,0,0,0,0,0,0,0,4,0,4,1344,1633,2977,0,0,0,62,25,87,0,0,0,0,0,0,3,1,4,0,0,0,232,345,577,0,0,0,0,0,0,0,0,0,0,0,0,0,0,0,2,1,3,3,3,6,0,0,0,0,0,0,0,0,0,0,0,0,0,0,0,0,0,0,0,0,0,0,0,0,0,0,0,0,0,0,0,0,0,0,0,0,0,0,0,0,0,0,0,0,0
20230108,51671,10274,12429,22703,10181,10340,20521,43224,1823,1953,3776,0,1,1,0,2,2,9,353,362,0,0,0,0,0,0,0,0,0,0,0,0,0,2,2,1622,1980,3602,0,0,0,39,76,115,14,24,38,0,0,0,4,1,5,0,0,0,227,317,544,0,0,0,0,0,0,0,0,0,0,0,0,0,0,0,0,0,0,0,0,0,0,0,0,0,0,0,0,0,0,0,0,0,0,0,0,0,0,0,0,0,0,0,0,0,0,0,0,0,0,0,0,0,0,0,0,0,0,0,0,0,0,0,0,0,0
20230109,50477,10164,11761,21925,10010,11066,21076,43001,1287,1305,2592,0,0,0,0,23,23,17,213,230,11,11,22,0,0,0,0,0,0,0,0,0,0,6,6,1736,2148,3884,0,0,0,144,48,192,0,0,0,0,0,0,0,0,0,0,0,0,280,232,512,0,0,0,0,0,0,0,0,0,0,0,0,0,0,0,1,0,1,0,14,14,0,0,0,0,0,0,0,0,0,0,0,0,0,0,0,0,0,0,0,0,0,0,0,0,0,0,0,0,0,0,0,0,0,0,0,0,0,0,0,0,0,0,0,0,0
20230110,49993,10517,12280,22797,10140,10193,20333,43130,1334,1608,2942,1,1,2,4,1,5,4,71,75,0,0,0,0,0,0,0,0,0,0,0,0,0,3,3,1525,1672,3197,0,0,0,88,55,143,0,0,0,0,0,0,1,0,1,0,0,0,218,271,489,0,0,0,0,0,0,0,0,0,0,0,0,0,0,0,1,0,1,0,5,5,0,0,0,0,0,0,0,0,0,0,0,0,0,0,0,0,0,0,0,0,0,0,0,0,0,0,0,0,0,0,0,0,0,0,0,0,0,0,0,0,0,0,0,0,0
20230111,51804,10709,12509,23218,10197,10165,20362,43580,1833,1973,3806,0,0,0,13,12,25,46,99,145,1,0,1,0,0,0,0,0,0,59,160,219,1,8,9,1733,1848,3581,0,0,0,48,31,79,18,19,37,0,0,0,3,3,6,0,0,0,157,152,309,0,0,0,0,0,0,0,0,0,0,0,0,0,0,0,2,2,4,0,3,3,0,0,0,0,0,0,0,0,0,0,0,0,0,0,0,0,0,0,0,0,0,0,0,0,0,0,0,0,0,0,0,0,0,0,0,0,0,0,0,0,0,0,0,0,0
20230112,54650,11009,14422,25431,10076,11726,21802,47233,1715,1673,3388,0,1,1,2,0,2,33,148,181,1,1,2,0,0,0,0,0,0,0,0,0,0,4,4,1282,1767,3049,0,0,0,59,48,107,0,0,0,0,0,0,5,4,9,0,0,0,278,396,674,0,0,0,0,0,0,0,0,0,0,0,0,0,0,0,0,0,0,0,0,0,0,0,0,0,0,0,0,0,0,0,0,0,0,0,0,0,0,0,0,0,0,0,0,0,0,0,0,0,0,0,0,0,0,0,0,0,0,0,0,0,0,0,0,0,0
20230113,58583,11377,14616,25993,11221,12227,23448,49441,1996,2249,4245,8,5,13,0,7,7,24,59,83,5,0,5,0,0,0,0,0,0,77,172,249,0,0,0,1490,2175,3665,0,0,0,68,35,103,0,0,0,0,0,0,3,0,3,0,0,0,282,455,737,0,0,0,0,0,0,0,0,0,0,0,0,0,0,0,3,3,6,1,25,26,0,0,0,0,0,0,0,0,0,0,0,0,0,0,0,0,0,0,0,0,0,0,0,0,0,0,0,0,0,0,0,0,0,0,0,0,0,0,0,0,0,0,0,0,0
20230114,65090,12796,17860,30656,11540,14956,26496,57152,1559,1774,3333,1,0,1,0,4,4,23,133,156,8,8,16,0,0,0,0,0,0,0,0,0,1,2,3,1425,2022,3447,0,0,0,77,42,119,0,0,0,0,0,0,0,3,3,0,0,0,357,484,841,0,0,0,0,0,0,0,0,0,0,0,0,0,0,0,1,4,5,0,10,10,0,0,0,0,0,0,0,0,0,0,0,0,0,0,0,0,0,0,0,0,0,0,0,0,0,0,0,0,0,0,0,0,0,0,0,0,0,0,0,0,0,0,0,0,0
20230115,60134,11189,15495,26684,12069,12086,24155,50839,2105,2321,4426,0,0,0,5,0,5,10,5,15,12,11,23,0,0,0,0,0,0,0,0,0,0,0,0,1830,2085,3915,0,0,0,97,22,119,0,0,0,0,0,0,0,0,0,0,0,0,357,432,789,0,0,0,0,0,0,0,0,0,0,0,0,0,0,0,0,3,3,0,0,0,0,0,0,0,0,0,0,0,0,0,0,0,0,0,0,0,0,0,0,0,0,0,0,0,0,0,0,0,0,0,0,0,0,0,0,0,0,0,0,0,0,0,0,0,0
20230116,57528,11070,15123,26193,10715,12511,23226,49419,1467,1676,3143,1,1,2,1,4,5,37,31,68,18,19,37,0,0,0,0,0,0,79,200,279,0,0,0,1753,2063,3816,0,0,0,76,44,120,0,0,0,0,0,0,2,0,2,0,0,0,317,303,620,0,0,0,0,0,0,0,0,0,0,0,0,0,0,0,7,10,17,0,0,0,0,0,0,0,0,0,0,0,0,0,0,0,0,0,0,0,0,0,0,0,0,0,0,0,0,0,0,0,0,0,0,0,0,0,0,0,0,0,0,0,0,0,0,0,0
20230117,60831,11900,16141,28041,10958,13474,24432,52473,1585,2123,3708,2,0,2,8,6,14,43,24,67,0,0,0,1,0,1,0,0,0,0,0,0,1,20,21,1325,2034,3359,0,0,0,83,53,136,7,28,35,0,0,0,0,1,1,0,0,0,424,531,955,0,0,0,0,0,0,0,0,0,0,0,0,0,0,0,1,0,1,0,58,58,0,0,0,0,0,0,0,0,0,0,0,0,0,0,0,0,0,0,0,0,0,0,0,0,0,0,0,0,0,0,0,0,0,0,0,0,0,0,0,0,0,0,0,0,0
20230118,67268,12593,17047,29640,12512,14989,27501,57141,2147,2386,4533,0,0,0,18,23,41,32,25,57,0,1,1,0,0,0,0,0,0,85,227,312,19,1,20,1772,2527,4299,0,0,0,117,41,158,13,39,52,0,0,0,0,0,0,0,0,0,322,310,632,0,0,0,0,0,0,0,0,0,0,0,0,0,0,0,2,2,4,1,17,18,0,0,0,0,0,0,0,0,0,0,0,0,0,0,0,0,0,0,0,0,0,0,0,0,0,0,0,0,0,0,0,0,0,0,0,0,0,0,0,0,0,0,0,0,0
20230119,73871,13458,19938,33396,12185,17909,30094,63490,2339,2906,5245,0,1,1,9,4,13,33,59,92,0,0,0,0,8,8,0,0,0,0,0,0,1,1,2,1412,2225,3637,0,0,0,93,81,174,0,0,0,0,0,0,1,0,1,0,0,0,487,686,1173,0,0,0,0,0,0,0,0,0,0,0,0,0,0,0,0,0,0,0,35,35,0,0,0,0,0,0,0,0,0,0,0,0,0,0,0,0,0,0,0,0,0,0,0,0,0,0,0,0,0,0,0,0,0,0,0,0,0,0,0,0,0,0,0,0,0
20230120,74854,13762,22213,35975,12302,16062,28364,64339,2237,2854,5091,0,0,0,1,1,2,12,11,23,13,13,26,0,0,0,0,0,0,83,225,308,0,0,0,1776,2474,4250,0,0,0,36,142,178,0,0,0,0,0,0,0,0,0,0,0,0,319,312,631,0,0,0,0,0,0,0,0,0,0,0,0,0,0,0,0,1,1,2,3,5,0,0,0,0,0,0,0,0,0,0,0,0,0,0,0,0,0,0,0,0,0,0,0,0,0,0,0,0,0,0,0,0,0,0,0,0,0,0,0,0,0,0,0,0,0
20230121,67810,12683,20620,33303,9614,16805,26419,59722,1555,2271,3826,0,0,0,2,7,9,1,3,4,0,0,0,0,0,0,0,0,0,0,0,0,6,2,8,1148,2171,3319,0,0,0,30,36,66,0,0,0,0,0,0,1,5,6,0,0,0,307,543,850,0,0,0,0,0,0,0,0,0,0,0,0,0,0,0,0,0,0,0,0,0,0,0,0,0,0,0,0,0,0,0,0,0,0,0,0,0,0,0,0,0,0,0,0,0,0,0,0,0,0,0,0,0,0,0,0,0,0,0,0,0,0,0,0,0,0
20230122,58335,8274,19890,28164,6884,14366,21250,49414,1609,2958,4567,0,0,0,7,0,7,17,35,52,0,0,0,0,0,0,0,0,0,0,0,0,0,0,0,748,2436,3184,0,0,0,20,72,92,0,0,0,0,0,0,7,1,8,0,0,0,269,740,1009,0,0,0,0,0,0,0,0,0,0,0,0,0,0,0,1,1,2,0,0,0,0,0,0,0,0,0,0,0,0,0,0,0,0,0,0,0,0,0,0,0,0,0,0,0,0,0,0,0,0,0,0,0,0,0,0,0,0,0,0,0,0,0,0,0,0
20230123,62838,10459,19792,30251,8184,15613,23797,54048,1558,2362,3920,5,6,11,0,0,0,8,9,17,8,8,16,0,0,0,0,0,0,56,228,284,0,0,0,1351,2496,3847,0,0,0,21,67,88,0,0,0,0,0,0,8,5,13,0,0,0,215,372,587,0,0,0,0,0,0,0,0,0,0,0,0,0,0,0,0,0,0,0,7,7,0,0,0,0,0,0,0,0,0,0,0,0,0,0,0,0,0,0,0,0,0,0,0,0,0,0,0,0,0,0,0,0,0,0,0,0,0,0,0,0,0,0,0,0,0
20230124,67963,12779,19521,32300,10288,16270,26558,58858,1755,2487,4242,1,0,1,0,0,0,7,3,10,0,0,0,0,0,0,0,0,0,0,0,0,0,0,0,1571,2198,3769,0,0,0,39,81,120,0,0,0,9,0,9,0,0,0,0,0,0,334,620,954,0,0,0,0,0,0,0,0,0,0,0,0,0,0,0,0,0,0,0,0,0,0,0,0,0,0,0,0,0,0,0,0,0,0,0,0,0,0,0,0,0,0,0,0,0,0,0,0,0,0,0,0,0,0,0,0,0,0,0,0,0,0,0,0,0,0
20230125,71725,15125,18479,33604,13565,14309,27874,61478,2076,2404,4480,7,0,7,23,19,42,0,15,15,1,0,1,0,7,7,0,0,0,83,201,284,1,0,1,2286,2263,4549,0,0,0,38,74,112,0,0,0,17,11,28,0,1,1,0,0,0,320,399,719,0,0,0,0,0,0,0,0,0,0,0,0,0,0,0,0,1,1,0,0,0,0,0,0,0,0,0,0,0,0,0,0,0,0,0,0,0,0,0,0,0,0,0,0,0,0,0,0,0,0,0,0,0,0,0,0,0,0,0,0,0,0,0,0,0,0
20230126,78627,18200,18860,37060,14680,15327,30007,67067,2817,2893,5710,0,0,0,5,4,9,38,21,59,0,0,0,0,0,0,0,0,0,0,0,0,1,1,2,2202,2044,4246,0,0,0,23,114,137,0,0,0,2,2,4,1,3,4,0,0,0,654,708,1362,0,0,0,0,0,0,0,0,0,0,0,0,0,0,0,0,0,0,3,24,27,0,0,0,0,0,0,0,0,0,0,0,0,0,0,0,0,0,0,0,0,0,0,0,0,0,0,0,0,0,0,0,0,0,0,0,0,0,0,0,0,0,0,0,0,0
20230127,79513,20283,18314,38597,15956,14093,30049,68646,2661,2580,5241,0,0,0,1,0,1,7,4,11,0,0,0,0,0,0,0,0,0,88,172,260,0,0,0,2435,1925,4360,0,0,0,64,94,158,0,0,0,0,16,16,7,4,11,0,0,0,387,422,809,0,0,0,0,0,0,0,0,0,0,0,0,0,0,0,0,0,0,0,0,0,0,0,0,0,0,0,0,0,0,0,0,0,0,0,0,0,0,0,0,0,0,0,0,0,0,0,0,0,0,0,0,0,0,0,0,0,0,0,0,0,0,0,0,0,0
20230128,84968,23214,18301,41515,17110,15426,32536,74051,2783,2476,5259,0,0,0,0,0,0,3,4,7,0,0,0,0,0,0,0,0,0,0,0,0,0,2,2,2296,1936,4232,0,0,0,59,135,194,28,41,69,0,0,0,0,0,0,0,0,0,539,615,1154,0,0,0,0,0,0,0,0,0,0,0,0,0,0,0,0,0,0,0,0,0,0,0,0,0,0,0,0,0,0,0,0,0,0,0,0,0,0,0,0,0,0,0,0,0,0,0,0,0,0,0,0,0,0,0,0,0,0,0,0,0,0,0,0,0,0
20230129,83527,21322,16916,38238,18158,15794,33952,72190,2829,2668,5497,0,0,0,1,0,1,4,4,8,0,0,0,0,0,0,0,0,0,0,0,0,4,2,6,2484,2066,4550,0,0,0,137,69,206,0,0,0,0,0,0,0,0,0,0,0,0,499,570,1069,0,0,0,0,0,0,0,0,0,0,0,0,0,0,0,0,0,0,0,0,0,0,0,0,0,0,0,0,0,0,0,0,0,0,0,0,0,0,0,0,0,0,0,0,0,0,0,0,0,0,0,0,0,0,0,0,0,0,0,0,0,0,0,0,0,0
20230130,78664,21469,15281,36750,16236,15308,31544,68294,2060,2130,4190,0,0,0,17,24,41,11,24,35,0,0,0,0,2,2,0,0,0,129,190,319,5,2,7,2614,2031,4645,0,0,0,74,90,164,0,0,0,0,0,0,2,1,3,0,0,0,477,466,943,0,0,0,0,0,0,0,0,0,0,0,0,0,0,0,0,0,0,0,21,21,0,0,0,0,0,0,0,0,0,0,0,0,0,0,0,0,0,0,0,0,0,0,0,0,0,0,0,0,0,0,0,0,0,0,0,0,0,0,0,0,0,0,0,0,0
20230131,74632,20062,14812,34874,15124,14594,29718,64592,2353,2330,4683,0,0,0,6,0,6,12,4,16,0,0,0,0,0,0,0,0,0,0,0,0,0,1,1,2264,1800,4064,0,0,0,118,134,252,0,0,0,0,0,0,0,0,0,0,0,0,428,588,1016,0,0,0,0,0,0,0,0,0,0,0,0,0,0,0,2,0,2,0,0,0,0,0,0,0,0,0,0,0,0,0,0,0,0,0,0,0,0,0,0,0,0,0,0,0,0,0,0,0,0,0,0,0,0,0,0,0,0,0,0,0,0,0,0,0,0
20230201,73771,17896,15431,33327,15299,14389,29688,63015,2300,2352,4652,2,0,2,13,20,33,30,61,91,0,0,0,0,0,0,0,0,0,129,214,343,0,0,0,2537,2152,4689,0,0,0,71,104,175,28,30,58,0,0,0,0,9,9,0,0,0,271,413,684,0,0,0,0,0,0,0,0,0,0,0,0,0,0,0,4,4,8,2,10,12,0,0,0,0,0,0,0,0,0,0,0,0,0,0,0,0,0,0,0,0,0,0,0,0,0,0,0,0,0,0,0,0,0,0,0,0,0,0,0,0,0,0,0,0,0
20230202,67210,17267,13932,31199,13239,12824,26063,57262,2296,2293,4589,3,4,7,14,4,18,15,64,79,0,0,0,0,0,0,0,0,0,0,0,0,3,4,7,2212,1919,4131,0,0,0,92,127,219,0,0,0,0,0,0,9,0,9,0,0,0,378,481,859,0,0,0,0,0,0,0,0,0,0,0,0,0,0,0,7,8,15,0,15,15,0,0,0,0,0,0,0,0,0,0,0,0,0,0,0,0,0,0,0,0,0,0,0,0,0,0,0,0,0,0,0,0,0,0,0,0,0,0,0,0,0,0,0,0,0
20230203,68176,16973,13843,30816,13798,12460,26258,57074,2491,2513,5004,1,1,2,1,14,15,22,52,74,0,0,0,0,2,2,0,0,0,178,179,357,4,0,4,2487,2185,4672,0,0,0,83,114,197,0,0,0,0,0,0,0,1,1,0,0,0,389,381,770,0,0,0,0,0,0,0,0,0,0,0,0,0,0,0,0,0,0,2,2,4,0,0,0,0,0,0,0,0,0,0,0,0,0,0,0,0,0,0,0,0,0,0,0,0,0,0,0,0,0,0,0,0,0,0,0,0,0,0,0,0,0,0,0,0,0
20230204,73398,19383,14773,34156,14277,14478,28755,62911,1919,1944,3863,8,6,14,13,2,15,61,57,118,1,0,1,0,0,0,0,0,0,0,0,0,0,1,1,2476,2638,5114,0,0,0,189,112,301,65,17,82,0,0,0,2,20,22,0,0,0,453,491,944,0,0,0,0,0,0,0,0,0,0,0,0,0,0,0,0,0,0,0,12,12,0,0,0,0,0,0,0,0,0,0,0,0,0,0,0,0,0,0,0,0,0,0,0,0,0,0,0,0,0,0,0,0,0,0,0,0,0,0,0,0,0,0,0,0,0
20230205,72001,17237,15545,32782,15065,13661,28726,61508,2830,2528,5358,0,0,0,5,0,5,4,10,14,0,0,0,0,0,0,0,0,0,0,0,0,0,1,1,2319,2302,4621,0,0,0,82,122,204,0,0,0,0,0,0,2,2,4,0,0,0,148,136,284,0,0,0,0,0,0,0,0,0,0,0,0,0,0,0,0,0,0,0,2,2,0,0,0,0,0,0,0,0,0,0,0,0,0,0,0,0,0,0,0,0,0,0,0,0,0,0,0,0,0,0,0,0,0,0,0,0,0,0,0,0,0,0,0,0,0
20230206,72821,18032,16226,34258,13667,14532,28199,62457,1965,1843,3808,0,0,0,2,5,7,16,15,31,0,0,0,0,0,0,0,0,0,174,173,347,5,1,6,2531,2579,5110,0,0,0,99,122,221,43,19,62,0,0,0,11,1,12,0,0,0,286,436,722,0,0,0,0,0,0,0,0,0,0,0,0,0,0,0,3,3,6,0,32,32,0,0,0,0,0,0,0,0,0,0,0,0,0,0,0,0,0,0,0,0,0,0,0,0,0,0,0,0,0,0,0,0,0,0,0,0,0,0,0,0,0,0,0,0,0
20230207,67021,17732,13976,31708,13134,12690,25824,57532,2282,2131,4413,0,1,1,7,11,18,10,7,17,0,0,0,0,0,0,0,0,0,0,0,0,2,1,3,2325,1763,4088,0,0,0,11,23,34,0,0,0,0,0,0,4,1,5,0,0,0,422,456,878,0,0,0,0,0,0,0,0,0,0,0,0,0,0,0,0,2,2,0,30,30,0,0,0,0,0,0,0,0,0,0,0,0,0,0,0,0,0,0,0,0,0,0,0,0,0,0,0,0,0,0,0,0,0,0,0,0,0,0,0,0,0,0,0,0,0
20230208,69071,16762,13969,30731,14644,12406,27050,57781,2382,2394,4776,6,1,7,32,20,52,21,69,90,0,0,0,1,0,1,0,0,0,187,169,356,0,1,1,2835,2529,5364,0,0,0,14,26,40,0,0,0,0,0,0,3,9,12,0,0,0,215,319,534,0,0,0,0,0,0,0,0,0,0,0,0,0,0,0,4,1,5,0,52,52,0,0,0,0,0,0,0,0,0,0,0,0,0,0,0,0,0,0,0,0,0,0,0,0,0,0,0,0,0,0,0,0,0,0,0,0,0,0,0,0,0,0,0,0,0
20230209,66918,17900,13441,31341,13434,12133,25567,56908,2520,2021,4541,0,16,16,9,13,22,35,19,54,0,0,0,3,2,5,0,0,0,5,0,5,0,0,0,2381,2022,4403,0,0,0,14,50,64,0,0,0,0,0,0,10,0,10,0,0,0,463,401,864,0,0,0,0,0,0,0,0,0,0,0,0,0,0,0,0,0,0,0,26,26,0,0,0,0,0,0,0,0,0,0,0,0,0,0,0,0,0,0,0,0,0,0,0,0,0,0,0,0,0,0,0,0,0,0,0,0,0,0,0,0,0,0,0,0,0
20230210,72254,18518,14964,33482,15091,11970,27061,60543,2799,2514,5313,2,1,3,9,6,15,26,53,79,0,0,0,0,27,27,0,0,0,204,146,350,0,0,0,2731,2368,5099,0,0,0,63,56,119,4,22,26,0,0,0,0,0,0,0,0,0,309,336,645,0,0,0,0,0,0,0,0,0,0,0,0,0,0,0,4,5,9,0,26,26,0,0,0,0,0,0,0,0,0,0,0,0,0,0,0,0,0,0,0,0,0,0,0,0,0,0,0,0,0,0,0,0,0,0,0,0,0,0,0,0,0,0,0,0,0
20230211,72874,20469,15132,35601,14513,13079,27592,63193,2122,1861,3983,1,0,1,8,7,15,14,19,33,0,0,0,0,25,25,0,0,0,0,0,0,0,0,0,2435,2106,4541,0,0,0,53,52,105,0,0,0,0,0,0,7,10,17,0,0,0,468,477,945,0,0,0,0,0,0,0,0,0,0,0,0,0,0,0,1,1,2,0,14,14,0,0,0,0,0,0,0,0,0,0,0,0,0,0,0,0,0,0,0,0,0,0,0,0,0,0,0,0,0,0,0,0,0,0,0,0,0,0,0,0,0,0,0,0,0
20230212,70492,17791,14911,32702,14858,11617,26475,59177,2941,2618,5559,1,0,1,16,12,28,14,11,25,0,0,0,0,10,10,0,0,0,0,10,10,0,0,0,2536,2237,4773,0,0,0,43,43,86,10,7,17,0,0,0,2,0,2,0,0,0,424,380,804,0,0,0,0,0,0,0,0,0,0,0,0,0,0,0,0,0,0,0,0,0,0,0,0,0,0,0,0,0,0,0,0,0,0,0,0,0,0,0,0,0,0,0,0,0,0,0,0,0,0,0,0,0,0,0,0,0,0,0,0,0,0,0,0,0,0
20230213,66668,17334,14660,31994,13257,11966,25223,57217,1792,1665,3457,1,0,1,3,7,10,48,36,84,0,0,0,0,1,1,0,0,0,181,96,277,2,2,4,2618,2306,4924,0,0,0,30,67,97,0,5,5,0,0,0,0,0,0,0,0,0,272,311,583,0,0,0,0,0,0,0,0,0,0,0,0,0,0,0,6,1,7,0,1,1,0,0,0,0,0,0,0,0,0,0,0,0,0,0,0,0,0,0,0,0,0,0,0,0,0,0,0,0,0,0,0,0,0,0,0,0,0,0,0,0,0,0,0,0,0
20230214,60467,16550,13063,29613,10882,10719,21601,51214,2237,1985,4222,10,8,18,17,10,27,56,50,106,0,0,0,0,0,0,0,0,0,0,0,0,6,7,13,2239,1711,3950,0,0,0,44,61,105,0,0,0,0,0,0,7,11,18,0,0,0,373,412,785,0,0,0,0,0,0,0,0,0,0,0,0,0,0,0,0,0,0,0,9,9,0,0,0,0,0,0,0,0,0,0,0,0,0,0,0,0,0,0,0,0,0,0,0,0,0,0,0,0,0,0,0,0,0,0,0,0,0,0,0,0,0,0,0,0,0
20230215,65419,16107,14535,30642,12058,12106,24164,54806,2365,2282,4647,0,4,4,7,3,10,29,29,58,0,0,0,0,0,0,0,0,0,193,158,351,17,16,33,2351,2379,4730,0,0,0,45,58,103,5,19,24,0,0,0,6,0,6,0,0,0,285,347,632,0,0,0,0,0,0,0,0,0,0,0,0,0,0,0,4,7,11,0,4,4,0,0,0,0,0,0,0,0,0,0,0,0,0,0,0,0,0,0,0,0,0,0,0,0,0,0,0,0,0,0,0,0,0,0,0,0,0,0,0,0,0,0,0,0,0
20230216,62476,16747,13820,30567,11648,11446,23094,53661,2190,1998,4188,3,3,6,3,5,8,19,17,36,0,0,0,0,0,0,0,0,0,0,0,0,0,0,0,1846,1940,3786,0,0,0,58,55,113,0,0,0,0,0,0,0,6,6,0,0,0,356,311,667,0,0,0,0,0,0,0,0,0,0,0,0,0,0,0,4,1,5,0,0,0,0,0,0,0,0,0,0,0,0,0,0,0,0,0,0,0,0,0,0,0,0,0,0,0,0,0,0,0,0,0,0,0,0,0,0,0,0,0,0,0,0,0,0,0,0
20230217,63501,16533,14274,30807,11615,10428,22043,52850,2621,2280,4901,3,2,5,13,15,28,51,25,76,0,0,0,0,9,9,0,0,0,183,100,283,1,4,5,2314,2273,4587,0,0,0,51,70,121,8,13,21,0,0,0,5,3,8,0,0,0,289,283,572,0,0,0,0,0,0,0,0,0,0,0,0,0,0,0,8,13,21,1,12,13,0,0,0,1,0,1,0,0,0,0,0,0,0,0,0,0,0,0,0,0,0,0,0,0,0,0,0,0,0,0,0,0,0,0,0,0,0,0,0,0,0,0,0,0,0
20230218,69108,18708,16668,35376,12151,12317,24468,59844,2020,1814,3834,1,2,3,3,17,20,20,39,59,0,0,0,0,0,0,0,0,0,0,0,0,3,0,3,2149,2206,4355,0,0,0,73,56,129,0,0,0,0,0,0,12,12,24,0,0,0,469,364,833,0,0,0,0,0,0,0,0,0,0,0,0,0,0,0,1,1,2,2,0,2,0,0,0,0,0,0,0,0,0,0,0,0,0,0,0,0,0,0,0,0,0,0,0,0,0,0,0,0,0,0,0,0,0,0,0,0,0,0,0,0,0,0,0,0,0
20230219,65507,15217,15605,30822,12285,11466,23751,54573,2631,2604,5235,10,3,13,2,8,10,38,13,51,0,0,0,0,0,0,0,0,0,0,0,0,0,0,0,2398,2427,4825,0,0,0,37,72,109,16,43,59,0,0,0,4,3,7,0,0,0,292,311,603,0,0,0,0,0,0,0,0,0,0,0,0,0,0,0,4,2,6,0,0,0,0,0,0,0,16,16,0,0,0,0,0,0,0,0,0,0,0,0,0,0,0,0,0,0,0,0,0,0,0,0,0,0,0,0,0,0,0,0,0,0,0,0,0,0,0
20230220,63797,15706,15820,31526,11086,12108,23194,54720,1617,1818,3435,1,0,1,17,0,17,32,29,61,2,4,6,0,0,0,0,0,0,185,151,336,0,0,0,2158,2348,4506,0,0,0,70,83,153,0,0,0,0,0,0,6,8,14,0,0,0,256,288,544,0,0,0,0,0,0,0,0,0,0,0,0,0,0,0,3,1,4,0,0,0,0,0,0,0,0,0,0,0,0,0,0,0,0,0,0,0,0,0,0,0,0,0,0,0,0,0,0,0,0,0,0,0,0,0,0,0,0,0,0,0,0,0,0,0,0
20230221,60177,14305,15288,29593,10142,11750,21892,51485,2055,2246,4301,0,0,0,4,0,4,9,16,25,4,2,6,1,0,1,0,0,0,0,0,0,7,15,22,1528,1898,3426,0,0,0,46,94,140,0,0,0,0,0,0,0,0,0,0,0,0,355,407,762,0,0,0,0,0,0,0,0,0,0,0,0,0,0,0,2,3,5,0,0,0,0,0,0,0,0,0,0,0,0,0,0,0,0,0,0,0,0,0,0,0,0,0,0,0,0,0,0,0,0,0,0,0,0,0,0,0,0,0,0,0,0,0,0,0,0
20230222,65445,14764,16961,31725,10436,12560,22996,54721,2208,2243,4451,5,11,16,44,51,95,24,37,61,2,0,2,0,0,0,0,0,0,157,184,341,11,3,14,2097,2736,4833,0,0,0,73,119,192,41,13,54,0,0,0,0,0,0,0,0,0,287,345,632,0,0,0,0,0,0,0,0,0,0,0,0,0,0,0,0,0,0,0,19,19,0,0,0,12,2,14,0,0,0,0,0,0,0,0,0,0,0,0,0,0,0,0,0,0,0,0,0,0,0,0,0,0,0,0,0,0,0,0,0,0,0,0,0,0,0
20230223,69593,15474,18442,33916,10385,14020,24405,58321,2343,2705,5048,0,0,0,12,9,21,39,27,66,0,0,0,0,7,7,0,0,0,0,0,0,0,3,3,2255,2615,4870,0,0,0,79,92,171,0,0,0,0,0,0,2,4,6,0,0,0,461,590,1051,0,0,0,0,0,0,0,0,0,0,0,0,0,0,0,8,7,15,0,14,14,0,0,0,0,0,0,0,0,0,0,0,0,0,0,0,0,0,0,0,0,0,0,0,0,0,0,0,0,0,0,0,0,0,0,0,0,0,0,0,0,0,0,0,0,0
20230224,75050,16173,21432,37605,10491,14629,25120,62725,2537,3126,5663,2,98,100,5,2,7,43,68,111,0,0,0,0,0,0,0,0,0,175,210,385,0,0,0,1854,2913,4767,0,0,0,100,175,275,7,60,67,0,0,0,4,8,12,0,0,0,417,501,918,0,0,0,0,0,0,0,0,0,0,0,0,0,0,0,0,1,1,0,8,8,0,0,0,6,5,11,0,0,0,0,0,0,0,0,0,0,0,0,0,0,0,0,0,0,0,0,0,0,0,0,0,0,0,0,0,0,0,0,0,0,0,0,0,0,0
20230225,79038,17870,22821,40691,10822,16756,27578,68269,1967,2641,4608,1,0,1,0,5,5,10,10,20,0,0,0,0,0,0,0,0,0,0,0,0,0,6,6,1641,2856,4497,0,0,0,78,308,386,0,0,0,0,0,0,0,3,3,0,0,0,516,714,1230,0,0,0,0,0,0,0,0,0,0,0,0,0,0,0,9,4,13,0,0,0,0,0,0,0,0,0,0,0,0,0,0,0,0,0,0,0,0,0,0,0,0,0,0,0,0,0,0,0,0,0,0,0,0,0,0,0,0,0,0,0,0,0,0,0,0
20230226,69462,14879,18599,33478,11334,12955,24289,57767,2747,3214,5961,1,0,1,5,0,5,28,46,74,0,0,0,0,0,0,0,0,0,0,0,0,0,0,0,1701,2805,4506,0,0,0,105,221,326,6,33,39,0,0,0,8,0,8,0,0,0,328,441,769,0,0,0,0,0,0,0,0,0,0,0,0,0,0,0,0,6,6,0,0,0,0,0,0,0,0,0,0,0,0,0,0,0,0,0,0,0,0,0,0,0,0,0,0,0,0,0,0,0,0,0,0,0,0,0,0,0,0,0,0,0,0,0,0,0,0
20230227,74052,18822,17606,36428,13154,13640,26794,63222,2117,1855,3972,0,1,1,2,2,4,17,4,21,1,0,1,0,3,3,0,0,0,184,175,359,0,1,1,2470,2711,5181,0,0,0,175,183,358,16,3,19,0,0,0,11,10,21,0,0,0,472,390,862,0,0,0,0,0,0,0,0,0,0,0,0,0,0,0,3,3,6,0,21,21,0,0,0,0,0,0,0,0,0,0,0,0,0,0,0,0,0,0,0,0,0,0,0,0,0,0,0,0,0,0,0,0,0,0,0,0,0,0,0,0,0,0,0,0,0
20230228,76774,21771,16285,38056,15232,11699,26931,64987,3178,2257,5435,2,1,3,2,0,2,6,37,43,0,0,0,0,0,0,0,0,0,0,0,0,0,2,2,2704,1992,4696,0,0,0,250,74,324,0,0,0,0,0,0,0,2,2,0,0,0,712,492,1204,0,0,0,0,0,0,0,0,0,0,0,0,0,0,0,6,5,11,0,65,65,0,0,0,0,0,0,0,0,0,0,0,0,0,0,0,0,0,0,0,0,0,0,0,0,0,0,0,0,0,0,0,0,0,0,0,0,0,0,0,0,0,0,0,0,0
20230301,76975,21169,15912,37081,15525,11904,27429,64510,3109,2280,5389,0,0,0,3,12,15,26,78,104,0,0,0,1,7,8,0,0,0,203,161,364,0,19,19,2953,2287,5240,0,0,0,254,76,330,0,0,0,0,0,0,2,0,2,0,0,0,511,344,855,0,0,0,0,0,0,0,0,0,0,0,0,0,0,0,1,0,1,12,7,19,0,0,0,88,31,119,0,0,0,0,0,0,0,0,0,0,0,0,0,0,0,0,0,0,0,0,0,0,0,0,0,0,0,0,0,0,0,0,0,0,0,0,0,0,0
20230302,67725,18354,14641,32995,12940,10996,23936,56931,2821,2419,5240,12,0,12,2,3,5,57,46,103,0,0,0,0,0,0,0,0,0,0,0,0,2,1,3,2140,1865,4005,0,0,0,163,94,257,0,0,0,0,0,0,1,1,2,0,0,0,677,486,1163,0,0,0,0,0,0,0,0,0,0,0,0,0,0,0,0,2,2,2,0,2,0,0,0,0,0,0,0,0,0,0,0,0,0,0,0,0,0,0,0,0,0,0,0,0,0,0,0,0,0,0,0,0,0,0,0,0,0,0,0,0,0,0,0,0,0
20230303,66517,17993,14855,32848,12054,10145,22199,55047,3054,2462,5516,1,1,2,5,8,13,22,50,72,0,0,0,0,0,0,0,0,0,192,127,319,8,0,8,2192,2279,4471,0,0,0,89,121,210,18,12,30,0,0,0,1,7,8,0,0,0,469,333,802,0,0,0,0,0,0,0,0,0,0,0,0,0,0,0,13,6,19,0,0,0,0,0,0,0,0,0,0,0,0,0,0,0,0,0,0,0,0,0,0,0,0,0,0,0,0,0,0,0,0,0,0,0,0,0,0,0,0,0,0,0,0,0,0,0,0
20230304,71807,20016,16001,36017,13520,11844,25364,61381,2464,1994,4458,2,4,6,12,6,18,60,32,92,0,0,0,0,1,1,0,0,0,0,0,0,0,0,0,2351,2122,4473,0,0,0,146,94,240,0,0,0,0,0,0,12,5,17,0,0,0,637,456,1093,0,0,0,0,0,0,0,0,0,0,0,0,0,0,0,2,4,6,4,18,22,0,0,0,0,0,0,0,0,0,0,0,0,0,0,0,0,0,0,0,0,0,0,0,0,0,0,0,0,0,0,0,0,0,0,0,0,0,0,0,0,0,0,0,0,0
20230305,74031,18056,16576,34632,14501,12183,26684,61316,2918,3164,6082,0,2,2,0,0,0,16,2,18,9,9,18,1,0,1,0,0,0,0,0,0,0,1,1,2637,2687,5324,0,0,0,111,177,288,0,0,0,0,0,0,0,0,0,0,0,0,453,458,911,0,0,0,0,0,0,0,0,0,0,0,0,0,0,0,0,0,0,0,0,0,0,0,0,32,38,70,0,0,0,0,0,0,0,0,0,0,0,0,0,0,0,0,0,0,0,0,0,0,0,0,0,0,0,0,0,0,0,0,0,0,0,0,0,0,0
20230306,74162,17679,17094,34773,13070,12912,25982,60755,2092,2217,4309,0,0,0,1,2,3,2570,37,2607,0,0,0,0,2,2,0,0,0,187,169,356,3,6,9,2518,2529,5047,0,0,0,92,118,210,15,6,21,0,0,0,8,14,22,0,0,0,416,403,819,0,0,0,0,0,0,0,0,0,0,0,0,0,0,0,0,0,0,0,2,2,0,0,0,0,0,0,0,0,0,0,0,0,0,0,0,0,0,0,0,0,0,0,0,0,0,0,0,0,0,0,0,0,0,0,0,0,0,0,0,0,0,0,0,0,0
20230307,69481,17290,15815,33105,11525,11910,23435,56540,2421,2582,5003,15,2544,2559,3,3,6,23,13,36,0,0,0,0,10,10,0,0,0,0,0,0,0,0,0,2042,1967,4009,0,0,0,88,131,219,0,0,0,0,0,0,1,0,1,0,0,0,523,516,1039,0,0,0,0,0,0,0,0,0,0,0,0,0,0,0,3,1,4,2,53,55,0,0,0,0,0,0,0,0,0,0,0,0,0,0,0,0,0,0,0,0,0,0,0,0,0,0,0,0,0,0,0,0,0,0,0,0,0,0,0,0,0,0,0,0,0
20230308,68989,16658,16333,32991,12359,12169,24528,57519,2521,2625,5146,3,3,6,39,44,83,24,43,67,0,0,0,0,0,0,0,0,0,136,149,285,1,0,1,2241,2499,4740,0,0,0,165,194,359,0,0,0,0,0,0,4,0,4,0,0,0,396,337,733,0,0,0,0,0,0,0,0,0,0,0,0,0,0,0,0,0,0,0,0,0,0,0,0,18,28,46,0,0,0,0,0,0,0,0,0,0,0,0,0,0,0,0,0,0,0,0,0,0,0,0,0,0,0,0,0,0,0,0,0,0,0,0,0,0,0
20230309,71291,17230,16334,33564,12070,12850,24920,58484,2723,2478,5201,579,586,1165,11,25,36,582,57,639,0,0,0,0,0,0,0,0,0,0,0,0,0,4,4,2019,2375,4394,0,0,0,111,135,246,0,0,0,0,0,0,0,1,1,0,0,0,618,497,1115,0,0,0,0,0,0,0,0,0,0,0,0,0,0,0,1,0,1,1,4,5,0,0,0,0,0,0,0,0,0,0,0,0,0,0,0,0,0,0,0,0,0,0,0,0,0,0,0,0,0,0,0,0,0,0,0,0,0,0,0,0,0,0,0,0,0
20230310,75039,18834,17922,36756,13462,12124,25586,62342,3083,2836,5919,29,3,32,26,8,34,13,44,57,2,2,4,0,0,0,0,0,0,136,173,309,2,2,4,2472,2591,5063,0,0,0,194,115,309,11,18,29,0,0,0,6,6,12,0,0,0,511,409,920,0,0,0,0,0,0,0,0,0,0,0,0,0,0,0,0,2,2,3,0,3,0,0,0,0,0,0,0,0,0,0,0,0,0,0,0,0,0,0,0,0,0,0,0,0,0,0,0,0,0,0,0,0,0,0,0,0,0,0,0,0,0,0,0,0,0
20230311,76397,19520,18350,37870,13205,13490,26695,64565,2375,2455,4830,11,513,524,17,13,30,14,33,47,0,0,0,0,0,0,0,0,0,0,0,0,0,0,0,2400,2400,4800,0,0,0,116,193,309,0,0,0,0,0,0,5,4,9,0,0,0,656,607,1263,0,0,0,0,0,0,0,0,0,0,0,0,0,0,0,0,1,1,0,19,19,0,0,0,0,0,0,0,0,0,0,0,0,0,0,0,0,0,0,0,0,0,0,0,0,0,0,0,0,0,0,0,0,0,0,0,0,0,0,0,0,0,0,0,0,0
20230312,77283,18300,18776,37076,13848,13123,26971,64047,3080,3349,6429,0,1,1,15,4,19,7,13,20,0,0,0,0,0,0,0,0,0,0,0,0,0,7,7,2512,2909,5421,0,0,0,217,165,382,16,16,32,0,0,0,1,0,1,0,0,0,432,478,910,0,0,0,0,0,0,0,0,0,0,0,0,0,0,0,1,3,4,0,10,10,0,0,0,0,0,0,0,0,0,0,0,0,0,0,0,0,0,0,0,0,0,0,0,0,0,0,0,0,0,0,0,0,0,0,0,0,0,0,0,0,0,0,0,0,0
20230313,74418,17522,18995,36517,12593,13384,25977,62494,2089,2418,4507,543,1,544,6,7,13,38,28,66,0,0,0,0,0,0,0,0,0,157,188,345,0,0,0,2468,2770,5238,0,0,0,98,188,286,46,14,60,0,0,0,0,0,0,0,0,0,409,440,849,0,0,0,0,0,0,0,0,0,0,0,0,0,0,0,0,0,0,0,9,9,0,0,0,0,7,7,0,0,0,0,0,0,0,0,0,0,0,0,0,0,0,0,0,0,0,0,0,0,0,0,0,0,0,0,0,0,0,0,0,0,0,0,0,0,0
20230314,68981,17178,16743,33921,11553,12376,23929,57850,2542,2789,5331,22,22,44,1,7,8,28,38,66,0,0,0,2,0,2,0,0,0,0,0,0,1,4,5,1936,2245,4181,0,0,0,192,128,320,0,0,0,0,0,0,0,1,1,0,0,0,557,615,1172,0,0,0,0,0,0,0,0,0,0,0,0,0,0,0,1,0,1,0,0,0,0,0,0,0,0,0,0,0,0,0,0,0,0,0,0,0,0,0,0,0,0,0,0,0,0,0,0,0,0,0,0,0,0,0,0,0,0,0,0,0,0,0,0,0,0
20230315,78554,17070,18067,35137,12683,13568,26251,61388,2813,2678,5491,2171,2146,4317,34,27,61,39,597,636,0,0,0,0,1,1,0,0,0,160,182,342,1,0,1,2243,2866,5109,0,0,0,128,161,289,17,10,27,0,0,0,11,8,19,0,0,0,453,411,864,0,0,0,0,0,0,0,0,0,0,0,0,0,0,0,0,3,3,0,1,1,0,0,0,4,1,5,0,0,0,0,0,0,0,0,0,0,0,0,0,0,0,0,0,0,0,0,0,0,0,0,0,0,0,0,0,0,0,0,0,0,0,0,0,0,0
20230316,73465,17422,18003,35425,12353,13368,25721,61146,3087,2833,5920,1,2,3,8,16,24,72,13,85,0,0,0,0,0,0,0,0,0,0,0,0,10,1,11,2206,2482,4688,0,0,0,146,136,282,0,0,0,0,0,0,9,8,17,0,0,0,713,568,1281,0,0,0,0,0,0,0,0,0,0,0,0,0,0,0,0,1,1,0,7,7,0,0,0,0,0,0,0,0,0,0,0,0,0,0,0,0,0,0,0,0,0,0,0,0,0,0,0,0,0,0,0,0,0,0,0,0,0,0,0,0,0,0,0,0,0
20230317,79089,19005,18959,37964,14655,12866,27521,65485,3387,2852,6239,0,1,1,12,3,15,52,103,155,0,0,0,0,0,0,0,0,0,165,140,305,0,7,7,2811,2779,5590,0,0,0,107,199,306,9,21,30,0,0,0,0,0,0,0,0,0,516,416,932,0,0,0,0,0,0,0,0,0,0,0,0,0,0,0,1,4,5,0,19,19,0,0,0,0,0,0,0,0,0,0,0,0,0,0,0,0,0,0,0,0,0,0,0,0,0,0,0,0,0,0,0,0,0,0,0,0,0,0,0,0,0,0,0,0,0
20230318,79784,20022,19639,39661,13506,14436,27942,67603,2804,2503,5307,0,0,0,2,1,3,23,24,47,3,0,3,0,0,0,0,0,0,0,0,0,4,6,10,2588,2536,5124,0,0,0,151,181,332,0,0,0,0,0,0,10,10,20,0,0,0,711,594,1305,0,0,0,0,0,0,0,0,0,0,0,0,0,0,0,2,4,6,2,22,24,0,0,0,0,0,0,0,0,0,0,0,0,0,0,0,0,0,0,0,0,0,0,0,0,0,0,0,0,0,0,0,0,0,0,0,0,0,0,0,0,0,0,0,0,0
20230319,78492,17756,19187,36943,14707,13306,28013,64956,3087,3548,6635,1,0,1,2,5,7,18,22,40,0,0,0,0,0,0,0,0,0,0,0,0,3,0,3,2616,2895,5511,0,0,0,230,109,339,10,11,21,0,0,0,4,4,8,0,0,0,475,486,961,0,0,0,0,0,0,0,0,0,0,0,0,0,0,0,2,0,2,0,8,8,0,0,0,0,0,0,0,0,0,0,0,0,0,0,0,0,0,0,0,0,0,0,0,0,0,0,0,0,0,0,0,0,0,0,0,0,0,0,0,0,0,0,0,0,0
20230320,79698,18851,19652,38503,13877,14808,28685,67188,2344,2764,5108,0,0,0,15,14,29,55,42,97,0,0,0,0,0,0,0,0,0,186,147,333,2,0,2,2572,3086,5658,0,0,0,170,128,298,0,0,0,0,0,0,3,2,5,0,0,0,450,488,938,0,0,0,0,0,0,0,0,0,0,0,0,0,0,0,2,2,4,0,1,1,0,0,0,19,18,37,0,0,0,0,0,0,0,0,0,0,0,0,0,0,0,0,0,0,0,0,0,0,0,0,0,0,0,0,0,0,0,0,0,0,0,0,0,0,0
20230321,72737,18008,17087,35095,12494,12943,25437,60532,2691,3125,5816,3,4,7,5,14,19,53,9,62,0,0,0,0,0,0,0,0,0,0,0,0,3,0,3,2267,2513,4780,0,0,0,110,142,252,0,0,0,0,0,0,8,10,18,0,0,0,577,644,1221,0,0,0,0,0,0,0,0,0,0,0,0,0,0,0,0,0,0,2,25,27,0,0,0,0,0,0,0,0,0,0,0,0,0,0,0,0,0,0,0,0,0,0,0,0,0,0,0,0,0,0,0,0,0,0,0,0,0,0,0,0,0,0,0,0,0
20230322,73174,17118,17308,34426,13084,13466,26550,60976,2557,2691,5248,2,1,3,47,52,99,58,39,97,0,0,0,0,0,0,0,0,0,135,205,340,0,0,0,2309,2962,5271,0,0,0,139,92,231,0,0,0,0,0,0,1,0,1,0,0,0,454,420,874,0,0,0,0,0,0,0,0,0,0,0,0,0,0,0,1,0,1,0,0,0,0,0,0,21,12,33,0,0,0,0,0,0,0,0,0,0,0,0,0,0,0,0,0,0,0,0,0,0,0,0,0,0,0,0,0,0,0,0,0,0,0,0,0,0,0
20230323,73449,17563,17258,34821,13268,13875,27143,61964,2939,2568,5507,4,0,4,17,8,25,32,5,37,21,22,43,0,0,0,0,0,0,7,0,7,7,1,8,1913,2564,4477,0,0,0,84,93,177,0,0,0,0,0,0,0,11,11,0,0,0,652,531,1183,0,0,0,0,0,0,0,0,0,0,0,0,0,0,0,2,4,6,0,0,0,0,0,0,0,0,0,0,0,0,0,0,0,0,0,0,0,0,0,0,0,0,0,0,0,0,0,0,0,0,0,0,0,0,0,0,0,0,0,0,0,0,0,0,0,0
20230324,77131,18780,18452,37232,14279,12561,26840,64072,3221,2732,5953,5,223,228,12,10,22,13,53,66,0,0,0,0,0,0,0,0,0,167,162,329,4,41,45,2435,2766,5201,0,0,0,116,121,237,10,29,39,0,0,0,10,1,11,0,0,0,512,396,908,0,0,0,0,0,0,0,0,0,0,0,0,0,0,0,0,0,0,0,20,20,0,0,0,0,0,0,0,0,0,0,0,0,0,0,0,0,0,0,0,0,0,0,0,0,0,0,0,0,0,0,0,0,0,0,0,0,0,0,0,0,0,0,0,0,0
20230325,81161,20018,19133,39151,14389,14752,29141,68292,2754,2581,5335,1,1,2,1,0,1,41,80,121,0,0,0,0,0,0,0,0,0,0,0,0,5,4,9,2650,2546,5196,0,0,0,420,446,866,0,0,0,0,0,0,1,0,1,0,0,0,653,673,1326,0,0,0,0,0,0,0,0,0,0,0,0,0,0,0,5,4,9,0,3,3,0,0,0,0,0,0,0,0,0,0,0,0,0,0,0,0,0,0,0,0,0,0,0,0,0,0,0,0,0,0,0,0,0,0,0,0,0,0,0,0,0,0,0,0,0
20230326,84336,17823,21085,38908,15209,16037,31246,70154,2992,3156,6148,2,9,11,8,10,18,19,20,39,0,0,0,0,0,0,0,0,0,0,0,0,0,0,0,2767,3277,6044,0,0,0,337,370,707,15,34,49,0,0,0,12,0,12,0,0,0,564,573,1137,0,0,0,0,0,0,0,0,0,0,0,0,0,0,0,6,4,10,0,7,7,0,0,0,0,0,0,0,0,0,0,0,0,0,0,0,0,0,0,0,0,0,0,0,0,0,0,0,0,0,0,0,0,0,0,0,0,0,0,0,0,0,0,0,0,0
20230327,77633,15950,20003,35953,12709,15968,28677,64630,2341,2920,5261,9,0,9,7,3,10,25,57,82,5,0,5,0,0,0,0,0,0,126,109,235,8,2,10,2447,3246,5693,0,0,0,363,455,818,0,0,0,0,0,0,5,5,10,0,0,0,335,470,805,0,0,0,0,0,0,0,0,0,0,0,0,0,0,0,1,2,3,0,1,1,0,0,0,21,40,61,0,0,0,0,0,0,0,0,0,0,0,0,0,0,0,0,0,0,0,0,0,0,0,0,0,0,0,0,0,0,0,0,0,0,0,0,0,0,0
20230328,76545,15316,20212,35528,12435,15820,28255,63783,2702,3288,5990,0,0,0,13,13,26,42,21,63,0,0,0,0,0,0,0,0,0,0,0,0,10,2,12,1968,2921,4889,0,0,0,430,463,893,0,0,0,0,0,0,1,0,1,0,0,0,427,460,887,0,0,0,0,0,0,0,0,0,0,0,0,0,0,0,0,1,1,0,0,0,0,0,0,0,0,0,0,0,0,0,0,0,0,0,0,0,0,0,0,0,0,0,0,0,0,0,0,0,0,0,0,0,0,0,0,0,0,0,0,0,0,0,0,0,0
20230329,81870,15708,20741,36449,13697,17284,30981,67430,2963,3374,6337,0,0,0,54,55,109,31,20,51,6,0,6,0,0,0,0,0,0,103,160,263,2,8,10,2379,3269,5648,0,0,0,443,523,966,0,0,0,0,0,0,0,0,0,0,0,0,468,474,942,0,0,0,0,0,0,0,0,0,0,0,0,0,0,0,1,1,2,0,16,16,0,0,0,32,58,90,0,0,0,0,0,0,0,0,0,0,0,0,0,0,0,0,0,0,0,0,0,0,0,0,0,0,0,0,0,0,0,0,0,0,0,0,0,0,0
20230330,91702,17947,24627,42574,14786,19016,33802,76376,3328,4074,7402,0,0,0,16,20,36,19,67,86,0,7,7,0,0,0,0,0,0,0,0,0,6,8,14,2387,3120,5507,0,0,0,463,742,1205,0,0,0,0,0,0,1,11,12,0,0,0,503,549,1052,0,0,0,0,0,0,0,0,0,0,0,0,0,0,0,0,0,0,0,5,5,0,0,0,0,0,0,0,0,0,0,0,0,0,0,0,0,0,0,0,0,0,0,0,0,0,0,0,0,0,0,0,0,0,0,0,0,0,0,0,0,0,0,0,0,0
20230331,100589,18520,26553,45073,17560,20196,37756,82829,3728,4327,8055,1,15,16,0,3,3,32,60,92,0,0,0,0,0,0,0,0,0,179,232,411,4,11,15,2890,3819,6709,0,0,0,482,624,1106,20,108,128,0,0,0,5,0,5,0,0,0,503,646,1149,0,0,0,0,0,0,0,0,0,0,0,0,0,0,0,0,0,0,0,27,27,0,0,0,11,33,44,0,0,0,0,0,0,0,0,0,0,0,0,0,0,0,0,0,0,0,0,0,0,0,0,0,0,0,0,0,0,0,0,0,0,0,0,0,0,0
20230401,110780,19721,28241,47962,17531,24035,41566,89528,3892,5066,8958,1,0,1,15,16,31,25,49,74,1842,4,1846,0,0,0,0,0,0,0,176,176,0,4,4,2550,3887,6437,0,0,0,597,1035,1632,16,357,373,0,0,0,10,16,26,0,0,0,767,902,1669,0,0,0,0,0,0,0,0,0,0,0,0,0,0,0,0,0,0,0,18,18,0,0,0,0,7,7,0,0,0,0,0,0,0,0,0,0,0,0,0,0,0,0,0,0,0,0,0,0,0,0,0,0,0,0,0,0,0,0,0,0,0,0,0,0,0
20230402,95510,18523,25526,44049,14898,18194,33092,77141,3843,4324,8167,8,1841,1849,1,0,1,13,16,29,0,0,0,0,0,0,0,0,0,0,0,0,1,1,2,2344,3506,5850,0,0,0,689,681,1370,27,82,109,0,0,0,7,0,7,0,0,0,394,568,962,0,0,0,0,0,0,0,0,0,0,0,0,0,0,0,0,0,0,3,7,10,0,0,0,0,13,13,0,0,0,0,0,0,0,0,0,0,0,0,0,0,0,0,0,0,0,0,0,0,0,0,0,0,0,0,0,0,0,0,0,0,0,0,0,0,0
20230403,84858,18561,19083,37644,15661,15895,31556,69200,3574,2982,6556,10,0,10,2,4,6,24,34,58,0,0,0,0,0,0,0,0,0,137,166,303,33,56,89,2617,3422,6039,0,0,0,937,533,1470,47,81,128,0,0,0,0,0,0,0,0,0,388,582,970,0,0,0,0,0,0,0,0,0,0,0,0,0,0,0,1,0,1,0,0,0,0,0,0,16,12,28,0,0,0,0,0,0,0,0,0,0,0,0,0,0,0,0,0,0,0,0,0,0,0,0,0,0,0,0,0,0,0,0,0,0,0,0,0,0,0
20230404,91659,25233,18197,43430,18164,12596,30760,74190,4449,2697,7146,24,24,48,8,20,28,903,1297,2200,0,0,0,0,0,0,0,0,0,0,0,0,1,19,20,2597,2579,5176,0,0,0,947,829,1776,85,45,130,0,0,0,0,0,0,0,0,0,523,394,917,0,0,0,0,0,0,0,0,0,0,0,0,0,0,0,0,0,0,0,0,0,0,0,0,23,5,28,0,0,0,0,0,0,0,0,0,0,0,0,0,0,0,0,0,0,0,0,0,0,0,0,0,0,0,0,0,0,0,0,0,0,0,0,0,0,0
20230405,95331,28367,16439,44806,21243,11766,33009,77815,4889,2895,7784,2,1,3,59,56,115,28,36,64,0,0,0,0,0,0,0,0,0,343,125,468,0,5,5,3832,2586,6418,0,0,0,545,562,1107,159,28,187,0,0,0,0,4,4,0,0,0,829,527,1356,0,0,0,0,0,0,0,0,0,0,0,0,0,0,0,0,1,1,0,0,0,0,0,0,3,1,4,0,0,0,0,0,0,0,0,0,0,0,0,0,0,0,0,0,0,0,0,0,0,0,0,0,0,0,0,0,0,0,0,0,0,0,0,0,0,0
20230406,95910,26034,17577,43611,19680,14705,34385,77996,4467,3256,7723,215,226,441,3,12,15,1190,882,2072,0,0,0,0,0,0,0,0,0,0,0,0,1,10,11,2774,2683,5457,0,0,0,213,595,808,61,30,91,10,0,10,1,0,1,0,0,0,734,518,1252,0,0,0,0,0,0,0,0,0,0,0,0,0,0,0,3,1,4,0,19,19,0,0,0,8,2,10,0,0,0,0,0,0,0,0,0,0,0,0,0,0,0,0,0,0,0,0,0,0,0,0,0,0,0,0,0,0,0,0,0,0,0,0,0,0,0
20230407,84702,21403,15970,37373,17594,13006,30600,67973,4059,3379,7438,0,2,2,12,8,20,35,114,149,0,0,0,0,0,0,0,0,0,175,124,299,1,2,3,3117,2582,5699,0,0,0,814,1170,1984,99,29,128,0,0,0,5,0,5,0,0,0,527,449,976,0,0,0,0,0,0,0,0,0,0,0,0,0,0,0,3,5,8,0,11,11,0,0,0,7,0,7,0,0,0,0,0,0,0,0,0,0,0,0,0,0,0,0,0,0,0,0,0,0,0,0,0,0,0,0,0,0,0,0,0,0,0,0,0,0,0
20230408,93983,23974,17730,41704,19199,15698,34897,76601,4197,3982,8179,1,0,1,0,11,11,19,39,58,0,0,0,0,0,0,0,0,0,0,0,0,0,3,3,3218,2773,5991,0,0,0,813,697,1510,78,17,95,0,8,8,5,10,15,0,0,0,784,700,1484,0,0,0,0,0,0,0,0,0,0,0,0,0,0,0,5,2,7,0,0,0,0,0,0,1,19,20,0,0,0,0,0,0,0,0,0,0,0,0,0,0,0,0,0,0,0,0,0,0,0,0,0,0,0,0,0,0,0,0,0,0,0,0,0,0,0
20230409,106284,25501,21254,46755,21615,18909,40524,87279,4655,4656,9311,2,12,14,7,0,7,24,48,72,0,0,0,0,0,0,0,0,0,0,0,0,2,0,2,3528,3294,6822,0,0,0,904,651,1555,58,29,87,0,0,0,7,9,16,0,0,0,608,474,1082,0,0,0,0,0,0,0,0,0,0,0,0,0,0,0,0,1,1,1,14,15,0,0,0,7,14,21,0,0,0,0,0,0,0,0,0,0,0,0,0,0,0,0,0,0,0,0,0,0,0,0,0,0,0,0,0,0,0,0,0,0,0,0,0,0,0
20230410,101829,21510,21289,42799,17631,17904,35535,78334,3498,3758,7256,2556,2529,5085,14,29,43,1146,10,1156,0,0,0,0,0,0,0,0,0,186,180,366,0,1,1,3405,3121,6526,0,0,0,747,784,1531,48,63,111,0,0,0,0,5,5,0,0,0,696,687,1383,0,0,0,0,0,0,0,0,0,0,0,0,0,0,0,1,0,1,0,2,2,0,0,0,13,16,29,0,0,0,0,0,0,0,0,0,0,0,0,0,0,0,0,0,0,0,0,0,0,0,0,0,0,0,0,0,0,0,0,0,0,0,0,0,0,0
20230411,86737,20524,18797,39321,15078,15488,30566,69887,3641,4113,7754,3,3,6,24,23,47,22,1414,1436,0,0,0,0,0,0,0,0,0,0,0,0,1,10,11,2707,2258,4965,0,0,0,733,843,1576,34,25,59,0,0,0,7,3,10,0,0,0,477,483,960,0,0,0,0,0,0,0,0,0,0,0,0,0,0,0,4,5,9,0,9,9,0,0,0,6,2,8,0,0,0,0,0,0,0,0,0,0,0,0,0,0,0,0,0,0,0,0,0,0,0,0,0,0,0,0,0,0,0,0,0,0,0,0,0,0,0
20230412,85166,19125,19144,38269,14801,15721,30522,68791,3655,4065,7720,0,1,1,26,24,50,39,72,111,5,5,10,0,0,0,0,0,0,123,138,261,12,29,41,2930,2612,5542,0,0,0,570,819,1389,36,20,56,0,0,0,2,16,18,0,0,0,493,653,1146,0,0,0,0,0,0,0,0,0,0,0,0,0,0,0,1,1,2,0,15,15,0,0,0,9,4,13,0,0,0,0,0,0,0,0,0,0,0,0,0,0,0,0,0,0,0,0,0,0,0,0,0,0,0,0,0,0,0,0,0,0,0,0,0,0,0
20230413,88322,19456,20093,39549,14854,16301,31155,70704,3690,3577,7267,2,0,2,14,7,21,678,434,1112,1874,0,1874,4,0,4,0,0,0,0,10,10,5,4,9,2420,2500,4920,0,0,0,620,768,1388,47,34,81,0,0,0,16,0,16,0,0,0,461,390,851,0,0,0,0,0,0,0,0,0,0,0,0,0,0,0,8,8,16,1,32,33,0,0,0,8,6,14,0,0,0,0,0,0,0,0,0,0,0,0,0,0,0,0,0,0,0,0,0,0,0,0,0,0,0,0,0,0,0,0,0,0,0,0,0,0,0
20230414,88798,18718,19632,38350,15880,16299,32179,70529,3690,4069,7759,11,1884,1895,0,7,7,13,51,64,0,0,0,0,0,0,0,0,0,160,83,243,7,10,17,2887,2914,5801,0,0,0,593,828,1421,29,78,107,0,5,5,0,0,0,0,0,0,462,456,918,0,0,0,0,0,0,0,0,0,0,0,0,0,0,0,5,4,9,0,13,13,0,0,0,4,6,10,0,0,0,0,0,0,0,0,0,0,0,0,0,0,0,0,0,0,0,0,0,0,0,0,0,0,0,0,0,0,0,0,0,0,0,0,0,0,0
20230415,90719,20285,21456,41741,15343,17785,33128,74869,3322,3958,7280,3,4,7,21,12,33,28,13,41,1,0,1,0,0,0,2,0,2,0,0,0,0,1,1,2726,2719,5445,0,0,0,775,1131,1906,20,28,48,0,0,0,2,4,6,0,0,0,518,547,1065,0,0,0,0,0,0,0,0,0,0,0,0,0,0,0,1,0,1,3,0,3,0,0,0,4,7,11,0,0,0,0,0,0,0,0,0,0,0,0,0,0,0,0,0,0,0,0,0,0,0,0,0,0,0,0,0,0,0,0,0,0,0,0,0,0,0
20230416,97128,20867,23171,44038,17224,18628,35852,79890,4081,3917,7998,12,0,12,7,7,14,16,18,34,0,0,0,0,3,3,0,0,0,0,0,0,5,0,5,3054,3382,6436,0,0,0,788,904,1692,31,30,61,0,0,0,1,2,3,0,0,0,502,463,965,0,0,0,0,0,0,0,0,0,0,0,0,0,0,0,2,4,6,0,1,1,0,0,0,3,5,8,0,0,0,0,0,0,0,0,0,0,0,0,0,0,0,0,0,0,0,0,0,0,0,0,0,0,0,0,0,0,0,0,0,0,0,0,0,0,0
20230417,88422,18815,20090,38905,15103,17613,32716,71621,3073,3525,6598,0,0,0,6,2,8,997,11,1008,0,0,0,0,0,0,0,0,0,112,141,253,4,5,9,3027,3122,6149,0,0,0,993,856,1849,0,0,0,0,0,0,2,3,5,0,0,0,404,469,873,0,0,0,0,0,0,0,0,0,0,0,0,0,0,0,0,0,0,1,10,11,0,0,0,14,24,38,0,0,0,0,0,0,0,0,0,0,0,0,0,0,0,0,0,0,0,0,0,0,0,0,0,0,0,0,0,0,0,0,0,0,0,0,0,0,0
20230418,85623,18908,20103,39011,13896,15392,29288,68299,3211,3567,6778,905,902,1807,9,10,19,31,1266,1297,0,0,0,4,4,8,0,0,0,0,0,0,0,2,2,2372,2437,4809,0,0,0,709,866,1575,0,0,0,0,0,0,2,4,6,0,0,0,477,521,998,0,0,0,0,0,0,0,0,0,0,0,0,0,0,0,0,0,0,0,25,25,0,0,0,0,0,0,0,0,0,0,0,0,0,0,0,0,0,0,0,0,0,0,0,0,0,0,0,0,0,0,0,0,0,0,0,0,0,0,0,0,0,0,0,0,0
20230419,79128,17352,17901,35253,14302,14684,28986,64239,3218,3440,6658,3,1,4,45,56,101,39,73,112,0,0,0,1,0,1,0,0,0,0,0,0,3,3,6,2638,2904,5542,0,0,0,732,594,1326,51,40,91,0,0,0,12,8,20,0,0,0,436,451,887,0,0,0,0,0,0,0,0,0,0,0,0,0,0,0,4,8,12,0,13,13,0,0,0,88,28,116,0,0,0,0,0,0,0,0,0,0,0,0,0,0,0,0,0,0,0,0,0,0,0,0,0,0,0,0,0,0,0,0,0,0,0,0,0,0,0
20230420,88709,20410,19826,40236,16195,16308,32503,72739,3452,3140,6592,1,1,2,7,9,16,760,612,1372,0,0,0,0,12,12,0,0,0,0,0,0,15,5,20,2504,2767,5271,0,0,0,725,1014,1739,5,42,47,0,0,0,0,0,0,0,0,0,444,410,854,0,0,0,0,0,0,0,0,0,0,0,0,0,0,0,0,0,0,0,0,0,0,0,0,36,9,45,0,0,0,0,0,0,0,0,0,0,0,0,0,0,0,0,0,0,0,0,0,0,0,0,0,0,0,0,0,0,0,0,0,0,0,0,0,0,0
20230421,89439,20330,19181,39511,17323,16207,33530,73041,3795,3337,7132,3,3,6,3,9,12,71,55,126,3,4,7,0,0,0,0,0,0,116,148,264,1,0,1,3022,3000,6022,0,0,0,668,941,1609,13,39,52,0,0,0,6,13,19,0,0,0,583,513,1096,0,0,0,0,0,0,0,0,0,0,0,0,0,0,0,0,0,0,6,13,19,0,0,0,18,15,33,0,0,0,0,0,0,0,0,0,0,0,0,0,0,0,0,0,0,0,0,0,0,0,0,0,0,0,0,0,0,0,0,0,0,0,0,0,0,0
20230422,90409,20474,20233,40707,16439,17983,34422,75129,3375,3315,6690,2,0,2,11,5,16,18,18,36,6,0,6,0,0,0,0,0,0,0,0,0,0,0,0,2848,2747,5595,0,0,0,824,816,1640,13,49,62,0,0,0,4,0,4,0,0,0,590,543,1133,0,0,0,0,0,0,0,0,0,0,0,0,0,0,0,5,2,7,0,49,49,0,0,0,21,19,40,0,0,0,0,0,0,0,0,0,0,0,0,0,0,0,0,0,0,0,0,0,0,0,0,0,0,0,0,0,0,0,0,0,0,0,0,0,0,0
20230423,97831,20894,21520,42414,17289,17244,34533,76947,3982,3686,7668,2123,2112,4235,12,22,34,45,26,71,0,0,0,0,0,0,0,0,0,0,0,0,6,0,6,3025,3202,6227,0,0,0,966,741,1707,31,13,44,0,0,0,0,4,4,0,0,0,410,442,852,0,0,0,0,0,0,0,0,0,0,0,0,0,0,0,1,2,3,0,0,0,0,0,0,27,6,33,0,0,0,0,0,0,0,0,0,0,0,0,0,0,0,0,0,0,0,0,0,0,0,0,0,0,0,0,0,0,0,0,0,0,0,0,0,0,0
20230424,84425,18333,19399,37732,14721,16280,31001,68733,3104,3021,6125,49,0,49,0,3,3,1037,26,1063,0,3,3,0,0,0,0,0,0,140,148,288,0,2,2,2906,2770,5676,0,0,0,790,832,1622,17,23,40,0,0,0,7,2,9,0,0,0,336,435,771,0,0,0,0,0,0,0,0,0,0,0,0,0,0,0,0,0,0,0,0,0,0,0,0,15,26,41,0,0,0,0,0,0,0,0,0,0,0,0,0,0,0,0,0,0,0,0,0,0,0,0,0,0,0,0,0,0,0,0,0,0,0,0,0,0,0
20230425,84383,18790,19298,38088,15047,14090,29137,67225,3350,3480,6830,681,677,1358,2,3,5,55,1246,1301,0,0,0,0,0,0,0,0,0,0,0,0,15,20,35,2601,2025,4626,0,0,0,837,905,1742,12,58,70,0,0,0,2,2,4,0,0,0,594,558,1152,0,0,0,0,0,0,0,0,0,0,0,0,0,0,0,0,0,0,0,9,9,0,0,0,16,10,26,0,0,0,0,0,0,0,0,0,0,0,0,0,0,0,0,0,0,0,0,0,0,0,0,0,0,0,0,0,0,0,0,0,0,0,0,0,0,0
20230426,86840,19382,18548,37930,17209,15507,32716,70646,3768,3353,7121,0,0,0,22,22,44,34,21,55,3,0,3,0,0,0,0,0,0,0,0,0,32,35,67,3406,2446,5852,0,0,0,978,816,1794,19,30,49,0,0,0,0,0,0,0,0,0,599,507,1106,0,0,0,0,0,0,0,0,0,0,0,0,0,0,0,23,20,43,0,8,8,0,0,0,28,24,52,0,0,0,0,0,0,0,0,0,0,0,0,0,0,0,0,0,0,0,0,0,0,0,0,0,0,0,0,0,0,0,0,0,0,0,0,0,0,0
20230427,96570,21898,20872,42770,20100,15742,35842,78612,4147,3099,7246,2,49,51,51,36,87,794,809,1603,1,0,1,0,0,0,0,0,0,0,0,0,25,39,64,3608,2064,5672,0,0,0,1303,820,2123,12,28,40,0,0,0,0,6,6,0,0,0,559,471,1030,0,0,0,0,0,0,0,0,0,0,0,0,0,0,0,1,0,1,0,3,3,0,0,0,21,10,31,0,0,0,0,0,0,0,0,0,0,0,0,0,0,0,0,0,0,0,0,0,0,0,0,0,0,0,0,0,0,0,0,0,0,0,0,0,0,0
20230428,103814,23130,22378,45508,21765,17346,39111,84619,4407,3447,7854,1,3,4,1,4,5,36,28,64,0,0,0,0,0,0,0,0,0,204,184,388,1,1,2,4127,2959,7086,0,0,0,1454,658,2112,10,24,34,74,227,301,3,0,3,0,0,0,683,576,1259,0,0,0,0,0,0,0,0,0,0,0,0,0,0,0,1,1,2,0,22,22,0,0,0,43,16,59,0,0,0,0,0,0,0,0,0,0,0,0,0,0,0,0,0,0,0,0,0,0,0,0,0,0,0,0,0,0,0,0,0,0,0,0,0,0,0
20230429,102718,24585,21390,45975,21043,17239,38282,84257,4354,3556,7910,0,0,0,2,8,10,22,39,61,1,0,1,0,0,0,0,0,0,0,0,0,2,0,2,4013,2236,6249,0,0,0,1868,465,2333,29,31,60,0,0,0,4,0,4,0,0,0,967,795,1762,0,0,0,0,0,0,0,0,0,0,0,0,0,0,0,3,9,12,0,14,14,0,0,0,19,24,43,0,0,0,0,0,0,0,0,0,0,0,0,0,0,0,0,0,0,0,0,0,0,0,0,0,0,0,0,0,0,0,0,0,0,0,0,0,0,0
20230430,91649,22993,19048,42041,20098,12881,32979,75020,4709,3176,7885,472,4,476,21,21,42,27,17,44,0,0,0,0,0,0,0,0,0,0,0,0,0,0,0,3485,1887,5372,0,0,0,1124,764,1888,31,21,52,0,0,0,1,0,1,0,0,0,471,359,830,0,0,0,0,0,0,0,0,0,0,0,0,0,0,0,0,1,1,0,0,0,0,0,0,25,13,38,0,0,0,0,0,0,0,0,0,0,0,0,0,0,0,0,0,0,0,0,0,0,0,0,0,0,0,0,0,0,0,0,0,0,0,0,0,0,0
20230501,90794,22747,19574,42321,18562,13354,31916,74237,3728,3098,6826,5,468,473,9,4,13,1509,11,1520,0,0,0,0,0,0,0,0,0,162,86,248,3,2,5,3310,1727,5037,0,0,0,650,659,1309,69,26,95,0,0,0,0,1,1,0,0,0,469,505,974,0,0,0,0,0,0,0,0,0,0,0,0,0,0,0,4,7,11,0,5,5,0,0,0,6,34,40,0,0,0,0,0,0,0,0,0,0,0,0,0,0,0,0,0,0,0,0,0,0,0,0,0,0,0,0,0,0,0,0,0,0,0,0,0,0,0
20230502,85081,21243,19319,40562,16045,12831,28876,69438,3395,3195,6590,0,0,0,20,27,47,28,1532,1560,0,0,0,0,0,0,0,0,0,0,0,0,7,3,10,2764,1815,4579,0,0,0,678,905,1583,40,39,79,225,74,299,0,0,0,0,0,0,423,451,874,0,0,0,0,0,0,0,0,0,0,0,0,0,0,0,2,3,5,2,1,3,0,0,0,3,11,14,0,0,0,0,0,0,0,0,0,0,0,0,0,0,0,0,0,0,0,0,0,0,0,0,0,0,0,0,0,0,0,0,0,0,0,0,0,0,0
20230503,84049,18821,17914,36735,15882,14887,30769,67504,3114,3465,6579,1,0,1,71,64,135,33,37,70,0,0,0,0,0,0,0,0,0,98,178,276,0,1,1,3077,2950,6027,0,0,0,502,1216,1718,36,44,80,0,0,0,1,1,2,0,0,0,750,852,1602,0,0,0,0,0,0,0,0,0,0,0,0,0,0,0,3,2,5,0,4,4,0,0,0,7,38,45,0,0,0,0,0,0,0,0,0,0,0,0,0,0,0,0,0,0,0,0,0,0,0,0,0,0,0,0,0,0,0,0,0,0,0,0,0,0,0
20230504,87920,17356,19041,36397,12392,14268,26660,63057,2905,3341,6246,4643,4626,9269,19,22,41,970,912,1882,0,0,0,0,0,0,0,0,0,9,0,9,11,0,11,1935,3068,5003,0,0,0,477,1043,1520,28,36,64,0,0,0,0,0,0,0,0,0,363,402,765,0,0,0,0,0,0,0,0,0,0,0,0,0,0,0,5,6,11,2,21,23,0,0,0,16,3,19,0,0,0,0,0,0,0,0,0,0,0,0,0,0,0,0,0,0,0,0,0,0,0,0,0,0,0,0,0,0,0,0,0,0,0,0,0,0,0
20230505,75882,16522,18715,35237,11475,14871,26346,61583,2879,3402,6281,5,2,7,15,25,40,55,35,90,0,0,0,0,0,0,0,0,0,113,118,231,0,0,0,1890,3294,5184,0,0,0,570,716,1286,21,30,51,0,0,0,1,0,1,0,0,0,564,501,1065,0,0,0,0,0,0,0,0,0,0,0,0,0,0,0,2,0,2,0,21,21,0,0,0,28,12,40,0,0,0,0,0,0,0,0,0,0,0,0,0,0,0,0,0,0,0,0,0,0,0,0,0,0,0,0,0,0,0,0,0,0,0,0,0,0,0
20230506,80964,16643,21031,37674,11804,17225,29029,66703,2784,4142,6926,1,1,2,9,9,18,33,31,64,0,0,0,0,0,0,0,0,0,0,0,0,1,6,7,1494,3356,4850,0,0,0,681,715,1396,23,42,65,0,0,0,0,0,0,0,0,0,467,436,903,0,0,0,0,0,0,0,0,0,0,0,0,0,0,0,0,1,1,0,17,17,0,0,0,11,1,12,0,0,0,0,0,0,0,0,0,0,0,0,0,0,0,0,0,0,0,0,0,0,0,0,0,0,0,0,0,0,0,0,0,0,0,0,0,0,0
20230507,89787,17405,23300,40705,13032,19575,32607,73312,3257,4345,7602,0,0,0,29,20,49,11,12,23,0,0,0,0,0,0,0,0,0,0,0,0,6,1,7,2100,3956,6056,0,0,0,764,1100,1864,32,25,57,0,0,0,2,1,3,0,0,0,370,429,799,0,0,0,0,0,0,0,0,0,0,0,0,0,0,0,0,0,0,0,2,2,0,0,0,10,3,13,0,0,0,0,0,0,0,0,0,0,0,0,0,0,0,0,0,0,0,0,0,0,0,0,0,0,0,0,0,0,0,0,0,0,0,0,0,0,0
20230508,83055,16021,20874,36895,11405,18103,29508,66403,2546,3565,6111,0,0,0,2,9,11,1351,50,1401,0,0,0,0,2,2,0,0,0,126,138,264,1,0,1,2082,3813,5895,0,0,0,719,1080,1799,50,27,77,0,0,0,15,22,37,0,0,0,463,567,1030,0,0,0,0,0,0,0,0,0,0,0,0,0,0,0,2,3,5,1,2,3,0,0,0,8,8,16,0,0,0,0,0,0,0,0,0,0,0,0,0,0,0,0,0,0,0,0,0,0,0,0,0,0,0,0,0,0,0,0,0,0,0,0,0,0,0
20230509,79160,16648,19379,36027,11075,14903,25978,62005,2786,3622,6408,1545,5,1550,8,7,15,55,1517,1572,0,4,4,0,0,0,0,0,0,0,0,0,2,1,3,1799,2957,4756,0,0,0,684,1263,1947,31,29,60,0,0,0,9,5,14,0,0,0,418,389,807,0,0,0,0,0,0,0,0,0,0,0,0,0,0,0,6,6,12,0,0,0,0,0,0,3,4,7,0,0,0,0,0,0,0,0,0,0,0,0,0,0,0,0,0,0,0,0,0,0,0,0,0,0,0,0,0,0,0,0,0,0,0,0,0,0,0
20230510,80249,15946,18724,34670,12982,16013,28995,63665,3254,3605,6859,1,1,2,62,50,112,31,35,66,0,1546,1546,0,0,0,0,0,0,0,0,0,54,55,109,2210,2901,5111,0,0,0,757,1102,1859,43,62,105,0,0,0,7,1,8,0,0,0,380,374,754,0,0,0,0,0,0,0,0,0,0,0,0,0,0,0,4,4,8,2,29,31,0,0,0,8,6,14,0,0,0,0,0,0,0,0,0,0,0,0,0,0,0,0,0,0,0,0,0,0,0,0,0,0,0,0,0,0,0,0,0,0,0,0,0,0,0
20230511,80744,17542,18828,36370,13166,15102,28268,64638,3171,3326,6497,0,0,0,17,21,38,957,864,1821,0,0,0,0,0,0,0,0,0,0,0,0,5,1,6,2054,2760,4814,0,0,0,748,1165,1913,31,37,68,0,0,0,2,1,3,0,0,0,446,439,885,0,0,0,0,0,0,0,0,0,0,0,0,0,0,0,4,2,6,0,50,50,0,0,0,2,3,5,0,0,0,0,0,0,0,0,0,0,0,0,0,0,0,0,0,0,0,0,0,0,0,0,0,0,0,0,0,0,0,0,0,0,0,0,0,0,0
20230512,84953,18033,19916,37949,15771,15442,31213,69162,3849,3358,7207,0,4,4,5,4,9,35,16,51,5,0,5,0,0,0,0,0,0,145,143,288,12,1,13,2508,2863,5371,0,0,0,789,917,1706,39,54,93,0,0,0,0,0,0,0,0,0,559,464,1023,0,0,0,0,0,0,0,0,0,0,0,0,0,0,0,6,3,9,1,4,5,0,0,0,0,7,7,0,0,0,0,0,0,0,0,0,0,0,0,0,0,0,0,0,0,0,0,0,0,0,0,0,0,0,0,0,0,0,0,0,0,0,0,0,0,0
20230513,86144,19504,19913,39417,15466,15583,31049,70466,3694,3730,7424,0,3,3,0,12,12,22,46,68,0,0,0,0,0,0,0,0,0,0,0,0,0,1,1,2524,2802,5326,0,0,0,1074,874,1948,32,51,83,0,0,0,3,0,3,0,0,0,414,383,797,0,0,0,0,0,0,0,0,0,0,0,0,0,0,0,0,1,1,0,0,0,0,0,0,6,6,12,0,0,0,0,0,0,0,0,0,0,0,0,0,0,0,0,0,0,0,0,0,0,0,0,0,0,0,0,0,0,0,0,0,0,0,0,0,0,0
20230514,90973,19501,20507,40008,16557,16811,33368,73376,4289,4037,8326,5,1,6,19,29,48,13,22,35,0,3,3,0,0,0,0,0,0,0,0,0,0,0,0,2758,3386,6144,0,0,0,1121,975,2096,35,34,69,13,0,13,1,0,1,0,0,0,416,407,823,0,0,0,0,0,0,0,0,0,0,0,0,0,0,0,4,3,7,0,0,0,0,0,0,11,15,26,0,0,0,0,0,0,0,0,0,0,0,0,0,0,0,0,0,0,0,0,0,0,0,0,0,0,0,0,0,0,0,0,0,0,0,0,0,0,0
20230515,92067,19719,20844,40563,15330,18195,33525,74088,3190,3822,7012,0,0,0,20,2,22,1366,12,1378,3,0,3,0,0,0,0,0,0,0,0,0,3,0,3,2726,3473,6199,0,0,0,1100,1063,2163,33,21,54,0,0,0,0,0,0,0,0,0,524,601,1125,0,0,0,0,0,0,0,0,0,0,0,0,0,0,0,0,0,0,1,0,1,0,0,0,4,15,19,0,0,0,0,0,0,0,0,0,0,0,0,0,0,0,0,0,0,0,0,0,0,0,0,0,0,0,0,0,0,0,0,0,0,0,0,0,0,0
20230516,84300,18611,19562,38173,14056,15134,29190,67363,3528,3749,7277,1,1,2,57,60,117,17,1553,1570,7,7,14,0,0,0,0,0,0,0,0,0,1,0,1,2286,2810,5096,0,0,0,975,780,1755,34,130,164,0,0,0,4,6,10,0,0,0,422,461,883,0,0,0,0,0,0,0,0,0,0,0,0,0,0,0,5,1,6,1,29,30,0,0,0,3,9,12,0,0,0,0,0,0,0,0,0,0,0,0,0,0,0,0,0,0,0,0,0,0,0,0,0,0,0,0,0,0,0,0,0,0,0,0,0,0,0
20230517,88568,17513,19176,36689,14670,16330,31000,67689,3560,4015,7575,2266,2247,4513,21,23,44,51,39,90,0,5,5,8,9,17,0,0,0,102,125,227,47,49,96,2569,2830,5399,0,0,0,838,1123,1961,9,31,40,0,0,0,5,7,12,0,0,0,417,428,845,0,0,0,0,0,0,0,0,0,0,0,0,0,0,0,0,0,0,3,1,4,0,0,0,24,27,51,0,0,0,0,0,0,0,0,0,0,0,0,0,0,0,0,0,0,0,0,0,0,0,0,0,0,0,0,0,0,0,0,0,0,0,0,0,0,0
20230518,90093,19248,20955,40203,15281,16730,32011,72214,4002,3625,7627,0,0,0,13,15,28,1216,1151,2367,4,0,4,0,0,0,0,0,0,0,4,4,8,7,15,2715,3139,5854,0,0,0,745,368,1113,12,18,30,0,0,0,7,7,14,0,0,0,360,402,762,0,0,0,0,0,0,0,0,0,0,0,0,0,0,0,4,5,9,2,22,24,0,0,0,14,14,28,0,0,0,0,0,0,0,0,0,0,0,0,0,0,0,0,0,0,0,0,0,0,0,0,0,0,0,0,0,0,0,0,0,0,0,0,0,0,0
20230519,90548,19535,20194,39729,17268,16147,33415,73144,3783,3920,7703,1,1,2,9,14,23,28,57,85,0,0,0,0,0,0,0,0,0,120,161,281,4,0,4,3031,2887,5918,0,0,0,789,1028,1817,42,215,257,0,0,0,6,2,8,0,0,0,663,568,1231,0,0,0,0,0,0,0,0,0,0,0,0,0,0,0,3,0,3,0,10,10,0,0,0,44,18,62,0,0,0,0,0,0,0,0,0,0,0,0,0,0,0,0,0,0,0,0,0,0,0,0,0,0,0,0,0,0,0,0,0,0,0,0,0,0,0
20230520,92973,21196,20886,42082,17552,16637,34189,76271,4120,4132,8252,0,11,11,7,2,9,29,31,60,0,0,0,1,0,1,0,0,0,0,0,0,2,9,11,2802,2616,5418,0,0,0,944,991,1935,33,10,43,0,0,0,0,1,1,0,0,0,452,451,903,0,0,0,0,0,0,0,0,0,0,0,0,0,0,0,2,3,5,0,32,32,0,0,0,8,13,21,0,0,0,0,0,0,0,0,0,0,0,0,0,0,0,0,0,0,0,0,0,0,0,0,0,0,0,0,0,0,0,0,0,0,0,0,0,0,0
20230521,97951,21457,21632,43089,18585,17653,36238,79327,4700,4225,8925,5,0,5,15,18,33,14,34,48,0,0,0,0,0,0,0,0,0,4,0,4,0,0,0,3091,3393,6484,0,0,0,1206,914,2120,19,13,32,0,0,0,0,5,5,0,0,0,455,464,919,0,0,0,0,0,0,0,0,0,0,0,0,0,0,0,11,10,21,0,0,0,0,0,0,21,7,28,0,0,0,0,0,0,0,0,0,0,0,0,0,0,0,0,0,0,0,0,0,0,0,0,0,0,0,0,0,0,0,0,0,0,0,0,0,0,0
20230522,94670,20907,21180,42087,16449,17883,34332,76419,3510,3737,7247,0,0,0,7,3,10,1523,73,1596,0,0,0,0,0,0,0,0,0,0,0,0,1,0,1,3054,3498,6552,0,0,0,786,654,1440,204,10,214,0,0,0,7,8,15,0,0,0,521,631,1152,0,0,0,0,0,0,0,0,0,0,0,0,0,0,0,0,1,1,0,0,0,0,0,0,11,12,23,0,0,0,0,0,0,0,0,0,0,0,0,0,0,0,0,0,0,0,0,0,0,0,0,0,0,0,0,0,0,0,0,0,0,0,0,0,0,0
20230523,88670,20630,19294,39924,16637,14540,31177,71101,4224,3616,7840,2,1,3,10,15,25,42,1597,1639,0,0,0,0,1,1,0,0,0,0,0,0,8,0,8,2638,2683,5321,0,0,0,755,1056,1811,16,22,38,0,0,0,9,4,13,0,0,0,402,405,807,0,0,0,0,0,0,0,0,0,0,0,0,0,0,0,5,7,12,0,16,16,0,0,0,25,10,35,0,0,0,0,0,0,0,0,0,0,0,0,0,0,0,0,0,0,0,0,0,0,0,0,0,0,0,0,0,0,0,0,0,0,0,0,0,0,0
20230524,93586,19945,19473,39418,16178,15978,32156,71574,3843,3920,7763,2094,2064,4158,42,43,85,29,98,127,0,4,4,0,0,0,0,0,0,150,191,341,29,33,62,3092,3057,6149,0,0,0,897,1139,2036,19,21,40,0,0,0,4,2,6,0,0,0,601,581,1182,0,0,0,0,0,0,0,0,0,0,0,0,0,0,0,15,13,28,0,0,0,0,0,0,13,18,31,0,0,0,0,0,0,0,0,0,0,0,0,0,0,0,0,0,0,0,0,0,0,0,0,0,0,0,0,0,0,0,0,0,0,0,0,0,0,0
20230525,97069,22349,21227,43576,17598,16054,33652,77228,4188,3596,7784,17,2,19,25,20,45,1694,1625,3319,0,0,0,0,0,0,0,0,0,0,0,0,9,5,14,2854,2984,5838,0,0,0,962,926,1888,7,20,27,0,0,0,3,12,15,0,0,0,457,399,856,0,0,0,0,0,0,0,0,0,0,0,0,0,0,0,11,0,11,0,0,0,0,0,0,5,20,25,0,0,0,0,0,0,0,0,0,0,0,0,0,0,0,0,0,0,0,0,0,0,0,0,0,0,0,0,0,0,0,0,0,0,0,0,0,0,0
20230526,95702,21329,20424,41753,19617,16168,35785,77538,4370,3991,8361,5,6,11,16,13,29,15,8,23,0,0,0,0,4,4,0,0,0,108,176,284,2,0,2,3182,3025,6207,0,0,0,926,938,1864,21,25,46,0,0,0,1,0,1,0,0,0,686,590,1276,0,0,0,0,0,0,0,0,0,0,0,0,0,0,0,6,3,9,0,4,4,0,0,0,27,16,43,0,0,0,0,0,0,0,0,0,0,0,0,0,0,0,0,0,0,0,0,0,0,0,0,0,0,0,0,0,0,0,0,0,0,0,0,0,0,0
20230527,97000,23807,20702,44509,18832,15893,34725,79234,4446,4453,8899,0,0,0,10,18,28,31,42,73,0,0,0,4,0,4,0,0,0,0,0,0,0,1,1,3124,2616,5740,0,0,0,1165,872,2037,24,47,71,0,0,0,0,0,0,0,0,0,465,423,888,0,0,0,0,0,0,0,0,0,0,0,0,0,0,0,1,3,4,0,0,0,0,0,0,12,9,21,0,0,0,0,0,0,0,0,0,0,0,0,0,0,0,0,0,0,0,0,0,0,0,0,0,0,0,0,0,0,0,0,0,0,0,0,0,0,0
20230528,101989,23444,22430,45874,20531,17491,38022,83896,4372,4049,8421,0,0,0,9,0,9,12,5,17,0,0,0,0,6,6,0,0,0,0,0,0,1,0,1,3490,3252,6742,0,0,0,1161,779,1940,18,22,40,0,2,2,0,4,4,0,0,0,487,385,872,0,0,0,0,0,0,0,0,0,0,0,0,0,0,0,0,0,0,0,0,0,0,0,0,17,22,39,0,0,0,0,0,0,0,0,0,0,0,0,0,0,0,0,0,0,0,0,0,0,0,0,0,0,0,0,0,0,0,0,0,0,0,0,0,0,0
20230529,97959,21708,21172,42880,18092,16309,34401,77281,3796,3863,7659,3,26,29,4,6,10,1611,1837,3448,0,0,0,7,0,7,0,0,0,0,0,0,0,0,0,3333,3146,6479,0,0,0,999,791,1790,12,8,20,0,0,0,11,0,11,0,0,0,571,607,1178,0,0,0,0,0,0,0,0,0,0,0,0,0,0,0,0,0,0,0,2,2,0,0,0,23,22,45,0,0,0,0,0,0,0,0,0,0,0,0,0,0,0,0,0,0,0,0,0,0,0,0,0,0,0,0,0,0,0,0,0,0,0,0,0,0,0
20230530,86801,21527,19629,41156,16356,13733,30089,71245,3776,3761,7537,1,1,2,10,12,22,18,28,46,0,0,0,0,0,0,0,0,0,0,0,0,2,5,7,2876,2479,5355,0,0,0,812,895,1707,19,2,21,0,0,0,0,2,2,0,0,0,420,412,832,0,0,0,0,0,0,0,0,0,0,0,0,0,0,0,3,3,6,0,0,0,0,0,0,6,13,19,0,0,0,0,0,0,0,0,0,0,0,0,0,0,0,0,0,0,0,0,0,0,0,0,0,0,0,0,0,0,0,0,0,0,0,0,0,0,0
20230531,88569,20134,19461,39595,16795,15304,32099,71694,3699,3780,7479,1,3,4,20,20,40,40,31,71,0,0,0,0,0,0,0,0,0,204,142,346,32,24,56,3147,2718,5865,0,0,0,633,1116,1749,0,0,0,0,0,0,0,0,0,0,0,0,651,596,1247,0,0,0,0,0,0,0,0,0,0,0,0,0,0,0,7,11,18,0,0,0,0,0,0,0,0,0,0,0,0,0,0,0,0,0,0,0,0,0,0,0,0,0,0,0,0,0,0,0,0,0,0,0,0,0,0,0,0,0,0,0,0,0,0,0,0
20230601,93212,20862,21655,42517,15873,16131,32004,74521,4232,3873,8105,1,0,1,20,29,49,1356,941,2297,0,0,0,0,0,0,0,0,0,0,0,0,4,5,9,2709,2940,5649,0,0,0,914,1044,1958,53,18,71,0,6,6,3,0,3,0,0,0,250,260,510,0,0,0,0,0,0,0,0,0,0,0,0,0,0,0,3,4,7,0,12,12,0,0,0,9,5,14,0,0,0,0,0,0,0,0,0,0,0,0,0,0,0,0,0,0,0,0,0,0,0,0,0,0,0,0,0,0,0,0,0,0,0,0,0,0,0
20230602,92774,21494,22014,43508,17100,15802,32902,76410,3877,3300,7177,4,4,8,2,2,4,49,63,112,0,0,0,1,8,9,0,0,0,0,0,0,1,5,6,2975,2981,5956,0,0,0,988,722,1710,31,25,56,0,0,0,1,3,4,0,0,0,636,625,1261,0,0,0,0,0,0,0,0,0,0,0,0,0,0,0,1,1,2,0,49,49,0,0,0,4,6,10,0,0,0,0,0,0,0,0,0,0,0,0,0,0,0,0,0,0,0,0,0,0,0,0,0,0,0,0,0,0,0,0,0,0,0,0,0,0,0
20230603,98597,22617,22891,45508,18283,17980,36263,81771,4112,4165,8277,0,1,1,1,4,5,43,101,144,0,0,0,0,0,0,0,0,0,0,0,0,0,4,4,2906,2978,5884,0,0,0,946,894,1840,33,44,77,0,0,0,3,5,8,0,0,0,246,260,506,0,0,0,0,0,0,0,0,0,0,0,0,0,0,0,2,0,2,0,74,74,0,0,0,3,1,4,0,0,0,0,0,0,0,0,0,0,0,0,0,0,0,0,0,0,0,0,0,0,0,0,0,0,0,0,0,0,0,0,0,0,0,0,0,0,0
20230604,101345,22368,24407,46775,17746,18287,36033,82808,4400,4246,8646,0,0,0,0,0,0,20,40,60,0,0,0,0,0,0,0,0,0,0,0,0,0,9,9,2856,3528,6384,0,0,0,925,1138,2063,56,72,128,0,0,0,5,4,9,0,0,0,618,584,1202,0,0,0,0,0,0,0,0,0,0,0,0,0,0,0,3,3,6,0,24,24,0,0,0,3,3,6,0,0,0,0,0,0,0,0,0,0,0,0,0,0,0,0,0,0,0,0,0,0,0,0,0,0,0,0,0,0,0,0,0,0,0,0,0,0,0
20230605,96311,20029,22939,42968,16788,18663,35451,78419,3548,3592,7140,0,0,0,17,14,31,1215,25,1240,1,0,1,0,4,4,0,0,0,0,0,0,0,0,0,2829,3259,6088,0,0,0,1011,1110,2121,35,45,80,0,0,0,4,0,4,0,0,0,502,664,1166,0,0,0,0,0,0,0,0,0,0,0,0,0,0,0,4,3,7,0,0,0,0,0,0,7,3,10,0,0,0,0,0,0,0,0,0,0,0,0,0,0,0,0,0,0,0,0,0,0,0,0,0,0,0,0,0,0,0,0,0,0,0,0,0,0,0
20230606,91962,20745,22903,43648,15664,15985,31649,75297,3385,3970,7355,14,13,27,12,14,26,19,1408,1427,0,0,0,0,0,0,0,0,0,0,0,0,12,28,40,2423,2543,4966,0,0,0,1015,1127,2142,22,64,86,0,0,0,1,1,2,0,0,0,282,292,574,0,0,0,0,0,0,0,0,0,0,0,0,0,0,0,0,0,0,1,0,1,0,0,0,1,18,19,0,0,0,0,0,0,0,0,0,0,0,0,0,0,0,0,0,0,0,0,0,0,0,0,0,0,0,0,0,0,0,0,0,0,0,0,0,0,0
20230607,91192,20060,21619,41679,15652,16651,32303,73982,3711,4232,7943,2,4,6,46,43,89,31,60,91,0,1,1,0,0,0,0,0,0,0,0,0,26,35,61,2849,2973,5822,0,0,0,915,1079,1994,49,52,101,0,0,0,10,6,16,0,0,0,518,553,1071,0,0,0,0,0,0,0,0,0,0,0,0,0,0,0,1,1,2,0,0,0,0,0,0,7,6,13,0,0,0,0,0,0,0,0,0,0,0,0,0,0,0,0,0,0,0,0,0,0,0,0,0,0,0,0,0,0,0,0,0,0,0,0,0,0,0
20230608,98685,21454,23643,45097,16871,17964,34835,79932,4091,3937,8028,25,2,27,21,28,49,1226,1065,2291,0,0,0,0,0,0,0,0,0,0,0,0,18,8,26,2750,2809,5559,0,0,0,1081,999,2080,41,54,95,0,0,0,1,1,2,0,0,0,289,255,544,0,0,0,0,0,0,0,0,0,0,0,0,0,0,0,15,15,30,0,14,14,0,0,0,4,4,8,0,0,0,0,0,0,0,0,0,0,0,0,0,0,0,0,0,0,0,0,0,0,0,0,0,0,0,0,0,0,0,0,0,0,0,0,0,0,0
20230609,104512,22295,22942,45237,18346,17985,36331,81568,4215,4017,8232,2831,2793,5624,25,42,67,37,100,137,0,0,0,0,0,0,0,0,0,4,0,4,1,1,2,2990,2804,5794,0,0,0,885,855,1740,35,51,86,0,0,0,0,1,1,0,0,0,638,595,1233,0,0,0,0,0,0,0,0,0,0,0,0,0,0,0,3,5,8,0,10,10,0,0,0,0,6,6,0,0,0,0,0,0,0,0,0,0,0,0,0,0,0,0,0,0,0,0,0,0,0,0,0,0,0,0,0,0,0,0,0,0,0,0,0,0,0
20230610,101919,22238,24023,46261,18282,19460,37742,84003,4207,4527,8734,0,0,0,15,5,20,640,31,671,0,0,0,0,0,0,0,0,0,0,0,0,0,0,0,2862,2963,5825,0,0,0,1075,848,1923,41,57,98,0,0,0,0,1,1,0,0,0,336,279,615,0,0,0,0,0,0,0,0,0,0,0,0,0,0,0,8,3,11,0,1,1,0,0,0,8,9,17,0,0,0,0,0,0,0,0,0,0,0,0,0,0,0,0,0,0,0,0,0,0,0,0,0,0,0,0,0,0,0,0,0,0,0,0,0,0,0
20230611,109835,23816,26583,50399,19899,20265,40164,90563,4567,4702,9269,9,16,25,8,13,21,11,18,29,0,0,0,0,0,0,0,0,0,0,0,0,1,0,1,3155,3532,6687,0,0,0,1014,1002,2016,62,53,115,0,0,0,0,5,5,0,0,0,514,541,1055,0,0,0,0,0,0,0,0,0,0,0,0,0,0,0,6,6,12,0,10,10,0,0,0,11,16,27,0,0,0,0,0,0,0,0,0,0,0,0,0,0,0,0,0,0,0,0,0,0,0,0,0,0,0,0,0,0,0,0,0,0,0,0,0,0,0
20230612,105671,21654,24683,46337,18125,20618,38743,85080,3737,3968,7705,12,907,919,12,3,15,1346,340,1686,0,21,21,0,0,0,0,0,0,0,0,0,0,0,0,3091,3642,6733,0,0,0,922,1245,2167,58,64,122,0,0,0,0,0,0,0,0,0,519,658,1177,0,0,0,0,0,0,0,0,0,0,0,0,0,0,0,0,1,1,0,19,19,0,0,0,15,11,26,0,0,0,0,0,0,0,0,0,0,0,0,0,0,0,0,0,0,0,0,0,0,0,0,0,0,0,0,0,0,0,0,0,0,0,0,0,0,0
20230613,98417,21555,24054,45609,16958,17799,34757,80366,3776,4201,7977,6,4,10,15,7,22,18,1511,1529,0,0,0,2,0,2,0,0,0,0,0,0,1,0,1,2651,2968,5619,0,0,0,912,1216,2128,68,62,130,0,0,0,2,2,4,0,0,0,284,306,590,0,0,0,0,0,0,0,0,0,0,0,0,0,0,0,6,2,8,0,4,4,0,0,0,16,11,27,0,0,0,0,0,0,0,0,0,0,0,0,0,0,0,0,0,0,0,0,0,0,0,0,0,0,0,0,0,0,0,0,0,0,0,0,0,0,0
20230614,100126,20989,23874,44863,17021,19195,36216,81079,4065,4307,8372,63,4,67,68,79,147,22,50,72,0,0,0,0,0,0,0,0,0,0,0,0,24,21,45,3069,3408,6477,0,0,0,1032,1438,2470,46,47,93,0,0,0,6,1,7,0,0,0,630,624,1254,0,0,0,0,0,0,0,0,0,0,0,0,0,0,0,1,6,7,0,17,17,0,0,0,10,9,19,0,0,0,0,0,0,0,0,0,0,0,0,0,0,0,0,0,0,0,0,0,0,0,0,0,0,0,0,0,0,0,0,0,0,0,0,0,0,0
20230615,109948,21210,26620,47830,18460,22171,40631,88461,4691,4555,9246,3,0,3,21,18,39,1268,1291,2559,0,0,0,0,0,0,0,0,0,0,0,0,0,1,1,2848,3443,6291,0,0,0,1065,1490,2555,38,51,89,0,0,0,1,9,10,0,0,0,332,315,647,0,0,0,0,0,0,0,0,0,0,0,0,0,0,0,1,1,2,0,18,18,0,0,0,18,9,27,0,0,0,0,0,0,0,0,0,0,0,0,0,0,0,0,0,0,0,0,0,0,0,0,0,0,0,0,0,0,0,0,0,0,0,0,0,0,0
20230616,109309,22231,26873,49104,19959,21120,41079,90183,4131,4137,8268,11,0,11,20,4,24,42,70,112,7,0,7,0,0,0,0,0,0,0,0,0,0,0,0,3137,3487,6624,0,0,0,1225,1408,2633,27,29,56,0,0,0,5,0,5,0,0,0,667,687,1354,0,0,0,0,0,0,0,0,0,0,0,0,0,0,0,2,2,4,0,11,11,0,0,0,12,5,17,0,0,0,0,0,0,0,0,0,0,0,0,0,0,0,0,0,0,0,0,0,0,0,0,0,0,0,0,0,0,0,0,0,0,0,0,0,0,0
20230617,113723,23377,27693,51070,20593,22566,43159,94229,4462,5004,9466,50,59,109,5,4,9,11,36,47,0,0,0,0,0,0,0,0,0,6,36,42,0,0,0,3363,3553,6916,0,0,0,986,1125,2111,21,57,78,0,0,0,0,0,0,0,0,0,348,314,662,0,0,0,0,0,0,0,0,0,0,0,0,0,0,0,9,7,16,0,5,5,0,0,0,7,26,33,0,0,0,0,0,0,0,0,0,0,0,0,0,0,0,0,0,0,0,0,0,0,0,0,0,0,0,0,0,0,0,0,0,0,0,0,0,0,0
20230618,118245,22917,29604,52521,20703,23313,44016,96537,5113,5127,10240,41,0,41,8,5,13,14,159,173,0,0,0,0,0,0,0,0,0,0,0,0,2,3,5,3173,3952,7125,0,0,0,1223,1394,2617,17,83,100,0,0,0,7,12,19,0,0,0,619,708,1327,0,0,0,0,0,0,0,0,0,0,0,0,0,0,0,0,2,2,0,12,12,0,0,0,15,19,34,0,0,0,0,0,0,0,0,0,0,0,0,0,0,0,0,0,0,0,0,0,0,0,0,0,0,0,0,0,0,0,0,0,0,0,0,0,0,0
20230619,107082,20258,26659,46917,18327,22048,40375,87292,3500,3751,7251,8,0,8,3,2,5,1548,97,1645,12,0,12,0,0,0,0,0,0,0,0,0,1,0,1,3101,3637,6738,0,0,0,1523,1283,2806,5,33,38,0,0,0,11,5,16,0,0,0,537,701,1238,0,0,0,0,0,0,0,0,0,0,0,0,0,0,0,1,0,1,0,1,1,0,0,0,8,22,30,0,0,0,0,0,0,0,0,0,0,0,0,0,0,0,0,0,0,0,0,0,0,0,0,0,0,0,0,0,0,0,0,0,0,0,0,0,0,0
20230620,108824,22589,26397,48986,18666,20589,39255,88241,4418,4486,8904,7,0,7,9,5,14,51,1813,1864,7,0,7,0,0,0,0,0,0,0,0,0,9,0,9,2735,3244,5979,0,0,0,1492,1436,2928,18,145,163,0,0,0,0,5,5,0,0,0,322,322,644,0,0,0,0,0,0,0,0,0,0,0,0,0,0,0,0,0,0,0,2,2,0,0,0,19,38,57,0,0,0,0,0,0,0,0,0,0,0,0,0,0,0,0,0,0,0,0,0,0,0,0,0,0,0,0,0,0,0,0,0,0,0,0,0,0,0
20230621,109037,21115,27073,48188,18692,21570,40262,88450,4249,4815,9064,32,13,45,19,27,46,24,110,134,0,7,7,0,0,0,0,0,0,36,126,162,9,14,23,3192,3808,7000,0,0,0,1280,1373,2653,23,74,97,0,0,0,5,3,8,0,0,0,612,677,1289,0,0,0,0,0,0,0,0,0,0,0,0,0,0,0,2,4,6,0,0,0,0,0,0,7,46,53,0,0,0,0,0,0,0,0,0,0,0,0,0,0,0,0,0,0,0,0,0,0,0,0,0,0,0,0,0,0,0,0,0,0,0,0,0,0,0
20230622,124709,24011,30060,54071,20444,24136,44580,98651,4777,5373,10150,28,30,58,19,24,43,1682,1662,3344,0,0,0,0,0,0,0,0,0,0,0,0,7,6,13,3352,3932,7284,0,0,0,1242,1500,2742,10,142,152,12,0,12,2,3,5,0,0,0,997,1148,2145,0,0,0,0,0,0,0,0,0,0,0,0,0,0,0,16,17,33,0,2,2,0,0,0,17,58,75,0,0,0,0,0,0,0,0,0,0,0,0,0,0,0,0,0,0,0,0,0,0,0,0,0,0,0,0,0,0,0,0,0,0,0,0,0,0,0
20230623,109107,23987,25474,49461,20274,21022,41296,90757,4169,4119,8288,56,2,58,5,13,18,7,20,27,9,0,9,0,0,0,1,0,1,0,0,0,8,22,30,3162,3032,6194,0,0,0,1421,1479,2900,56,90,146,0,0,0,8,7,15,0,0,0,289,298,587,0,0,0,0,0,0,0,0,0,0,0,0,0,0,0,0,2,2,0,18,18,0,0,0,30,27,57,0,0,0,0,0,0,0,0,0,0,0,0,0,0,0,0,0,0,0,0,0,0,0,0,0,0,0,0,0,0,0,0,0,0,0,0,0,0,0
20230624,116427,28208,24607,52815,22557,19825,42382,95197,4715,4873,9588,0,0,0,3,0,3,22,89,111,0,55,55,0,0,0,0,3,3,0,0,0,2,0,2,3460,3314,6774,0,0,0,1436,1730,3166,54,65,119,9,9,18,1,1,2,0,0,0,646,671,1317,0,0,0,0,0,0,0,0,0,0,0,0,0,0,0,0,0,0,0,3,3,0,0,0,47,22,69,0,0,0,0,0,0,0,0,0,0,0,0,0,0,0,0,0,0,0,0,0,0,0,0,0,0,0,0,0,0,0,0,0,0,0,0,0,0,0
20230625,128638,30422,27390,57812,25917,22589,48506,106318,5637,4830,10467,0,0,0,19,16,35,13,4,17,0,0,0,0,0,0,0,0,0,0,0,0,0,0,0,4093,4071,8164,0,0,0,1402,1243,2645,203,34,237,0,0,0,1,5,6,0,0,0,334,307,641,0,0,0,0,0,0,0,0,0,0,0,0,0,0,0,0,0,0,0,0,0,0,0,0,77,31,108,0,0,0,0,0,0,0,0,0,0,0,0,0,0,0,0,0,0,0,0,0,0,0,0,0,0,0,0,0,0,0,0,0,0,0,0,0,0,0
20230626,125440,28206,25325,53531,23203,21499,44702,98233,4453,4180,8633,2071,2064,4135,17,5,22,1639,135,1774,0,0,0,0,0,0,0,0,0,166,72,238,0,2,2,3902,3997,7899,0,0,0,1356,1515,2871,34,43,77,0,0,0,3,1,4,0,0,0,770,720,1490,0,0,0,0,0,0,0,0,0,0,0,0,0,0,0,4,3,7,0,8,8,0,0,0,29,18,47,0,0,0,0,0,0,0,0,0,0,0,0,0,0,0,0,0,0,0,0,0,0,0,0,0,0,0,0,0,0,0,0,0,0,0,0,0,0,0
20230627,113862,27202,24117,51319,21898,18570,40468,91787,4704,4503,9207,15,3,18,21,17,38,16,1890,1906,0,0,0,0,0,0,0,0,0,0,0,0,0,2,2,3390,3256,6646,0,0,0,1244,1526,2770,48,21,69,0,12,12,0,2,2,0,0,0,675,690,1365,0,0,0,0,0,0,0,0,0,0,0,0,0,0,0,2,0,2,0,8,8,0,0,0,15,15,30,0,0,0,0,0,0,0,0,0,0,0,0,0,0,0,0,0,0,0,0,0,0,0,0,0,0,0,0,0,0,0,0,0,0,0,0,0,0,0
20230628,109893,25410,23358,48768,21027,19830,40857,89625,4308,4577,8885,1,0,1,124,119,243,27,87,114,0,0,0,0,0,0,0,0,0,0,0,0,33,36,69,3759,3732,7491,0,0,0,1279,1433,2712,29,21,50,0,0,0,16,10,26,0,0,0,297,316,613,0,0,0,0,0,0,0,0,0,0,0,0,0,0,0,1,0,1,0,19,19,0,0,0,24,20,44,0,0,0,0,0,0,0,0,0,0,0,0,0,0,0,0,0,0,0,0,0,0,0,0,0,0,0,0,0,0,0,0,0,0,0,0,0,0,0
20230629,116444,25327,24557,49884,21820,20590,42410,92294,4342,4263,8605,294,294,588,29,30,59,1801,1674,3475,0,0,0,0,0,0,0,0,0,0,0,0,18,17,35,3519,3541,7060,0,0,0,1345,1535,2880,27,42,69,0,0,0,0,2,2,0,0,0,667,692,1359,0,0,0,0,0,0,0,0,0,0,0,0,0,0,0,1,0,1,1,3,4,0,0,0,6,7,13,0,0,0,0,0,0,0,0,0,0,0,0,0,0,0,0,0,0,0,0,0,0,0,0,0,0,0,0,0,0,0,0,0,0,0,0,0,0,0
20230630,116086,24476,26394,50870,21889,22968,44857,95727,4578,4900,9478,2,0,2,14,1,15,25,27,52,0,0,0,0,0,0,0,0,0,74,47,121,0,0,0,3618,3840,7458,0,0,0,1255,1234,2489,15,45,60,0,0,0,2,0,2,0,0,0,326,309,635,0,0,0,0,0,0,0,0,0,0,0,0,0,0,0,2,1,3,0,2,2,0,0,0,24,18,42,0,0,0,0,0,0,0,0,0,0,0,0,0,0,0,0,0,0,0,0,0,0,0,0,0,0,0,0,0,0,0,0,0,0,0,0,0,0,0
20230701,127276,24620,28131,52751,22138,24403,46541,99292,4976,5843,10819,907,3392,4299,3,17,20,13,32,45,0,0,0,0,1,1,0,4,4,0,0,0,8,2,10,3777,3932,7709,0,0,0,1849,1327,3176,138,105,243,0,0,0,0,6,6,0,0,0,719,890,1609,0,0,0,0,0,0,0,0,0,0,0,0,0,0,0,1,2,3,0,12,12,0,0,0,15,13,28,0,0,0,0,0,0,0,0,0,0,0,0,0,0,0,0,0,0,0,0,0,0,0,0,0,0,0,0,0,0,0,0,0,0,0,0,0,0,0
20230702,124676,24989,29509,54498,22331,24901,47232,101730,4878,5019,9897,0,4,4,9,4,13,15,36,51,0,0,0,0,0,0,0,4,4,0,0,0,0,0,0,3713,4194,7907,0,0,0,1647,1492,3139,65,137,202,0,0,0,0,3,3,0,0,0,837,854,1691,0,0,0,0,0,0,0,0,0,0,0,0,0,0,0,5,3,8,0,10,10,0,0,0,7,10,17,0,0,0,0,0,0,0,0,0,0,0,0,0,0,0,0,0,0,0,0,0,0,0,0,0,0,0,0,0,0,0,0,0,0,0,0,0,0,0
20230703,113556,22967,26018,48985,18495,22773,41268,90253,4043,4728,8771,7,14,21,14,2,16,1716,78,1794,0,5,5,0,0,0,0,0,0,176,207,383,0,0,0,3401,4131,7532,0,0,0,1365,1789,3154,47,116,163,0,0,0,13,4,17,0,0,0,544,851,1395,0,0,0,0,0,0,0,0,0,0,0,0,0,0,0,3,2,5,0,12,12,0,0,0,15,20,35,0,0,0,0,0,0,0,0,0,0,0,0,0,0,0,0,0,0,0,0,0,0,0,0,0,0,0,0,0,0,0,0,0,0,0,0,0,0,0
20230704,105996,21443,24754,46197,17231,20058,37289,83486,4318,5248,9566,0,0,0,15,16,31,17,1579,1596,8,3,11,102,99,201,0,0,0,0,0,0,4,8,12,3015,3309,6324,0,0,0,1237,1817,3054,62,141,203,0,0,0,2,0,2,0,0,0,638,850,1488,0,0,0,0,0,0,0,0,0,0,0,0,0,0,0,0,1,1,0,7,7,0,0,0,1,13,14,0,0,0,0,0,0,0,0,0,0,0,0,0,0,0,0,0,0,0,0,0,0,0,0,0,0,0,0,0,0,0,0,0,0,0,0,0,0,0
20230705,104385,21520,24279,45799,17407,19650,37057,82856,4028,4843,8871,1,1,2,58,54,112,22,42,64,5,0,5,0,0,0,0,0,0,163,194,357,33,38,71,3413,3775,7188,0,0,0,1204,1645,2849,62,110,172,0,0,0,0,0,0,0,0,0,766,1045,1811,0,0,0,0,0,0,0,0,0,0,0,0,0,0,0,1,1,2,3,0,3,0,0,0,8,14,22,0,0,0,0,0,0,0,0,0,0,0,0,0,0,0,0,0,0,0,0,0,0,0,0,0,0,0,0,0,0,0,0,0,0,0,0,0,0,0
20230706,115988,21956,24827,46783,18060,20187,38247,85030,4553,4852,9405,3387,3496,6883,20,17,37,1615,1599,3214,0,0,0,0,0,0,0,0,0,0,0,0,11,2,13,3133,3391,6524,0,0,0,1122,1566,2688,73,91,164,183,131,314,0,0,0,0,0,0,838,842,1680,0,0,0,0,0,0,0,0,0,0,0,0,0,0,0,5,5,10,0,6,6,0,0,0,4,16,20,0,0,0,0,0,0,0,0,0,0,0,0,0,0,0,0,0,0,0,0,0,0,0,0,0,0,0,0,0,0,0,0,0,0,0,0,0,0,0
20230707,107395,22738,24201,46939,20039,19698,39737,86676,4402,4933,9335,1,0,1,13,17,30,34,132,166,0,0,0,0,0,0,0,0,0,135,204,339,0,3,3,3486,3425,6911,0,0,0,1245,1145,2390,72,78,150,0,0,0,0,3,3,0,0,0,559,803,1362,0,0,0,0,0,0,0,0,0,0,0,0,0,0,0,5,4,9,0,12,12,0,0,0,2,6,8,0,0,0,0,0,0,0,0,0,0,0,0,0,0,0,0,0,0,0,0,0,0,0,0,0,0,0,0,0,0,0,0,0,0,0,0,0,0,0
20230708,112502,24141,25316,49457,20376,20456,40832,90289,5000,5453,10453,0,2,2,2,1,3,27,33,60,5,0,5,0,0,0,0,0,0,0,0,0,0,1,1,3587,3474,7061,0,0,0,1376,1369,2745,36,125,161,0,0,0,2,0,2,0,0,0,835,839,1674,0,0,0,0,0,0,0,0,0,0,0,0,0,0,0,8,7,15,0,13,13,0,0,0,4,14,18,0,0,0,0,0,0,0,0,0,0,0,0,0,0,0,0,0,0,0,0,0,0,0,0,0,0,0,0,0,0,0,0,0,0,0,0,0,0,0
20230709,126111,25803,26990,52793,22037,22051,44088,96881,4995,4775,9770,3492,3449,6941,2,6,8,14,18,32,0,0,0,0,0,0,0,0,0,0,0,0,3,0,3,3769,3988,7757,0,0,0,1294,1485,2779,119,74,193,0,0,0,0,0,0,0,0,0,952,769,1721,0,0,0,0,0,0,0,0,0,0,0,0,0,0,0,0,0,0,0,2,2,0,0,0,13,11,24,0,0,0,0,0,0,0,0,0,0,0,0,0,0,0,0,0,0,0,0,0,0,0,0,0,0,0,0,0,0,0,0,0,0,0,0,0,0,0
20230710,110318,23414,23441,46855,19572,20413,39985,86840,4395,4482,8877,0,0,0,19,0,19,1587,89,1676,0,0,0,0,0,0,0,0,0,139,188,327,2,2,4,3790,3775,7565,0,0,0,1329,1817,3146,81,59,140,131,183,314,0,0,0,0,0,0,552,810,1362,0,0,0,0,0,0,0,0,0,0,0,0,0,0,0,1,2,3,0,0,0,0,0,0,15,30,45,0,0,0,0,0,0,0,0,0,0,0,0,0,0,0,0,0,0,0,0,0,0,0,0,0,0,0,0,0,0,0,0,0,0,0,0,0,0,0
20230711,103147,22523,22766,45289,18151,17091,35242,80531,4969,4977,9946,22,1,23,18,12,30,32,1744,1776,0,0,0,3,0,3,0,0,0,0,0,0,0,3,3,3154,2934,6088,0,0,0,1469,1352,2821,82,78,160,0,0,0,0,0,0,0,0,0,894,796,1690,0,0,0,0,0,0,0,0,0,0,0,0,0,0,0,0,0,0,0,13,13,0,0,0,10,53,63,0,0,0,0,0,0,0,0,0,0,0,0,0,0,0,0,0,0,0,0,0,0,0,0,0,0,0,0,0,0,0,0,0,0,0,0,0,0,0
20230712,103312,23326,22659,45985,18276,17466,35742,81727,4289,4498,8787,7,0,7,70,76,146,44,115,159,14,9,23,0,0,0,0,0,0,149,188,337,15,24,39,3541,3340,6881,0,0,0,1445,1688,3133,93,68,161,0,0,0,4,11,15,0,0,0,828,1017,1845,0,0,0,0,0,0,0,0,0,0,0,0,0,0,0,3,1,4,0,7,7,0,0,0,13,28,41,0,0,0,0,0,0,0,0,0,0,0,0,0,0,0,0,0,0,0,0,0,0,0,0,0,0,0,0,0,0,0,0,0,0,0,0,0,0,0
20230713,113232,22769,23374,46143,18952,18062,37014,83157,4997,4491,9488,3441,3443,6884,34,42,76,1178,1128,2306,0,0,0,0,0,0,9,0,9,0,0,0,11,0,11,3515,3216,6731,0,0,0,1367,1296,2663,88,72,160,0,0,0,7,0,7,0,0,0,919,791,1710,0,0,0,0,0,0,0,0,0,0,0,0,0,0,0,0,0,0,0,0,0,0,0,0,19,11,30,0,0,0,0,0,0,0,0,0,0,0,0,0,0,0,0,0,0,0,0,0,0,0,0,0,0,0,0,0,0,0,0,0,0,0,0,0,0,0
20230714,108147,23730,22820,46550,20983,18934,39917,86467,4665,4662,9327,1,1,2,10,1,11,32,58,90,0,0,0,0,7,7,0,0,0,140,189,329,5,6,11,3732,3451,7183,0,0,0,1520,1475,2995,65,87,152,0,0,0,0,0,0,0,0,0,678,815,1493,0,0,0,0,0,0,0,0,0,0,0,0,0,0,0,2,2,4,0,4,4,0,0,0,56,16,72,0,0,0,0,0,0,0,0,0,0,0,0,0,0,0,0,0,0,0,0,0,0,0,0,0,0,0,0,0,0,0,0,0,0,0,0,0,0,0
20230715,117827,26574,25648,52222,21912,20338,42250,94472,5332,5420,10752,0,0,0,26,23,49,28,55,83,0,0,0,0,2,2,0,0,0,0,0,0,8,1,9,3755,3570,7325,0,0,0,1894,1426,3320,120,93,213,0,0,0,0,0,0,0,0,0,715,860,1575,0,0,0,0,0,0,0,0,0,0,0,0,0,0,0,0,2,2,0,9,9,0,0,0,7,9,16,0,0,0,0,0,0,0,0,0,0,0,0,0,0,0,0,0,0,0,0,0,0,0,0,0,0,0,0,0,0,0,0,0,0,0,0,0,0,0
20230716,126957,26578,26301,52879,22697,21358,44055,96934,5044,4640,9684,3450,3517,6967,6,2,8,15,46,61,1,0,1,0,0,0,0,0,0,0,0,0,11,16,27,3969,4018,7987,0,0,0,1422,1788,3210,60,74,134,0,0,0,0,1,1,0,0,0,1025,847,1872,0,0,0,0,0,0,0,0,0,0,0,0,0,0,0,3,1,4,0,0,0,0,0,0,34,33,67,0,0,0,0,0,0,0,0,0,0,0,0,0,0,0,0,0,0,0,0,0,0,0,0,0,0,0,0,0,0,0,0,0,0,0,0,0,0,0
20230717,109200,23163,22472,45635,19779,20987,40766,86401,4411,4312,8723,0,1,1,4,10,14,1398,140,1538,0,0,0,0,0,0,0,0,0,163,188,351,18,0,18,3427,3929,7356,0,0,0,1486,1824,3310,30,39,69,0,0,0,0,0,0,0,0,0,562,795,1357,0,0,0,0,0,0,0,0,0,0,0,0,0,0,0,1,0,1,0,17,17,0,0,0,17,27,44,0,0,0,0,0,0,0,0,0,0,0,0,0,0,0,0,0,0,0,0,0,0,0,0,0,0,0,0,0,0,0,0,0,0,0,0,0,0,0
20230718,106854,23641,23803,47444,18795,18002,36797,84241,4875,4808,9683,3,7,10,8,20,28,32,1625,1657,0,0,0,0,0,0,0,0,0,0,0,0,24,0,24,2796,3297,6093,0,0,0,1579,1693,3272,32,145,177,0,0,0,1,8,9,0,0,0,868,678,1546,0,0,0,0,0,0,0,0,0,0,0,0,0,0,0,1,5,6,0,28,28,0,0,0,35,45,80,0,0,0,0,0,0,0,0,0,0,0,0,0,0,0,0,0,0,0,0,0,0,0,0,0,0,0,0,0,0,0,0,0,0,0,0,0,0,0
20230719,104134,24398,23586,47984,17454,17276,34730,82714,4625,4337,8962,0,1,1,86,73,159,28,257,285,2,2,4,0,0,0,0,0,0,161,176,337,64,48,112,3203,3419,6622,0,0,0,1464,1523,2987,52,49,101,0,0,0,7,9,16,0,0,0,858,910,1768,0,0,0,0,0,0,0,0,0,0,0,0,0,0,0,4,0,4,0,14,14,0,0,0,30,18,48,0,0,0,0,0,0,0,0,0,0,0,0,0,0,0,0,0,0,0,0,0,0,0,0,0,0,0,0,0,0,0,0,0,0,0,0,0,0,0
20230720,116884,24128,24375,48503,18745,19063,37808,86311,5004,4585,9589,3514,3404,6918,18,15,33,1397,1210,2607,0,0,0,3,0,3,0,0,0,0,0,0,13,9,22,3135,3290,6425,0,0,0,1596,1453,3049,22,51,73,0,0,0,4,0,4,0,0,0,993,784,1777,0,0,0,0,0,0,0,0,0,0,0,0,0,0,0,0,0,0,0,8,8,0,0,0,28,37,65,0,0,0,0,0,0,0,0,0,0,0,0,0,0,0,0,0,0,0,0,0,0,0,0,0,0,0,0,0,0,0,0,0,0,0,0,0,0,0
20230721,108491,24742,23856,48598,20483,18016,38499,87097,4735,4816,9551,4,7,11,3,6,9,63,44,107,0,0,0,0,10,10,0,0,0,170,179,349,1,2,3,3554,3302,6856,0,0,0,1570,1238,2808,139,31,170,12,0,12,0,3,3,0,0,0,681,785,1466,0,0,0,0,0,0,0,0,0,0,0,0,0,0,0,0,2,2,0,8,8,0,0,0,16,13,29,0,0,0,0,0,0,0,0,0,0,0,0,0,0,0,0,0,0,0,0,0,0,0,0,0,0,0,0,0,0,0,0,0,0,0,0,0,0,0
20230722,115916,26209,25148,51357,22550,19641,42191,93548,5342,5184,10526,1,1,2,7,4,11,34,15,49,0,0,0,0,0,0,0,0,0,0,0,0,0,0,0,3623,3392,7015,0,0,0,1523,1434,2957,76,64,140,12,0,12,0,5,5,0,0,0,765,831,1596,0,0,0,0,0,0,0,0,0,0,0,0,0,0,0,4,5,9,0,0,0,0,0,0,29,17,46,0,0,0,0,0,0,0,0,0,0,0,0,0,0,0,0,0,0,0,0,0,0,0,0,0,0,0,0,0,0,0,0,0,0,0,0,0,0,0
20230723,137802,27345,27772,55117,23049,21749,44798,99915,5357,4933,10290,7408,7633,15041,4,7,11,22,16,38,0,0,0,0,0,0,0,0,0,0,0,0,0,0,0,3741,3874,7615,0,0,0,1502,1405,2907,44,57,101,0,14,14,8,1,9,0,0,0,999,802,1801,0,0,0,0,0,0,0,0,0,0,0,0,0,0,0,2,1,3,0,0,0,0,0,0,25,32,57,0,0,0,0,0,0,0,0,0,0,0,0,0,0,0,0,0,0,0,0,0,0,0,0,0,0,0,0,0,0,0,0,0,0,0,0,0,0,0
20230724,113818,25529,24760,50289,19769,20189,39958,90247,4740,4649,9389,0,0,0,4,4,8,1575,46,1621,0,0,0,0,3,3,0,0,0,156,194,350,0,0,0,3750,3805,7555,0,0,0,1415,1651,3066,20,48,68,0,0,0,3,0,3,0,0,0,613,826,1439,0,0,0,0,0,0,0,0,0,0,0,0,0,0,0,3,1,4,0,17,17,0,0,0,20,28,48,0,0,0,0,0,0,0,0,0,0,0,0,0,0,0,0,0,0,0,0,0,0,0,0,0,0,0,0,0,0,0,0,0,0,0,0,0,0,0
20230725,118578,24878,24966,49844,19881,18792,38673,88517,5043,5018,10061,3653,3269,6922,11,3,14,20,1173,1193,0,0,0,4,0,4,0,0,0,0,0,0,7,2,9,3065,3599,6664,0,0,0,1825,1587,3412,0,0,0,0,12,12,0,1,1,0,0,0,953,816,1769,0,0,0,0,0,0,0,0,0,0,0,0,0,0,0,0,0,0,0,0,0,0,0,0,0,0,0,0,0,0,0,0,0,0,0,0,0,0,0,0,0,0,0,0,0,0,0,0,0,0,0,0,0,0,0,0,0,0,0,0,0,0,0,0,0,0
20230726,102820,24200,24024,48224,18076,18192,36268,84492,4522,4500,9022,0,3,3,34,36,70,6,6,12,0,0,0,0,0,0,0,0,0,168,174,342,0,3,3,3629,3564,7193,0,0,0,0,0,0,0,0,0,0,0,0,0,0,0,0,0,0,784,895,1679,0,0,0,0,0,0,0,0,0,0,0,0,0,0,0,1,1,2,2,0,2,0,0,0,0,0,0,0,0,0,0,0,0,0,0,0,0,0,0,0,0,0,0,0,0,0,0,0,0,0,0,0,0,0,0,0,0,0,0,0,0,0,0,0,0,0
20230727,89345,23705,22664,46369,17369,16541,33910,80279,1174,1828,3002,5,2,7,16,23,39,1,0,1,0,0,0,0,0,0,0,0,0,0,0,0,0,0,0,2170,2322,4492,0,0,0,0,0,0,0,0,0,0,0,0,0,0,0,0,0,0,859,665,1524,0,0,0,0,0,0,0,0,0,0,0,0,0,0,0,1,0,1,0,0,0,0,0,0,0,0,0,0,0,0,0,0,0,0,0,0,0,0,0,0,0,0,0,0,0,0,0,0,0,0,0,0,0,0,0,0,0,0,0,0,0,0,0,0,0,0
20230728,116629,27260,25177,52437,22373,19800,42173,94610,6940,5077,12017,1,1,2,26,16,42,5,4,9,0,0,0,0,0,0,0,0,0,193,142,335,0,0,0,4000,3448,7448,0,0,0,0,0,0,0,0,0,183,399,582,0,0,0,0,0,0,672,911,1583,0,0,0,0,0,0,0,0,0,0,0,0,0,0,0,0,1,1,0,0,0,0,0,0,0,0,0,0,0,0,0,0,0,0,0,0,0,0,0,0,0,0,0,0,0,0,0,0,0,0,0,0,0,0,0,0,0,0,0,0,0,0,0,0,0,0
20230729,121553,28714,25700,54414,23314,20651,43965,98379,5632,5516,11148,0,0,0,22,27,49,19,45,64,1,1,2,0,0,0,0,0,0,0,0,0,4,1,5,4138,3621,7759,0,0,0,1585,1008,2593,0,0,0,0,0,0,0,0,0,0,0,0,789,757,1546,0,0,0,0,0,0,0,0,0,0,0,0,0,0,0,0,1,1,0,7,7,0,0,0,0,0,0,0,0,0,0,0,0,0,0,0,0,0,0,0,0,0,0,0,0,0,0,0,0,0,0,0,0,0,0,0,0,0,0,0,0,0,0,0,0,0
20230730,130329,29178,26934,56112,24309,21299,45608,101720,5566,4676,10242,3259,1854,5113,6,1,7,12,14,26,0,0,0,0,0,0,0,0,0,0,0,0,0,0,0,4073,3767,7840,0,0,0,1578,1730,3308,138,125,263,0,0,0,2,8,10,0,0,0,1064,727,1791,0,0,0,0,0,0,0,0,0,0,0,0,0,0,0,2,1,3,0,6,6,0,0,0,0,0,0,0,0,0,0,0,0,0,0,0,0,0,0,0,0,0,0,0,0,0,0,0,0,0,0,0,0,0,0,0,0,0,0,0,0,0,0,0,0,0
20230731,115200,26400,24313,50713,22024,19287,41311,92024,4749,4555,9304,0,2,2,21,12,33,1342,10,1352,1,2,3,0,8,8,0,0,0,194,157,351,2,0,2,3985,3591,7576,0,0,0,1391,1516,2907,56,69,125,0,0,0,4,1,5,0,0,0,647,713,1360,0,0,0,0,0,0,0,0,0,0,0,0,0,0,0,5,4,9,0,43,43,0,0,0,50,46,96,0,0,0,0,0,0,0,0,0,0,0,0,0,0,0,0,0,0,0,0,0,0,0,0,0,0,0,0,0,0,0,0,0,0,0,0,0,0,0
20230801,114510,25506,25532,51038,20148,18322,38470,89508,5601,5170,10771,2,0,2,20,16,36,28,1907,1935,0,0,0,0,0,0,4,0,4,0,0,0,0,4,4,3233,3141,6374,0,0,0,1645,1863,3508,150,69,219,397,182,579,4,4,8,0,0,0,922,613,1535,0,0,0,0,0,0,0,0,0,0,0,0,0,0,0,1,0,1,0,5,5,0,0,0,9,12,21,0,0,0,0,0,0,0,0,0,0,0,0,0,0,0,0,0,0,0,0,0,0,0,0,0,0,0,0,0,0,0,0,0,0,0,0,0,0,0
20230802,107294,23995,24497,48492,17930,16763,34693,83185,4803,4617,9420,0,0,0,39,34,73,1929,92,2021,0,0,0,0,0,0,0,0,0,194,182,376,27,22,49,3596,3343,6939,0,0,0,1701,1668,3369,57,55,112,0,0,0,5,1,6,0,0,0,800,940,1740,0,0,0,0,0,0,0,0,0,0,0,0,0,0,0,0,3,3,0,1,1,0,0,0,0,0,0,0,0,0,0,0,0,0,0,0,0,0,0,0,0,0,0,0,0,0,0,0,0,0,0,0,0,0,0,0,0,0,0,0,0,0,0,0,0,0
20230803,105725,23082,24303,47385,17427,18514,35941,83326,5096,4999,10095,0,0,0,17,25,42,1763,1583,3346,0,0,0,0,0,0,0,0,0,0,0,0,1,1,2,2151,2280,4431,0,0,0,1508,1377,2885,0,0,0,0,0,0,1,0,1,0,0,0,838,759,1597,0,0,0,0,0,0,0,0,0,0,0,0,0,0,0,0,0,0,0,0,0,0,0,0,0,0,0,0,0,0,0,0,0,0,0,0,0,0,0,0,0,0,0,0,0,0,0,0,0,0,0,0,0,0,0,0,0,0,0,0,0,0,0,0,0,0
20230804,105995,23498,22773,46271,20106,18570,38676,84947,5106,4965,10071,2,0,2,23,17,40,10,8,18,0,0,0,0,0,0,0,0,0,179,157,336,0,0,0,3269,3054,6323,0,0,0,1406,1443,2849,0,0,0,0,0,0,7,7,14,0,0,0,625,765,1390,0,0,0,0,0,0,0,0,0,0,0,0,0,0,0,3,2,5,0,0,0,0,0,0,0,0,0,0,0,0,0,0,0,0,0,0,0,0,0,0,0,0,0,0,0,0,0,0,0,0,0,0,0,0,0,0,0,0,0,0,0,0,0,0,0,0
20230805,117964,25192,25002,50194,20886,20811,41697,91891,5717,5780,11497,7,1536,1543,12,8,20,15,37,52,2,2,4,0,3,3,0,0,0,0,0,0,0,0,0,3915,3784,7699,0,0,0,1742,1578,3320,157,107,264,0,0,0,0,1,1,0,0,0,806,834,1640,0,0,0,0,0,0,0,0,0,0,0,0,0,0,0,2,1,3,0,2,2,0,0,0,10,15,25,0,0,0,0,0,0,0,0,0,0,0,0,0,0,0,0,0,0,0,0,0,0,0,0,0,0,0,0,0,0,0,0,0,0,0,0,0,0,0
20230806,118505,26018,26331,52349,21455,21284,42739,95088,5327,5320,10647,0,2,2,0,0,0,35,39,74,0,0,0,0,11,11,0,0,0,0,0,0,1,1,2,3611,3651,7262,0,0,0,1652,1731,3383,107,101,208,0,0,0,5,4,9,0,0,0,1015,776,1791,0,0,0,0,0,0,0,0,0,0,0,0,0,0,0,3,1,4,1,12,13,0,0,0,1,10,11,0,0,0,0,0,0,0,0,0,0,0,0,0,0,0,0,0,0,0,0,0,0,0,0,0,0,0,0,0,0,0,0,0,0,0,0,0,0,0
20230807,121861,24321,23372,47693,20250,20519,40769,88462,4890,4808,9698,4551,4540,9091,4,2,6,1844,34,1878,0,0,0,0,2,2,0,0,0,200,183,383,0,5,5,3644,3515,7159,0,0,0,1861,1645,3506,71,160,231,0,0,0,5,11,16,0,0,0,578,779,1357,0,0,0,0,0,0,0,0,0,0,0,0,0,0,0,0,0,0,0,40,40,0,0,0,11,16,27,0,0,0,0,0,0,0,0,0,0,0,0,0,0,0,0,0,0,0,0,0,0,0,0,0,0,0,0,0,0,0,0,0,0,0,0,0,0,0
20230808,113705,25098,24475,49573,18107,17202,35309,84882,5159,5245,10404,1539,3505,5044,31,35,66,29,2306,2335,0,0,0,1,0,1,0,0,0,0,0,0,17,18,35,3186,3116,6302,0,0,0,1623,1436,3059,96,87,183,0,0,0,6,2,8,0,0,0,796,544,1340,0,0,0,0,0,0,0,0,0,0,0,0,0,0,0,0,0,0,0,26,26,0,0,0,7,13,20,0,0,0,0,0,0,0,0,0,0,0,0,0,0,0,0,0,0,0,0,0,0,0,0,0,0,0,0,0,0,0,0,0,0,0,0,0,0,0
20230809,106696,23177,24759,47936,17072,18805,35877,83813,4596,4895,9491,2,2,4,112,103,215,69,31,100,0,0,0,0,10,10,0,0,0,204,184,388,29,35,64,3591,3619,7210,0,0,0,1494,1738,3232,82,106,188,0,0,0,0,4,4,0,0,0,847,885,1732,0,0,0,0,194,194,0,0,0,0,0,0,0,0,0,2,4,6,1,17,18,0,0,0,9,18,27,0,0,0,0,0,0,0,0,0,0,0,0,0,0,0,0,0,0,0,0,0,0,0,0,0,0,0,0,0,0,0,0,0,0,0,0,0,0,0
20230810,115287,24210,25837,50047,18509,20663,39172,89219,4848,4956,9804,0,0,0,17,16,33,2177,1917,4094,6,5,11,1,0,1,0,0,0,0,0,0,12,2,14,3397,3611,7008,0,0,0,1449,1666,3115,66,103,169,0,0,0,7,0,7,0,0,0,1005,790,1795,0,0,0,0,0,0,0,0,0,0,0,0,0,0,0,0,2,2,0,6,6,0,0,0,6,3,9,0,0,0,0,0,0,0,0,0,0,0,0,0,0,0,0,0,0,0,0,0,0,0,0,0,0,0,0,0,0,0,0,0,0,0,0,0,0,0
20230811,124269,26017,26297,52314,20760,21318,42078,94392,5163,5276,10439,3516,3368,6884,1,2,3,16,47,63,0,0,0,0,9,9,0,0,0,222,182,404,2,3,5,3686,3607,7293,0,0,0,1674,1458,3132,133,78,211,0,0,0,1,1,2,0,0,0,640,767,1407,0,0,0,0,0,0,0,0,0,0,0,0,0,0,0,2,1,3,1,1,2,0,0,0,16,4,20,0,0,0,0,0,0,0,0,0,0,0,0,0,0,0,0,0,0,0,0,0,0,0,0,0,0,0,0,0,0,0,0,0,0,0,0,0,0,0
20230812,122406,27155,27497,54652,21196,22164,43360,98012,5955,5770,11725,1,0,1,3,4,7,22,36,58,0,0,0,0,0,0,0,0,0,0,0,0,0,0,0,3610,3657,7267,0,0,0,1906,1472,3378,103,87,190,0,0,0,0,1,1,0,0,0,852,871,1723,0,0,0,0,0,0,0,0,0,0,0,0,0,0,0,3,2,5,0,0,0,0,0,0,16,23,39,0,0,0,0,0,0,0,0,0,0,0,0,0,0,0,0,0,0,0,0,0,0,0,0,0,0,0,0,0,0,0,0,0,0,0,0,0,0,0
20230813,124383,27029,28044,55073,22595,22760,45355,100428,5262,5228,10490,0,0,0,4,0,4,29,17,46,0,0,0,0,0,0,0,0,0,0,0,0,0,0,0,3751,3971,7722,0,0,0,1985,1596,3581,93,49,142,0,0,0,1,0,1,0,0,0,1005,747,1752,0,0,0,194,0,194,0,0,0,0,0,0,0,0,0,0,0,0,0,8,8,0,0,0,8,7,15,0,0,0,0,0,0,0,0,0,0,0,0,0,0,0,0,0,0,0,0,0,0,0,0,0,0,0,0,0,0,0,0,0,0,0,0,0,0,0
20230814,124450,25247,25737,50984,19709,22382,42091,93075,4870,4727,9597,3372,3594,6966,4,0,4,1848,56,1904,0,0,0,0,0,0,0,0,0,206,205,411,0,0,0,3485,3924,7409,0,0,0,1586,1833,3419,107,95,202,0,0,0,1,0,1,0,0,0,607,803,1410,0,0,0,0,0,0,0,0,0,0,0,0,0,0,0,9,9,18,1,8,9,0,0,0,6,19,25,0,0,0,0,0,0,0,0,0,0,0,0,0,0,0,0,0,0,0,0,0,0,0,0,0,0,0,0,0,0,0,0,0,0,0,0,0,0,0
20230815,111536,24744,24582,49326,18188,20685,38873,88199,4581,4919,9500,2,2,4,29,9,38,40,2046,2086,0,0,0,0,0,0,0,0,0,0,0,0,1,1,2,2984,3663,6647,0,0,0,1685,1671,3356,93,82,175,0,0,0,0,5,5,0,0,0,873,602,1475,0,0,0,0,0,0,0,0,0,0,0,0,0,0,0,0,0,0,0,21,21,0,0,0,19,9,28,0,0,0,0,0,0,0,0,0,0,0,0,0,0,0,0,0,0,0,0,0,0,0,0,0,0,0,0,0,0,0,0,0,0,0,0,0,0,0
20230816,115049,24830,27314,52144,19755,20257,40012,92156,4871,5262,10133,2,0,2,47,52,99,28,43,71,0,1,1,0,0,0,0,0,0,173,176,349,0,7,7,3358,3956,7314,0,0,0,1524,1512,3036,124,105,229,0,0,0,5,0,5,0,0,0,816,819,1635,0,0,0,0,0,0,0,0,0,0,0,0,0,0,0,2,1,3,0,0,0,0,0,0,8,1,9,0,0,0,0,0,0,0,0,0,0,0,0,0,0,0,0,0,0,0,0,0,0,0,0,0,0,0,0,0,0,0,0,0,0,0,0,0,0,0
20230817,119466,26011,27366,53377,19120,20627,39747,93124,4949,5173,10122,5,16,21,11,11,22,2138,1949,4087,0,0,0,0,0,0,0,0,0,0,0,0,7,7,14,3365,3790,7155,0,0,0,1633,1477,3110,59,55,114,0,0,0,0,2,2,0,0,0,917,710,1627,0,0,0,0,0,0,0,0,0,0,0,0,0,0,0,0,1,1,1,1,2,0,0,0,11,54,65,0,0,0,0,0,0,0,0,0,0,0,0,0,0,0,0,0,0,0,0,0,0,0,0,0,0,0,0,0,0,0,0,0,0,0,0,0,0,0
20230818,123159,25724,26358,52082,21145,20780,41925,94007,5032,5169,10201,3593,3398,6991,9,9,18,40,187,227,0,0,0,0,0,0,0,0,0,211,140,351,5,2,7,3380,3632,7012,0,0,0,1658,1199,2857,66,46,112,0,0,0,3,0,3,0,0,0,613,698,1311,0,0,0,0,0,0,0,0,0,0,0,0,0,0,0,6,6,12,2,0,2,0,0,0,40,8,48,0,0,0,0,0,0,0,0,0,0,0,0,0,0,0,0,0,0,0,0,0,0,0,0,0,0,0,0,0,0,0,0,0,0,0,0,0,0,0
20230819,120562,26633,27498,54131,21435,21622,43057,97188,5602,5571,11173,0,0,0,2,1,3,33,29,62,4,0,4,0,0,0,0,0,0,0,0,0,0,0,0,3562,3710,7272,0,0,0,1831,1555,3386,102,65,167,0,0,0,2,6,8,0,0,0,649,588,1237,0,0,0,0,0,0,0,0,0,0,0,0,0,0,0,0,0,0,0,0,0,0,0,0,40,22,62,0,0,0,0,0,0,0,0,0,0,0,0,0,0,0,0,0,0,0,0,0,0,0,0,0,0,0,0,0,0,0,0,0,0,0,0,0,0,0
20230820,126697,28104,28024,56128,23971,22770,46741,102869,5440,5310,10750,1,0,1,1,6,7,23,27,50,0,0,0,0,0,0,0,0,0,0,0,0,3,2,5,3896,3971,7867,0,0,0,1660,1462,3122,68,61,129,13,0,13,1,0,1,0,0,0,1004,803,1807,0,0,0,0,0,0,0,0,0,0,0,0,0,0,0,0,3,3,0,2,2,0,0,0,13,58,71,0,0,0,0,0,0,0,0,0,0,0,0,0,0,0,0,0,0,0,0,0,0,0,0,0,0,0,0,0,0,0,0,0,0,0,0,0,0,0
20230821,120501,26661,26056,52717,21203,22028,43231,95948,4987,4853,9840,2,3,5,9,1,10,1906,29,1935,0,0,0,0,10,10,0,0,0,190,127,317,44,26,70,3783,3930,7713,0,0,0,1494,1670,3164,60,63,123,0,0,0,0,0,0,0,0,0,607,710,1317,0,0,0,0,0,0,0,0,0,0,0,0,0,0,0,1,0,1,0,13,13,0,0,0,18,17,35,0,0,0,0,0,0,0,0,0,0,0,0,0,0,0,0,0,0,0,0,0,0,0,0,0,0,0,0,0,0,0,0,0,0,0,0,0,0,0
20230822,114223,26172,25112,51284,20186,18809,38995,90279,5414,5181,10595,2,0,2,6,4,10,18,2445,2463,6,0,6,0,0,0,0,0,0,0,0,0,1,1,2,3160,3587,6747,0,0,0,1326,1373,2699,59,27,86,0,0,0,2,6,8,0,0,0,756,487,1243,0,0,0,0,0,0,0,0,0,0,0,0,0,0,0,8,6,14,0,0,0,0,0,0,42,27,69,0,0,0,0,0,0,0,0,0,0,0,0,0,0,0,0,0,0,0,0,0,0,0,0,0,0,0,0,0,0,0,0,0,0,0,0,0,0,0
20230823,119666,26049,25544,51593,19989,18813,38802,90395,4876,4777,9653,3391,3617,7008,123,82,205,40,42,82,0,0,0,0,0,0,0,0,0,180,83,263,17,21,38,3741,3691,7432,0,0,0,1539,1652,3191,41,31,72,0,13,13,19,14,33,0,0,0,577,624,1201,0,0,0,0,0,0,0,0,0,0,0,0,0,0,0,0,6,6,1,0,1,0,0,0,41,32,73,0,0,0,0,0,0,0,0,0,0,0,0,0,0,0,0,0,0,0,0,0,0,0,0,0,0,0,0,0,0,0,0,0,0,0,0,0,0,0
20230824,117772,26405,25320,51725,20433,19480,39913,91638,5301,4572,9873,0,0,0,2,2,4,2028,1959,3987,0,6,6,0,1,1,0,0,0,0,0,0,12,10,22,3405,3657,7062,0,0,0,1781,1552,3333,67,44,111,0,0,0,2,9,11,0,0,0,1024,640,1664,0,0,0,0,0,0,0,0,0,0,0,0,0,0,0,4,0,4,1,0,1,0,0,0,18,37,55,0,0,0,0,0,0,0,0,0,0,0,0,0,0,0,0,0,0,0,0,0,0,0,0,0,0,0,0,0,0,0,0,0,0,0,0,0,0,0
20230825,116130,26863,24738,51601,23035,18764,41799,93400,5428,4770,10198,1,0,1,31,23,54,86,189,275,0,0,0,0,0,0,0,0,0,202,112,314,20,19,39,3691,3413,7104,0,0,0,1792,1404,3196,51,16,67,0,0,0,0,1,1,0,0,0,667,720,1387,0,0,0,0,0,0,0,0,0,0,0,0,0,0,0,9,4,13,0,1,1,0,0,0,44,36,80,0,0,0,0,0,0,0,0,0,0,0,0,0,0,0,0,0,0,0,0,0,0,0,0,0,0,0,0,0,0,0,0,0,0,0,0,0,0,0
20230826,119245,29346,24402,53748,23109,18703,41812,95560,6138,5171,11309,2,0,2,1,1,2,60,38,98,0,0,0,0,0,0,0,0,0,0,0,0,0,1,1,3848,3467,7315,0,0,0,1988,1581,3569,60,63,123,0,0,0,12,4,16,0,0,0,664,482,1146,0,0,0,0,0,0,0,0,0,0,0,0,0,0,0,1,1,2,0,0,0,0,0,0,47,55,102,0,0,0,0,0,0,0,0,0,0,0,0,0,0,0,0,0,0,0,0,0,0,0,0,0,0,0,0,0,0,0,0,0,0,0,0,0,0,0
20230827,127421,29333,23790,53123,24293,19781,44074,97197,5577,4647,10224,3619,3512,7131,15,3,18,18,62,80,0,0,0,0,0,0,0,0,0,0,0,0,2,1,3,4042,3871,7913,0,0,0,1861,1350,3211,69,28,97,0,0,0,4,0,4,0,0,0,1046,449,1495,0,0,0,0,0,0,0,0,0,0,0,0,0,0,0,0,0,0,0,2,2,0,0,0,30,16,46,0,0,0,0,0,0,0,0,0,0,0,0,0,0,0,0,0,0,0,0,0,0,0,0,0,0,0,0,0,0,0,0,0,0,0,0,0,0,0
20230828,114940,28310,22148,50458,22402,18312,40714,91172,4879,4215,9094,5,1,6,0,0,0,1720,237,1957,0,0,0,7,7,14,0,0,0,202,89,291,1,1,2,4079,3670,7749,0,0,0,1983,1193,3176,45,31,76,0,0,0,1,3,4,0,0,0,656,659,1315,0,0,0,0,0,0,0,0,0,0,0,0,0,0,0,2,1,3,0,2,2,0,0,0,63,16,79,0,0,0,0,0,0,0,0,0,0,0,0,0,0,0,0,0,0,0,0,0,0,0,0,0,0,0,0,0,0,0,0,0,0,0,0,0,0,0
20230829,104774,26270,21228,47498,20842,15139,35981,83479,5208,4378,9586,11,4,15,4,6,10,31,1211,1242,0,0,0,0,0,0,0,0,0,0,0,0,6,4,10,3445,3102,6547,0,0,0,1582,889,2471,46,24,70,0,0,0,1,0,1,0,0,0,837,467,1304,0,0,0,0,0,0,0,0,0,0,0,0,0,0,0,0,1,1,0,0,0,0,0,0,26,12,38,0,0,0,0,0,0,0,0,0,0,0,0,0,0,0,0,0,0,0,0,0,0,0,0,0,0,0,0,0,0,0,0,0,0,0,0,0,0,0
20230830,100900,23335,21519,44854,17309,15385,32694,77548,4151,4175,8326,3517,1910,5427,20,20,40,9,2,11,0,0,0,0,0,0,0,0,0,164,90,254,43,46,89,3186,3327,6513,0,0,0,901,608,1509,0,0,0,0,0,0,0,1,1,0,0,0,612,560,1172,0,0,0,0,0,0,0,0,0,0,0,0,0,0,0,4,6,10,0,0,0,0,0,0,0,0,0,0,0,0,0,0,0,0,0,0,0,0,0,0,0,0,0,0,0,0,0,0,0,0,0,0,0,0,0,0,0,0,0,0,0,0,0,0,0,0
20230831,100183,24589,24242,48831,17917,17553,35470,84301,4237,3920,8157,0,0,0,3,1,4,2,51,53,1,1,2,0,0,0,0,0,0,128,230,358,7,12,19,2824,3172,5996,0,0,0,0,0,0,0,0,0,0,0,0,5,0,5,0,0,0,798,486,1284,0,0,0,0,0,0,0,0,0,0,0,0,0,0,0,2,2,4,0,0,0,0,0,0,0,0,0,0,0,0,0,0,0,0,0,0,0,0,0,0,0,0,0,0,0,0,0,0,0,0,0,0,0,0,0,0,0,0,0,0,0,0,0,0,0,0
20230901,91161,20082,19070,39152,18469,18204,36673,75825,3687,3717,7404,0,0,0,11,8,19,14,53,67,0,0,0,0,0,0,0,0,0,153,104,257,2,1,3,3107,3277,6384,0,0,0,0,0,0,0,0,0,0,0,0,1,0,1,0,0,0,420,775,1195,0,0,0,0,0,0,0,0,0,0,0,0,0,0,0,2,3,5,0,1,1,0,0,0,0,0,0,0,0,0,0,0,0,0,0,0,0,0,0,0,0,0,0,0,0,0,0,0,0,0,0,0,0,0,0,0,0,0,0,0,0,0,0,0,0,0
20230902,102758,20542,22085,42627,18454,18579,37033,79660,4144,4194,8338,1908,2167,4075,4,5,9,11,24,35,0,0,0,0,0,0,0,0,0,0,0,0,3,1,4,3216,3525,6741,0,0,0,1409,1624,3033,0,0,0,0,0,0,0,0,0,0,0,0,468,390,858,0,0,0,0,0,0,0,0,0,0,0,0,0,0,0,0,0,0,0,5,5,0,0,0,0,0,0,0,0,0,0,0,0,0,0,0,0,0,0,0,0,0,0,0,0,0,0,0,0,0,0,0,0,0,0,0,0,0,0,0,0,0,0,0,0,0
20230903,97556,22151,24118,46269,18822,18639,37461,83730,2670,3715,6385,2,0,2,3,3,6,36,2,38,0,0,0,0,0,0,0,0,0,0,0,0,0,0,0,2803,3064,5867,0,0,0,0,0,0,0,0,0,0,0,0,0,0,0,0,0,0,860,668,1528,0,0,0,0,0,0,0,0,0,0,0,0,0,0,0,0,0,0,0,0,0,0,0,0,0,0,0,0,0,0,0,0,0,0,0,0,0,0,0,0,0,0,0,0,0,0,0,0,0,0,0,0,0,0,0,0,0,0,0,0,0,0,0,0,0,0
20230904,100359,21181,22034,43215,19284,20797,40081,83296,4429,3256,7685,0,0,0,7,1,8,2,1,3,0,0,0,0,0,0,0,0,0,342,300,642,0,0,0,3479,3714,7193,0,0,0,0,0,0,0,0,0,0,0,0,0,0,0,0,0,0,617,906,1523,0,0,0,0,0,0,0,0,0,0,0,0,0,0,0,3,6,9,0,0,0,0,0,0,0,0,0,0,0,0,0,0,0,0,0,0,0,0,0,0,0,0,0,0,0,0,0,0,0,0,0,0,0,0,0,0,0,0,0,0,0,0,0,0,0,0
20230905,102818,22090,22428,44518,18112,17835,35947,80465,4424,4673,9097,2662,2663,5325,5,1,6,38,50,88,0,0,0,0,7,7,0,0,0,0,0,0,6,6,12,3245,3263,6508,0,0,0,0,0,0,1,0,1,0,0,0,1,1,2,0,0,0,722,575,1297,0,0,0,0,0,0,0,0,0,0,0,0,0,0,0,0,0,0,0,10,10,0,0,0,0,0,0,0,0,0,0,0,0,0,0,0,0,0,0,0,0,0,0,0,0,0,0,0,0,0,0,0,0,0,0,0,0,0,0,0,0,0,0,0,0,0
20230906,103797,21206,21265,42471,16975,18534,35509,77980,4266,4268,8534,2185,3360,5545,28,35,63,20,70,90,0,0,0,0,0,0,0,0,0,97,98,195,5,6,11,3119,3578,6697,0,0,0,1435,1465,2900,1,0,1,0,0,0,2,7,9,0,0,0,798,922,1720,0,0,0,0,0,0,0,0,0,0,0,0,0,0,0,8,1,9,0,43,43,0,0,0,0,0,0,0,0,0,0,0,0,0,0,0,0,0,0,0,0,0,0,0,0,0,0,0,0,0,0,0,0,0,0,0,0,0,0,0,0,0,0,0,0,0
20230907,102705,22044,22287,44331,18233,18817,37050,81381,4015,4067,8082,23,3,26,3,13,16,941,1567,2508,0,0,0,0,6,6,0,0,0,0,0,0,13,5,18,3214,3573,6787,0,0,0,988,1672,2660,66,80,146,0,0,0,1,5,6,0,0,0,583,434,1017,0,0,0,0,0,0,0,0,0,0,0,0,0,0,0,4,4,8,0,23,23,0,0,0,5,16,21,0,0,0,0,0,0,0,0,0,0,0,0,0,0,0,0,0,0,0,0,0,0,0,0,0,0,0,0,0,0,0,0,0,0,0,0,0,0,0
20230908,101803,22626,21168,43794,20024,19135,39159,82953,4268,3939,8207,0,0,0,12,7,19,24,33,57,0,0,0,6,0,6,0,0,0,120,102,222,1,7,8,3270,3230,6500,0,0,0,971,1313,2284,61,105,166,0,0,0,6,2,8,0,0,0,640,711,1351,0,0,0,0,0,0,0,0,0,0,0,0,0,0,0,5,1,6,0,2,2,0,0,0,2,12,14,0,0,0,0,0,0,0,0,0,0,0,0,0,0,0,0,0,0,0,0,0,0,0,0,0,0,0,0,0,0,0,0,0,0,0,0,0,0,0
20230909,104667,23983,22114,46097,19538,18942,38480,84577,4827,4292,9119,2,4,6,12,32,44,35,29,64,0,0,0,0,0,0,0,0,0,0,0,0,0,0,0,3470,3629,7099,0,0,0,1112,1300,2412,77,39,116,0,0,0,0,0,0,0,0,0,655,502,1157,0,0,0,0,0,0,0,0,0,0,0,0,0,0,0,0,1,1,0,3,3,0,0,0,4,65,69,0,0,0,0,0,0,0,0,0,0,0,0,0,0,0,0,0,0,0,0,0,0,0,0,0,0,0,0,0,0,0,0,0,0,0,0,0,0,0
20230910,119366,24516,24616,49132,21644,20863,42507,91639,4771,4324,9095,3350,2942,6292,11,0,11,38,71,109,0,0,0,0,0,0,0,0,0,0,0,0,0,0,0,3501,3983,7484,0,0,0,1698,1363,3061,60,108,168,0,0,0,2,9,11,0,0,0,856,608,1464,0,0,0,0,0,0,0,0,0,0,0,0,0,0,0,1,3,4,0,9,9,0,0,0,11,8,19,0,0,0,0,0,0,0,0,0,0,0,0,0,0,0,0,0,0,0,0,0,0,0,0,0,0,0,0,0,0,0,0,0,0,0,0,0,0,0
20230911,103737,22338,21842,44180,18587,19677,38264,82444,3946,3640,7586,0,0,0,0,1,1,1780,62,1842,0,0,0,1,0,1,0,0,0,106,64,170,0,0,0,3339,3720,7059,0,0,0,1232,1580,2812,49,51,100,0,0,0,10,4,14,0,0,0,706,960,1666,0,0,0,0,0,0,0,0,0,0,0,0,0,0,0,10,9,19,0,8,8,0,0,0,10,5,15,0,0,0,0,0,0,0,0,0,0,0,0,0,0,0,0,0,0,0,0,0,0,0,0,0,0,0,0,0,0,0,0,0,0,0,0,0,0,0
20230912,96750,21264,20994,42258,17249,17061,34310,76568,4244,4054,8298,4,1,5,3,4,7,28,1908,1936,0,0,0,0,3,3,0,0,0,0,0,0,0,0,0,2988,3136,6124,0,0,0,1214,1330,2544,64,54,118,0,0,0,3,0,3,0,0,0,639,491,1130,0,0,0,0,0,0,0,0,0,0,0,0,0,0,0,0,3,3,0,2,2,0,0,0,6,3,9,0,0,0,0,0,0,0,0,0,0,0,0,0,0,0,0,0,0,0,0,0,0,0,0,0,0,0,0,0,0,0,0,0,0,0,0,0,0,0
20230913,93664,20097,20026,40123,17250,17838,35088,75211,3855,4084,7939,3,3,6,72,67,139,42,22,64,0,0,0,0,10,10,0,0,0,57,74,131,11,13,24,3197,3443,6640,0,0,0,1134,1111,2245,40,48,88,0,0,0,0,0,0,0,0,0,487,663,1150,0,0,0,0,0,0,0,0,0,0,0,0,0,0,0,1,5,6,1,2,3,0,0,0,3,5,8,0,0,0,0,0,0,0,0,0,0,0,0,0,0,0,0,0,0,0,0,0,0,0,0,0,0,0,0,0,0,0,0,0,0,0,0,0,0,0
20230914,102947,21167,22184,43351,17550,18848,36398,79749,4137,4229,8366,0,1,1,6,10,16,1870,1767,3637,0,2,2,0,0,0,0,0,0,0,0,0,12,6,18,3641,3624,7265,0,0,0,1246,1550,2796,55,65,120,0,0,0,2,5,7,0,0,0,549,406,955,0,0,0,0,0,0,0,0,0,0,0,0,0,0,0,0,0,0,0,0,0,0,0,0,7,8,15,0,0,0,0,0,0,0,0,0,0,0,0,0,0,0,0,0,0,0,0,0,0,0,0,0,0,0,0,0,0,0,0,0,0,0,0,0,0,0
20230915,114751,22544,23236,45780,21417,20369,41786,87566,4369,4876,9245,2926,3279,6205,23,62,85,36,60,96,0,4,4,0,0,0,0,0,0,143,125,268,10,8,18,3384,3518,6902,0,0,0,1157,1482,2639,31,84,115,0,0,0,1,1,2,0,0,0,725,851,1576,0,0,0,0,0,0,0,0,0,0,0,0,0,0,0,1,2,3,2,10,12,0,0,0,3,12,15,0,0,0,0,0,0,0,0,0,0,0,0,0,0,0,0,0,0,0,0,0,0,0,0,0,0,0,0,0,0,0,0,0,0,0,0,0,0,0
20230916,110085,24286,23516,47802,20484,19591,40075,87877,4891,5256,10147,1,0,1,17,5,22,63,58,121,4,0,4,0,0,0,0,0,0,0,0,0,0,1,1,3862,3469,7331,0,0,0,1303,1375,2678,28,36,64,0,0,0,4,9,13,0,0,0,924,846,1770,0,0,0,0,0,0,0,0,0,0,0,0,0,0,0,10,5,15,1,1,2,0,0,0,25,14,39,0,0,0,0,0,0,0,0,0,0,0,0,0,0,0,0,0,0,0,0,0,0,0,0,0,0,0,0,0,0,0,0,0,0,0,0,0,0,0
20230917,115723,25021,25851,50872,21789,20701,42490,93362,4761,4762,9523,0,0,0,2,15,17,37,38,75,1,1,2,0,0,0,0,0,0,0,0,0,1,1,2,3670,4084,7754,0,0,0,1523,1830,3353,43,41,84,0,0,0,1,0,1,0,0,0,763,697,1460,0,0,0,0,0,0,0,0,0,0,0,0,0,0,0,4,6,10,0,0,0,0,0,0,22,58,80,0,0,0,0,0,0,0,0,0,0,0,0,0,0,0,0,0,0,0,0,0,0,0,0,0,0,0,0,0,0,0,0,0,0,0,0,0,0,0
20230918,110625,23006,23648,46654,19867,22139,42006,88660,4100,4249,8349,2,1,3,20,9,29,1650,55,1705,0,0,0,0,0,0,0,0,0,96,115,211,0,0,0,3455,4031,7486,0,0,0,1252,1569,2821,49,222,271,12,0,12,6,0,6,0,0,0,311,703,1014,0,0,0,0,0,0,0,0,0,0,0,0,0,0,0,3,4,7,0,8,8,0,0,0,22,21,43,0,0,0,0,0,0,0,0,0,0,0,0,0,0,0,0,0,0,0,0,0,0,0,0,0,0,0,0,0,0,0,0,0,0,0,0,0,0,0
20230919,110883,22426,22543,44969,18558,17963,36521,81490,4763,4417,9180,3287,3263,6550,12,4,16,27,1889,1916,0,0,0,0,0,0,0,0,0,0,0,0,1,1,2,3309,3560,6869,0,0,0,1635,1728,3363,55,36,91,0,0,0,10,11,21,0,0,0,657,669,1326,0,0,0,0,0,0,0,0,0,0,0,0,0,0,0,0,0,0,1,2,3,0,0,0,17,39,56,0,0,0,0,0,0,0,0,0,0,0,0,0,0,0,0,0,0,0,0,0,0,0,0,0,0,0,0,0,0,0,0,0,0,0,0,0,0,0
20230920,101994,21522,22708,44230,18505,18562,37067,81297,4479,4301,8780,2,2,4,77,80,157,22,78,100,0,0,0,0,0,0,0,0,0,98,109,207,21,26,47,3539,3493,7032,0,0,0,1298,1631,2929,24,8,32,0,10,10,3,1,4,0,0,0,583,749,1332,0,0,0,0,0,0,0,0,0,0,0,0,0,0,0,0,0,0,1,0,1,0,0,0,29,33,62,0,0,0,0,0,0,0,0,0,0,0,0,0,0,0,0,0,0,0,0,0,0,0,0,0,0,0,0,0,0,0,0,0,0,0,0,0,0,0
20230921,106547,22149,22397,44546,19609,18899,38508,83054,4513,4198,8711,1,1,2,12,7,19,1936,1094,3030,0,0,0,0,0,0,0,0,0,0,0,0,5,3,8,3452,3412,6864,0,0,0,1462,1388,2850,224,68,292,0,0,0,1,1,2,0,0,0,954,717,1671,0,0,0,0,0,0,0,0,0,0,0,0,0,0,0,3,3,6,0,1,1,0,0,0,16,21,37,0,0,0,0,0,0,0,0,0,0,0,0,0,0,0,0,0,0,0,0,0,0,0,0,0,0,0,0,0,0,0,0,0,0,0,0,0,0,0
20230922,113210,23971,22107,46078,21592,18264,39856,85934,4777,4366,9143,3270,3482,6752,5,15,20,32,16,48,0,0,0,0,0,0,0,0,0,145,143,288,0,0,0,3768,3147,6915,0,0,0,1622,1114,2736,47,26,73,0,0,0,2,4,6,0,0,0,596,654,1250,0,0,0,0,0,0,0,0,0,0,0,0,0,0,0,5,2,7,0,3,3,0,0,0,17,18,35,0,0,0,0,0,0,0,0,0,0,0,0,0,0,0,0,0,0,0,0,0,0,0,0,0,0,0,0,0,0,0,0,0,0,0,0,0,0,0
20230923,107639,24435,21504,45939,21626,18030,39656,85595,5250,4506,9756,1,0,1,11,4,15,53,49,102,0,3,3,0,10,10,0,0,0,0,0,0,0,0,0,3940,3240,7180,0,0,0,1839,1410,3249,31,17,48,0,0,0,6,4,10,0,0,0,913,656,1569,0,0,0,0,0,0,0,0,0,0,0,0,0,0,0,3,4,7,0,8,8,0,0,0,71,15,86,0,0,0,0,0,0,0,0,0,0,0,0,0,0,0,0,0,0,0,0,0,0,0,0,0,0,0,0,0,0,0,0,0,0,0,0,0,0,0
20230924,111537,24914,24901,49815,22060,19081,41141,90956,5013,4101,9114,3,3,6,10,9,19,27,32,59,0,0,0,0,0,0,0,0,0,0,0,0,22,0,22,3806,3266,7072,0,0,0,1523,1231,2754,22,227,249,0,0,0,0,3,3,0,0,0,750,444,1194,0,0,0,0,0,0,0,0,0,0,0,0,0,0,0,4,4,8,0,0,0,0,0,0,73,8,81,0,0,0,0,0,0,0,0,0,0,0,0,0,0,0,0,0,0,0,0,0,0,0,0,0,0,0,0,0,0,0,0,0,0,0,0,0,0,0
20230925,104233,23048,20799,43847,20505,17485,37990,81837,4209,3170,7379,3483,2,3485,3,9,12,21,40,61,0,0,0,1,0,1,0,0,0,92,113,205,6,3,9,3632,2935,6567,0,0,0,2063,1139,3202,17,20,37,0,0,0,10,10,20,0,0,0,650,738,1388,0,0,0,0,0,0,0,0,0,0,0,0,0,0,0,2,3,5,0,0,0,0,0,0,14,11,25,0,0,0,0,0,0,0,0,0,0,0,0,0,0,0,0,0,0,0,0,0,0,0,0,0,0,0,0,0,0,0,0,0,0,0,0,0,0,0
20230926,104944,22924,21429,44353,20651,16754,37405,81758,4787,3590,8377,6,11,17,12,12,24,17,2971,2988,0,0,0,0,10,10,0,0,0,0,0,0,11,0,11,3542,3102,6644,0,0,0,1909,1111,3020,47,42,89,0,0,0,3,0,3,0,0,0,1175,781,1956,0,0,0,0,0,0,0,0,0,0,0,0,0,0,0,2,2,4,0,0,0,0,0,0,28,15,43,0,0,0,0,0,0,0,0,0,0,0,0,0,0,0,0,0,0,0,0,0,0,0,0,0,0,0,0,0,0,0,0,0,0,0,0,0,0,0
20230927,104223,23109,22887,45996,20239,17098,37337,83333,4812,4039,8851,10,0,10,54,50,104,30,46,76,0,0,0,4,0,4,0,0,0,162,113,275,24,6,30,3589,3136,6725,0,0,0,2048,1030,3078,216,60,276,0,0,0,3,0,3,0,0,0,753,672,1425,0,0,0,0,0,0,0,0,0,0,0,0,0,0,0,1,2,3,9,5,14,0,0,0,5,11,16,0,0,0,0,0,0,0,0,0,0,0,0,0,0,0,0,0,0,0,0,0,0,0,0,0,0,0,0,0,0,0,0,0,0,0,0,0,0,0
20230928,115012,25692,25200,50892,22492,20051,42543,93435,5033,4359,9392,0,0,0,9,2,11,12,6,18,7,0,7,4,4,8,0,0,0,0,0,0,8,2,10,3742,3349,7091,0,0,0,2294,1062,3356,36,52,88,0,0,0,5,19,24,0,0,0,865,668,1533,0,0,0,0,0,0,0,0,0,0,0,0,0,0,0,0,0,0,1,0,1,0,0,0,16,22,38,0,0,0,0,0,0,0,0,0,0,0,0,0,0,0,0,0,0,0,0,0,0,0,0,0,0,0,0,0,0,0,0,0,0,0,0,0,0,0
20230929,108384,23955,23184,47139,22215,18136,40351,87490,4771,4056,8827,97,0,97,8,14,22,6,16,22,0,0,0,0,0,0,0,0,0,145,119,264,18,1,19,3662,2913,6575,0,0,0,2497,822,3319,69,69,138,0,0,0,7,1,8,0,0,0,688,868,1556,0,0,0,0,0,0,0,0,0,0,0,0,0,0,0,5,4,9,0,0,0,0,0,0,23,15,38,0,0,0,0,0,0,0,0,0,0,0,0,0,0,0,0,0,0,0,0,0,0,0,0,0,0,0,0,0,0,0,0,0,0,0,0,0,0,0
20230930,105077,25196,21391,46587,21383,17015,38398,84985,5303,3972,9275,2,8,10,10,0,10,18,8,26,0,0,0,0,0,0,0,0,0,0,0,0,5,0,5,3570,2801,6371,0,0,0,1687,1118,2805,63,22,85,0,0,0,0,3,3,0,0,0,867,600,1467,0,0,0,0,0,0,0,0,0,0,0,0,0,0,0,6,4,10,0,1,1,0,0,0,16,8,24,0,0,0,0,0,0,0,0,0,0,0,0,0,0,0,0,0,0,0,0,0,0,0,0,0,0,0,0,0,0,0,0,0,0,0,0,0,0,0
20231001,120048,27075,25824,52899,23099,18432,41531,94430,4916,3983,8899,0,0,0,2,0,2,2905,3591,6496,0,0,0,0,0,0,0,0,0,0,0,0,0,0,0,3544,2681,6225,0,0,0,1085,629,1714,71,36,107,0,0,0,7,2,9,0,0,0,1178,961,2139,0,0,0,0,0,0,0,0,0,0,0,0,0,0,0,1,1,2,0,1,1,0,0,0,20,4,24,0,0,0,0,0,0,0,0,0,0,0,0,0,0,0,0,0,0,0,0,0,0,0,0,0,0,0,0,0,0,0,0,0,0,0,0,0,0,0
20231002,107861,23782,25304,49086,20765,19078,39843,88929,3915,4412,8327,1,1,2,10,5,15,32,24,56,0,7,7,0,0,0,0,0,0,166,111,277,6,0,6,3613,2803,6416,0,0,0,1229,828,2057,77,36,113,0,0,0,0,0,0,0,0,0,699,941,1640,0,0,0,0,0,0,0,0,0,0,0,0,0,0,0,0,1,1,0,1,1,0,0,0,5,9,14,0,0,0,0,0,0,0,0,0,0,0,0,0,0,0,0,0,0,0,0,0,0,0,0,0,0,0,0,0,0,0,0,0,0,0,0,0,0,0
20231003,102607,20292,25535,45827,15904,18991,34895,80722,3844,5160,9004,2594,2,2596,3,10,13,35,32,67,0,0,0,0,0,0,0,0,0,0,0,0,71,0,71,2965,3311,6276,0,0,0,1082,1293,2375,46,53,99,0,0,0,13,14,27,0,0,0,639,709,1348,0,0,0,0,0,0,0,0,0,0,0,0,0,0,0,0,0,0,0,0,0,0,0,0,5,4,9,0,0,0,0,0,0,0,0,0,0,0,0,0,0,0,0,0,0,0,0,0,0,0,0,0,0,0,0,0,0,0,0,0,0,0,0,0,0,0
20231004,100068,17932,26263,44195,14989,21566,36555,80750,2241,3827,6068,6,2656,2662,46,43,89,26,30,56,0,0,0,0,0,0,0,0,0,0,0,0,0,0,0,2432,3960,6392,0,0,0,748,1765,2513,0,0,0,0,0,0,0,0,0,0,0,0,517,1015,1532,0,0,0,0,0,0,0,0,0,0,0,0,0,0,0,2,4,6,0,0,0,0,0,0,0,0,0,0,0,0,0,0,0,0,0,0,0,0,0,0,0,0,0,0,0,0,0,0,0,0,0,0,0,0,0,0,0,0,0,0,0,0,0,0,0,0
20231005,99262,18951,28890,47841,15439,24570,40009,87850,1443,1856,3299,0,0,0,15,17,32,0,0,0,0,0,0,0,0,0,0,0,0,0,0,0,0,0,0,2306,4259,6565,0,0,0,0,0,0,0,0,0,0,0,0,0,0,0,0,0,0,673,843,1516,0,0,0,0,0,0,0,0,0,0,0,0,0,0,0,0,0,0,0,0,0,0,0,0,0,0,0,0,0,0,0,0,0,0,0,0,0,0,0,0,0,0,0,0,0,0,0,0,0,0,0,0,0,0,0,0,0,0,0,0,0,0,0,0,0,0
20231006,126226,22216,31375,53591,17653,27011,44664,98255,4568,6464,11032,1,1,2,7,7,14,3597,3077,6674,7,0,7,0,0,0,0,0,0,129,184,313,0,0,0,3000,4468,7468,0,0,0,0,0,0,6,0,6,0,0,0,0,0,0,0,0,0,936,1495,2431,0,0,0,0,0,0,0,0,0,0,0,0,0,0,0,10,12,22,2,0,2,0,0,0,0,0,0,0,0,0,0,0,0,0,0,0,0,0,0,0,0,0,0,0,0,0,0,0,0,0,0,0,0,0,0,0,0,0,0,0,0,0,0,0,0,0
20231007,125358,23286,32446,55732,18256,27055,45311,101043,4374,6266,10640,2,1,3,33,28,61,17,90,107,0,0,0,0,0,0,0,0,0,0,0,0,0,0,0,2856,4470,7326,0,0,0,752,3503,4255,20,296,316,0,0,0,2,5,7,0,0,0,639,955,1594,0,0,0,0,0,0,0,0,0,0,0,0,0,0,0,5,1,6,0,0,0,0,0,0,0,0,0,0,0,0,0,0,0,0,0,0,0,0,0,0,0,0,0,0,0,0,0,0,0,0,0,0,0,0,0,0,0,0,0,0,0,0,0,0,0,0
20231008,115932,23079,29245,52324,17626,24338,41964,94288,3844,5225,9069,0,0,0,1,5,6,36,58,94,0,0,0,0,0,0,0,0,0,0,7,7,0,0,0,2619,4477,7096,0,0,0,922,2516,3438,38,137,175,0,0,0,0,10,10,0,0,0,742,860,1602,0,0,0,0,0,0,0,0,0,0,0,0,0,0,0,1,0,1,0,15,15,0,0,0,1,130,131,0,0,0,0,0,0,0,0,0,0,0,0,0,0,0,0,0,0,0,0,0,0,0,0,0,0,0,0,0,0,0,0,0,0,0,0,0,0,0
20231009,117617,25962,24719,50681,21811,23219,45030,95711,3973,4814,8787,1,0,1,15,16,31,23,64,87,1,0,1,0,0,0,0,0,0,0,0,0,1,1,2,3008,4033,7041,0,0,0,1432,2620,4052,52,130,182,0,0,0,2,0,2,0,0,0,737,940,1677,0,0,0,0,0,0,0,0,0,0,0,0,0,0,0,0,0,0,0,1,1,0,0,0,12,30,42,0,0,0,0,0,0,0,0,0,0,0,0,0,0,0,0,0,0,0,0,0,0,0,0,0,0,0,0,0,0,0,0,0,0,0,0,0,0,0
20231010,132058,33432,24345,57777,26587,19923,46510,104287,5757,4857,10614,12,13,25,3,3,6,3081,77,3158,0,0,0,0,0,0,0,0,0,0,0,0,0,4,4,3929,3964,7893,0,0,0,2067,1755,3822,193,49,242,0,0,0,8,0,8,0,0,0,1254,713,1967,0,0,0,0,0,0,0,0,0,0,0,0,0,0,0,0,4,4,0,3,3,0,0,0,21,4,25,0,0,0,0,0,0,0,0,0,0,0,0,0,0,0,0,0,0,0,0,0,0,0,0,0,0,0,0,0,0,0,0,0,0,0,0,0,0,0
20231011,118585,31016,22423,53439,23457,18707,42164,95603,4838,4494,9332,0,0,0,56,55,111,21,20,41,0,0,0,0,0,0,0,0,0,0,0,0,21,20,41,3850,3865,7715,0,0,0,1664,1860,3524,51,36,87,0,0,0,3,3,6,0,0,0,1030,1080,2110,0,0,0,0,0,0,0,0,0,0,0,0,0,0,0,3,4,7,2,1,3,0,0,0,3,2,5,0,0,0,0,0,0,0,0,0,0,0,0,0,0,0,0,0,0,0,0,0,0,0,0,0,0,0,0,0,0,0,0,0,0,0,0,0,0,0
20231012,111990,26613,22447,49060,21088,19961,41049,90109,4754,4712,9466,6,2,8,8,3,11,45,36,81,1,7,8,0,0,0,0,0,0,0,0,0,6,1,7,3478,3507,6985,0,0,0,1391,2155,3546,71,51,122,0,0,0,7,5,12,0,0,0,922,644,1566,0,0,0,0,0,0,0,0,0,0,0,0,0,0,0,4,3,7,0,19,19,0,0,0,33,10,43,0,0,0,0,0,0,0,0,0,0,0,0,0,0,0,0,0,0,0,0,0,0,0,0,0,0,0,0,0,0,0,0,0,0,0,0,0,0,0
20231013,110698,25876,22189,48065,22077,19620,41697,89762,4552,4454,9006,2,0,2,0,7,7,65,54,119,0,0,0,0,0,0,0,0,0,0,0,0,0,1,1,3677,3508,7185,0,0,0,1429,1722,3151,48,43,91,0,0,0,0,0,0,0,0,0,675,673,1348,0,0,0,0,0,0,0,0,0,0,0,0,0,0,0,2,3,5,0,10,10,0,0,0,4,7,11,0,0,0,0,0,0,0,0,0,0,0,0,0,0,0,0,0,0,0,0,0,0,0,0,0,0,0,0,0,0,0,0,0,0,0,0,0,0,0
20231014,119963,28151,23270,51421,24251,21224,45475,96896,5337,5000,10337,0,0,0,29,25,54,39,29,68,0,0,0,0,0,0,0,0,0,0,0,0,3,0,3,3802,3620,7422,0,0,0,1712,1949,3661,78,38,116,0,0,0,5,5,10,0,0,0,704,670,1374,0,0,0,0,0,0,0,0,0,0,0,0,0,0,0,0,0,0,0,16,16,0,0,0,2,4,6,0,0,0,0,0,0,0,0,0,0,0,0,0,0,0,0,0,0,0,0,0,0,0,0,0,0,0,0,0,0,0,0,0,0,0,0,0,0,0
20231015,130349,29795,27356,57151,25221,23945,49166,106317,5196,4913,10109,0,0,0,6,11,17,19,72,91,0,0,0,0,0,0,1,0,1,0,0,0,3,0,3,4199,4354,8553,0,0,0,1931,1616,3547,111,79,190,0,0,0,1,2,3,0,0,0,857,649,1506,0,0,0,0,0,0,0,0,0,0,0,0,0,0,0,4,2,6,0,0,0,0,0,0,1,5,6,0,0,0,0,0,0,0,0,0,0,0,0,0,0,0,0,0,0,0,0,0,0,0,0,0,0,0,0,0,0,0,0,0,0,0,0,0,0,0
20231016,126746,27326,25161,52487,23510,23639,47149,99636,4526,4668,9194,2377,2376,4753,24,11,35,18,31,49,0,0,0,0,0,0,0,0,0,0,0,0,1,0,1,3814,4073,7887,0,0,0,1720,1915,3635,99,66,165,12,0,12,4,3,7,0,0,0,527,761,1288,0,0,0,0,0,0,0,0,0,0,0,0,0,0,0,0,0,0,0,6,6,0,0,0,75,3,78,0,0,0,0,0,0,0,0,0,0,0,0,0,0,0,0,0,0,0,0,0,0,0,0,0,0,0,0,0,0,0,0,0,0,0,0,0,0,0
20231017,112591,26041,23046,49087,21343,19763,41106,90193,4881,4902,9783,3,2,5,20,30,50,25,54,79,0,0,0,0,0,0,0,0,0,0,0,0,0,0,0,3659,3721,7380,0,0,0,1876,1685,3561,19,32,51,0,0,0,2,0,2,0,0,0,800,656,1456,0,0,0,0,0,0,0,0,0,0,0,0,0,0,0,3,2,5,0,0,0,0,0,0,13,13,26,0,0,0,0,0,0,0,0,0,0,0,0,0,0,0,0,0,0,0,0,0,0,0,0,0,0,0,0,0,0,0,0,0,0,0,0,0,0,0
20231018,112756,25843,23514,49357,21662,19771,41433,90790,4710,4619,9329,0,5,5,23,14,37,32,45,77,4,0,4,0,0,0,0,0,0,0,0,0,12,8,20,3931,3956,7887,0,0,0,1855,1838,3693,36,31,67,0,6,6,3,1,4,0,0,0,346,437,783,0,0,0,0,0,0,0,0,0,0,0,0,0,0,0,1,3,4,0,3,3,0,0,0,26,21,47,0,0,0,0,0,0,0,0,0,0,0,0,0,0,0,0,0,0,0,0,0,0,0,0,0,0,0,0,0,0,0,0,0,0,0,0,0,0,0
20231019,117348,26330,24636,50966,22471,21743,44214,95180,4722,4592,9314,14,10,24,17,16,33,26,133,159,0,0,0,1,1,2,0,0,0,0,0,0,0,0,0,3816,4003,7819,0,0,0,1547,1555,3102,25,149,174,0,0,0,4,3,7,0,0,0,853,599,1452,0,0,0,0,0,0,0,0,0,0,0,0,0,0,0,0,0,0,0,24,24,0,0,0,20,38,58,0,0,0,0,0,0,0,0,0,0,0,0,0,0,0,0,0,0,0,0,0,0,0,0,0,0,0,0,0,0,0,0,0,0,0,0,0,0,0
20231020,122391,27918,25436,53354,25021,21676,46697,100051,4972,5022,9994,5,0,5,26,31,57,16,115,131,0,0,0,0,0,0,0,0,0,0,0,0,0,0,0,4102,3905,8007,0,0,0,1760,1104,2864,19,47,66,0,0,0,1,4,5,0,0,0,510,635,1145,0,0,0,0,0,0,0,0,0,0,0,0,0,0,0,6,13,19,1,10,11,0,0,0,13,23,36,0,0,0,0,0,0,0,0,0,0,0,0,0,0,0,0,0,0,0,0,0,0,0,0,0,0,0,0,0,0,0,0,0,0,0,0,0,0,0
20231021,125610,27664,25957,53621,24076,22188,46264,99885,5350,5120,10470,909,898,1807,5,9,14,58,16,74,0,0,0,0,2,2,0,0,0,0,0,0,2,0,2,3852,3844,7696,0,0,0,1782,1638,3420,41,33,74,182,183,365,4,0,4,0,0,0,885,879,1764,0,0,0,0,0,0,0,0,0,0,0,0,0,0,0,0,0,0,1,0,1,0,0,0,17,15,32,0,0,0,0,0,0,0,0,0,0,0,0,0,0,0,0,0,0,0,0,0,0,0,0,0,0,0,0,0,0,0,0,0,0,0,0,0,0,0
20231022,128331,28766,28074,56840,25024,22990,48014,104854,4908,4791,9699,449,0,449,1,5,6,44,34,78,0,0,0,0,0,0,0,0,0,0,0,0,0,0,0,4253,4138,8391,0,0,0,1699,1803,3502,31,32,63,0,0,0,6,13,19,0,0,0,692,506,1198,0,0,0,0,0,0,0,0,0,0,0,0,0,0,0,13,7,20,0,3,3,0,0,0,29,20,49,0,0,0,0,0,0,0,0,0,0,0,0,0,0,0,0,0,0,0,0,0,0,0,0,0,0,0,0,0,0,0,0,0,0,0,0,0,0,0
20231023,120342,26486,26488,52974,22395,22981,45376,98350,5052,4657,9709,64,0,64,3,11,14,28,477,505,0,4,4,0,0,0,0,0,0,0,0,0,0,0,0,3883,3863,7746,0,0,0,1385,1659,3044,33,18,51,0,0,0,6,0,6,0,0,0,292,534,826,0,0,0,0,0,0,0,0,0,0,0,0,0,0,0,0,1,1,0,0,0,0,0,0,16,6,22,0,0,0,0,0,0,0,0,0,0,0,0,0,0,0,0,0,0,0,0,0,0,0,0,0,0,0,0,0,0,0,0,0,0,0,0,0,0,0
20231024,116123,25683,26201,51884,20833,20413,41246,93130,5092,5060,10152,267,0,267,8,0,8,28,48,76,0,0,0,0,0,0,0,0,0,0,0,0,6,4,10,3693,3742,7435,0,0,0,1379,1712,3091,61,32,93,183,182,365,2,2,4,0,0,0,811,604,1415,0,0,0,0,0,0,0,0,0,0,0,0,0,0,0,0,1,1,1,15,16,0,0,0,43,17,60,0,0,0,0,0,0,0,0,0,0,0,0,0,0,0,0,0,0,0,0,0,0,0,0,0,0,0,0,0,0,0,0,0,0,0,0,0,0,0
20231025,115455,25214,25696,50910,21222,20901,42123,93033,4767,4838,9605,1,0,1,49,43,92,16,282,298,0,77,77,0,0,0,0,0,0,0,0,0,6,7,13,4076,3889,7965,0,0,0,1566,1549,3115,43,44,87,0,0,0,0,13,13,0,0,0,491,623,1114,0,0,0,0,0,0,0,0,0,0,0,0,0,0,0,5,4,9,0,0,0,0,0,0,22,11,33,0,0,0,0,0,0,0,0,0,0,0,0,0,0,0,0,0,0,0,0,0,0,0,0,0,0,0,0,0,0,0,0,0,0,0,0,0,0,0
20231026,117946,25848,25893,51741,22268,21589,43857,95598,4675,4279,8954,0,2,2,13,16,29,20,55,75,8,0,8,0,0,0,0,0,0,0,0,0,3,1,4,3790,3833,7623,0,0,0,1928,1690,3618,26,62,88,0,0,0,14,5,19,0,0,0,1068,828,1896,0,0,0,0,0,0,0,0,0,0,0,0,0,0,0,1,2,3,0,5,5,0,0,0,12,12,24,0,0,0,0,0,0,0,0,0,0,0,0,0,0,0,0,0,0,0,0,0,0,0,0,0,0,0,0,0,0,0,0,0,0,0,0,0,0,0
20231027,120837,27733,25591,53324,24342,21496,45838,99162,4879,4618,9497,1,0,1,15,10,25,41,209,250,0,0,0,5,0,5,0,0,0,0,0,0,0,0,0,4230,3739,7969,0,0,0,1427,1330,2757,34,23,57,0,0,0,5,1,6,0,222,222,367,473,840,0,0,0,0,0,0,0,0,0,0,0,0,0,0,0,5,5,10,0,7,7,0,0,0,8,21,29,0,0,0,0,0,0,0,0,0,0,0,0,0,0,0,0,0,0,0,0,0,0,0,0,0,0,0,0,0,0,0,0,0,0,0,0,0,0,0
20231028,125385,26474,25667,52141,23256,21999,45255,97396,5359,5136,10495,2636,2616,5252,2,3,5,21,20,41,0,0,0,0,0,0,0,0,0,0,0,0,0,0,0,3903,3551,7454,0,0,0,1833,1364,3197,21,56,77,0,0,0,3,10,13,0,0,0,765,631,1396,0,0,0,0,0,0,0,0,0,0,0,0,0,0,0,3,3,6,0,11,11,0,0,0,21,21,42,0,0,0,0,0,0,0,0,0,0,0,0,0,0,0,0,0,0,0,0,0,0,0,0,0,0,0,0,0,0,0,0,0,0,0,0,0,0,0
20231029,128064,26946,27546,54492,24500,22983,47483,101975,5360,5173,10533,4,0,4,6,13,19,12,24,36,2324,4,2328,0,0,0,0,0,0,0,0,0,0,1,1,4006,3913,7919,0,0,0,1798,1477,3275,45,32,77,0,0,0,5,5,10,0,0,0,947,880,1827,0,0,0,0,0,0,0,0,0,0,0,0,0,0,0,1,0,1,0,0,0,0,0,0,11,48,59,0,0,0,0,0,0,0,0,0,0,0,0,0,0,0,0,0,0,0,0,0,0,0,0,0,0,0,0,0,0,0,0,0,0,0,0,0,0,0
20231030,114483,24712,23994,48706,22403,21968,44371,93077,4492,4615,9107,39,26,65,9,1,10,17,15,32,0,0,0,0,0,0,0,0,0,0,0,0,6,3,9,3713,3510,7223,0,0,0,1672,1500,3172,36,32,68,0,0,0,8,0,8,0,0,0,868,816,1684,0,0,0,0,0,0,0,0,0,0,0,0,0,0,0,1,1,2,0,11,11,0,0,0,10,5,15,0,0,0,0,0,0,0,0,0,0,0,0,0,0,0,0,0,0,0,0,0,0,0,0,0,0,0,0,0,0,0,0,0,0,0,0,0,0,0
20231031,113395,25033,23960,48993,21903,18663,40566,89559,4621,4551,9172,0,0,0,2,3,5,23,2367,2390,0,0,0,0,5,5,0,0,0,0,0,0,13,15,28,3554,3227,6781,0,0,0,1602,1549,3151,39,28,67,0,0,0,1,4,5,219,225,444,873,849,1722,0,0,0,0,0,0,0,0,0,0,0,0,0,0,0,0,0,0,1,12,13,0,0,0,36,17,53,0,0,0,0,0,0,0,0,0,0,0,0,0,0,0,0,0,0,0,0,0,0,0,0,0,0,0,0,0,0,0,0,0,0,0,0,0,0,0
20231101,110515,24271,22738,47009,21793,19745,41538,88547,4856,4701,9557,1,0,1,142,114,256,9,88,97,0,0,0,1,1,2,0,0,0,0,0,0,9,2,11,4023,3428,7451,0,0,0,1363,1533,2896,107,43,150,0,0,0,1,5,6,0,0,0,770,736,1506,0,0,0,0,0,0,0,0,0,0,0,0,0,0,0,8,8,16,0,0,0,0,0,0,9,10,19,0,0,0,0,0,0,0,0,0,0,0,0,0,0,0,0,0,0,0,0,0,0,0,0,0,0,0,0,0,0,0,0,0,0,0,0,0,0,0
20231102,111310,24236,23557,47793,21916,20367,42283,90076,4771,4372,9143,0,4,4,11,48,59,37,24,61,0,8,8,0,0,0,0,0,0,0,0,0,4,0,4,3976,3442,7418,0,0,0,1399,1768,3167,44,73,117,0,0,0,5,2,7,0,0,0,656,576,1232,0,0,0,0,0,0,0,0,0,0,0,0,0,0,0,2,3,5,0,2,2,0,0,0,4,3,7,0,0,0,0,0,0,0,0,0,0,0,0,0,0,0,0,0,0,0,0,0,0,0,0,0,0,0,0,0,0,0,0,0,0,0,0,0,0,0
20231103,116595,24570,23944,48514,23431,20039,43470,91984,4973,4942,9915,1930,5,1935,29,26,55,25,26,51,0,0,0,0,0,0,0,0,0,0,0,0,2,0,2,3978,3781,7759,0,0,0,1539,1502,3041,25,43,68,0,0,0,0,0,0,0,0,0,785,973,1758,0,0,0,0,0,0,0,0,0,0,0,0,0,0,0,2,3,5,0,5,5,0,0,0,5,12,17,0,0,0,0,0,0,0,0,0,0,0,0,0,0,0,0,0,0,0,0,0,0,0,0,0,0,0,0,0,0,0,0,0,0,0,0,0,0,0
20231104,115236,23505,24815,48320,21265,21602,42867,91187,5245,4910,10155,2,0,2,25,9,34,27,1969,1996,0,3,3,0,0,0,0,0,0,0,0,0,2,0,2,3500,3562,7062,0,0,0,1499,1449,2948,54,62,116,0,0,0,0,0,0,228,0,228,756,716,1472,0,0,0,0,0,0,0,0,0,0,0,0,0,0,0,1,0,1,0,22,22,0,0,0,2,6,8,0,0,0,0,0,0,0,0,0,0,0,0,0,0,0,0,0,0,0,0,0,0,0,0,0,0,0,0,0,0,0,0,0,0,0,0,0,0,0
20231105,125757,25342,28764,54106,24067,23366,47433,101539,5385,5260,10645,0,1,1,12,4,16,3,39,42,0,0,0,0,2,2,0,0,0,0,0,0,0,0,0,3761,4083,7844,0,0,0,1826,1491,3317,43,43,86,0,0,0,3,2,5,0,0,0,1134,1106,2240,0,0,0,0,0,0,0,0,0,0,0,0,0,0,0,5,4,9,0,0,0,0,0,0,6,5,11,0,0,0,0,0,0,0,0,0,0,0,0,0,0,0,0,0,0,0,0,0,0,0,0,0,0,0,0,0,0,0,0,0,0,0,0,0,0,0
20231106,113973,24276,24937,49213,21914,22314,44228,93441,4265,4301,8566,1,1,2,1,4,5,38,38,76,0,0,0,1,7,8,0,0,0,0,0,0,0,3,3,3616,3900,7516,0,0,0,1818,1387,3205,46,52,98,0,0,0,0,0,0,0,0,0,466,571,1037,0,0,0,0,0,0,0,0,0,0,0,0,0,0,0,3,1,4,0,7,7,0,0,0,2,3,5,0,0,0,0,0,0,0,0,0,0,0,0,0,0,0,0,0,0,0,0,0,0,0,0,0,0,0,0,0,0,0,0,0,0,0,0,0,0,0
20231107,108032,23511,23455,46966,21077,19059,40136,87102,4793,4696,9489,5,3,8,16,17,33,17,7,24,0,0,0,3,0,3,0,0,0,0,0,0,0,0,0,3489,3487,6976,0,0,0,1376,1485,2861,62,33,95,0,0,0,0,16,16,0,0,0,665,738,1403,0,0,0,0,0,0,0,0,0,0,0,0,0,0,0,0,0,0,0,0,0,0,0,0,8,14,22,0,0,0,0,0,0,0,0,0,0,0,0,0,0,0,0,0,0,0,0,0,0,0,0,0,0,0,0,0,0,0,0,0,0,0,0,0,0,0
20231108,107558,22636,22379,45015,20384,20020,40404,85419,4642,4507,9149,1,1,2,31,22,53,18,23,41,1,0,1,0,0,0,0,0,0,0,0,0,10,11,21,3790,3779,7569,0,0,0,1487,1442,2929,52,64,116,0,0,0,17,1,18,0,0,0,1015,1157,2172,0,0,0,0,0,0,0,0,0,0,0,0,0,0,0,4,4,8,2,19,21,0,0,0,7,32,39,0,0,0,0,0,0,0,0,0,0,0,0,0,0,0,0,0,0,0,0,0,0,0,0,0,0,0,0,0,0,0,0,0,0,0,0,0,0,0
20231109,112494,24331,24197,48528,20626,21310,41936,90464,5271,4398,9669,881,9,890,3,0,3,15,17,32,0,0,0,0,0,0,0,0,0,0,0,0,1,1,2,3597,3682,7279,0,0,0,1368,1578,2946,44,57,101,0,0,0,2,0,2,0,0,0,587,498,1085,0,0,0,0,0,0,0,0,0,0,0,0,0,0,0,0,0,0,0,3,3,0,0,0,12,6,18,0,0,0,0,0,0,0,0,0,0,0,0,0,0,0,0,0,0,0,0,0,0,0,0,0,0,0,0,0,0,0,0,0,0,0,0,0,0,0
20231110,120734,25525,24872,50397,24045,21962,46007,96404,5891,4900,10791,12,230,242,3,1,4,22,674,696,0,0,0,2,0,2,0,0,0,0,0,0,4,0,4,4073,3745,7818,0,0,0,1428,1131,2559,40,118,158,0,0,0,0,7,7,0,0,0,1038,948,1986,0,0,0,0,0,0,0,0,0,0,0,0,0,0,0,2,2,4,0,26,26,0,0,0,13,20,33,0,0,0,0,0,0,0,0,0,0,0,0,0,0,0,0,0,0,0,0,0,0,0,0,0,0,0,0,0,0,0,0,0,0,0,0,0,0,0
20231111,120202,26330,25696,52026,23483,21757,45240,97266,5883,4796,10679,1,1,2,4,6,10,12,20,32,0,0,0,0,0,0,0,0,0,0,0,0,1,0,1,3758,3616,7374,0,0,0,1742,1465,3207,40,85,125,0,0,0,12,9,21,0,0,0,771,682,1453,0,0,0,0,0,0,0,0,0,0,0,0,0,0,0,1,0,1,6,8,14,0,0,0,2,15,17,0,0,0,0,0,0,0,0,0,0,0,0,0,0,0,0,0,0,0,0,0,0,0,0,0,0,0,0,0,0,0,0,0,0,0,0,0,0,0
20231112,128359,27600,28209,55809,23889,23176,47065,102874,5727,5837,11564,0,0,0,6,3,9,13,23,36,0,0,0,0,0,0,0,0,0,0,0,0,4,0,4,4018,4102,8120,0,0,0,1631,1475,3106,32,16,48,0,0,0,2,0,2,0,0,0,1354,1228,2582,0,0,0,0,0,0,0,0,0,0,0,0,0,0,0,0,0,0,0,0,0,0,0,0,7,7,14,0,0,0,0,0,0,0,0,0,0,0,0,0,0,0,0,0,0,0,0,0,0,0,0,0,0,0,0,0,0,0,0,0,0,0,0,0,0,0
20231113,117824,24775,25741,50516,21981,22906,44887,95403,4852,5627,10479,2,0,2,1,0,1,19,18,37,0,0,0,0,0,0,0,0,0,0,0,0,4,1,5,3744,3878,7622,0,0,0,1198,1519,2717,38,10,48,0,0,0,3,2,5,0,0,0,656,835,1491,0,0,0,0,0,0,0,0,0,0,0,0,0,0,0,2,4,6,0,0,0,0,0,0,3,5,8,0,0,0,0,0,0,0,0,0,0,0,0,0,0,0,0,0,0,0,0,0,0,0,0,0,0,0,0,0,0,0,0,0,0,0,0,0,0,0
20231114,112415,23929,25607,49536,21215,20436,41651,91187,4597,5385,9982,5,6,11,15,20,35,26,18,44,0,0,0,0,0,0,0,0,0,0,0,0,7,2,9,3616,3654,7270,0,0,0,1213,1432,2645,67,32,99,0,0,0,4,7,11,0,0,0,454,616,1070,0,0,0,0,0,0,0,0,0,0,0,0,0,0,0,1,2,3,4,0,4,0,0,0,24,21,45,0,0,0,0,0,0,0,0,0,0,0,0,0,0,0,0,0,0,0,0,0,0,0,0,0,0,0,0,0,0,0,0,0,0,0,0,0,0,0
20231115,115014,23994,26039,50033,20803,21161,41964,91997,4881,5201,10082,6,4,10,42,29,71,42,38,80,0,0,0,0,0,0,0,0,0,0,0,0,0,0,0,3896,4062,7958,0,0,0,1344,1725,3069,36,51,87,0,0,0,5,5,10,0,0,0,808,794,1602,0,0,0,0,0,0,0,0,0,0,0,0,0,0,0,2,0,2,0,4,4,0,0,0,27,15,42,0,0,0,0,0,0,0,0,0,0,0,0,0,0,0,0,0,0,0,0,0,0,0,0,0,0,0,0,0,0,0,0,0,0,0,0,0,0,0
20231116,117854,25193,26391,51584,21730,22655,44385,95969,4922,4660,9582,2,0,2,1,5,6,17,37,54,0,0,0,1,0,1,0,0,0,0,0,0,1,0,1,3859,3891,7750,0,0,0,1403,1534,2937,30,49,79,0,0,0,0,0,0,0,0,0,636,779,1415,0,0,0,0,0,0,0,0,0,0,0,0,0,0,0,6,6,12,0,16,16,0,0,0,12,18,30,0,0,0,0,0,0,0,0,0,0,0,0,0,0,0,0,0,0,0,0,0,0,0,0,0,0,0,0,0,0,0,0,0,0,0,0,0,0,0
20231117,125015,25116,26603,51719,24937,22751,47688,99407,5459,5292,10751,734,735,1469,9,11,20,21,25,46,1,0,1,0,0,0,0,0,0,0,0,0,0,2,2,4100,3836,7936,0,0,0,1578,1615,3193,36,16,52,0,0,0,0,0,0,0,0,0,1041,1031,2072,0,0,0,0,0,0,0,0,0,0,0,0,0,0,0,1,1,2,0,0,0,0,0,0,8,56,64,0,0,0,0,0,0,0,0,0,0,0,0,0,0,0,0,0,0,0,0,0,0,0,0,0,0,0,0,0,0,0,0,0,0,0,0,0,0,0
20231118,124837,27676,26917,54593,24350,22728,47078,101671,5347,5137,10484,4,2,6,9,8,17,31,17,48,0,0,0,0,0,0,0,0,0,0,0,0,0,4,4,3902,3786,7688,0,0,0,1518,1727,3245,14,37,51,0,0,0,0,0,0,0,0,0,779,716,1495,0,0,0,0,0,0,0,0,0,0,0,0,0,0,0,4,5,9,0,11,11,0,0,0,86,22,108,0,0,0,0,0,0,0,0,0,0,0,0,0,0,0,0,0,0,0,0,0,0,0,0,0,0,0,0,0,0,0,0,0,0,0,0,0,0,0
20231119,131861,29510,28886,58396,25101,23274,48375,106771,5593,5466,11059,0,1,1,9,1,10,12,13,25,0,0,0,0,0,0,0,0,0,0,0,0,6,0,6,4180,4170,8350,0,0,0,1690,1786,3476,56,37,93,0,0,0,0,0,0,0,0,0,998,1018,2016,0,0,0,0,0,0,0,0,0,0,0,0,0,0,0,2,1,3,0,6,6,0,0,0,28,17,45,0,0,0,0,0,0,0,0,0,0,0,0,0,0,0,0,0,0,0,0,0,0,0,0,0,0,0,0,0,0,0,0,0,0,0,0,0,0,0
20231120,123634,27533,26759,54292,23748,22588,46336,100628,5266,4947,10213,0,0,0,8,7,15,33,24,57,0,0,0,0,0,0,0,0,0,0,0,0,5,0,5,3800,3956,7756,0,0,0,1715,1592,3307,34,14,48,0,0,0,3,10,13,0,0,0,724,819,1543,0,0,0,0,0,0,0,0,0,0,0,0,0,0,0,1,5,6,2,11,13,0,0,0,21,9,30,0,0,0,0,0,0,0,0,0,0,0,0,0,0,0,0,0,0,0,0,0,0,0,0,0,0,0,0,0,0,0,0,0,0,0,0,0,0,0
20231121,114718,26182,25871,52053,21930,19540,41470,93523,4688,4516,9204,0,3,3,1,1,2,29,15,44,0,0,0,10,4,14,0,0,0,6,0,6,2,0,2,3697,3567,7264,0,0,0,1438,1508,2946,18,45,63,0,0,0,11,5,16,0,0,0,751,815,1566,0,0,0,0,0,0,0,0,0,0,0,0,0,0,0,4,0,4,7,25,32,0,0,0,18,11,29,0,0,0,0,0,0,0,0,0,0,0,0,0,0,0,0,0,0,0,0,0,0,0,0,0,0,0,0,0,0,0,0,0,0,0,0,0,0,0
20231122,119567,25036,25102,50138,21643,20582,42225,92363,4881,5009,9890,2007,1992,3999,94,89,183,19,8,27,0,0,0,0,1,1,0,0,0,0,0,0,0,1,1,4201,3950,8151,0,0,0,1525,1416,2941,19,15,34,0,0,0,0,8,8,0,0,0,960,955,1915,0,0,0,0,0,0,0,0,0,0,0,0,0,0,0,4,2,6,5,0,5,0,0,0,23,20,43,0,0,0,0,0,0,0,0,0,0,0,0,0,0,0,0,0,0,0,0,0,0,0,0,0,0,0,0,0,0,0,0,0,0,0,0,0,0,0
20231123,120240,26648,25984,52632,23077,22349,45426,98058,4994,4569,9563,25,1,26,6,12,18,42,12,54,0,0,0,0,0,0,0,0,0,0,0,0,1,2,3,3952,3850,7802,0,0,0,1463,1870,3333,13,174,187,0,0,0,6,6,12,0,0,0,602,555,1157,0,0,0,0,0,0,0,0,0,0,0,0,0,0,0,3,4,7,0,0,0,0,0,0,11,9,20,0,0,0,0,0,0,0,0,0,0,0,0,0,0,0,0,0,0,0,0,0,0,0,0,0,0,0,0,0,0,0,0,0,0,0,0,0,0,0
20231124,124383,26903,26500,53403,24923,22604,47527,100930,5370,5217,10587,1,1,2,17,11,28,25,24,49,0,0,0,0,0,0,0,0,0,0,0,0,0,0,0,3939,3922,7861,0,0,0,1726,1530,3256,0,0,0,0,0,0,6,0,6,0,0,0,829,822,1651,0,0,0,0,0,0,0,0,0,0,0,0,0,0,0,1,0,1,0,12,12,0,0,0,0,0,0,0,0,0,0,0,0,0,0,0,0,0,0,0,0,0,0,0,0,0,0,0,0,0,0,0,0,0,0,0,0,0,0,0,0,0,0,0,0,0
20231125,124398,27696,27470,55166,23185,22746,45931,101097,5541,5157,10698,5,0,5,9,0,9,13,48,61,6,7,13,0,0,0,0,0,0,0,0,0,0,2,2,3858,3597,7455,0,0,0,1798,1754,3552,34,56,90,0,0,0,0,0,0,0,0,0,715,699,1414,0,0,0,0,0,0,0,0,0,0,0,0,0,0,0,1,1,2,0,0,0,0,0,0,0,0,0,0,0,0,0,0,0,0,0,0,0,0,0,0,0,0,0,0,0,0,0,0,0,0,0,0,0,0,0,0,0,0,0,0,0,0,0,0,0,0
20231126,132296,28752,29694,58446,24235,23740,47975,106421,5521,5812,11333,1,6,7,6,4,10,6,10,16,0,0,0,0,0,0,0,0,0,0,0,0,0,0,0,4007,4049,8056,0,0,0,1938,1398,3336,90,42,132,0,0,0,0,1,1,0,0,0,1438,1452,2890,0,0,0,0,0,0,0,0,0,0,0,0,0,0,0,2,3,5,3,8,11,0,0,0,28,50,78,0,0,0,0,0,0,0,0,0,0,0,0,0,0,0,0,0,0,0,0,0,0,0,0,0,0,0,0,0,0,0,0,0,0,0,0,0,0,0
20231127,120511,26306,25847,52153,22241,23570,45811,97964,4921,4958,9879,0,0,0,6,11,17,30,16,46,2,0,2,0,0,0,0,0,0,0,0,0,1,2,3,3833,3962,7795,0,0,0,1806,1387,3193,23,26,49,0,0,0,0,0,0,0,0,0,700,823,1523,0,0,0,0,0,0,0,0,0,0,0,0,0,0,0,0,0,0,0,0,0,0,0,0,27,13,40,0,0,0,0,0,0,0,0,0,0,0,0,0,0,0,0,0,0,0,0,0,0,0,0,0,0,0,0,0,0,0,0,0,0,0,0,0,0,0
20231128,116241,25032,25378,50410,22510,20699,43209,93619,4920,4870,9790,3,0,3,22,15,37,1069,11,1080,0,0,0,0,0,0,0,0,0,0,0,0,0,0,0,3654,3756,7410,0,0,0,1530,1431,2961,124,32,156,0,0,0,0,2,2,0,0,0,563,581,1144,0,0,0,0,0,0,0,0,0,0,0,0,0,0,0,1,1,2,1,0,1,0,0,0,31,5,36,0,0,0,0,0,0,0,0,0,0,0,0,0,0,0,0,0,0,0,0,0,0,0,0,0,0,0,0,0,0,0,0,0,0,0,0,0,0,0
20231129,110815,23978,23860,47838,20368,19949,40317,88155,4742,4776,9518,2,1015,1017,29,52,81,23,27,50,0,0,0,0,0,0,0,0,0,0,0,0,4,0,4,3594,3791,7385,0,0,0,1372,1529,2901,45,17,62,0,0,0,1,11,12,0,0,0,824,709,1533,0,0,0,0,0,0,0,0,0,0,0,0,0,0,0,5,4,9,0,50,50,0,0,0,27,11,38,0,0,0,0,0,0,0,0,0,0,0,0,0,0,0,0,0,0,0,0,0,0,0,0,0,0,0,0,0,0,0,0,0,0,0,0,0,0,0
20231130,112197,24276,24683,48959,21361,21066,42427,91386,4976,4224,9200,0,1,1,30,4,34,35,53,88,0,0,0,0,0,0,0,0,0,0,0,0,0,0,0,3676,3750,7426,0,0,0,1503,1327,2830,25,19,44,0,0,0,18,6,24,0,0,0,629,533,1162,0,0,0,0,0,0,0,0,0,0,0,0,0,0,0,0,1,1,1,0,1,0,0,0,0,0,0,0,0,0,0,0,0,0,0,0,0,0,0,0,0,0,0,0,0,0,0,0,0,0,0,0,0,0,0,0,0,0,0,0,0,0,0,0,0,0
20231201,118852,24537,25186,49723,23713,21400,45113,94836,5263,4995,10258,9,7,16,13,9,22,64,43,107,0,0,0,5,5,10,0,0,0,0,0,0,2,4,6,3982,3531,7513,0,0,0,1364,1839,3203,46,60,106,9,0,9,2,4,6,0,0,0,1379,1344,2723,0,0,0,0,0,0,0,0,0,0,0,0,0,0,0,3,0,3,0,10,10,0,0,0,13,11,24,0,0,0,0,0,0,0,0,0,0,0,0,0,0,0,0,0,0,0,0,0,0,0,0,0,0,0,0,0,0,0,0,0,0,0,0,0,0,0
20231202,117857,26112,25472,51584,23089,21245,44334,95918,5034,4757,9791,1,2,3,12,11,23,39,38,77,5,0,5,0,0,0,0,0,0,0,0,0,0,4,4,3841,3256,7097,0,0,0,1547,1557,3104,20,58,78,0,0,0,3,9,12,0,0,0,886,817,1703,0,0,0,0,0,0,0,0,0,0,0,0,0,0,0,2,3,5,0,0,0,0,0,0,26,11,37,0,0,0,0,0,0,0,0,0,0,0,0,0,0,0,0,0,0,0,0,0,0,0,0,0,0,0,0,0,0,0,0,0,0,0,0,0,0,0
20231203,125883,28063,27993,56056,23612,22393,46005,102061,5434,5105,10539,1,0,1,8,8,16,22,26,48,0,0,0,3,0,3,0,0,0,0,0,0,0,0,0,3990,3834,7824,0,0,0,1883,1515,3398,79,43,122,0,9,9,10,0,10,0,0,0,916,906,1822,0,0,0,0,0,0,0,0,0,0,0,0,0,0,0,0,0,0,0,13,13,0,0,0,11,6,17,0,0,0,0,0,0,0,0,0,0,0,0,0,0,0,0,0,0,0,0,0,0,0,0,0,0,0,0,0,0,0,0,0,0,0,0,0,0,0
20231204,116137,25894,24647,50541,22163,21431,43594,94135,4858,4708,9566,4,0,4,7,3,10,56,46,102,0,0,0,0,0,0,0,0,0,0,0,0,0,4,4,3558,3431,6989,0,0,0,1635,1668,3303,50,71,121,0,0,0,0,12,12,0,0,0,868,970,1838,0,0,0,0,0,0,0,0,0,0,0,0,0,0,0,1,0,1,1,28,29,0,0,0,5,18,23,0,0,0,0,0,0,0,0,0,0,0,0,0,0,0,0,0,0,0,0,0,0,0,0,0,0,0,0,0,0,0,0,0,0,0,0,0,0,0
20231205,107871,25208,23908,49116,20145,18553,38698,87814,4729,4554,9283,1,0,1,3,10,13,25,21,46,0,0,0,0,0,0,0,0,0,0,0,0,4,0,4,3438,3062,6500,0,0,0,1316,1510,2826,33,33,66,0,0,0,6,9,15,0,0,0,601,657,1258,0,0,0,0,0,0,0,0,0,0,0,0,0,0,0,3,1,4,2,0,2,0,0,0,26,13,39,0,0,0,0,0,0,0,0,0,0,0,0,0,0,0,0,0,0,0,0,0,0,0,0,0,0,0,0,0,0,0,0,0,0,0,0,0,0,0
20231206,115703,23976,23946,47922,20616,19451,40067,87989,4708,4738,9446,2682,2674,5356,56,45,101,25,212,237,0,0,0,0,0,0,0,0,0,0,0,0,0,0,0,3589,3559,7148,0,0,0,1315,1413,2728,29,55,84,0,0,0,8,0,8,0,0,0,1284,1291,2575,0,0,0,0,0,0,0,0,0,0,0,0,0,0,0,1,0,1,0,17,17,0,0,0,3,10,13,0,0,0,0,0,0,0,0,0,0,0,0,0,0,0,0,0,0,0,0,0,0,0,0,0,0,0,0,0,0,0,0,0,0,0,0,0,0,0
20231207,114392,25529,25224,50753,21377,20883,42260,93013,5338,4817,10155,0,1,1,22,12,34,39,64,103,0,0,0,0,0,0,0,0,0,0,0,0,0,0,0,3457,3370,6827,0,0,0,1443,1431,2874,33,101,134,0,0,0,5,1,6,0,0,0,583,632,1215,0,0,0,0,0,0,0,0,0,0,0,0,0,0,0,0,5,5,0,0,0,0,0,0,10,15,25,0,0,0,0,0,0,0,0,0,0,0,0,0,0,0,0,0,0,0,0,0,0,0,0,0,0,0,0,0,0,0,0,0,0,0,0,0,0,0
20231208,122639,26629,26849,53478,23986,21229,45215,98693,5273,5200,10473,0,0,0,2,11,13,80,96,176,0,5,5,0,0,0,0,0,0,0,10,10,0,0,0,3888,3664,7552,0,0,0,1582,1821,3403,41,110,151,0,0,0,1,0,1,0,0,0,1093,1005,2098,0,0,0,0,0,0,0,0,0,0,0,0,0,0,0,10,3,13,1,25,26,0,0,0,16,9,25,0,0,0,0,0,0,0,0,0,0,0,0,0,0,0,0,0,0,0,0,0,0,0,0,0,0,0,0,0,0,0,0,0,0,0,0,0,0,0
20231209,120826,27503,26883,54386,22427,21036,43463,97849,5520,5267,10787,0,0,0,15,6,21,23,103,126,0,0,0,0,2,2,0,0,0,0,0,0,0,0,0,3592,3376,6968,0,0,0,1621,1713,3334,41,43,84,0,0,0,1,0,1,0,0,0,882,747,1629,0,0,0,0,0,0,0,0,0,0,0,0,0,0,0,1,1,2,0,1,1,0,0,0,6,16,22,0,0,0,0,0,0,0,0,0,0,0,0,0,0,0,0,0,0,0,0,0,0,0,0,0,0,0,0,0,0,0,0,0,0,0,0,0,0,0
20231210,130512,29139,29164,58303,24154,23069,47223,105526,5405,5765,11170,2,1,3,6,2,8,10,128,138,0,0,0,3,0,3,0,0,0,0,0,0,0,0,0,3686,3997,7683,0,0,0,1936,1426,3362,78,45,123,0,0,0,0,0,0,0,0,0,1232,1221,2453,0,0,0,0,0,0,0,0,0,0,0,0,0,0,0,2,2,4,0,3,3,0,0,0,25,11,36,0,0,0,0,0,0,0,0,0,0,0,0,0,0,0,0,0,0,0,0,0,0,0,0,0,0,0,0,0,0,0,0,0,0,0,0,0,0,0
20231211,121822,27693,26871,54564,21694,21841,43535,98099,5057,5250,10307,0,0,0,6,7,13,27,30,57,0,0,0,0,0,0,0,0,0,0,0,0,5,4,9,3600,3673,7273,0,0,0,1790,1492,3282,120,35,155,0,0,0,0,3,3,0,0,0,1249,1338,2587,0,0,0,0,0,0,0,0,0,0,0,0,0,0,0,5,5,10,0,2,2,0,0,0,10,15,25,0,0,0,0,0,0,0,0,0,0,0,0,0,0,0,0,0,0,0,0,0,0,0,0,0,0,0,0,0,0,0,0,0,0,0,0,0,0,0
20231212,110410,25918,24178,50096,20378,18933,39311,89407,5028,4824,9852,2,2,4,27,32,59,33,171,204,8,0,8,0,0,0,0,0,0,0,0,0,20,2,22,3387,3220,6607,0,0,0,1398,1407,2805,41,39,80,0,0,0,3,0,3,0,0,0,622,685,1307,0,0,0,0,0,0,0,0,0,0,0,0,0,0,0,0,0,0,3,13,16,0,0,0,27,9,36,0,0,0,0,0,0,0,0,0,0,0,0,0,0,0,0,0,0,0,0,0,0,0,0,0,0,0,0,0,0,0,0,0,0,0,0,0,0,0
20231213,112536,26254,24412,50666,19951,20306,40257,90923,4994,4940,9934,1,12,13,80,52,132,25,20,45,0,0,0,0,0,0,0,0,0,0,0,0,9,6,15,3384,3564,6948,0,0,0,1136,1311,2447,47,76,123,0,0,0,3,5,8,0,0,0,980,956,1936,0,0,0,0,0,0,0,0,0,0,0,0,0,0,0,1,0,1,0,0,0,0,0,0,9,2,11,0,0,0,0,0,0,0,0,0,0,0,0,0,0,0,0,0,0,0,0,0,0,0,0,0,0,0,0,0,0,0,0,0,0,0,0,0,0,0
20231214,114871,24412,25435,49847,21775,21488,43263,93110,5161,4885,10046,2,0,2,4,2,6,32,15,47,0,0,0,1,0,1,0,0,0,0,0,0,0,0,0,3465,3660,7125,0,0,0,1431,1595,3026,47,49,96,0,0,0,5,5,10,0,0,0,613,739,1352,0,0,0,0,0,0,0,0,0,0,0,0,0,0,0,2,2,4,0,13,13,0,0,0,12,21,33,0,0,0,0,0,0,0,0,0,0,0,0,0,0,0,0,0,0,0,0,0,0,0,0,0,0,0,0,0,0,0,0,0,0,0,0,0,0,0
20231215,126132,27101,26979,54080,24873,22163,47036,101116,5461,5043,10504,21,5,26,2,8,10,27,398,425,0,0,0,0,0,0,0,0,0,0,0,0,0,0,0,4033,3630,7663,0,0,0,1582,1813,3395,109,48,157,0,0,0,1,0,1,0,0,0,1390,1387,2777,0,0,0,0,0,0,0,0,0,0,0,0,0,0,0,9,6,15,2,10,12,0,0,0,24,7,31,0,0,0,0,0,0,0,0,0,0,0,0,0,0,0,0,0,0,0,0,0,0,0,0,0,0,0,0,0,0,0,0,0,0,0,0,0,0,0
20231216,120858,28231,27203,55434,23220,21756,44976,100410,5835,5137,10972,2,1,3,14,8,22,27,22,49,0,0,0,0,0,0,0,0,0,0,0,0,4,3,7,3815,3491,7306,0,0,0,0,0,0,0,0,0,0,0,0,0,1,1,0,0,0,1081,1007,2088,0,0,0,0,0,0,0,0,0,0,0,0,0,0,0,0,0,0,0,0,0,0,0,0,0,0,0,0,0,0,0,0,0,0,0,0,0,0,0,0,0,0,0,0,0,0,0,0,0,0,0,0,0,0,0,0,0,0,0,0,0,0,0,0,0,0
20231217,130837,30607,28117,58724,25250,21852,47102,105826,5913,5215,11128,3,2,5,5,0,5,28,20,48,0,0,0,0,0,0,0,0,0,0,0,0,0,0,0,3896,3986,7882,0,0,0,2105,1875,3980,0,0,0,0,0,0,0,0,0,0,0,0,1029,932,1961,0,0,0,0,0,0,0,0,0,0,0,0,0,0,0,1,1,2,0,0,0,0,0,0,0,0,0,0,0,0,0,0,0,0,0,0,0,0,0,0,0,0,0,0,0,0,0,0,0,0,0,0,0,0,0,0,0,0,0,0,0,0,0,0,0,0
20231218,121551,28655,24934,53589,23861,21235,45096,98685,5214,4615,9829,0,0,0,27,9,36,18,214,232,0,0,0,0,0,0,18,0,18,0,0,0,5,0,5,3460,3616,7076,0,0,0,1779,1628,3407,57,19,76,0,0,0,1,2,3,0,0,0,1106,1020,2126,0,0,0,0,0,0,0,0,0,0,0,0,0,0,0,2,5,7,11,3,14,0,0,0,18,19,37,0,0,0,0,0,0,0,0,0,0,0,0,0,0,0,0,0,0,0,0,0,0,0,0,0,0,0,0,0,0,0,0,0,0,0,0,0,0,0
20231219,111545,27317,24144,51461,21864,17786,39650,91111,5433,4523,9956,6,2,8,2,2,4,22,98,120,0,8,8,0,0,0,0,0,0,0,0,0,0,0,0,3205,2979,6184,0,0,0,1507,1223,2730,20,12,32,0,0,0,1,3,4,0,0,0,719,589,1308,0,0,0,0,0,0,0,0,0,0,0,0,0,0,0,0,0,0,0,29,29,0,0,0,31,20,51,0,0,0,0,0,0,0,0,0,0,0,0,0,0,0,0,0,0,0,0,0,0,0,0,0,0,0,0,0,0,0,0,0,0,0,0,0,0,0
20231220,118053,28346,25497,53843,22166,19211,41377,95220,5301,4589,9890,0,1,1,36,34,70,25,209,234,0,0,0,0,0,0,0,0,0,0,0,0,16,20,36,3854,3598,7452,0,0,0,1393,1136,2529,0,0,0,0,0,0,3,1,4,0,0,0,1421,1186,2607,0,0,0,0,0,0,0,0,0,0,0,0,0,0,0,4,4,8,2,0,2,0,0,0,0,0,0,0,0,0,0,0,0,0,0,0,0,0,0,0,0,0,0,0,0,0,0,0,0,0,0,0,0,0,0,0,0,0,0,0,0,0,0,0,0,0
20231221,121317,28292,25671,53963,23102,21775,44877,98840,5970,4648,10618,2,1,3,1,1,2,23,34,57,0,0,0,0,0,0,0,0,0,0,0,0,4,2,6,3627,3412,7039,0,0,0,1319,1258,2577,0,0,0,0,0,0,0,0,0,0,0,0,1245,920,2165,0,0,0,0,0,0,0,0,0,0,0,0,0,0,0,6,4,10,0,0,0,0,0,0,0,0,0,0,0,0,0,0,0,0,0,0,0,0,0,0,0,0,0,0,0,0,0,0,0,0,0,0,0,0,0,0,0,0,0,0,0,0,0,0,0,0
20231222,126055,29279,26433,55712,25651,21254,46905,102617,6012,4588,10600,0,1,1,2,1,3,10,97,107,0,0,0,0,0,0,0,0,0,0,0,0,0,0,0,4018,3569,7587,0,0,0,1322,1334,2656,21,63,84,0,0,0,2,0,2,0,0,0,1262,1121,2383,0,0,0,0,0,0,0,0,0,0,0,0,0,0,0,3,2,5,1,9,10,0,0,0,0,0,0,0,0,0,0,0,0,0,0,0,0,0,0,0,0,0,0,0,0,0,0,0,0,0,0,0,0,0,0,0,0,0,0,0,0,0,0,0,0,0
20231223,128301,31124,26591,57715,25266,21287,46553,104268,6287,5212,11499,1,0,1,5,12,17,19,50,69,0,0,0,0,0,0,0,0,0,0,0,0,0,3,3,3900,3447,7347,0,0,0,1331,1788,3119,17,34,51,0,0,0,0,0,0,0,0,0,1002,895,1897,0,0,0,0,0,0,0,0,0,0,0,0,0,0,0,10,6,16,0,14,14,0,0,0,0,0,0,0,0,0,0,0,0,0,0,0,0,0,0,0,0,0,0,0,0,0,0,0,0,0,0,0,0,0,0,0,0,0,0,0,0,0,0,0,0,0
20231224,122510,30833,25353,56186,24441,17793,42234,98420,6170,4829,10999,0,0,0,11,0,11,40,172,212,0,0,0,0,0,0,0,0,0,0,0,0,0,0,0,3766,3113,6879,0,0,0,1965,1164,3129,65,20,85,0,0,0,6,6,12,0,0,0,1444,1297,2741,0,0,0,0,0,0,0,0,0,0,0,0,0,0,0,0,0,0,0,1,1,0,0,0,4,17,21,0,0,0,0,0,0,0,0,0,0,0,0,0,0,0,0,0,0,0,0,0,0,0,0,0,0,0,0,0,0,0,0,0,0,0,0,0,0,0
20231225,114035,27362,23483,50845,22980,18685,41665,92510,5516,4396,9912,1,0,1,0,0,0,26,28,54,0,0,0,0,1,1,0,0,0,0,0,0,0,0,0,3543,2669,6212,0,0,0,1548,1373,2921,25,15,40,0,0,0,0,0,0,0,0,0,1152,1170,2322,0,0,0,0,0,0,0,0,0,0,0,0,0,0,0,1,0,1,0,6,6,0,0,0,30,25,55,0,0,0,0,0,0,0,0,0,0,0,0,0,0,0,0,0,0,0,0,0,0,0,0,0,0,0,0,0,0,0,0,0,0,0,0,0,0,0
20231226,120224,28974,27273,56247,22674,19184,41858,98105,5701,5276,10977,8,5,13,5,0,5,16,44,60,0,0,0,0,0,0,0,0,0,0,0,0,0,0,0,3595,2780,6375,0,0,0,1344,1299,2643,17,24,41,0,0,0,0,0,0,0,0,0,943,984,1927,0,0,0,0,0,0,0,0,0,0,0,0,0,0,0,5,2,7,0,27,27,0,0,0,18,26,44,0,0,0,0,0,0,0,0,0,0,0,0,0,0,0,0,0,0,0,0,0,0,0,0,0,0,0,0,0,0,0,0,0,0,0,0,0,0,0
20231227,128846,26589,28110,54699,21281,20345,41626,96325,5154,5363,10517,4840,4686,9526,4,1,5,27,189,216,0,0,0,0,0,0,0,0,0,0,0,0,0,2,2,3946,3458,7404,0,0,0,1141,1158,2299,20,30,50,0,0,0,1,0,1,0,0,0,1203,1211,2414,0,0,0,0,0,0,0,0,0,0,0,0,0,0,0,2,2,4,0,30,30,0,0,0,20,33,53,0,0,0,0,0,0,0,0,0,0,0,0,0,0,0,0,0,0,0,0,0,0,0,0,0,0,0,0,0,0,0,0,0,0,0,0,0,0,0
20231228,125650,25594,29127,54721,22166,22807,44973,99694,5577,5690,11267,0,0,0,1,1,2,1996,133,2129,0,0,0,0,0,0,0,0,0,0,0,0,0,2,2,3876,3597,7473,0,0,0,1371,1395,2766,23,45,68,0,0,0,2,4,6,0,0,0,1023,1180,2203,0,0,0,0,0,0,0,0,0,0,0,0,0,0,0,0,0,0,0,0,0,0,0,0,14,26,40,0,0,0,0,0,0,0,0,0,0,0,0,0,0,0,0,0,0,0,0,0,0,0,0,0,0,0,0,0,0,0,0,0,0,0,0,0,0,0
20231229,128567,25204,29778,54982,22724,22980,45704,100686,5100,5951,11051,2,1987,1989,13,29,42,18,88,106,0,0,0,2,0,2,0,0,0,0,0,0,3,1,4,4072,3904,7976,0,0,0,1418,2087,3505,12,41,53,0,0,0,2,0,2,0,0,0,1311,1770,3081,0,0,0,0,0,0,0,0,0,0,0,0,0,0,0,2,1,3,0,0,0,0,0,0,15,52,67,0,0,0,0,0,0,0,0,0,0,0,0,0,0,0,0,0,0,0,0,0,0,0,0,0,0,0,0,0,0,0,0,0,0,0,0,0,0,0
20231230,125558,25824,30614,56438,21264,23732,44996,101434,5019,6088,11107,13,13,26,26,4,30,16,8,24,0,0,0,0,0,0,0,0,0,0,0,0,2,0,2,3717,3502,7219,0,0,0,1246,2066,3312,32,145,177,0,0,0,1,1,2,0,0,0,1007,1096,2103,0,0,0,0,0,0,0,0,0,0,0,0,0,0,0,1,1,2,0,22,22,0,0,0,27,71,98,0,0,0,0,0,0,0,0,0,0,0,0,0,0,0,0,0,0,0,0,0,0,0,0,0,0,0,0,0,0,0,0,0,0,0,0,0,0,0
20231231,109094,21592,29369,50961,18050,19203,37253,88214,3968,4906,8874,0,0,0,4,1,5,384,10,394,0,0,0,0,1,1,0,0,0,0,0,0,0,7,7,3315,2599,5914,0,0,0,1609,1377,2986,54,26,80,0,0,0,4,2,6,0,0,0,1290,1267,2557,0,0,0,0,0,0,0,0,0,0,0,0,0,0,0,6,3,9,0,9,9,0,0,0,20,18,38,0,0,0,0,0,0,0,0,0,0,0,0,0,0,0,0,0,0,0,0,0,0,0,0,0,0,0,0,0,0,0,0,0,0,0,0,0,0,0
